{
    "version": "0.4",
    "title": "Main sidebar",
    "type": "header",
    "metadata": {
        "template_type": "section-other",
        "include_in_zip": "1",
        "elementor_pro_required": "1",
        "elementor_library_type": "header",
        "elementor_pro_conditions": [
            "include\/general"
        ],
        "additional_template_information": [
            "This is a \"Header\" template for Elementor Pro.",
            "This template will display on: Entire Site."
        ],
        "wp_page_template": "default"
    },
    "content": [
        {
            "id": "1db7ef9d",
            "settings": {
                "gap": "no",
                "custom_height": {
                    "unit": "vh",
                    "size": "100",
                    "sizes": []
                },
                "content_position": "middle",
                "margin_tablet": {
                    "unit": "%",
                    "top": "0",
                    "right": "0",
                    "bottom": "0",
                    "left": "0",
                    "isLinked": ""
                },
                "hide_tablet": "hidden-tablet",
                "hide_mobile": "hidden-phone",
                "z_index": "999"
            },
            "elements": [
                {
                    "id": "1dfeb22d",
                    "settings": {
                        "_column_size": "100"
                    },
                    "elements": [
                        {
                            "id": "4a9f9858",
                            "settings": {
                                "space": {
                                    "unit": "vh",
                                    "size": "100",
                                    "sizes": []
                                },
                                "_background_background": "classic",
                                "_background_color": "#FFFFFF",
                                "_element_width": "initial",
                                "_element_custom_width": {
                                    "unit": "%",
                                    "size": "18",
                                    "sizes": []
                                },
                                "_position": "fixed",
                                "_offset_x_tablet": {
                                    "unit": "vw",
                                    "size": "-100",
                                    "sizes": []
                                },
                                "_background_image": {
                                    "url": "https:\/\/kit.detheme.com\/colson\/wp-content\/uploads\/sites\/22\/2020\/10\/closeup-image-of-a-bicycle-P4PDJX3-scaled.jpg",
                                    "id": "43"
                                },
                                "_background_position": "bottom right",
                                "_background_size": "cover"
                            },
                            "elements": [],
                            "isInner": false,
                            "widgetType": "spacer",
                            "elType": "widget"
                        },
                        {
                            "id": "6ccf1d41",
                            "settings": {
                                "image": {
                                    "id": "48",
                                    "url": "https:\/\/kit.detheme.com\/colson\/wp-content\/uploads\/sites\/22\/2020\/10\/dark.png"
                                },
                                "align": "left",
                                "width": {
                                    "unit": "vw",
                                    "size": "8",
                                    "sizes": []
                                },
                                "_element_width": "initial",
                                "_element_custom_width": {
                                    "unit": "%",
                                    "size": "18",
                                    "sizes": []
                                },
                                "_position": "fixed",
                                "_offset_y": {
                                    "size": "117",
                                    "unit": "px"
                                },
                                "_margin": {
                                    "unit": "px",
                                    "top": "0",
                                    "right": "0",
                                    "bottom": "0",
                                    "left": "0",
                                    "isLinked": ""
                                },
                                "_padding": {
                                    "unit": "%",
                                    "top": "0",
                                    "right": "0",
                                    "bottom": "0",
                                    "left": "18",
                                    "isLinked": ""
                                },
                                "_element_width_tablet": "initial",
                                "_element_custom_width_tablet": {
                                    "unit": "px",
                                    "size": "0",
                                    "sizes": []
                                },
                                "_offset_x": {
                                    "size": "1",
                                    "unit": "px"
                                }
                            },
                            "elements": [],
                            "isInner": false,
                            "widgetType": "image",
                            "elType": "widget"
                        },
                        {
                            "id": "5aae5f31",
                            "settings": {
                                "selected_icon": {
                                    "value": "icon dticon-reorder-three-outline",
                                    "library": "dticon"
                                },
                                "size": {
                                    "unit": "px",
                                    "size": "38",
                                    "sizes": []
                                },
                                "_z_index": "1",
                                "_element_width": "initial",
                                "_position": "fixed",
                                "_offset_x": {
                                    "size": "12",
                                    "unit": "vw"
                                },
                                "_offset_y": {
                                    "size": "111",
                                    "unit": "px"
                                },
                                "__globals__": {
                                    "primary_color": "globals\/colors?id=secondary",
                                    "hover_primary_color": "globals\/colors?id=primary"
                                },
                                "__dynamic__": {
                                    "link": "[elementor-tag id=\"23c5b0a\" name=\"popup\" settings=\"%7B%22popup%22%3A%22806%22%7D\"]"
                                },
                                "_element_custom_width": {
                                    "unit": "%",
                                    "size": "",
                                    "sizes": []
                                },
                                "_offset_x_tablet": {
                                    "size": -100,
                                    "unit": "vw"
                                },
                                "_offset_x_mobile": {
                                    "size": "",
                                    "unit": "px"
                                },
                                "_offset_x_end": {
                                    "size": "1682.542",
                                    "unit": "px"
                                },
                                "_offset_y_tablet": {
                                    "size": "85",
                                    "unit": "px"
                                },
                                "_offset_y_mobile": {
                                    "size": "",
                                    "unit": "px"
                                },
                                "size_tablet": {
                                    "unit": "px",
                                    "size": "16",
                                    "sizes": []
                                },
                                "_margin": {
                                    "unit": "px",
                                    "top": "0",
                                    "right": "0",
                                    "bottom": "-10",
                                    "left": "0",
                                    "isLinked": ""
                                },
                                "_offset_x_end_tablet": {
                                    "unit": "vw",
                                    "size": 200,
                                    "sizes": []
                                }
                            },
                            "elements": [],
                            "isInner": false,
                            "widgetType": "icon",
                            "elType": "widget"
                        },
                        {
                            "id": "44ba0073",
                            "settings": {
                                "toggle_button_text_color": "#333333",
                                "toggle_button_icon_color": "#333333",
                                "toggle_button_border_width": {
                                    "unit": "px",
                                    "size": "0",
                                    "sizes": []
                                },
                                "toggle_button_typography_typography": "custom",
                                "toggle_button_typography_font_size": {
                                    "unit": "px",
                                    "size": "14",
                                    "sizes": []
                                },
                                "toggle_button_typography_letter_spacing": {
                                    "unit": "px",
                                    "size": "0",
                                    "sizes": []
                                },
                                "toggle_button_padding": {
                                    "unit": "px",
                                    "top": "0",
                                    "right": "0",
                                    "bottom": "0",
                                    "left": "0",
                                    "isLinked": "1"
                                },
                                "_margin": {
                                    "unit": "px",
                                    "top": "0",
                                    "right": "0",
                                    "bottom": "0",
                                    "left": "0",
                                    "isLinked": ""
                                },
                                "_padding": {
                                    "unit": "%",
                                    "top": "0",
                                    "right": "0",
                                    "bottom": "0",
                                    "left": "18",
                                    "isLinked": ""
                                },
                                "_element_width": "auto",
                                "_element_width_tablet": "initial",
                                "_element_custom_width": {
                                    "unit": "%",
                                    "size": "18",
                                    "sizes": []
                                },
                                "_element_custom_width_tablet": {
                                    "unit": "px",
                                    "size": "0",
                                    "sizes": []
                                },
                                "_position": "fixed",
                                "_offset_y": {
                                    "unit": "px",
                                    "size": 177,
                                    "sizes": []
                                },
                                "__globals__": {
                                    "toggle_button_text_color": "globals\/colors?id=secondary",
                                    "toggle_button_icon_color": "globals\/colors?id=secondary",
                                    "toggle_button_background_color": "globals\/colors?id=07414c8",
                                    "items_indicator_background_color": "globals\/colors?id=primary",
                                    "toggle_button_hover_background_color": "globals\/colors?id=07414c8",
                                    "product_title_color": "globals\/colors?id=secondary",
                                    "product_title_typography_typography": "globals\/typography?id=47eb6c6",
                                    "product_price_color": "globals\/colors?id=text",
                                    "product_price_typography_typography": "globals\/typography?id=primary",
                                    "product_buttons_typography_typography": "",
                                    "subtotal_color": "globals\/colors?id=secondary",
                                    "subtotal_typography_typography": "globals\/typography?id=1ce1d7e"
                                },
                                "toggle_button_hover_background_color": "#FFFFFF00",
                                "items_indicator_background_color": "#FB700E",
                                "product_title_color": "#333333",
                                "product_title_typography_typography": "custom",
                                "product_title_typography_font_size": {
                                    "unit": "px",
                                    "size": "16",
                                    "sizes": []
                                },
                                "product_title_typography_font_weight": "700",
                                "product_title_typography_line_height": {
                                    "unit": "em",
                                    "size": "1.5",
                                    "sizes": []
                                },
                                "product_price_color": "#6B6B6B",
                                "product_price_typography_typography": "custom",
                                "product_price_typography_font_family": "Nunito Sans",
                                "product_price_typography_font_size": {
                                    "unit": "px",
                                    "size": "16",
                                    "sizes": []
                                },
                                "product_price_typography_font_weight": "300",
                                "product_price_typography_line_height": {
                                    "unit": "em",
                                    "size": "1.5",
                                    "sizes": []
                                },
                                "space_between_buttons": {
                                    "unit": "px",
                                    "size": "8",
                                    "sizes": []
                                },
                                "product_buttons_typography_typography": "custom",
                                "product_buttons_typography_font_size": {
                                    "unit": "px",
                                    "size": "11",
                                    "sizes": []
                                },
                                "product_buttons_typography_font_weight": "700",
                                "product_buttons_typography_text_transform": "uppercase",
                                "product_buttons_typography_line_height": {
                                    "unit": "em",
                                    "size": "1.5",
                                    "sizes": []
                                },
                                "product_buttons_typography_letter_spacing": {
                                    "unit": "px",
                                    "size": "1",
                                    "sizes": []
                                },
                                "button_border_radius": {
                                    "unit": "px",
                                    "size": "4",
                                    "sizes": []
                                },
                                "icon": "basket-medium",
                                "_z_index": "99",
                                "_offset_x_end_tablet": {
                                    "unit": "vw",
                                    "size": "",
                                    "sizes": []
                                },
                                "_offset_x": {
                                    "unit": "vw",
                                    "size": 3,
                                    "sizes": []
                                },
                                "_offset_x_tablet": {
                                    "unit": "vw",
                                    "size": -100,
                                    "sizes": []
                                }
                            },
                            "elements": [],
                            "isInner": false,
                            "widgetType": "woocommerce-menu-cart",
                            "elType": "widget"
                        },
                        {
                            "id": "4b868b20",
                            "settings": {
                                "text": "Login",
                                "icon_indent": {
                                    "unit": "px",
                                    "size": "0",
                                    "sizes": []
                                },
                                "typography_typography": "custom",
                                "typography_font_size": {
                                    "unit": "px",
                                    "size": "10",
                                    "sizes": []
                                },
                                "typography_font_weight": "400",
                                "text_padding": {
                                    "unit": "px",
                                    "top": "4",
                                    "right": "10",
                                    "bottom": "4",
                                    "left": "10",
                                    "isLinked": ""
                                },
                                "_element_width": "auto",
                                "_position": "fixed",
                                "_offset_x": {
                                    "size": "9.919",
                                    "unit": "vw"
                                },
                                "_offset_y": {
                                    "size": "173",
                                    "unit": "px"
                                },
                                "__globals__": {
                                    "background_color": "globals\/colors?id=primary",
                                    "button_text_color": "globals\/colors?id=ec25634"
                                },
                                "_offset_x_tablet": {
                                    "unit": "vw",
                                    "size": 200,
                                    "sizes": []
                                },
                                "link": {
                                    "url": "https:\/\/kit.detheme.com\/colson\/?elementor_library=login",
                                    "is_external": "",
                                    "nofollow": "",
                                    "custom_attributes": ""
                                }
                            },
                            "elements": [],
                            "isInner": false,
                            "widgetType": "button",
                            "elType": "widget"
                        },
                        {
                            "id": "32ab0523",
                            "settings": {
                                "layout": "vertical",
                                "pointer": "none",
                                "_background_background": "classic",
                                "_element_width": "initial",
                                "_element_custom_width": {
                                    "unit": "%",
                                    "size": "7",
                                    "sizes": []
                                },
                                "_position": "fixed",
                                "_offset_y": {
                                    "unit": "vh",
                                    "size": 35,
                                    "sizes": []
                                },
                                "color_menu_item": "#333333",
                                "padding_horizontal_menu_item": {
                                    "unit": "px",
                                    "size": "0",
                                    "sizes": []
                                },
                                "align_items": "left",
                                "indicator": "none",
                                "toggle_align": "left",
                                "dropdown_typography_typography": "custom",
                                "dropdown_typography_font_size": {
                                    "unit": "px",
                                    "size": "13",
                                    "sizes": []
                                },
                                "dropdown_box_shadow_box_shadow_type": "yes",
                                "dropdown_box_shadow_box_shadow": {
                                    "horizontal": "0",
                                    "vertical": "0",
                                    "blur": "19",
                                    "spread": "-10",
                                    "color": "rgba(0, 0, 0, 0.06)"
                                },
                                "dropdown_top_distance": {
                                    "unit": "px",
                                    "size": "-63",
                                    "sizes": []
                                },
                                "menu_typography_typography": "custom",
                                "menu_typography_font_size": {
                                    "unit": "px",
                                    "size": "14",
                                    "sizes": []
                                },
                                "menu_typography_font_weight": "600",
                                "menu_typography_text_transform": "uppercase",
                                "menu_typography_letter_spacing": {
                                    "unit": "px",
                                    "size": "0",
                                    "sizes": []
                                },
                                "_element_width_tablet": "initial",
                                "_element_custom_width_tablet": {
                                    "unit": "px",
                                    "size": "0",
                                    "sizes": []
                                },
                                "_offset_x_tablet": {
                                    "unit": "vw",
                                    "size": "-100",
                                    "sizes": []
                                },
                                "menu_typography_line_height": {
                                    "unit": "em",
                                    "size": "1.5",
                                    "sizes": []
                                },
                                "color_dropdown_item": "#6B6B6B",
                                "background_color_dropdown_item": "#FFFFFF",
                                "_padding": {
                                    "unit": "%",
                                    "top": "0",
                                    "right": "0",
                                    "bottom": "0",
                                    "left": "0",
                                    "isLinked": ""
                                },
                                "_offset_x": {
                                    "unit": "vw",
                                    "size": "3.4",
                                    "sizes": []
                                },
                                "background_color_dropdown_item_hover": "#FFFFFF",
                                "dropdown_typography_font_weight": "400",
                                "padding_horizontal_dropdown_item": {
                                    "unit": "px",
                                    "size": "15",
                                    "sizes": []
                                },
                                "dropdown_typography_text_transform": "uppercase",
                                "dropdown_divider_color": "#FFEEEE",
                                "dropdown_divider_width": {
                                    "unit": "px",
                                    "size": "1",
                                    "sizes": []
                                },
                                "dropdown_typography_letter_spacing": {
                                    "unit": "px",
                                    "size": "0",
                                    "sizes": []
                                },
                                "dropdown_border_border": "solid",
                                "dropdown_border_width": {
                                    "unit": "px",
                                    "top": "20",
                                    "right": "0",
                                    "bottom": "16",
                                    "left": "0",
                                    "isLinked": ""
                                },
                                "dropdown_border_color": "#FFFFFF",
                                "padding_vertical_dropdown_item": {
                                    "unit": "px",
                                    "size": "5",
                                    "sizes": []
                                },
                                "__globals__": {
                                    "color_menu_item_hover": "globals\/colors?id=primary",
                                    "color_menu_item_active": "globals\/colors?id=primary",
                                    "color_dropdown_item_hover": "globals\/colors?id=primary",
                                    "color_dropdown_item_active": "globals\/colors?id=primary"
                                },
                                "padding_vertical_menu_item": {
                                    "unit": "px",
                                    "size": 10,
                                    "sizes": []
                                }
                            },
                            "elements": [],
                            "isInner": false,
                            "widgetType": "nav-menu",
                            "elType": "widget"
                        },
                        {
                            "id": "18c25d53",
                            "settings": {
                                "social_icon_list": [
                                    {
                                        "social_icon": {
                                            "value": "fab fa-facebook-f",
                                            "library": "fa-brands"
                                        },
                                        "_id": "dab47f6",
                                        "link": {
                                            "url": "#",
                                            "is_external": "true",
                                            "nofollow": "",
                                            "custom_attributes": ""
                                        }
                                    },
                                    {
                                        "social_icon": {
                                            "value": "fab fa-twitter",
                                            "library": "fa-brands"
                                        },
                                        "_id": "47fc9ba",
                                        "link": {
                                            "url": "#",
                                            "is_external": "true",
                                            "nofollow": "",
                                            "custom_attributes": ""
                                        }
                                    },
                                    {
                                        "social_icon": {
                                            "value": "fab fa-youtube",
                                            "library": "fa-brands"
                                        },
                                        "_id": "83a3ae3",
                                        "link": {
                                            "url": "#",
                                            "is_external": "true",
                                            "nofollow": "",
                                            "custom_attributes": ""
                                        }
                                    },
                                    {
                                        "_id": "2de9ddb",
                                        "social_icon": {
                                            "value": "fab fa-instagram",
                                            "library": "fa-brands"
                                        },
                                        "link": {
                                            "url": "#",
                                            "is_external": "true",
                                            "nofollow": "",
                                            "custom_attributes": ""
                                        }
                                    }
                                ],
                                "_element_width": "initial",
                                "_element_custom_width": {
                                    "unit": "%",
                                    "size": "18",
                                    "sizes": []
                                },
                                "_position": "fixed",
                                "_offset_orientation_v": "end",
                                "_offset_y": {
                                    "unit": "%",
                                    "size": "0",
                                    "sizes": []
                                },
                                "_offset_y_end": {
                                    "size": "13",
                                    "unit": "px"
                                },
                                "icon_color": "custom",
                                "icon_secondary_color": "#333333",
                                "icon_size": {
                                    "unit": "px",
                                    "size": "13",
                                    "sizes": []
                                },
                                "image_border_width": {
                                    "unit": "px",
                                    "top": "1",
                                    "right": "1",
                                    "bottom": "1",
                                    "left": "1",
                                    "isLinked": "1"
                                },
                                "image_border_color": "#333333",
                                "border_radius": {
                                    "unit": "%",
                                    "top": "50",
                                    "right": "50",
                                    "bottom": "50",
                                    "left": "50",
                                    "isLinked": "1"
                                },
                                "_padding": {
                                    "unit": "%",
                                    "top": "0",
                                    "right": "0",
                                    "bottom": "0",
                                    "left": "0",
                                    "isLinked": ""
                                },
                                "_element_width_tablet": "initial",
                                "_offset_x_tablet": {
                                    "unit": "vw",
                                    "size": "-100",
                                    "sizes": []
                                },
                                "icon_spacing": {
                                    "unit": "px",
                                    "size": "7",
                                    "sizes": []
                                },
                                "__globals__": {
                                    "icon_primary_color": "globals\/colors?id=ec25634"
                                },
                                "_offset_x": {
                                    "size": "1",
                                    "unit": "px"
                                }
                            },
                            "elements": [],
                            "isInner": false,
                            "widgetType": "social-icons",
                            "elType": "widget"
                        }
                    ],
                    "isInner": "",
                    "elType": "column"
                }
            ],
            "isInner": "",
            "elType": "section"
        },
        {
            "id": "77d76f51",
            "settings": {
                "gap": "no",
                "hide_desktop": "hidden-desktop"
            },
            "elements": [
                {
                    "id": "34d2d329",
                    "settings": {
                        "_column_size": "100",
                        "padding_tablet": {
                            "unit": "px",
                            "top": "0",
                            "right": "0",
                            "bottom": "0",
                            "left": "0",
                            "isLinked": false
                        }
                    },
                    "elements": [
                        {
                            "id": "550c46e9",
                            "settings": {
                                "gap": "no",
                                "structure": "20",
                                "margin": {
                                    "unit": "px",
                                    "top": "0",
                                    "right": "0",
                                    "bottom": "0",
                                    "left": "0",
                                    "isLinked": ""
                                },
                                "padding_tablet": {
                                    "unit": "px",
                                    "top": "16",
                                    "right": "30",
                                    "bottom": "16",
                                    "left": "30",
                                    "isLinked": ""
                                },
                                "de_sticky_section_sticky": "yes",
                                "de_sticky_section_sticky_background_background": "classic",
                                "de_sticky_section_sticky_transition": {
                                    "unit": "px",
                                    "size": 0.4,
                                    "sizes": []
                                },
                                "__globals__": {
                                    "de_sticky_section_sticky_background_color": "globals\/colors?id=ec25634"
                                }
                            },
                            "elements": [
                                {
                                    "id": "462ee900",
                                    "settings": {
                                        "_column_size": "50",
                                        "_inline_size": "24.825",
                                        "content_position": "center",
                                        "_inline_size_mobile": "50",
                                        "padding_tablet": {
                                            "unit": "px",
                                            "top": "0",
                                            "right": "0",
                                            "bottom": "0",
                                            "left": "0",
                                            "isLinked": false
                                        }
                                    },
                                    "elements": [
                                        {
                                            "id": "3dc8855d",
                                            "settings": {
                                                "image": {
                                                    "id": "48",
                                                    "url": "https:\/\/kit.detheme.com\/colson\/wp-content\/uploads\/sites\/22\/2020\/10\/dark.png"
                                                },
                                                "align": "left",
                                                "width": {
                                                    "unit": "px",
                                                    "size": "95",
                                                    "sizes": []
                                                },
                                                "_margin_mobile": {
                                                    "unit": "px",
                                                    "top": "6",
                                                    "right": "0",
                                                    "bottom": "0",
                                                    "left": "0",
                                                    "isLinked": ""
                                                }
                                            },
                                            "elements": [],
                                            "isInner": false,
                                            "widgetType": "image",
                                            "elType": "widget"
                                        }
                                    ],
                                    "isInner": "1",
                                    "elType": "column"
                                },
                                {
                                    "id": "4e0f3970",
                                    "settings": {
                                        "_column_size": "50",
                                        "_inline_size": "75.175",
                                        "content_position": "center",
                                        "align_tablet": "flex-end",
                                        "_inline_size_mobile": "50",
                                        "content_position_tablet": "center",
                                        "padding_tablet": {
                                            "unit": "px",
                                            "top": "0",
                                            "right": "0",
                                            "bottom": "0",
                                            "left": "0",
                                            "isLinked": false
                                        }
                                    },
                                    "elements": [
                                        {
                                            "id": "66f9df37",
                                            "settings": {
                                                "icon": "basket-medium",
                                                "toggle_button_text_color": "#333333",
                                                "toggle_button_icon_color": "#333333",
                                                "toggle_button_hover_background_color": "#FFFFFF00",
                                                "toggle_button_border_width": {
                                                    "unit": "px",
                                                    "size": "0",
                                                    "sizes": []
                                                },
                                                "toggle_button_typography_typography": "custom",
                                                "toggle_button_typography_font_size": {
                                                    "unit": "px",
                                                    "size": "14",
                                                    "sizes": []
                                                },
                                                "toggle_button_typography_letter_spacing": {
                                                    "unit": "px",
                                                    "size": "0",
                                                    "sizes": []
                                                },
                                                "toggle_button_padding": {
                                                    "unit": "px",
                                                    "top": "0",
                                                    "right": "0",
                                                    "bottom": "0",
                                                    "left": "0",
                                                    "isLinked": "1"
                                                },
                                                "items_indicator_background_color": "#FB700E",
                                                "product_title_color": "#333333",
                                                "product_title_typography_typography": "custom",
                                                "product_title_typography_font_size": {
                                                    "unit": "px",
                                                    "size": "16",
                                                    "sizes": []
                                                },
                                                "product_title_typography_font_weight": "700",
                                                "product_title_typography_line_height": {
                                                    "unit": "em",
                                                    "size": "1.5",
                                                    "sizes": []
                                                },
                                                "product_price_color": "#6B6B6B",
                                                "product_price_typography_typography": "custom",
                                                "product_price_typography_font_family": "Nunito Sans",
                                                "product_price_typography_font_size": {
                                                    "unit": "px",
                                                    "size": "16",
                                                    "sizes": []
                                                },
                                                "product_price_typography_font_weight": "300",
                                                "product_price_typography_line_height": {
                                                    "unit": "em",
                                                    "size": "1.5",
                                                    "sizes": []
                                                },
                                                "space_between_buttons": {
                                                    "unit": "px",
                                                    "size": "8",
                                                    "sizes": []
                                                },
                                                "product_buttons_typography_typography": "custom",
                                                "product_buttons_typography_font_size": {
                                                    "unit": "px",
                                                    "size": "11",
                                                    "sizes": []
                                                },
                                                "product_buttons_typography_font_weight": "700",
                                                "product_buttons_typography_text_transform": "uppercase",
                                                "product_buttons_typography_line_height": {
                                                    "unit": "em",
                                                    "size": "1.5",
                                                    "sizes": []
                                                },
                                                "product_buttons_typography_letter_spacing": {
                                                    "unit": "px",
                                                    "size": "1",
                                                    "sizes": []
                                                },
                                                "button_border_radius": {
                                                    "unit": "px",
                                                    "size": "4",
                                                    "sizes": []
                                                },
                                                "_margin": {
                                                    "unit": "px",
                                                    "top": "0",
                                                    "right": "0",
                                                    "bottom": "0",
                                                    "left": "0",
                                                    "isLinked": ""
                                                },
                                                "_margin_tablet": {
                                                    "unit": "px",
                                                    "top": "0",
                                                    "right": "48",
                                                    "bottom": "0",
                                                    "left": "0",
                                                    "isLinked": false
                                                },
                                                "_padding": {
                                                    "unit": "%",
                                                    "top": "0",
                                                    "right": "0",
                                                    "bottom": "0",
                                                    "left": "18",
                                                    "isLinked": ""
                                                },
                                                "_z_index": "99",
                                                "_element_width": "initial",
                                                "_element_width_tablet": "auto",
                                                "_element_width_mobile": "initial",
                                                "_element_custom_width": {
                                                    "unit": "%",
                                                    "size": "18",
                                                    "sizes": []
                                                },
                                                "_element_custom_width_tablet": {
                                                    "unit": "px",
                                                    "size": "0",
                                                    "sizes": []
                                                },
                                                "_offset_orientation_h": "end",
                                                "_offset_x_end_tablet": {
                                                    "unit": "vw",
                                                    "size": "",
                                                    "sizes": []
                                                },
                                                "_offset_y": {
                                                    "unit": "px",
                                                    "size": "177",
                                                    "sizes": []
                                                },
                                                "__globals__": {
                                                    "toggle_button_text_color": "globals\/colors?id=secondary",
                                                    "toggle_button_icon_color": "globals\/colors?id=secondary",
                                                    "toggle_button_background_color": "globals\/colors?id=07414c8",
                                                    "items_indicator_background_color": "globals\/colors?id=primary",
                                                    "toggle_button_hover_background_color": "globals\/colors?id=07414c8",
                                                    "product_title_color": "globals\/colors?id=secondary",
                                                    "product_title_typography_typography": "globals\/typography?id=47eb6c6",
                                                    "product_price_color": "globals\/colors?id=text",
                                                    "product_price_typography_typography": "globals\/typography?id=primary",
                                                    "product_buttons_typography_typography": "",
                                                    "subtotal_color": "globals\/colors?id=secondary",
                                                    "subtotal_typography_typography": "globals\/typography?id=1ce1d7e"
                                                }
                                            },
                                            "elements": [],
                                            "isInner": false,
                                            "widgetType": "woocommerce-menu-cart",
                                            "elType": "widget"
                                        },
                                        {
                                            "id": "68c91115",
                                            "settings": {
                                                "align_items": "right",
                                                "pointer": "none",
                                                "indicator": "plus",
                                                "full_width": "stretch",
                                                "toggle_align": "left",
                                                "menu_typography_typography": "custom",
                                                "menu_typography_font_size": {
                                                    "unit": "px",
                                                    "size": "14",
                                                    "sizes": []
                                                },
                                                "menu_typography_font_weight": "500",
                                                "menu_typography_text_transform": "uppercase",
                                                "menu_typography_letter_spacing": {
                                                    "unit": "px",
                                                    "size": "1",
                                                    "sizes": []
                                                },
                                                "color_menu_item": "#333333",
                                                "padding_horizontal_menu_item": {
                                                    "unit": "px",
                                                    "size": "24",
                                                    "sizes": []
                                                },
                                                "dropdown_typography_typography": "custom",
                                                "dropdown_typography_font_size": {
                                                    "unit": "px",
                                                    "size": "15",
                                                    "sizes": []
                                                },
                                                "dropdown_box_shadow_box_shadow_type": "yes",
                                                "dropdown_box_shadow_box_shadow": {
                                                    "horizontal": "0",
                                                    "vertical": "0",
                                                    "blur": "30",
                                                    "spread": "-5",
                                                    "color": "rgba(0, 0, 0, 0.11)"
                                                },
                                                "padding_horizontal_dropdown_item_tablet": {
                                                    "unit": "px",
                                                    "size": "30",
                                                    "sizes": []
                                                },
                                                "padding_vertical_dropdown_item_tablet": {
                                                    "unit": "px",
                                                    "size": "15",
                                                    "sizes": []
                                                },
                                                "dropdown_top_distance": {
                                                    "unit": "px",
                                                    "size": "-32",
                                                    "sizes": []
                                                },
                                                "dropdown_top_distance_tablet": {
                                                    "unit": "px",
                                                    "size": "18",
                                                    "sizes": []
                                                },
                                                "toggle_background_color": "rgba(2, 1, 1, 0)",
                                                "toggle_border_width": {
                                                    "unit": "px",
                                                    "size": "0",
                                                    "sizes": []
                                                },
                                                "_background_background": "classic",
                                                "_element_width_tablet": "auto",
                                                "_element_custom_width": {
                                                    "unit": "px",
                                                    "size": "200",
                                                    "sizes": []
                                                },
                                                "_offset_y": {
                                                    "unit": "vh",
                                                    "size": "38",
                                                    "sizes": []
                                                },
                                                "menu_typography_font_size_mobile": {
                                                    "unit": "px",
                                                    "size": 12,
                                                    "sizes": []
                                                },
                                                "padding_vertical_menu_item_mobile": {
                                                    "unit": "px",
                                                    "size": 0,
                                                    "sizes": []
                                                },
                                                "dropdown_border_border": "solid",
                                                "dropdown_border_width_mobile": {
                                                    "unit": "px",
                                                    "top": "16",
                                                    "right": "4",
                                                    "bottom": "16",
                                                    "left": "4",
                                                    "isLinked": false
                                                },
                                                "padding_vertical_dropdown_item_mobile": {
                                                    "unit": "px",
                                                    "size": 9,
                                                    "sizes": []
                                                },
                                                "_element_custom_width_mobile": {
                                                    "unit": "px",
                                                    "size": 36,
                                                    "sizes": []
                                                },
                                                "__globals__": {
                                                    "background_color_dropdown_item_hover": "globals\/colors?id=07414c8",
                                                    "color_dropdown_item_hover": "globals\/colors?id=primary",
                                                    "color_dropdown_item_active": "globals\/colors?id=primary",
                                                    "dropdown_border_color": "globals\/colors?id=ec25634"
                                                },
                                                "_element_width": "auto"
                                            },
                                            "elements": [],
                                            "isInner": false,
                                            "widgetType": "nav-menu",
                                            "elType": "widget"
                                        }
                                    ],
                                    "isInner": "1",
                                    "elType": "column"
                                }
                            ],
                            "isInner": "1",
                            "elType": "section"
                        }
                    ],
                    "isInner": "",
                    "elType": "column"
                }
            ],
            "isInner": "",
            "elType": "section"
        }
    ]
}