{
    "version": "0.4",
    "title": "Offcanvas II",
    "type": "popup",
    "metadata": {
        "template_type": "section-popup",
        "include_in_zip": "1",
        "elementor_pro_required": "1",
        "elementor_library_type": "popup",
        "additional_template_information": [
            "This is a \"Popup\" template for Elementor Pro."
        ],
        "wp_page_template": "default"
    },
    "content": [
        {
            "id": "b928c50",
            "settings": {
                "gap": "wider",
                "content_position": "middle",
                "padding": {
                    "unit": "%",
                    "top": "0",
                    "right": "7",
                    "bottom": "0",
                    "left": "7",
                    "isLinked": ""
                },
                "height": "min-height",
                "custom_height": {
                    "unit": "vh",
                    "size": "100",
                    "sizes": []
                },
                "layout": "full_width",
                "structure": "30",
                "__globals__": {
                    "background_color": ""
                },
                "padding_mobile": {
                    "unit": "px",
                    "top": "0",
                    "right": "0",
                    "bottom": "0",
                    "left": "0",
                    "isLinked": ""
                }
            },
            "elements": [
                {
                    "id": "f77a89f",
                    "settings": {
                        "_column_size": 33,
                        "_inline_size": 9.825
                    },
                    "elements": [],
                    "isInner": false,
                    "elType": "column"
                },
                {
                    "id": "96ab83d",
                    "settings": {
                        "_column_size": 33,
                        "_inline_size_tablet": "100",
                        "content_position": "space-between",
                        "_inline_size": 56.506
                    },
                    "elements": [
                        {
                            "id": "1e4406e2",
                            "settings": {
                                "space": {
                                    "unit": "px",
                                    "size": "1",
                                    "sizes": []
                                }
                            },
                            "elements": [],
                            "isInner": false,
                            "widgetType": "spacer",
                            "elType": "widget"
                        },
                        {
                            "id": "1c6d7d0f",
                            "settings": {
                                "layout": "vertical",
                                "pointer": "none",
                                "indicator": "plus",
                                "dropdown": "none",
                                "full_width": "stretch",
                                "toggle_align": "right",
                                "menu_typography_typography": "custom",
                                "menu_typography_font_size": {
                                    "unit": "px",
                                    "size": "18",
                                    "sizes": []
                                },
                                "menu_typography_font_weight": "500",
                                "padding_horizontal_menu_item_tablet": {
                                    "unit": "px",
                                    "size": "32",
                                    "sizes": []
                                },
                                "dropdown_typography_typography": "custom",
                                "dropdown_typography_font_size": {
                                    "unit": "px",
                                    "size": "18",
                                    "sizes": []
                                },
                                "dropdown_typography_font_weight": "500",
                                "padding_horizontal_dropdown_item": {
                                    "unit": "px",
                                    "size": "9",
                                    "sizes": []
                                },
                                "padding_vertical_dropdown_item": {
                                    "unit": "px",
                                    "size": "14",
                                    "sizes": []
                                },
                                "_element_width": "auto",
                                "__globals__": {
                                    "menu_typography_typography": "",
                                    "dropdown_typography_typography": "",
                                    "color_menu_item": "globals\/colors?id=785b64d",
                                    "color_menu_item_hover": "globals\/colors?id=ec25634",
                                    "background_color_dropdown_item": "globals\/colors?id=07414c8",
                                    "background_color_dropdown_item_hover": "globals\/colors?id=07414c8",
                                    "color_dropdown_item_hover": "globals\/colors?id=ec25634",
                                    "color_dropdown_item_active": "globals\/colors?id=ec25634",
                                    "color_dropdown_item": "globals\/colors?id=785b64d"
                                },
                                "dropdown_typography_line_height": {
                                    "unit": "em",
                                    "size": "1.2",
                                    "sizes": []
                                },
                                "dropdown_typography_line_height_tablet": {
                                    "unit": "em",
                                    "size": "",
                                    "sizes": []
                                },
                                "dropdown_typography_line_height_mobile": {
                                    "unit": "em",
                                    "size": "",
                                    "sizes": []
                                },
                                "padding_horizontal_menu_item": {
                                    "unit": "px",
                                    "size": 30,
                                    "sizes": []
                                }
                            },
                            "elements": [],
                            "isInner": false,
                            "widgetType": "nav-menu",
                            "elType": "widget"
                        },
                        {
                            "id": "6419de77",
                            "settings": {
                                "gap": "wider",
                                "structure": "20"
                            },
                            "elements": [
                                {
                                    "id": "4b933412",
                                    "settings": {
                                        "_column_size": "50"
                                    },
                                    "elements": [
                                        {
                                            "id": "20cb3692",
                                            "settings": {
                                                "title": "Get in touch",
                                                "header_size": "h6",
                                                "_margin": {
                                                    "unit": "px",
                                                    "top": "0",
                                                    "right": "0",
                                                    "bottom": "16",
                                                    "left": "0",
                                                    "isLinked": ""
                                                },
                                                "__globals__": {
                                                    "title_color": "globals\/colors?id=ec25634"
                                                }
                                            },
                                            "elements": [],
                                            "isInner": false,
                                            "widgetType": "heading",
                                            "elType": "widget"
                                        },
                                        {
                                            "id": "3956f0e7",
                                            "settings": {
                                                "editor": "<p>872 Arch Ave.\u2028Chaska, Palo Alto, CA 55318<br \/>hello@example.com<br \/>ph: +1.123.434.965<\/p>",
                                                "__globals__": {
                                                    "typography_typography": "globals\/typography?id=primary",
                                                    "text_color": "globals\/colors?id=8fa36e4"
                                                }
                                            },
                                            "elements": [],
                                            "isInner": false,
                                            "widgetType": "text-editor",
                                            "elType": "widget"
                                        },
                                        {
                                            "id": "6dd2055e",
                                            "settings": {
                                                "social_icon_list": [
                                                    {
                                                        "social_icon": {
                                                            "value": "fab fa-facebook",
                                                            "library": "fa-brands"
                                                        },
                                                        "_id": "c32ddd0"
                                                    },
                                                    {
                                                        "social_icon": {
                                                            "value": "fab fa-twitter",
                                                            "library": "fa-brands"
                                                        },
                                                        "_id": "6c12974"
                                                    },
                                                    {
                                                        "social_icon": {
                                                            "value": "fab fa-youtube",
                                                            "library": "fa-brands"
                                                        },
                                                        "_id": "7bd4c1a"
                                                    }
                                                ],
                                                "align": "left",
                                                "icon_color": "custom",
                                                "icon_size": {
                                                    "unit": "px",
                                                    "size": "15",
                                                    "sizes": []
                                                },
                                                "icon_spacing": {
                                                    "unit": "px",
                                                    "size": "7",
                                                    "sizes": []
                                                },
                                                "image_border_border": "solid",
                                                "image_border_width": {
                                                    "unit": "px",
                                                    "top": "1",
                                                    "right": "1",
                                                    "bottom": "1",
                                                    "left": "1",
                                                    "isLinked": "1"
                                                },
                                                "border_radius": {
                                                    "unit": "%",
                                                    "top": "50",
                                                    "right": "50",
                                                    "bottom": "50",
                                                    "left": "50",
                                                    "isLinked": "1"
                                                },
                                                "_margin": {
                                                    "unit": "px",
                                                    "top": "0",
                                                    "right": "0",
                                                    "bottom": "0",
                                                    "left": "-7",
                                                    "isLinked": ""
                                                },
                                                "__globals__": {
                                                    "icon_primary_color": "globals\/colors?id=07414c8",
                                                    "image_border_color": "globals\/colors?id=8fa36e4"
                                                }
                                            },
                                            "elements": [],
                                            "isInner": false,
                                            "widgetType": "social-icons",
                                            "elType": "widget"
                                        }
                                    ],
                                    "isInner": "1",
                                    "elType": "column"
                                },
                                {
                                    "id": "69cf2bc8",
                                    "settings": {
                                        "_column_size": "50"
                                    },
                                    "elements": [
                                        {
                                            "id": "3c19f1ec",
                                            "settings": {
                                                "title": "Work inquiries",
                                                "header_size": "h6",
                                                "_margin": {
                                                    "unit": "px",
                                                    "top": "0",
                                                    "right": "0",
                                                    "bottom": "16",
                                                    "left": "0",
                                                    "isLinked": ""
                                                },
                                                "__globals__": {
                                                    "title_color": "globals\/colors?id=ec25634"
                                                }
                                            },
                                            "elements": [],
                                            "isInner": false,
                                            "widgetType": "heading",
                                            "elType": "widget"
                                        },
                                        {
                                            "id": "2b1c2aab",
                                            "settings": {
                                                "editor": "<p>jobs@example.com<br \/>ph: +1.321.989.645<\/p>",
                                                "__globals__": {
                                                    "typography_typography": "globals\/typography?id=primary",
                                                    "text_color": "globals\/colors?id=8fa36e4"
                                                }
                                            },
                                            "elements": [],
                                            "isInner": false,
                                            "widgetType": "text-editor",
                                            "elType": "widget"
                                        }
                                    ],
                                    "isInner": "1",
                                    "elType": "column"
                                }
                            ],
                            "isInner": "1",
                            "elType": "section"
                        }
                    ],
                    "isInner": false,
                    "elType": "column"
                },
                {
                    "id": "3e1028ff",
                    "settings": {
                        "_column_size": 33,
                        "_inline_size": null
                    },
                    "elements": [
                        {
                            "id": "373b9fcd",
                            "settings": {
                                "space": {
                                    "unit": "vh",
                                    "size": "80",
                                    "sizes": []
                                }
                            },
                            "elements": [],
                            "isInner": false,
                            "widgetType": "spacer",
                            "elType": "widget"
                        }
                    ],
                    "isInner": "",
                    "elType": "column"
                }
            ],
            "isInner": "",
            "elType": "section"
        }
    ],
    "page_settings": {
        "width": {
            "unit": "vw",
            "size": "100",
            "sizes": []
        },
        "height_type": "fit_to_screen",
        "entrance_animation": "slideInRight",
        "exit_animation": "slideInRight",
        "entrance_animation_duration": {
            "unit": "px",
            "size": "0.4",
            "sizes": []
        },
        "background_background": "classic",
        "background_size": "initial",
        "background_bg_width": {
            "unit": "px",
            "size": "340",
            "sizes": []
        },
        "overlay_background_color": "",
        "close_button_color": "#FFFFFF",
        "close_button_vertical": {
            "unit": "px",
            "size": 95,
            "sizes": []
        },
        "close_button_horizontal": {
            "unit": "%",
            "size": 87,
            "sizes": []
        },
        "background_color": "#000000E6",
        "box_shadow_box_shadow_type": "",
        "__globals__": {
            "background_color": "",
            "overlay_background_color": ""
        },
        "close_button_position": "outside"
    }
}