{
    "version": "0.4",
    "title": "Optin Popup II",
    "type": "popup",
    "metadata": {
        "template_type": "section-popup",
        "include_in_zip": "1",
        "elementor_pro_required": "1",
        "elementor_library_type": "popup",
        "elementor_pro_conditions": [
            "include\/general"
        ],
        "additional_template_information": [
            "This is a \"Popup\" template for Elementor Pro.",
            "This template will display on: Entire Site."
        ],
        "wp_page_template": "default"
    },
    "content": [
        {
            "id": "408ba5cc",
            "settings": {
                "structure": "20",
                "border_radius": {
                    "unit": "px",
                    "top": "4",
                    "right": "4",
                    "bottom": "4",
                    "left": "4",
                    "isLinked": "1"
                },
                "background_background": "classic",
                "background_image": {
                    "id": "229",
                    "url": "https:\/\/kit.detheme.com\/colson\/wp-content\/uploads\/sites\/22\/2020\/10\/a-man-riding-a-bike-in-an-old-european-city-outdoo-UCPLT7F.jpg"
                },
                "background_position": "center right",
                "background_position_tablet": "initial",
                "background_position_mobile": "top center",
                "background_xpos_tablet": {
                    "unit": "%",
                    "size": "230",
                    "sizes": []
                },
                "background_ypos_tablet": {
                    "unit": "%",
                    "size": "50",
                    "sizes": []
                },
                "background_repeat": "no-repeat",
                "background_size": "initial",
                "background_size_tablet": "initial",
                "background_size_mobile": "initial",
                "background_bg_width": {
                    "unit": "%",
                    "size": "50",
                    "sizes": []
                },
                "background_bg_width_tablet": {
                    "unit": "%",
                    "size": "70",
                    "sizes": []
                },
                "background_bg_width_mobile": {
                    "unit": "%",
                    "size": "100",
                    "sizes": []
                },
                "padding_mobile": {
                    "unit": "%",
                    "top": "70",
                    "right": "0",
                    "bottom": "0",
                    "left": "0",
                    "isLinked": ""
                }
            },
            "elements": [
                {
                    "id": "c9e6fd6",
                    "settings": {
                        "_column_size": "50",
                        "_inline_size_tablet": "70",
                        "margin_mobile": {
                            "unit": "%",
                            "top": "",
                            "right": "",
                            "bottom": "",
                            "left": "",
                            "isLinked": "1"
                        },
                        "padding": {
                            "unit": "px",
                            "top": "48",
                            "right": "48",
                            "bottom": "48",
                            "left": "48",
                            "isLinked": "1"
                        },
                        "padding_mobile": {
                            "unit": "px",
                            "top": "30",
                            "right": "30",
                            "bottom": "30",
                            "left": "30",
                            "isLinked": "1"
                        },
                        "__globals__": {
                            "background_color": "globals\/colors?id=ec25634"
                        }
                    },
                    "elements": [
                        {
                            "id": "6bf5e106",
                            "settings": {
                                "title": "Subscribe to our newsletter",
                                "header_size": "h5",
                                "align": "left",
                                "_margin": {
                                    "unit": "px",
                                    "top": "0",
                                    "right": "0",
                                    "bottom": "8",
                                    "left": "0",
                                    "isLinked": ""
                                }
                            },
                            "elements": [],
                            "isInner": false,
                            "widgetType": "heading",
                            "elType": "widget"
                        },
                        {
                            "id": "db83067",
                            "settings": {
                                "editor": "<p>Sign up to receive updates, promotions, and sneak peaks of upcoming products. Plus 20% off your next order.<\/p>",
                                "_margin": {
                                    "unit": "px",
                                    "top": "0",
                                    "right": "0",
                                    "bottom": "24",
                                    "left": "0",
                                    "isLinked": ""
                                },
                                "__globals__": {
                                    "typography_typography": "globals\/typography?id=primary"
                                }
                            },
                            "elements": [],
                            "isInner": false,
                            "widgetType": "text-editor",
                            "elType": "widget"
                        },
                        {
                            "id": "6c5f4d52",
                            "settings": {
                                "form_name": "Subscribe",
                                "form_fields": [
                                    {
                                        "custom_id": "email",
                                        "field_type": "email",
                                        "required": "true",
                                        "field_label": "Email",
                                        "placeholder": "your email address",
                                        "width": "60",
                                        "_id": "1737d1b",
                                        "previous_button": "",
                                        "next_button": "",
                                        "file_sizes": "",
                                        "file_types": "",
                                        "allow_multiple_upload": "",
                                        "max_files": "",
                                        "acceptance_text": "",
                                        "checked_by_default": "",
                                        "field_min": "",
                                        "field_max": "",
                                        "min_date": "",
                                        "max_date": "",
                                        "use_native_date": "",
                                        "use_native_time": "",
                                        "rows": "4"
                                    }
                                ],
                                "step_next_label": "Next",
                                "step_previous_label": "Previous",
                                "button_text": "Subscribe",
                                "submit_actions": [
                                    "email",
                                    "mailchimp"
                                ],
                                "email_content": "[all-fields]",
                                "email_content_2": "[all-fields]",
                                "success_message": "The form was sent successfully.",
                                "error_message": "An error occured.",
                                "required_field_message": "This field is required.",
                                "invalid_message": "There's something wrong. The form is invalid.",
                                "show_labels": "",
                                "button_width": "33",
                                "_element_width": "initial",
                                "_element_custom_width": {
                                    "unit": "px",
                                    "size": "500",
                                    "sizes": []
                                },
                                "input_size": "md",
                                "button_size": "md",
                                "column_gap": {
                                    "unit": "px",
                                    "size": "0",
                                    "sizes": []
                                },
                                "row_gap": {
                                    "unit": "px",
                                    "size": "0",
                                    "sizes": []
                                },
                                "_margin": {
                                    "unit": "px",
                                    "top": "0",
                                    "right": "0",
                                    "bottom": "16",
                                    "left": "0",
                                    "isLinked": ""
                                },
                                "_padding": {
                                    "unit": "px",
                                    "top": "0",
                                    "right": "0",
                                    "bottom": "0",
                                    "left": "0",
                                    "isLinked": ""
                                }
                            },
                            "elements": [],
                            "isInner": false,
                            "widgetType": "form",
                            "elType": "widget"
                        },
                        {
                            "id": "7ed57d76",
                            "settings": {
                                "title": "Promotion nulla vitae elit libero a pharetra augue",
                                "header_size": "div",
                                "__globals__": {
                                    "typography_typography": "globals\/typography?id=5ec7628",
                                    "title_color": "globals\/colors?id=8fa36e4"
                                }
                            },
                            "elements": [],
                            "isInner": false,
                            "widgetType": "heading",
                            "elType": "widget"
                        }
                    ],
                    "isInner": "",
                    "elType": "column"
                },
                {
                    "id": "35ffa12e",
                    "settings": {
                        "_column_size": "50",
                        "align": "center",
                        "padding": {
                            "unit": "px",
                            "top": "0",
                            "right": "0",
                            "bottom": "0",
                            "left": "0",
                            "isLinked": ""
                        },
                        "background_background": "classic",
                        "background_position": "center center",
                        "background_size": "cover",
                        "border_radius": {
                            "unit": "px",
                            "top": "4",
                            "right": "0",
                            "bottom": "0",
                            "left": "4",
                            "isLinked": ""
                        }
                    },
                    "elements": [],
                    "isInner": "",
                    "elType": "column"
                }
            ],
            "isInner": "",
            "elType": "section"
        }
    ],
    "page_settings": {
        "entrance_animation": "slideInUp",
        "exit_animation": "fadeIn",
        "entrance_animation_duration": {
            "unit": "px",
            "size": "0.6",
            "sizes": []
        },
        "margin": {
            "unit": "px",
            "top": "24",
            "right": "24",
            "bottom": "24",
            "left": "24",
            "isLinked": "1"
        },
        "padding": {
            "unit": "px",
            "top": "0",
            "right": "0",
            "bottom": "0",
            "left": "0",
            "isLinked": "1"
        },
        "margin_mobile": {
            "unit": "px",
            "top": "0",
            "right": "0",
            "bottom": "0",
            "left": "0",
            "isLinked": "1"
        },
        "width": {
            "unit": "px",
            "size": "950",
            "sizes": []
        },
        "border_radius": {
            "unit": "px",
            "top": "4",
            "right": "4",
            "bottom": "4",
            "left": "4",
            "isLinked": "1"
        },
        "__globals__": {
            "close_button_color": "globals\/colors?id=a047deb"
        }
    }
}