{"content":[{"id":"3a7f9d2d","settings":{"layout":"full_width","height":"min-height","custom_height":{"unit":"vh","size":75},"column_position":"stretch","background_background":"classic","background_color":"#ffffff","margin":{"unit":"px","top":"0","right":0,"bottom":"-80","left":0,"isLinked":false},"padding":{"unit":"px","top":"50","right":"50","bottom":"0","left":"50","isLinked":false},"content_width":{"unit":"px","size":1300,"sizes":[]},"background_image":{"id":"3625","url":"https:\/\/cliente.shazamlnv.com\/setasolar\/wp-content\/uploads\/2022\/04\/image-from-rawpixel-id-523363-jpeg.jpg"},"background_position":"bottom center","background_size":"cover","background_overlay_color":"#9e99e8","overlay_blend_mode":"screen","padding_mobile":{"unit":"em","top":"2","right":"1","bottom":"1","left":"1","isLinked":false}},"elements":[{"id":"58e09bf3","settings":{"_column_size":100,"content_position":"top","background_background":"classic","background_color":"#b8dced","background_image":{"id":"3626","url":"https:\/\/cliente.shazamlnv.com\/setasolar\/wp-content\/uploads\/2022\/04\/adolescent-adult-attractive-1462637.jpg"},"background_position":"center left","background_repeat":"no-repeat","background_size":"initial","background_bg_width":{"unit":"%","size":89},"background_overlay_color":"#ff144f","background_overlay_opacity":{"unit":"px","size":1},"overlay_blend_mode":"lighten","border_radius":{"unit":"px","top":"12","right":"12","bottom":"12","left":"12","isLinked":true},"box_shadow_box_shadow_type":"yes","box_shadow_box_shadow":{"horizontal":2,"vertical":59,"blur":28,"spread":-44,"color":"rgba(0,0,0,0.29)"},"margin":{"unit":"px","top":"0","right":"0","bottom":"0","left":"0","isLinked":false},"z_index":11,"animation":"fadeIn","background_position_tablet":"center center","background_size_tablet":"cover","background_position_mobile":"initial","background_xpos_mobile":{"unit":"px","size":-282,"sizes":[]}},"elements":[{"id":"52d827db","settings":{"structure":"20"},"elements":[{"id":"498b6b93","settings":{"_column_size":50,"_inline_size":null},"elements":[],"isInner":true,"elType":"column"},{"id":"ebb2ca3","settings":{"_column_size":50,"_inline_size":null,"margin":{"unit":"px","top":"","right":"","bottom":"","left":"","isLinked":false},"content_position":"space-between","align":"center","space_between_widgets":0},"elements":[{"id":"115bf657","settings":{"space":{"unit":"vh","size":8,"sizes":[]}},"elements":[],"isInner":false,"widgetType":"spacer","elType":"widget"},{"id":"fddd265","settings":{"title":"Makeup","title_color":"#000000","typography_typography":"custom","typography_font_family":"Grand Hotel","typography_font_size":{"unit":"px","size":173},"typography_font_size_tablet":{"unit":"px","size":113},"typography_font_weight":"500","typography_font_size_mobile":{"unit":"px","size":77},"typography_text_transform":"capitalize","header_size":"h1","align":"center","typography_line_height":{"unit":"em","size":0.8000000000000000444089209850062616169452667236328125},"_margin":{"unit":"px","top":"0","right":"0","bottom":"0","left":"0","isLinked":false},"_animation":"fadeInUp","animation_duration":"fast","_margin_tablet":{"unit":"px","top":"0","right":"0","bottom":"0","left":"0","isLinked":true}},"elements":[],"isInner":false,"widgetType":"heading","elType":"widget"},{"id":"10a30b30","settings":{"weight":{"unit":"px","size":4},"color":"#000000","width":{"unit":"%","size":24},"align":"center","gap":{"unit":"px","size":2},"_margin":{"unit":"px","top":"-26","right":"0","bottom":"0","left":"0","isLinked":false},"_animation":"fadeIn","_animation_delay":100,"text":"Divider","_margin_tablet":{"unit":"px","top":"8","right":"8","bottom":"8","left":"8","isLinked":true}},"elements":[],"isInner":false,"widgetType":"divider","elType":"widget"},{"id":"5d17c4cf","settings":{"title":"Free Your Skin","header_size":"h5","title_color":"#ed5e5e","typography_typography":"custom","typography_font_family":"Montserrat","typography_font_size":{"unit":"rem","size":0.8000000000000000444089209850062616169452667236328125},"typography_font_weight":"600","typography_text_transform":"uppercase","align":"center","typography_letter_spacing":{"unit":"px","size":5,"sizes":[]},"typography_font_size_mobile":{"unit":"px","size":8,"sizes":[]},"align_mobile":"center","_margin_tablet":{"unit":"px","top":"0","right":"0","bottom":"0","left":"0","isLinked":true}},"elements":[],"isInner":false,"widgetType":"heading","elType":"widget"},{"id":"d369be3","settings":{"space":{"unit":"vh","size":4,"sizes":[]}},"elements":[],"isInner":false,"widgetType":"spacer","elType":"widget"},{"id":"17af50ff","settings":{"editor":"<p>Lorem ipsum dolor sit amet, consectetur adipiscing elit. Ut elit tellus, luctus nec.<\/p>","align":"center","text_color":"#D37D7D","typography_typography":"custom","typography_font_family":"Muli","typography_font_size":{"unit":"rem","size":0.90000000000000002220446049250313080847263336181640625,"sizes":[]},"typography_font_weight":"bold","typography_line_height":{"unit":"em","size":1.6999999999999999555910790149937383830547332763671875,"sizes":[]},"_padding":{"unit":"em","top":"0","right":"4","bottom":"0","left":"4","isLinked":false},"_element_width":"initial","_element_width_tablet":"inherit","_element_custom_width":{"unit":"%","size":68,"sizes":[]}},"elements":[],"isInner":false,"widgetType":"text-editor","elType":"widget"},{"id":"2bc57616","settings":{"text":"shop now","typography_typography":"custom","typography_font_family":"Montserrat","typography_font_size":{"unit":"px","size":12},"typography_font_weight":"500","typography_text_transform":"uppercase","typography_line_height":{"unit":"px","size":15},"typography_letter_spacing":{"unit":"px","size":2},"background_color":"#ed5e5e","button_background_hover_color":"rgba(0,0,0,0)","border_radius":{"unit":"px","top":"8","right":"8","bottom":"8","left":"8","isLinked":false},"text_padding":{"unit":"em","top":"1","right":"4","bottom":"1","left":"4","isLinked":false},"text_padding_mobile":{"unit":"em","top":"","right":"","bottom":"","left":"","isLinked":false},"_margin":{"unit":"px","top":"35","right":"0","bottom":"0","left":"0","isLinked":false},"align":"center","_margin_mobile":{"unit":"px","top":"30","right":"0","bottom":"0","left":"0","isLinked":false},"_animation":"fadeInDown","_animation_delay":300,"hover_color":"#000000","button_hover_border_color":"#000000","border_border":"solid","border_width":{"unit":"px","top":"1","right":"1","bottom":"1","left":"1","isLinked":false},"border_color":"#ed5e5e","align_mobile":"justify"},"elements":[],"isInner":false,"widgetType":"button","elType":"widget"}],"isInner":true,"elType":"column"}],"isInner":true,"elType":"section"}],"isInner":false,"elType":"column"}],"isInner":false,"elType":"section"},{"id":"4eac7f9c","settings":{"structure":"20","content_width":{"unit":"px","size":1300},"background_background":"classic","background_position":"center left","background_repeat":"repeat","background_size":"auto","margin":{"unit":"px","top":"0","right":0,"bottom":"0","left":0,"isLinked":false},"padding":{"unit":"em","top":"10","right":"0","bottom":"6","left":"1","isLinked":false},"background_color":"#f9f9f9","margin_mobile":{"unit":"px","top":"0","right":0,"bottom":"0","left":0,"isLinked":false},"background_attachment":"fixed","background_overlay_image":{"id":"3625","url":"https:\/\/cliente.shazamlnv.com\/setasolar\/wp-content\/uploads\/2022\/04\/image-from-rawpixel-id-523363-jpeg.jpg"},"background_overlay_size":"auto","background_overlay_bg_width":{"unit":"%","size":24},"background_overlay_opacity":{"unit":"px","size":0.05000000000000000277555756156289135105907917022705078125},"background_overlay_background":"classic","background_overlay_attachment":"fixed","padding_mobile":{"unit":"em","top":"2","right":"2","bottom":"2","left":"2","isLinked":true},"reverse_order_mobile":"reverse-mobile"},"elements":[{"id":"7d0cb67f","settings":{"_column_size":50,"_inline_size":54.3960000000000007958078640513122081756591796875,"_inline_size_tablet":40,"_inline_size_mobile":100,"margin_mobile":{"unit":"px","top":"0","right":"0","bottom":"0","left":"0","isLinked":false},"padding":{"unit":"em","top":"5","right":"5","bottom":"0","left":"5","isLinked":false},"animation":"fadeInLeft","margin":{"unit":"px","top":"0","right":"0","bottom":"0","left":"0","isLinked":false},"background_background":"classic","background_image":{"id":"3625","url":"https:\/\/cliente.shazamlnv.com\/setasolar\/wp-content\/uploads\/2022\/04\/image-from-rawpixel-id-523363-jpeg.jpg"},"background_position":"top left","background_repeat":"no-repeat","background_size":"contain","background_overlay_background":"classic","background_overlay_position":"initial","background_overlay_xpos":{"unit":"px","size":15},"background_overlay_ypos":{"unit":"px","size":24},"background_overlay_repeat":"repeat-y","background_overlay_size":"initial","background_overlay_opacity":{"unit":"px","size":0.66000000000000003108624468950438313186168670654296875},"border_radius":{"unit":"px","top":"12","right":"12","bottom":"12","left":"12","isLinked":true},"content_position":"top","box_shadow_box_shadow":{"horizontal":-13,"vertical":-6,"blur":10,"spread":0,"color":"rgba(0,0,0,0.5)"}},"elements":[{"id":"64993970","settings":{"image":{"id":"3627","url":"https:\/\/cliente.shazamlnv.com\/setasolar\/wp-content\/uploads\/2022\/04\/assorted-cosmetics-lipsticks-1625037.jpg"},"image_size":"full","image_custom_dimension":{"width":"500","height":"530"},"image_box_shadow_box_shadow":{"horizontal":30,"vertical":30,"blur":0,"spread":0,"color":"#efbca7"},"image_border_radius":{"unit":"px","top":"12","right":"12","bottom":"12","left":"12","isLinked":true},"_margin":{"unit":"px","top":"20","right":"-40","bottom":"80","left":"-20","isLinked":false},"image_box_shadow_box_shadow_type":"yes","_border_width":{"unit":"px","top":"0","right":"20","bottom":"24","left":"0","isLinked":false},"_border_color":"#f2baba","_border_radius":{"unit":"px","top":"12","right":"12","bottom":"12","left":"12","isLinked":true},"css_filters_css_filter":"custom","css_filters_brightness":{"unit":"px","size":116,"sizes":[]},"_margin_tablet":{"unit":"px","top":"0","right":"-84","bottom":"0","left":"-51","isLinked":false},"_padding_tablet":{"unit":"px","top":"0","right":"0","bottom":"0","left":"0","isLinked":true}},"elements":[],"isInner":false,"widgetType":"image","elType":"widget"}],"isInner":false,"elType":"column"},{"id":"7e5223c2","settings":{"_column_size":50,"_inline_size":45.6039999999999992041921359486877918243408203125,"_inline_size_tablet":60,"background_color":"#ffffff","box_shadow_box_shadow":{"horizontal":2,"vertical":3,"blur":40,"spread":0,"color":"rgba(0,0,0,0.08)"},"margin":{"unit":"%","top":"","right":"","bottom":"","left":"","isLinked":false},"margin_tablet":{"unit":"px","top":"0","right":"0","bottom":"0","left":"8","isLinked":false},"margin_mobile":{"unit":"px","top":"50","right":"0","bottom":"50","left":"0","isLinked":false},"padding":{"unit":"em","top":"4","right":"4","bottom":"4","left":"4","isLinked":true},"padding_tablet":{"unit":"em","top":"","right":"","bottom":"","left":"","isLinked":false},"padding_mobile":{"unit":"em","top":"1","right":"0","bottom":"0","left":"0","isLinked":false},"animation":"fadeInRight","content_position":"center"},"elements":[{"id":"535de819","settings":{"title":"Let's get skin serious","header_size":"h5","title_color":"#ed5e5e","typography_typography":"custom","typography_font_family":"Montserrat","typography_font_size":{"unit":"rem","size":0.8000000000000000444089209850062616169452667236328125},"typography_font_weight":"600","typography_text_transform":"uppercase","typography_letter_spacing":{"unit":"px","size":5,"sizes":[]},"align_mobile":"center","typography_font_size_mobile":{"unit":"px","size":8,"sizes":[]}},"elements":[],"isInner":false,"widgetType":"heading","elType":"widget"},{"id":"30aa308c","settings":{"title":"New Arrivals","title_color":"#000000","typography_typography":"custom","typography_font_family":"Domine","typography_font_size":{"unit":"px","size":45},"typography_font_size_tablet":{"unit":"px","size":36},"typography_font_weight":"600","typography_font_size_mobile":{"unit":"px","size":28},"typography_text_transform":"capitalize","align_mobile":"center"},"elements":[],"isInner":false,"widgetType":"heading","elType":"widget"},{"id":"24080217","settings":{"align":"left","align_mobile":"center","text_color":"#5c5c5d","typography_typography":"custom","typography_font_family":"Muli","typography_font_size":{"unit":"px","size":15},"typography_font_size_tablet":{"unit":"px","size":15},"typography_font_size_mobile":{"unit":"px","size":13},"typography_font_weight":"400","typography_text_transform":"none","typography_font_style":"normal","typography_text_decoration":"none","typography_line_height":{"unit":"em","size":1.600000000000000088817841970012523233890533447265625},"typography_line_height_mobile":{"unit":"em","size":1.8000000000000000444089209850062616169452667236328125,"sizes":[]},"_margin":{"unit":"px","top":"20","right":"0","bottom":"50","left":"0","isLinked":false},"_margin_mobile":{"unit":"px","top":"0","right":"0","bottom":"0","left":"0","isLinked":false},"_padding":{"unit":"px","top":"0","right":"0","bottom":"0","left":"0","isLinked":false}},"elements":[],"isInner":false,"widgetType":"text-editor","elType":"widget"},{"id":"524dc7a3","settings":{"text":"shop now","typography_typography":"custom","typography_font_family":"Montserrat","typography_font_size":{"unit":"px","size":12},"typography_font_weight":"500","typography_text_transform":"uppercase","typography_line_height":{"unit":"px","size":15},"typography_letter_spacing":{"unit":"px","size":2},"background_color":"#ED5E5E00","button_background_hover_color":"rgba(0,0,0,0)","border_radius":{"unit":"px","top":"8","right":"8","bottom":"8","left":"8","isLinked":true},"text_padding":{"unit":"em","top":"","right":"","bottom":"","left":"","isLinked":false},"text_padding_mobile":{"unit":"em","top":"","right":"","bottom":"","left":"","isLinked":false},"_margin":{"unit":"px","top":"35","right":"0","bottom":"0","left":"0","isLinked":false},"align":"left","_margin_mobile":{"unit":"px","top":"30","right":"0","bottom":"0","left":"0","isLinked":false},"_animation":"fadeInDown","_animation_delay":300,"hover_color":"#000000","button_hover_border_color":"#000000","border_border":"solid","border_width":{"unit":"px","top":"1","right":"1","bottom":"1","left":"1","isLinked":true},"border_color":"#ed5e5e","align_mobile":"justify","button_text_color":"#D76161"},"elements":[],"isInner":false,"widgetType":"button","elType":"widget"}],"isInner":false,"elType":"column"}],"isInner":false,"elType":"section"},{"id":"285d6e63","settings":{"background_background":"classic","height":"min-height","custom_height":{"unit":"px","size":685},"custom_height_tablet":{"unit":"px","size":515},"custom_height_mobile":{"unit":"px","size":400},"content_position":"middle","background_size":"cover","padding_mobile":{"unit":"px","top":"30","right":"20","bottom":"30","left":"20","isLinked":false},"background_position":"center center","background_attachment":"fixed","background_repeat":"no-repeat","background_overlay_color":"rgba(178,182,196,0.29)","background_overlay_color_b":"#5c5c5d","background_overlay_gradient_angle":{"unit":"deg","size":130},"background_overlay_opacity":{"unit":"px","size":0.88000000000000000444089209850062616169452667236328125},"content_width":{"unit":"px","size":1300},"column_position":"stretch","margin":{"unit":"px","top":"","right":0,"bottom":"","left":0,"isLinked":true},"padding":{"unit":"em","top":"6","right":"0","bottom":"6","left":"0","isLinked":false},"background_image":{"id":"3628","url":"https:\/\/cliente.shazamlnv.com\/setasolar\/wp-content\/uploads\/2022\/04\/image-from-rawpixel-id-523355-jpeg.jpg"},"background_overlay_background":"classic","html_tag":"section","padding_tablet":{"unit":"em","top":"3","right":"1","bottom":"3","left":"1","isLinked":false}},"elements":[{"id":"245841b8","settings":{"_column_size":100,"padding":{"unit":"px","top":"0","right":"0","bottom":"0","left":"0","isLinked":false},"background_background":"classic","background_image":{"id":"3629","url":"https:\/\/cliente.shazamlnv.com\/setasolar\/wp-content\/uploads\/2022\/04\/beautiful-cosmetics-make-up-1499516.jpg"},"background_position":"initial","background_xpos":{"unit":"px","size":0},"background_size":"initial","background_overlay_color":"#f7b4c7","background_overlay_opacity":{"unit":"px","size":0.340000000000000024424906541753443889319896697998046875},"overlay_blend_mode":"lighten","border_radius":{"unit":"px","top":"12","right":"12","bottom":"12","left":"12","isLinked":true},"background_color":"#f2f1ef","background_ypos":{"unit":"px","size":-374,"sizes":[]},"background_repeat":"no-repeat","background_bg_width":{"unit":"%","size":91,"sizes":[]},"box_shadow_box_shadow_type":"yes","box_shadow_box_shadow":{"horizontal":0,"vertical":0,"blur":29,"spread":0,"color":"rgba(0,0,0,0.24)"},"background_position_tablet":"initial","background_position_mobile":"initial","background_xpos_tablet":{"unit":"px","size":-46,"sizes":[]},"background_xpos_mobile":{"unit":"px","size":-27,"sizes":[]},"background_ypos_tablet":{"unit":"px","size":-96,"sizes":[]},"background_ypos_mobile":{"unit":"px","size":-126,"sizes":[]},"background_size_tablet":"cover","background_size_mobile":"cover"},"elements":[{"id":"366a61ef","settings":{"layout":"full_width","height_inner":"min-height","custom_height_inner":{"unit":"px","size":661},"structure":"20","margin":{"unit":"px","top":"0","right":0,"bottom":"0","left":0,"isLinked":true}},"elements":[{"id":"4048eba0","settings":{"_column_size":50,"_inline_size":58,"_inline_size_tablet":50},"elements":[],"isInner":true,"elType":"column"},{"id":"6c380b88","settings":{"_column_size":50,"_inline_size":42,"content_position":"center","padding":{"unit":"em","top":"2","right":"2","bottom":"2","left":"2","isLinked":true},"align":"center","_inline_size_tablet":50},"elements":[{"id":"79596e11","settings":{"title":"Sale!","header_size":"h5","align":"center","title_color":"#000000","typography_typography":"custom","typography_font_family":"Grand Hotel","typography_font_size":{"unit":"px","size":38},"typography_font_weight":"500","typography_font_style":"italic"},"elements":[],"isInner":false,"widgetType":"heading","elType":"widget"},{"id":"70f962ab","settings":{"align":"center","icon_space":{"unit":"px","size":3,"sizes":[]},"stars_color":"#ea7960"},"elements":[],"isInner":false,"widgetType":"star-rating","elType":"widget"},{"id":"1747712e","settings":{"title":"Mineral Magic","title_color":"#000000","typography_typography":"custom","typography_font_family":"Domine","typography_font_size":{"unit":"px","size":45},"typography_font_size_tablet":{"unit":"px","size":36},"typography_font_weight":"600","typography_font_size_mobile":{"unit":"px","size":28},"typography_text_transform":"capitalize","align":"center"},"elements":[],"isInner":false,"widgetType":"heading","elType":"widget"},{"id":"1b0a535b","settings":{"editor":"<p>Lorem ipsum dolor sit amet, consectetur adipiscing elit, sed do eiusmod tempor incididunt ut labore et dolore magna aliqua. Ut enim ad minim veniam, quis nostrud exercitation ullamco laboris nisi ut aliquip ex ea commodo consequat.\u00a0<\/p>","text_color":"#5c5c5d","typography_typography":"custom","typography_font_family":"Muli","typography_font_size":{"unit":"px","size":15},"typography_font_size_tablet":{"unit":"px","size":15},"typography_font_size_mobile":{"unit":"px","size":13},"typography_font_weight":"400","typography_line_height":{"unit":"em","size":1.600000000000000088817841970012523233890533447265625},"_margin":{"unit":"px","top":"20","right":"0","bottom":"50","left":"0","isLinked":false},"_padding":{"unit":"px","top":"0","right":"0","bottom":"0","left":"0","isLinked":false},"_margin_mobile":{"unit":"px","top":"0","right":"0","bottom":"0","left":"0","isLinked":false},"align":"center","align_mobile":"center","typography_text_transform":"none","typography_font_style":"normal","typography_text_decoration":"none","typography_line_height_mobile":{"unit":"em","size":1.8000000000000000444089209850062616169452667236328125,"sizes":[]}},"elements":[],"isInner":false,"widgetType":"text-editor","elType":"widget"},{"id":"1355ac57","settings":{"icon":"fa fa-square","primary_color":"#f7e0d9","size":{"unit":"px","size":20,"sizes":[]},"_element_width":"initial","_element_custom_width":{"unit":"px","size":42,"sizes":[]},"_element_vertical_align":"center"},"elements":[],"isInner":false,"widgetType":"icon","elType":"widget"},{"id":"464d6972","settings":{"icon":"fa fa-square","primary_color":"#ddc8c3","size":{"unit":"px","size":20,"sizes":[]},"_element_width":"initial","_element_custom_width":{"unit":"px","size":42,"sizes":[]},"_element_vertical_align":"center"},"elements":[],"isInner":false,"widgetType":"icon","elType":"widget"},{"id":"f2f4670","settings":{"icon":"fa fa-square","primary_color":"#c4a39b","size":{"unit":"px","size":20,"sizes":[]},"_element_width":"initial","_element_custom_width":{"unit":"px","size":42,"sizes":[]},"_element_vertical_align":"center"},"elements":[],"isInner":false,"widgetType":"icon","elType":"widget"},{"id":"188367b4","settings":{"icon":"fa fa-square","primary_color":"#9e6c68","size":{"unit":"px","size":20,"sizes":[]},"_element_width":"initial","_element_custom_width":{"unit":"px","size":42,"sizes":[]},"_element_vertical_align":"center"},"elements":[],"isInner":false,"widgetType":"icon","elType":"widget"},{"id":"6d80f625","settings":{"text":"View Detail","align":"center","typography_typography":"custom","typography_font_family":"Montserrat","typography_font_size":{"unit":"px","size":12},"typography_font_weight":"500","typography_text_transform":"uppercase","typography_line_height":{"unit":"px","size":15},"typography_letter_spacing":{"unit":"px","size":2},"background_color":"#ed5e5e","button_background_hover_color":"rgba(0,0,0,0)","border_radius":{"unit":"px","top":"8","right":"8","bottom":"8","left":"8","isLinked":true},"text_padding":{"unit":"em","top":"","right":"","bottom":"","left":"","isLinked":false},"text_padding_mobile":{"unit":"px","top":"20","right":"40","bottom":"20","left":"40","isLinked":false},"_margin":{"unit":"px","top":"35","right":"0","bottom":"0","left":"0","isLinked":false},"_animation":"fadeInDown","_margin_mobile":{"unit":"px","top":"30","right":"0","bottom":"0","left":"0","isLinked":false},"_animation_delay":300,"hover_color":"#000000","button_hover_border_color":"#000000","border_border":"solid","border_width":{"unit":"px","top":"1","right":"1","bottom":"1","left":"1","isLinked":true},"border_color":"#ed5e5e"},"elements":[],"isInner":false,"widgetType":"button","elType":"widget"}],"isInner":true,"elType":"column"}],"isInner":true,"elType":"section"}],"isInner":false,"elType":"column"}],"isInner":false,"elType":"section"},{"id":"4b209b36","settings":{"jet_parallax_layout_list":[{"jet_parallax_layout_image":{"id":892,"url":"https:\/\/demo.crocoblock.com\/crosszone\/wp-content\/uploads\/2018\/05\/crossfit_paralax_element1.png"},"_id":"b34bce4","jet_parallax_layout_speed":{"unit":"%","size":3},"jet_parallax_layout_type":"scroll","jet_parallax_layout_z_index":"","jet_parallax_layout_bg_x":47.2000000000000028421709430404007434844970703125,"jet_parallax_layout_bg_y":21.39999999999999857891452847979962825775146484375,"jet_parallax_layout_bg_size":"auto","jet_parallax_layout_animation_prop":"transform"},{"jet_parallax_layout_image":{"id":892,"url":"https:\/\/demo.crocoblock.com\/crosszone\/wp-content\/uploads\/2018\/05\/crossfit_paralax_element1.png"},"jet_parallax_layout_speed":{"unit":"%","size":3},"jet_parallax_layout_type":"scroll","jet_parallax_layout_z_index":"","jet_parallax_layout_bg_x":18,"jet_parallax_layout_bg_y":79,"jet_parallax_layout_bg_size":"auto","jet_parallax_layout_animation_prop":"transform","_id":"7176fe1"}],"margin":{"unit":"px","top":"0","right":0,"bottom":"0","left":0,"isLinked":false},"padding":{"unit":"px","top":"50","right":"0","bottom":"50","left":"0","isLinked":false},"padding_tablet":{"unit":"px","top":"30","right":"0","bottom":"40","left":"0","isLinked":false},"padding_mobile":{"unit":"px","top":"30","right":"0","bottom":"30","left":"0","isLinked":false},"content_width":{"unit":"px","size":1300}},"elements":[{"id":"9c9c628","settings":{"_column_size":100,"_inline_size":null},"elements":[{"id":"19ac6af4","settings":{"title":"popular products","align":"center","typography_typography":"custom","typography_font_family":"Montserrat","typography_font_size":{"unit":"px","size":12},"typography_font_weight":"600","title_color":"#ed5e5e","typography_text_transform":"uppercase","typography_letter_spacing":{"unit":"px","size":5,"sizes":[]},"typography_font_style":"normal","typography_text_decoration":"none","typography_line_height":{"unit":"em","size":1,"sizes":[]},"typography_font_size_mobile":{"unit":"px","size":8,"sizes":[]}},"elements":[],"isInner":false,"widgetType":"heading","elType":"widget"},{"id":"12327422","settings":[],"elements":[{"id":"5fa597d9","settings":{"_column_size":100,"_inline_size":null,"padding":{"unit":"px","top":"0","right":"0","bottom":"0","left":"0","isLinked":false}},"elements":[{"id":"6f8929a2","settings":{"title":"Best Sellers","title_color":"#000000","typography_typography":"custom","typography_font_family":"Domine","typography_font_size":{"unit":"px","size":45},"typography_font_weight":"600","typography_text_transform":"capitalize","typography_font_size_tablet":{"unit":"px","size":36},"typography_font_size_mobile":{"unit":"px","size":28},"align":"center"},"elements":[],"isInner":false,"widgetType":"heading","elType":"widget"}],"isInner":true,"elType":"column"}],"isInner":true,"elType":"section"},{"id":"753f8eb1","settings":{"structure":"30","margin_tablet":{"unit":"px","top":"13","right":0,"bottom":"15","left":0,"isLinked":false},"margin_mobile":{"unit":"px","top":"0","right":0,"bottom":"0","left":0,"isLinked":false},"padding_tablet":{"unit":"px","top":"0","right":"0","bottom":"0","left":"0","isLinked":false},"padding_mobile":{"unit":"px","top":"0","right":"0","bottom":"0","left":"0","isLinked":false},"layout":"full_width"},"elements":[{"id":"5c7f2309","settings":{"_column_size":33,"space_between_widgets":0,"background_background":"classic","background_position":"center center","background_repeat":"no-repeat","background_size":"cover","margin":{"unit":"px","top":"0","right":"18","bottom":"0","left":"5","isLinked":false},"padding":{"unit":"px","top":"0","right":"0","bottom":"54","left":"0","isLinked":false},"margin_tablet":{"unit":"px","top":"0","right":"10","bottom":"0","left":"10","isLinked":false},"margin_mobile":{"unit":"px","top":"15","right":"0","bottom":"0","left":"0","isLinked":false},"padding_tablet":{"unit":"px","top":"0","right":"0","bottom":"0","left":"0","isLinked":false},"content_position":"center","padding_mobile":{"unit":"em","top":"1","right":"1","bottom":"1","left":"1","isLinked":false}},"elements":[{"id":"2975a581","settings":{"space":{"unit":"px","size":300},"_background_background":"classic","_background_image":{"id":"3630","url":"https:\/\/cliente.shazamlnv.com\/setasolar\/wp-content\/uploads\/2022\/04\/sponge.png"},"_background_position":"center center","_background_size":"contain","_border_radius":{"unit":"px","top":"12","right":"12","bottom":"12","left":"12","isLinked":true},"_border_radius_hover":{"unit":"px","top":"21","right":"21","bottom":"21","left":"21","isLinked":true},"_box_shadow_hover_box_shadow_type":"yes","_box_shadow_hover_box_shadow":{"horizontal":5,"vertical":5,"blur":15,"spread":0,"color":"rgba(0,0,0,0.23)"},"_background_color":"#f9f9f9","_background_repeat":"no-repeat"},"elements":[],"isInner":false,"widgetType":"spacer","elType":"widget"},{"id":"25e93ecc","settings":{"title":"Botanical Sponges","title_color":"#000000","typography_typography":"custom","typography_font_family":"Domine","typography_font_size":{"unit":"px","size":22},"typography_font_weight":"600","typography_text_transform":"capitalize","typography_font_size_tablet":{"unit":"px","size":20},"typography_font_size_mobile":{"unit":"px","size":22},"align":"left","header_size":"h3","typography_line_height":{"unit":"em","size":1.5,"sizes":[]},"_margin":{"unit":"px","top":"20","right":"0","bottom":"0","left":"0","isLinked":false},"_element_width":"initial","_element_custom_width":{"unit":"%","size":50,"sizes":[]},"_element_vertical_align":"center","align_tablet":"center","_element_width_tablet":"inherit"},"elements":[],"isInner":false,"widgetType":"heading","elType":"widget"},{"id":"7248af09","settings":{"text":"View Detail","align":"right","typography_typography":"custom","typography_font_family":"Montserrat","typography_font_size":{"unit":"px","size":13},"typography_font_weight":"600","typography_text_transform":"uppercase","typography_line_height":{"unit":"px","size":15},"typography_letter_spacing":{"unit":"px","size":2},"background_color":"rgba(255,56,105,0)","button_background_hover_color":"rgba(0,0,0,0)","border_radius":{"unit":"px","top":"12","right":"12","bottom":"12","left":"12","isLinked":true},"text_padding":{"unit":"em","top":"","right":"","bottom":"","left":"","isLinked":false},"text_padding_mobile":{"unit":"px","top":"20","right":"40","bottom":"20","left":"40","isLinked":false},"_margin":{"unit":"px","top":"14","right":"0","bottom":"0","left":"0","isLinked":false},"_animation":"fadeInLeft","_margin_mobile":{"unit":"px","top":"0","right":"0","bottom":"0","left":"0","isLinked":false},"_animation_delay":300,"button_text_color":"#000000","hover_color":"#e54519","_element_width":"initial","_element_custom_width":{"unit":"%","size":50,"sizes":[]},"_element_vertical_align":"center","align_tablet":"center","_margin_tablet":{"unit":"px","top":"0","right":"0","bottom":"0","left":"0","isLinked":true},"_element_width_tablet":"inherit"},"elements":[],"isInner":false,"widgetType":"button","elType":"widget"}],"isInner":true,"elType":"column"},{"id":"31a35c10","settings":{"_column_size":33,"_inline_size":null,"space_between_widgets":0,"background_background":"classic","background_position":"center center","background_repeat":"no-repeat","background_size":"cover","margin":{"unit":"px","top":"0","right":"18","bottom":"0","left":"5","isLinked":false},"padding":{"unit":"px","top":"0","right":"0","bottom":"54","left":"0","isLinked":false},"margin_tablet":{"unit":"px","top":"0","right":"10","bottom":"0","left":"10","isLinked":false},"margin_mobile":{"unit":"px","top":"15","right":"0","bottom":"0","left":"0","isLinked":false},"padding_tablet":{"unit":"px","top":"0","right":"0","bottom":"0","left":"0","isLinked":false},"content_position":"center","padding_mobile":{"unit":"em","top":"1","right":"1","bottom":"1","left":"1","isLinked":false}},"elements":[{"id":"6632c994","settings":{"space":{"unit":"px","size":300},"_background_background":"classic","_background_image":{"id":"3631","url":"https:\/\/cliente.shazamlnv.com\/setasolar\/wp-content\/uploads\/2022\/04\/mask1.png"},"_background_position":"center center","_background_size":"contain","_border_radius":{"unit":"px","top":"12","right":"12","bottom":"12","left":"12","isLinked":true},"_border_radius_hover":{"unit":"px","top":"21","right":"21","bottom":"21","left":"21","isLinked":true},"_box_shadow_hover_box_shadow_type":"yes","_box_shadow_hover_box_shadow":{"horizontal":5,"vertical":5,"blur":15,"spread":0,"color":"rgba(0,0,0,0.23)"},"_background_color":"#f4f4f4"},"elements":[],"isInner":false,"widgetType":"spacer","elType":"widget"},{"id":"16a03dff","settings":{"title":"Renew Mask","title_color":"#000000","typography_typography":"custom","typography_font_family":"Domine","typography_font_size":{"unit":"px","size":22},"typography_font_weight":"600","typography_text_transform":"capitalize","typography_font_size_tablet":{"unit":"px","size":20},"typography_font_size_mobile":{"unit":"px","size":22},"align":"left","header_size":"h3","typography_line_height":{"unit":"em","size":1.5,"sizes":[]},"_margin":{"unit":"px","top":"20","right":"0","bottom":"0","left":"0","isLinked":false},"_element_width":"initial","_element_custom_width":{"unit":"%","size":50,"sizes":[]},"_element_vertical_align":"center","align_tablet":"center","_element_width_tablet":"inherit"},"elements":[],"isInner":false,"widgetType":"heading","elType":"widget"},{"id":"523d3776","settings":{"text":"View Detail","align":"right","typography_typography":"custom","typography_font_family":"Montserrat","typography_font_size":{"unit":"px","size":13},"typography_font_weight":"600","typography_text_transform":"uppercase","typography_line_height":{"unit":"px","size":15},"typography_letter_spacing":{"unit":"px","size":2},"background_color":"rgba(255,56,105,0)","button_background_hover_color":"rgba(0,0,0,0)","border_radius":{"unit":"px","top":"12","right":"12","bottom":"12","left":"12","isLinked":true},"text_padding":{"unit":"em","top":"","right":"","bottom":"","left":"","isLinked":false},"text_padding_mobile":{"unit":"px","top":"20","right":"40","bottom":"20","left":"40","isLinked":false},"_margin":{"unit":"px","top":"14","right":"0","bottom":"0","left":"0","isLinked":false},"_animation":"fadeInLeft","_margin_mobile":{"unit":"px","top":"0","right":"0","bottom":"0","left":"0","isLinked":false},"_animation_delay":300,"button_text_color":"#000000","hover_color":"#e54519","_element_width":"initial","_element_custom_width":{"unit":"%","size":50,"sizes":[]},"_element_vertical_align":"center","align_tablet":"center","_margin_tablet":{"unit":"px","top":"0","right":"0","bottom":"0","left":"0","isLinked":true},"_element_width_tablet":"inherit"},"elements":[],"isInner":false,"widgetType":"button","elType":"widget"}],"isInner":true,"elType":"column"},{"id":"56c91538","settings":{"_column_size":33,"_inline_size":null,"space_between_widgets":0,"background_background":"classic","background_position":"center center","background_repeat":"no-repeat","background_size":"cover","margin":{"unit":"px","top":"0","right":"18","bottom":"0","left":"5","isLinked":false},"padding":{"unit":"px","top":"0","right":"0","bottom":"54","left":"0","isLinked":false},"margin_tablet":{"unit":"px","top":"0","right":"10","bottom":"0","left":"10","isLinked":false},"margin_mobile":{"unit":"px","top":"15","right":"0","bottom":"0","left":"0","isLinked":false},"padding_tablet":{"unit":"px","top":"0","right":"0","bottom":"0","left":"0","isLinked":false},"content_position":"center","padding_mobile":{"unit":"em","top":"1","right":"1","bottom":"1","left":"1","isLinked":false}},"elements":[{"id":"1a04e6c0","settings":{"space":{"unit":"px","size":300},"_background_background":"classic","_background_image":{"id":"3632","url":"https:\/\/cliente.shazamlnv.com\/setasolar\/wp-content\/uploads\/2022\/04\/tea.png"},"_background_size":"cover","_border_radius":{"unit":"px","top":"12","right":"12","bottom":"12","left":"12","isLinked":true},"_border_radius_hover":{"unit":"px","top":"21","right":"21","bottom":"21","left":"21","isLinked":true},"_background_position":"center center","_box_shadow_hover_box_shadow_type":"yes","_box_shadow_hover_box_shadow":{"horizontal":5,"vertical":5,"blur":15,"spread":0,"color":"rgba(0,0,0,0.23)"}},"elements":[],"isInner":false,"widgetType":"spacer","elType":"widget"},{"id":"2c05da66","settings":{"title":"Herbal Baths","title_color":"#000000","typography_typography":"custom","typography_font_family":"Domine","typography_font_size":{"unit":"px","size":22},"typography_font_weight":"600","typography_text_transform":"capitalize","typography_font_size_tablet":{"unit":"px","size":20},"typography_font_size_mobile":{"unit":"px","size":22},"align":"left","header_size":"h3","typography_line_height":{"unit":"em","size":1.5,"sizes":[]},"_margin":{"unit":"px","top":"20","right":"0","bottom":"0","left":"0","isLinked":false},"_element_width":"initial","_element_custom_width":{"unit":"%","size":50,"sizes":[]},"_element_vertical_align":"center","align_tablet":"center","_element_width_tablet":"inherit"},"elements":[],"isInner":false,"widgetType":"heading","elType":"widget"},{"id":"388c7963","settings":{"text":"View Detail","align":"right","typography_typography":"custom","typography_font_family":"Montserrat","typography_font_size":{"unit":"px","size":13},"typography_font_weight":"600","typography_text_transform":"uppercase","typography_line_height":{"unit":"px","size":15},"typography_letter_spacing":{"unit":"px","size":2},"background_color":"rgba(255,56,105,0)","button_background_hover_color":"rgba(0,0,0,0)","border_radius":{"unit":"px","top":"12","right":"12","bottom":"12","left":"12","isLinked":true},"text_padding":{"unit":"em","top":"","right":"","bottom":"","left":"","isLinked":false},"text_padding_mobile":{"unit":"px","top":"20","right":"40","bottom":"20","left":"40","isLinked":false},"_margin":{"unit":"px","top":"14","right":"0","bottom":"0","left":"0","isLinked":false},"_animation":"fadeInLeft","_margin_mobile":{"unit":"px","top":"0","right":"0","bottom":"0","left":"0","isLinked":false},"_animation_delay":300,"button_text_color":"#000000","hover_color":"#e54519","_element_width":"initial","_element_custom_width":{"unit":"%","size":50,"sizes":[]},"_element_vertical_align":"center","align_tablet":"center","_margin_tablet":{"unit":"px","top":"0","right":"0","bottom":"0","left":"0","isLinked":true},"_element_width_tablet":"inherit"},"elements":[],"isInner":false,"widgetType":"button","elType":"widget"}],"isInner":true,"elType":"column"}],"isInner":true,"elType":"section"},{"id":"2b42d5f9","settings":{"structure":"30","margin_tablet":{"unit":"px","top":"13","right":0,"bottom":"15","left":0,"isLinked":false},"margin_mobile":{"unit":"px","top":"0","right":0,"bottom":"0","left":0,"isLinked":false},"padding_tablet":{"unit":"px","top":"0","right":"0","bottom":"0","left":"0","isLinked":false},"padding_mobile":{"unit":"px","top":"0","right":"0","bottom":"0","left":"0","isLinked":false},"layout":"full_width"},"elements":[{"id":"3259c444","settings":{"_column_size":33,"_inline_size":null,"space_between_widgets":0,"background_background":"classic","background_position":"center center","background_repeat":"no-repeat","background_size":"cover","margin":{"unit":"px","top":"0","right":"18","bottom":"0","left":"5","isLinked":false},"padding":{"unit":"px","top":"0","right":"0","bottom":"54","left":"0","isLinked":false},"margin_tablet":{"unit":"px","top":"0","right":"10","bottom":"0","left":"10","isLinked":false},"margin_mobile":{"unit":"px","top":"15","right":"0","bottom":"0","left":"0","isLinked":false},"padding_tablet":{"unit":"px","top":"0","right":"0","bottom":"0","left":"0","isLinked":false},"content_position":"center","padding_mobile":{"unit":"em","top":"1","right":"1","bottom":"1","left":"1","isLinked":true}},"elements":[{"id":"3e68923d","settings":{"space":{"unit":"px","size":300},"_background_background":"classic","_background_image":{"id":"3633","url":"https:\/\/cliente.shazamlnv.com\/setasolar\/wp-content\/uploads\/2022\/04\/beauty-make-up-make-up-brushes-205923.jpg"},"_background_position":"center center","_background_size":"cover","_border_radius":{"unit":"px","top":"12","right":"12","bottom":"12","left":"12","isLinked":true},"_border_radius_hover":{"unit":"px","top":"21","right":"21","bottom":"21","left":"21","isLinked":true},"_box_shadow_hover_box_shadow_type":"yes","_box_shadow_hover_box_shadow":{"horizontal":5,"vertical":5,"blur":15,"spread":0,"color":"rgba(0,0,0,0.23)"}},"elements":[],"isInner":false,"widgetType":"spacer","elType":"widget"},{"id":"6adbeffa","settings":{"title":"Vegan Brushes","title_color":"#000000","typography_typography":"custom","typography_font_family":"Domine","typography_font_size":{"unit":"px","size":22},"typography_font_weight":"600","typography_text_transform":"capitalize","typography_font_size_tablet":{"unit":"px","size":20},"typography_font_size_mobile":{"unit":"px","size":22},"align":"left","header_size":"h3","typography_line_height":{"unit":"em","size":1.5,"sizes":[]},"_margin":{"unit":"px","top":"20","right":"0","bottom":"0","left":"0","isLinked":false},"_element_width":"initial","_element_custom_width":{"unit":"%","size":50,"sizes":[]},"_element_vertical_align":"center","align_tablet":"center","_element_width_tablet":"inherit"},"elements":[],"isInner":false,"widgetType":"heading","elType":"widget"},{"id":"56b7780f","settings":{"text":"View Detail","align":"right","typography_typography":"custom","typography_font_family":"Montserrat","typography_font_size":{"unit":"px","size":13},"typography_font_weight":"600","typography_text_transform":"uppercase","typography_line_height":{"unit":"px","size":15},"typography_letter_spacing":{"unit":"px","size":2},"background_color":"rgba(255,56,105,0)","button_background_hover_color":"rgba(0,0,0,0)","border_radius":{"unit":"px","top":"12","right":"12","bottom":"12","left":"12","isLinked":true},"text_padding":{"unit":"em","top":"","right":"","bottom":"","left":"","isLinked":false},"text_padding_mobile":{"unit":"px","top":"20","right":"40","bottom":"20","left":"40","isLinked":false},"_margin":{"unit":"px","top":"14","right":"0","bottom":"0","left":"0","isLinked":false},"_animation":"fadeInLeft","_margin_mobile":{"unit":"px","top":"0","right":"0","bottom":"0","left":"0","isLinked":false},"_animation_delay":300,"button_text_color":"#000000","hover_color":"#e54519","_element_width":"initial","_element_custom_width":{"unit":"%","size":50,"sizes":[]},"_element_vertical_align":"center","align_tablet":"center","_margin_tablet":{"unit":"px","top":"0","right":"0","bottom":"0","left":"0","isLinked":true},"_element_width_tablet":"inherit"},"elements":[],"isInner":false,"widgetType":"button","elType":"widget"}],"isInner":true,"elType":"column"},{"id":"3a5b88d","settings":{"_column_size":33,"_inline_size":null,"space_between_widgets":0,"background_background":"classic","background_position":"center center","background_repeat":"no-repeat","background_size":"cover","margin":{"unit":"px","top":"0","right":"18","bottom":"0","left":"5","isLinked":false},"padding":{"unit":"px","top":"0","right":"0","bottom":"54","left":"0","isLinked":false},"margin_tablet":{"unit":"px","top":"0","right":"10","bottom":"0","left":"10","isLinked":false},"margin_mobile":{"unit":"px","top":"15","right":"0","bottom":"0","left":"0","isLinked":false},"padding_tablet":{"unit":"px","top":"0","right":"0","bottom":"0","left":"0","isLinked":false},"content_position":"center","padding_mobile":{"unit":"em","top":"1","right":"1","bottom":"1","left":"1","isLinked":false}},"elements":[{"id":"307f3491","settings":{"space":{"unit":"px","size":300},"_background_background":"classic","_background_image":{"id":"3634","url":"https:\/\/cliente.shazamlnv.com\/setasolar\/wp-content\/uploads\/2022\/04\/soap1.png"},"_background_size":"initial","_border_radius":{"unit":"px","top":"12","right":"12","bottom":"12","left":"12","isLinked":true},"_border_radius_hover":{"unit":"px","top":"21","right":"21","bottom":"21","left":"21","isLinked":true},"_background_position":"center center","_box_shadow_hover_box_shadow_type":"yes","_box_shadow_hover_box_shadow":{"horizontal":5,"vertical":5,"blur":15,"spread":0,"color":"rgba(0,0,0,0.23)"},"_background_color":"#efefef"},"elements":[],"isInner":false,"widgetType":"spacer","elType":"widget"},{"id":"503db9b","settings":{"title":"Vegan Soaps","title_color":"#000000","typography_typography":"custom","typography_font_family":"Domine","typography_font_size":{"unit":"px","size":22},"typography_font_weight":"600","typography_text_transform":"capitalize","typography_font_size_tablet":{"unit":"px","size":20},"typography_font_size_mobile":{"unit":"px","size":22},"align":"left","header_size":"h3","typography_line_height":{"unit":"em","size":1.5,"sizes":[]},"_margin":{"unit":"px","top":"20","right":"0","bottom":"0","left":"0","isLinked":false},"_element_width":"initial","_element_custom_width":{"unit":"%","size":50,"sizes":[]},"_element_vertical_align":"center","align_tablet":"center","_element_width_tablet":"inherit"},"elements":[],"isInner":false,"widgetType":"heading","elType":"widget"},{"id":"11ebb58b","settings":{"text":"View Detail","align":"right","typography_typography":"custom","typography_font_family":"Montserrat","typography_font_size":{"unit":"px","size":13},"typography_font_weight":"600","typography_text_transform":"uppercase","typography_line_height":{"unit":"px","size":15},"typography_letter_spacing":{"unit":"px","size":2},"background_color":"rgba(255,56,105,0)","button_background_hover_color":"rgba(0,0,0,0)","border_radius":{"unit":"px","top":"12","right":"12","bottom":"12","left":"12","isLinked":true},"text_padding":{"unit":"em","top":"","right":"","bottom":"","left":"","isLinked":false},"text_padding_mobile":{"unit":"px","top":"20","right":"40","bottom":"20","left":"40","isLinked":false},"_margin":{"unit":"px","top":"14","right":"0","bottom":"0","left":"0","isLinked":false},"_animation":"fadeInLeft","_margin_mobile":{"unit":"px","top":"0","right":"0","bottom":"0","left":"0","isLinked":false},"_animation_delay":300,"button_text_color":"#000000","hover_color":"#e54519","_element_width":"initial","_element_custom_width":{"unit":"%","size":50,"sizes":[]},"_element_vertical_align":"center","align_tablet":"center","_margin_tablet":{"unit":"px","top":"0","right":"0","bottom":"0","left":"0","isLinked":true},"_element_width_tablet":"inherit"},"elements":[],"isInner":false,"widgetType":"button","elType":"widget"}],"isInner":true,"elType":"column"},{"id":"6e51615b","settings":{"_column_size":33,"_inline_size":null,"space_between_widgets":0,"background_background":"classic","background_position":"center center","background_repeat":"no-repeat","background_size":"cover","margin":{"unit":"px","top":"0","right":"18","bottom":"0","left":"5","isLinked":false},"padding":{"unit":"px","top":"0","right":"0","bottom":"54","left":"0","isLinked":false},"margin_tablet":{"unit":"px","top":"0","right":"10","bottom":"0","left":"10","isLinked":false},"margin_mobile":{"unit":"px","top":"15","right":"0","bottom":"0","left":"0","isLinked":false},"padding_tablet":{"unit":"px","top":"0","right":"0","bottom":"0","left":"0","isLinked":false},"content_position":"center","padding_mobile":{"unit":"em","top":"1","right":"1","bottom":"1","left":"1","isLinked":false}},"elements":[{"id":"62c3d7a9","settings":{"space":{"unit":"px","size":300},"_background_background":"classic","_background_image":{"id":"3635","url":"https:\/\/cliente.shazamlnv.com\/setasolar\/wp-content\/uploads\/2022\/04\/image-from-rawpixel-id-523357-jpeg.jpg"},"_background_position":"center center","_background_size":"cover","_border_radius":{"unit":"px","top":"12","right":"12","bottom":"12","left":"12","isLinked":true},"_border_radius_hover":{"unit":"px","top":"21","right":"21","bottom":"21","left":"21","isLinked":true},"_box_shadow_hover_box_shadow_type":"yes","_box_shadow_hover_box_shadow":{"horizontal":5,"vertical":5,"blur":15,"spread":0,"color":"rgba(0,0,0,0.23)"}},"elements":[],"isInner":false,"widgetType":"spacer","elType":"widget"},{"id":"16d94c25","settings":{"title":"Best Sellers","title_color":"#000000","typography_typography":"custom","typography_font_family":"Domine","typography_font_size":{"unit":"px","size":22},"typography_font_weight":"600","typography_text_transform":"capitalize","typography_font_size_tablet":{"unit":"px","size":20},"typography_font_size_mobile":{"unit":"px","size":22},"align":"left","header_size":"h3","typography_line_height":{"unit":"em","size":1.5,"sizes":[]},"_margin":{"unit":"px","top":"20","right":"0","bottom":"0","left":"0","isLinked":false},"_element_width":"initial","_element_custom_width":{"unit":"%","size":50,"sizes":[]},"_element_vertical_align":"center","align_tablet":"center","_element_width_tablet":"inherit"},"elements":[],"isInner":false,"widgetType":"heading","elType":"widget"},{"id":"48dc5de5","settings":{"text":"View All","align":"right","typography_typography":"custom","typography_font_family":"Montserrat","typography_font_size":{"unit":"px","size":13},"typography_font_weight":"600","typography_text_transform":"uppercase","typography_line_height":{"unit":"px","size":15},"typography_letter_spacing":{"unit":"px","size":2},"background_color":"rgba(255,56,105,0)","button_background_hover_color":"rgba(0,0,0,0)","border_radius":{"unit":"px","top":"12","right":"12","bottom":"12","left":"12","isLinked":true},"text_padding":{"unit":"em","top":"","right":"","bottom":"","left":"","isLinked":false},"text_padding_mobile":{"unit":"px","top":"20","right":"40","bottom":"20","left":"40","isLinked":false},"_margin":{"unit":"px","top":"14","right":"0","bottom":"0","left":"0","isLinked":false},"_animation":"fadeInLeft","_margin_mobile":{"unit":"px","top":"0","right":"0","bottom":"0","left":"0","isLinked":false},"_animation_delay":300,"button_text_color":"#000000","hover_color":"#e54519","_element_width":"initial","_element_custom_width":{"unit":"%","size":50,"sizes":[]},"_element_vertical_align":"center","align_tablet":"center","_margin_tablet":{"unit":"px","top":"0","right":"0","bottom":"0","left":"0","isLinked":true},"_element_width_tablet":"inherit"},"elements":[],"isInner":false,"widgetType":"button","elType":"widget"}],"isInner":true,"elType":"column"}],"isInner":true,"elType":"section"}],"isInner":false,"elType":"column"}],"isInner":false,"elType":"section"},{"id":"53815311","settings":{"background_background":"classic","height":"min-height","custom_height":{"unit":"px","size":685},"custom_height_tablet":{"unit":"px","size":515},"custom_height_mobile":{"unit":"px","size":400},"content_position":"middle","padding_mobile":{"unit":"em","top":"1","right":"1","bottom":"1","left":"1","isLinked":true},"background_position":"center center","background_attachment":"fixed","background_repeat":"repeat","background_overlay_color":"#ffffff","background_overlay_color_b":"#5c5c5d","background_overlay_gradient_angle":{"unit":"deg","size":130},"background_overlay_opacity":{"unit":"px","size":0.14000000000000001332267629550187848508358001708984375},"content_width":{"unit":"px","size":1300},"column_position":"stretch","margin":{"unit":"px","top":"","right":0,"bottom":"","left":0,"isLinked":true},"padding":{"unit":"em","top":"8","right":"0","bottom":"6","left":"0","isLinked":false},"background_color":"#f9f9f9","background_size":"initial","background_overlay_background":"classic","background_overlay_image":{"id":"3635","url":"https:\/\/cliente.shazamlnv.com\/setasolar\/wp-content\/uploads\/2022\/04\/image-from-rawpixel-id-523357-jpeg.jpg"},"background_overlay_attachment":"fixed","css_classes":"envato-kit-77-playicon"},"elements":[{"id":"3f143e1f","settings":{"_column_size":100,"padding":{"unit":"em","top":"0","right":"4","bottom":"4","left":"0","isLinked":false},"background_background":"classic","background_image":{"id":"3625","url":"https:\/\/cliente.shazamlnv.com\/setasolar\/wp-content\/uploads\/2022\/04\/image-from-rawpixel-id-523363-jpeg.jpg"},"background_position":"top right","background_xpos":{"unit":"px","size":-148},"background_size":"cover","background_overlay_background":"classic","background_overlay_color":"#ffe7e0","background_overlay_opacity":{"unit":"px","size":0.340000000000000024424906541753443889319896697998046875},"overlay_blend_mode":"screen","border_radius":{"unit":"px","top":"12","right":"12","bottom":"12","left":"12","isLinked":true},"margin":{"unit":"px","top":"0","right":"0","bottom":"0","left":"60","isLinked":false},"margin_mobile":{"unit":"px","top":"0","right":"0","bottom":"0","left":"0","isLinked":true},"padding_mobile":{"unit":"em","top":"1","right":"1","bottom":"1","left":"1","isLinked":true}},"elements":[{"id":"7a3cf0a2","settings":{"layout":"full_width","height_inner":"min-height","custom_height_inner":{"unit":"px","size":661},"structure":"20","background_background":"classic","background_image":{"id":"3636","url":"https:\/\/cliente.shazamlnv.com\/setasolar\/wp-content\/uploads\/2022\/04\/attractive-beautiful-face-2092474.jpg"},"background_position":"initial","background_size":"cover","background_overlay_color":"#c9c9f2","background_overlay_opacity":{"unit":"px","size":0.200000000000000011102230246251565404236316680908203125},"overlay_blend_mode":"lighten","border_radius":{"unit":"px","top":"12","right":"12","bottom":"12","left":"12","isLinked":true},"margin":{"unit":"px","top":"-60","right":0,"bottom":"0","left":0,"isLinked":false},"content_width":{"unit":"px","size":1143,"sizes":[]},"background_xpos":{"unit":"px","size":243,"sizes":[]},"background_ypos":{"unit":"px","size":-164,"sizes":[]},"background_overlay_background":"classic","padding":{"unit":"em","top":"0","right":"0","bottom":"0","left":"0","isLinked":false},"background_position_tablet":"initial","background_position_mobile":"center center","background_xpos_tablet":{"unit":"px","size":87,"sizes":[]},"background_size_tablet":"cover","background_size_mobile":"cover","margin_mobile":{"unit":"px","top":"0","right":0,"bottom":"0","left":0,"isLinked":true},"reverse_order_mobile":"reverse-mobile"},"elements":[{"id":"3ac5b8dc","settings":{"_column_size":50,"_inline_size":42,"content_position":"center","padding":{"unit":"em","top":"3","right":"3","bottom":"3","left":"3","isLinked":true},"margin":{"unit":"px","top":"0","right":"0","bottom":"0","left":"-18","isLinked":false},"_inline_size_tablet":50,"margin_mobile":{"unit":"px","top":"0","right":"0","bottom":"0","left":"0","isLinked":true},"padding_mobile":{"unit":"em","top":"8","right":"1","bottom":"0","left":"1","isLinked":false}},"elements":[{"id":"49601f68","settings":{"title":"New!","header_size":"h5","align":"center","title_color":"#000000","typography_typography":"custom","typography_font_family":"Grand Hotel","typography_font_size":{"unit":"px","size":38},"typography_font_weight":"500","typography_font_style":"italic"},"elements":[],"isInner":false,"widgetType":"heading","elType":"widget"},{"id":"3815e393","settings":{"title":"Makeup Tutorials","title_color":"#000000","typography_typography":"custom","typography_font_family":"Domine","typography_font_size":{"unit":"px","size":45},"typography_font_size_tablet":{"unit":"px","size":36},"typography_font_weight":"600","typography_font_size_mobile":{"unit":"px","size":28},"typography_text_transform":"capitalize","align":"center"},"elements":[],"isInner":false,"widgetType":"heading","elType":"widget"},{"id":"a74cde7","settings":{"editor":"<p>Duis aute irure dolor in reprehenderit in voluptate velit esse cillum dolore eu fugiat nulla pariatur. Excepteur sint occaecat cupidatat non proident, sunt in culpa qui officia deserunt mollit.<\/p>","text_color":"#5c5c5d","typography_typography":"custom","typography_font_family":"Muli","typography_font_size":{"unit":"px","size":15},"typography_font_size_tablet":{"unit":"px","size":15},"typography_font_size_mobile":{"unit":"px","size":13},"typography_font_weight":"400","typography_line_height":{"unit":"em","size":1.600000000000000088817841970012523233890533447265625},"_margin":{"unit":"px","top":"20","right":"0","bottom":"50","left":"0","isLinked":false},"_padding":{"unit":"px","top":"0","right":"0","bottom":"0","left":"0","isLinked":false},"_margin_mobile":{"unit":"px","top":"0","right":"0","bottom":"0","left":"0","isLinked":false},"align":"center","align_mobile":"center","typography_text_transform":"none","typography_font_style":"normal","typography_text_decoration":"none","typography_line_height_mobile":{"unit":"em","size":1.8000000000000000444089209850062616169452667236328125,"sizes":[]}},"elements":[],"isInner":false,"widgetType":"text-editor","elType":"widget"},{"id":"3ae8ce75","settings":{"text":"View All","align":"center","typography_typography":"custom","typography_font_family":"Montserrat","typography_font_size":{"unit":"px","size":12},"typography_font_weight":"500","typography_text_transform":"uppercase","typography_line_height":{"unit":"px","size":15},"typography_letter_spacing":{"unit":"px","size":2},"background_color":"#ed5e5e","button_background_hover_color":"rgba(0,0,0,0)","border_radius":{"unit":"px","top":"8","right":"8","bottom":"8","left":"8","isLinked":true},"text_padding":{"unit":"em","top":"","right":"","bottom":"","left":"","isLinked":false},"text_padding_mobile":{"unit":"px","top":"20","right":"40","bottom":"20","left":"40","isLinked":false},"_margin":{"unit":"px","top":"35","right":"0","bottom":"0","left":"0","isLinked":false},"_animation":"fadeInDown","_margin_mobile":{"unit":"px","top":"30","right":"0","bottom":"0","left":"0","isLinked":false},"_animation_delay":300,"hover_color":"#000000","button_hover_border_color":"#000000","border_border":"solid","border_width":{"unit":"px","top":"1","right":"1","bottom":"1","left":"1","isLinked":true},"border_color":"#ed5e5e","align_mobile":"justify","_margin_tablet":{"unit":"px","top":"0","right":"0","bottom":"0","left":"0","isLinked":true}},"elements":[],"isInner":false,"widgetType":"button","elType":"widget"}],"isInner":true,"elType":"column"},{"id":"196e52ea","settings":{"_column_size":50,"_inline_size":58,"border_radius":{"unit":"px","top":"12","right":"12","bottom":"12","left":"12","isLinked":true},"content_position":"center","padding":{"unit":"em","top":"0","right":"0","bottom":"0","left":"0","isLinked":true},"_inline_size_tablet":50,"padding_mobile":{"unit":"em","top":"0","right":"0","bottom":"0","left":"0","isLinked":true}},"elements":[{"id":"6722b4bc","settings":{"youtube_url":"https:\/\/www.youtube.com\/watch?v=XHOmBV4js_E","vimeo_url":"https:\/\/vimeo.com\/235215203","dailymotion_url":"https:\/\/www.dailymotion.com\/video\/x6tqhqb","show_image_overlay":"yes","image_overlay":{"id":"3637","url":"https:\/\/cliente.shazamlnv.com\/setasolar\/wp-content\/uploads\/2022\/04\/video-icon.png"},"show_play_icon":"","lightbox":"yes","aspect_ratio":"11","play_icon_size":{"unit":"px","size":10},"_padding":{"unit":"px","top":"","right":"","bottom":"","left":"","isLinked":false},"_z_index":9,"image_overlay_size":"thumbnail","_border_radius":{"unit":"px","top":"12","right":"12","bottom":"12","left":"12","isLinked":true},"modestbranding":"yes","yt_privacy":"yes","_css_classes":"envato-kit-77-playicon"},"elements":[],"isInner":false,"widgetType":"video","elType":"widget"}],"isInner":true,"elType":"column"}],"isInner":true,"elType":"section"}],"isInner":false,"elType":"column"}],"isInner":false,"elType":"section"},{"id":"239aed61","settings":{"layout":"full_width","content_width":{"unit":"px","size":1600,"sizes":[]},"padding":{"unit":"%","top":"2","right":"4","bottom":"0","left":"4","isLinked":false},"padding_mobile":{"unit":"em","top":"0","right":"0","bottom":"0","left":"0","isLinked":true}},"elements":[{"id":"66160d8a","settings":{"_column_size":100,"_inline_size":null,"padding":{"unit":"em","top":"2","right":"2","bottom":"2","left":"2","isLinked":true}},"elements":[{"id":"441da79a","settings":{"title":"Categories","title_color":"#000000","typography_typography":"custom","typography_font_family":"Domine","typography_font_size":{"unit":"px","size":45},"typography_font_weight":"600","typography_text_transform":"capitalize","typography_font_size_tablet":{"unit":"px","size":36},"typography_font_size_mobile":{"unit":"px","size":28},"align":"center","_margin":{"unit":"px","top":"0","right":"0","bottom":"30","left":"0","isLinked":false}},"elements":[],"isInner":false,"widgetType":"heading","elType":"widget"},{"id":"5f30c46f","settings":{"layout":"full_width","gap":"no","structure":"40","margin":{"unit":"px","top":"0","right":0,"bottom":"0","left":0,"isLinked":true}},"elements":[{"id":"7078ec83","settings":{"_column_size":25,"_inline_size":null,"background_background":"classic","background_size":"cover"},"elements":[{"id":"1ac979a","settings":{"image":{"id":"3638","url":"https:\/\/cliente.shazamlnv.com\/setasolar\/wp-content\/uploads\/2022\/04\/brushing-on-makeup.jpg"},"align":"center","caption_source":"custom","caption":"Skin Care","caption_align":"right","_css_classes":"envato-kit-77-caption","width":{"unit":"%","size":100,"sizes":[]},"hover_animation":"shrink","text_color":"#ffffff","caption_typography_typography":"custom","caption_typography_font_family":"Domine","caption_typography_font_size":{"unit":"px","size":24,"sizes":[]},"caption_typography_font_weight":"bold","image_size":"custom","image_custom_dimension":{"width":"500","height":"620"},"image_border_radius_mobile":{"unit":"px","top":"12","right":"12","bottom":"0","left":"0","isLinked":false},"caption_typography_font_size_tablet":{"unit":"px","size":14,"sizes":[]},"_border_radius_mobile":{"unit":"px","top":"12","right":"12","bottom":"0","left":"0","isLinked":false}},"elements":[],"isInner":false,"widgetType":"image","elType":"widget"}],"isInner":true,"elType":"column"},{"id":"75a39777","settings":{"_column_size":25,"_inline_size":null},"elements":[{"id":"4b4c66a9","settings":{"image":{"id":"3639","url":"https:\/\/cliente.shazamlnv.com\/setasolar\/wp-content\/uploads\/2022\/04\/blur-cheese-close-up-773253.jpg"},"align":"center","caption_source":"custom","caption":"Body Care","caption_align":"right","_css_classes":"envato-kit-77-caption","image_size":"custom","image_custom_dimension":{"width":"500","height":"620"},"width":{"unit":"%","size":100,"sizes":[]},"hover_animation":"shrink","text_color":"#ffffff","caption_typography_typography":"custom","caption_typography_font_family":"Domine","caption_typography_font_size":{"unit":"px","size":24,"sizes":[]},"caption_typography_font_weight":"bold","caption_typography_font_size_tablet":{"unit":"px","size":14,"sizes":[]}},"elements":[],"isInner":false,"widgetType":"image","elType":"widget"}],"isInner":true,"elType":"column"},{"id":"77747dca","settings":{"_column_size":25,"_inline_size":null,"space_between_widgets":0},"elements":[{"id":"1c228bfe","settings":{"image":{"id":"3640","url":"https:\/\/cliente.shazamlnv.com\/setasolar\/wp-content\/uploads\/2022\/04\/beauty-close-up-color-925381.jpg"},"align":"center","caption_source":"custom","caption":"Makeup","caption_align":"right","_css_classes":"envato-kit-77-caption","image_size":"custom","image_custom_dimension":{"width":"500","height":"325"},"width":{"unit":"%","size":100,"sizes":[]},"hover_animation":"shrink","text_color":"#000000","caption_typography_typography":"custom","caption_typography_font_family":"Domine","caption_typography_font_size":{"unit":"px","size":24,"sizes":[]},"caption_typography_font_weight":"bold","caption_typography_font_size_tablet":{"unit":"px","size":14,"sizes":[]}},"elements":[],"isInner":false,"widgetType":"image","elType":"widget"},{"id":"2aa8a319","settings":{"image":{"id":"3633","url":"https:\/\/cliente.shazamlnv.com\/setasolar\/wp-content\/uploads\/2022\/04\/beauty-make-up-make-up-brushes-205923.jpg"},"align":"center","caption_source":"custom","caption":"Accessories","caption_align":"right","_css_classes":"envato-kit-77-caption","width":{"unit":"%","size":100,"sizes":[]},"hover_animation":"shrink","text_color":"#000000","caption_typography_typography":"custom","caption_typography_font_family":"Domine","caption_typography_font_size":{"unit":"px","size":24,"sizes":[]},"caption_typography_font_weight":"bold","image_size":"custom","caption_typography_font_size_tablet":{"unit":"px","size":14,"sizes":[]}},"elements":[],"isInner":false,"widgetType":"image","elType":"widget"}],"isInner":true,"elType":"column"},{"id":"1424a0df","settings":{"_column_size":25,"_inline_size":null},"elements":[{"id":"16680d3c","settings":{"image":{"id":"3628","url":"https:\/\/cliente.shazamlnv.com\/setasolar\/wp-content\/uploads\/2022\/04\/image-from-rawpixel-id-523355-jpeg.jpg"},"align":"center","caption_source":"custom","caption_align":"center","_css_classes":"envato-kit-77-caption","image_size":"custom","image_custom_dimension":{"width":"500","height":"620"},"width":{"unit":"%","size":100,"sizes":[]},"hover_animation":"shrink","image_border_radius":{"unit":"px","top":"0","right":"12","bottom":"12","left":"0","isLinked":false},"text_color":"#efefef","caption_typography_typography":"custom","caption_typography_font_family":"Domine","caption_typography_font_size":{"unit":"px","size":26,"sizes":[]},"caption_typography_font_weight":"bold","_border_radius":{"unit":"px","top":"12","right":"0","bottom":"12","left":"0","isLinked":false},"image_border_radius_mobile":{"unit":"px","top":"0","right":"0","bottom":"12","left":"12","isLinked":false}},"elements":[],"isInner":false,"widgetType":"image","elType":"widget"}],"isInner":true,"elType":"column"}],"isInner":true,"elType":"section"}],"isInner":false,"elType":"column"}],"isInner":false,"elType":"section"}],"page_settings":[],"version":"0.4","title":"COSM\u00c9TICOS","type":"section"}