{"content":[{"id":"1d691fdd","settings":{"stretch_section":"section-stretched","content_width":{"unit":"px","size":1200},"height":"min-height","custom_height":{"unit":"vh","size":100},"structure":"20","background_background":"classic","background_image":{"id":"3588","url":"https:\/\/cliente.shazamlnv.com\/setasolar\/wp-content\/uploads\/2022\/04\/pexels-photo-903578.jpg"},"background_position":"top right","background_size":"cover","background_overlay_background":"classic","background_overlay_color":"#f2a579","background_ypos":{"unit":"px","size":-314,"sizes":[]},"background_overlay_opacity":{"unit":"px","size":0.179999999999999993338661852249060757458209991455078125,"sizes":[]}},"elements":[{"id":"3c7cfc4","settings":{"_column_size":50,"_inline_size":34,"_inline_size_tablet":80,"padding_tablet":{"unit":"em","top":"2","right":"2","bottom":"2","left":"2","isLinked":true},"padding":{"unit":"em","top":"2","right":"2","bottom":"2","left":"2","isLinked":true}},"elements":[{"id":"683995ab","settings":{"gap":"no","structure":"20"},"elements":[{"id":"6181d383","settings":{"_column_size":50,"_inline_size":22.068999999999999062083588796667754650115966796875,"content_position":"center","animation":"fadeInLeft"},"elements":[{"id":"92a6ad2","settings":{"weight":{"unit":"px","size":4},"color":"#f28f79","width_mobile":{"unit":"%","size":47},"align_mobile":"center","text":"Divis\u00f3ria"},"elements":[],"isInner":false,"widgetType":"divider","elType":"widget"}],"isInner":true,"elType":"column"},{"id":"e3edc26","settings":{"_column_size":50,"_inline_size":77.9309999999999973852027324028313159942626953125},"elements":[{"id":"7dee1019","settings":{"title":"L.A. top looks","title_color":"#000000","typography_typography":"custom","typography_font_family":"Yellowtail","typography_font_size":{"unit":"rem","size":1.8000000000000000444089209850062616169452667236328125},"typography_font_weight":"100","typography_text_transform":"capitalize","animation_duration":"fast","align_mobile":"center","typography_font_size_mobile":{"unit":"rem","size":2.70000000000000017763568394002504646778106689453125}},"elements":[],"isInner":false,"widgetType":"heading","elType":"widget"}],"isInner":true,"elType":"column"}],"isInner":true,"elType":"section"},{"id":"238bb5ec","settings":{"title":"Mane Studio","header_size":"h1","title_color":"#000000","typography_typography":"custom","typography_font_family":"Zilla Slab","typography_font_size":{"unit":"rem","size":6.70000000000000017763568394002504646778106689453125},"typography_font_size_mobile":{"unit":"rem","size":5.79999999999999982236431605997495353221893310546875},"typography_font_weight":"100","typography_text_transform":"capitalize","typography_line_height":{"unit":"em","size":0.59999999999999997779553950749686919152736663818359375},"align_mobile":"center"},"elements":[],"isInner":false,"widgetType":"heading","elType":"widget"},{"id":"24e2068d","settings":[],"elements":[],"isInner":false,"widgetType":"spacer","elType":"widget"},{"id":"12179ec6","settings":{"editor":"<p>Ut elit tellus, luctus nec ullamcorper mattis, pulvinar dapibus leo.<\/p>","align_mobile":"center","text_color":"#000000","typography_typography":"custom","typography_font_family":"Zilla Slab","typography_font_size":{"unit":"rem","size":1.1999999999999999555910790149937383830547332763671875},"typography_line_height":{"unit":"em","size":1.600000000000000088817841970012523233890533447265625},"typography_font_size_mobile":{"unit":"rem","size":0.90000000000000002220446049250313080847263336181640625}},"elements":[],"isInner":false,"widgetType":"text-editor","elType":"widget"},{"id":"40074b39","settings":{"text":"Book Now","align_mobile":"justify","size":"md","icon":"fa fa-bolt","typography_typography":"custom","typography_font_family":"Montserrat","typography_font_size":{"unit":"rem","size":0.90000000000000002220446049250313080847263336181640625},"typography_text_transform":"uppercase","typography_letter_spacing":{"unit":"px","size":0.5},"background_color":"#f28f79","hover_animation":"hang","border_radius":{"unit":"px","top":"60","right":"60","bottom":"60","left":"60","isLinked":true},"_animation":"fadeInUp","selected_icon":{"value":"fas fa-bolt","library":"fa-solid"}},"elements":[],"isInner":false,"widgetType":"button","elType":"widget"}],"isInner":false,"elType":"column"},{"id":"d748530","settings":{"_column_size":50,"_inline_size":66},"elements":[],"isInner":false,"elType":"column"}],"isInner":false,"elType":"section"},{"id":"55cce504","settings":{"content_width":{"unit":"px","size":680},"gap":"no","custom_height":{"unit":"px","size":900},"content_position":"middle","padding":{"unit":"em","top":"4","right":"0","bottom":"4","left":"0","isLinked":false},"padding_tablet":{"unit":"px","top":"100","right":"50","bottom":"100","left":"50","isLinked":false},"padding_mobile":{"unit":"em","top":"1","right":"1","bottom":"1","left":"1","isLinked":true},"background_background":"classic","background_overlay_opacity":{"unit":"px","size":0.6999999999999999555910790149937383830547332763671875},"html_tag":"div","_element_id":"intro","background_color":"#ffffff"},"elements":[{"id":"5fc0f978","settings":{"_column_size":100,"padding":{"unit":"em","top":"3","right":"3","bottom":"3","left":"3","isLinked":true},"padding_mobile":{"unit":"em","top":"1","right":"1","bottom":"1","left":"1","isLinked":true}},"elements":[{"id":"4766c89b","settings":{"title":"My studio is a collective of amazing people striving to provide best look &amp; feel.","title_color":"#000000","typography_typography":"custom","typography_font_size":{"unit":"rem","size":2.5},"typography_font_weight":"100","typography_line_height":{"unit":"em","size":1.100000000000000088817841970012523233890533447265625},"typography_font_size_mobile":{"unit":"rem","size":1.6999999999999999555910790149937383830547332763671875},"header_size":"h3","_animation":"fadeIn","typography_font_family":"Zilla Slab","typography_font_size_tablet":{"unit":"rem","size":2},"align":"left","_margin":{"unit":"px","top":"0","right":"0","bottom":"-20","left":"0","isLinked":false}},"elements":[],"isInner":false,"widgetType":"heading","elType":"widget"},{"id":"6037509e","settings":{"weight":{"unit":"px","size":3},"color":"#f28f79","width":{"unit":"%","size":17},"align":"left","_animation":"fadeInUp","text":"Divis\u00f3ria"},"elements":[],"isInner":false,"widgetType":"divider","elType":"widget"},{"id":"a0a4649","settings":{"editor":"<p>Lorem ipsum dolor sit amet, consectetur adipiscing elit. In feugiat nisl metus, vel finibus justo viverra id. Integer cursus sed libero eget posuere. Duis dictum massa quis tellus semper, ut cursus augue blandit. Duis in arcu eget lacus vehicula mattis id consequat erat. In quis enim aliquet sem feugiat efficitur.<\/p>","text_color":"#000000","typography_typography":"custom","typography_font_size":{"unit":"rem","size":1.1999999999999999555910790149937383830547332763671875},"typography_line_height":{"unit":"em","size":1.600000000000000088817841970012523233890533447265625},"typography_font_family":"Zilla Slab","_margin":{"unit":"px","top":"0","right":"0","bottom":"40","left":"0","isLinked":false}},"elements":[],"isInner":false,"widgetType":"text-editor","elType":"widget"},{"id":"b5b709","settings":{"text":" More About Us","typography_typography":"custom","typography_font_size":{"unit":"rem","size":0.90000000000000002220446049250313080847263336181640625},"align_mobile":"center","typography_text_transform":"uppercase","typography_letter_spacing":{"unit":"px","size":0.5},"background_color":"rgba(242,143,121,0)","typography_font_family":"Montserrat","align":"center","_animation":"fadeInUp","icon":"fa fa-angle-down","size":"md","border_radius":{"unit":"px","top":"60","right":"60","bottom":"60","left":"60","isLinked":true},"button_text_color":"#f28f79","hover_color":"#000000","text_padding":{"unit":"em","top":"0","right":"0","bottom":"0","left":"0","isLinked":false},"selected_icon":{"value":"fas fa-angle-down","library":"fa-solid"}},"elements":[],"isInner":false,"widgetType":"button","elType":"widget"}],"isInner":false,"elType":"column"}],"isInner":false,"elType":"section"},{"id":"5781800","settings":{"content_width":{"unit":"px","size":1024},"structure":"30","background_background":"classic","background_image":{"id":"3589","url":"https:\/\/cliente.shazamlnv.com\/setasolar\/wp-content\/uploads\/2022\/04\/braid-header_spencerdahl-unsplash.jpg"},"background_position":"bottom center","background_attachment":"fixed","margin":{"unit":"px","top":"0","right":0,"bottom":"0","left":0,"isLinked":false},"padding":{"unit":"%","top":"4","right":"0","bottom":"4","left":"0","isLinked":false},"gap":"wide","height":"min-height","custom_height":{"unit":"px","size":645},"background_overlay_background":"classic","background_overlay_color":"#fadfc4","margin_tablet":{"unit":"px","top":"0","right":0,"bottom":"0","left":0,"isLinked":false},"padding_tablet":{"unit":"px","top":"0","right":"0","bottom":"0","left":"0","isLinked":true},"background_color":"#ffffff","background_position_mobile":"initial","background_xpos_mobile":{"unit":"px","size":-600},"background_ypos_mobile":{"unit":"px","size":-29},"background_size_mobile":"cover"},"elements":[{"id":"252168e5","settings":{"_column_size":33,"background_background":"gradient","background_overlay_background":"classic","background_overlay_color":"#ffffff","background_overlay_opacity":{"unit":"px","size":0.84999999999999997779553950749686919152736663818359375},"background_overlay_hover_background":"classic","background_overlay_hover_color":"#ffffff","background_overlay_hover_opacity":{"unit":"px","size":0.81999999999999995115018691649311222136020660400390625},"margin":{"unit":"px","top":"0","right":"10","bottom":"0","left":"0","isLinked":false},"margin_mobile":{"unit":"px","top":"20","right":"20","bottom":"20","left":"20","isLinked":false},"padding":{"unit":"em","top":"2","right":"2","bottom":"2","left":"2","isLinked":true},"padding_mobile":{"unit":"em","top":"","right":"","bottom":"","left":"","isLinked":true},"animation":"fadeInUp","space_between_widgets":20,"margin_tablet":{"unit":"px","top":"11","right":"11","bottom":"11","left":"11","isLinked":true},"content_position":"center","animation_delay":600},"elements":[{"id":"1166403e","settings":{"title":"Makeup Design","title_color":"#000000","typography_typography":"custom","typography_font_family":"Zilla Slab","typography_font_size":{"unit":"rem","size":2},"typography_font_weight":"400","align":"center","header_size":"h3","_z_index":1,"typography_font_size_tablet":{"unit":"rem","size":1.5}},"elements":[],"isInner":false,"widgetType":"heading","elType":"widget"},{"id":"2cc8b33e","settings":{"weight":{"unit":"px","size":3},"color":"#f28f79","width":{"unit":"%","size":17},"align":"center","_animation":"fadeInUp","gap":{"unit":"px","size":7},"text":"Divis\u00f3ria"},"elements":[],"isInner":false,"widgetType":"divider","elType":"widget"},{"id":"7994bb18","settings":{"editor":"<p>Lorem ipsum dolor sit amet, consectetur adipiscing elit. In feugiat nisl metus, vel finibus justo viverra id.<\/p>","typography_typography":"custom","typography_font_size":{"unit":"rem","size":1.100000000000000088817841970012523233890533447265625},"typography_line_height":{"unit":"em","size":1.600000000000000088817841970012523233890533447265625},"typography_font_family":"Zilla Slab","_margin":{"unit":"px","top":"0","right":"0","bottom":"0","left":"0","isLinked":false},"align_mobile":"center","_animation":"fadeIn","_background_background":"classic","align":"center","typography_font_size_tablet":{"unit":"rem","size":0.90000000000000002220446049250313080847263336181640625}},"elements":[],"isInner":false,"widgetType":"text-editor","elType":"widget"},{"id":"2dbbe0a","settings":{"space":{"unit":"px","size":31}},"elements":[],"isInner":false,"widgetType":"spacer","elType":"widget"},{"id":"6972f3c4","settings":{"text":"View Detail","align_mobile":"center","size":"md","icon":"fa fa-angle-down","typography_typography":"custom","typography_font_family":"Montserrat","typography_font_size":{"unit":"rem","size":0.90000000000000002220446049250313080847263336181640625},"typography_text_transform":"uppercase","typography_letter_spacing":{"unit":"px","size":0.5},"button_text_color":"#f28f79","background_color":"rgba(242,143,121,0)","border_radius":{"unit":"px","top":"60","right":"60","bottom":"60","left":"60","isLinked":true},"_animation":"fadeInUp","text_padding":{"unit":"em","top":"0","right":"0","bottom":"0","left":"0","isLinked":false},"align":"center","hover_color":"#000000","selected_icon":{"value":"fas fa-angle-down","library":"fa-solid"}},"elements":[],"isInner":false,"widgetType":"button","elType":"widget"}],"isInner":false,"elType":"column"},{"id":"6c3edf3e","settings":{"_column_size":33,"background_background":"gradient","background_overlay_background":"classic","background_overlay_color":"#ffffff","background_overlay_opacity":{"unit":"px","size":0.84999999999999997779553950749686919152736663818359375},"background_overlay_hover_background":"classic","background_overlay_hover_color":"#ffffff","background_overlay_hover_opacity":{"unit":"px","size":0.81999999999999995115018691649311222136020660400390625},"margin":{"unit":"px","top":"0","right":"10","bottom":"0","left":"0","isLinked":false},"margin_mobile":{"unit":"px","top":"20","right":"20","bottom":"20","left":"20","isLinked":false},"padding":{"unit":"em","top":"2","right":"2","bottom":"2","left":"2","isLinked":true},"padding_mobile":{"unit":"em","top":"","right":"","bottom":"","left":"","isLinked":true},"animation":"fadeInUp","space_between_widgets":20,"margin_tablet":{"unit":"px","top":"11","right":"11","bottom":"11","left":"11","isLinked":true},"content_position":"center","animation_delay":600},"elements":[{"id":"37a3f680","settings":{"title":"Hair Design","title_color":"#000000","typography_typography":"custom","typography_font_family":"Zilla Slab","typography_font_size":{"unit":"rem","size":2},"typography_font_weight":"400","align":"center","header_size":"h3","_z_index":1,"typography_font_size_tablet":{"unit":"rem","size":1.5}},"elements":[],"isInner":false,"widgetType":"heading","elType":"widget"},{"id":"25e59a7d","settings":{"weight":{"unit":"px","size":3},"color":"#f28f79","width":{"unit":"%","size":17},"align":"center","_animation":"fadeInUp","gap":{"unit":"px","size":7},"text":"Divis\u00f3ria"},"elements":[],"isInner":false,"widgetType":"divider","elType":"widget"},{"id":"31c3f54f","settings":{"editor":"<p>Lorem ipsum dolor sit amet, consectetur adipiscing elit. In feugiat nisl metus, vel finibus justo viverra id.<\/p>","typography_typography":"custom","typography_font_size":{"unit":"rem","size":1.100000000000000088817841970012523233890533447265625},"typography_line_height":{"unit":"em","size":1.600000000000000088817841970012523233890533447265625},"typography_font_family":"Zilla Slab","_margin":{"unit":"px","top":"0","right":"0","bottom":"0","left":"0","isLinked":false},"align_mobile":"center","_animation":"fadeIn","_background_background":"classic","align":"center","typography_font_size_tablet":{"unit":"rem","size":0.90000000000000002220446049250313080847263336181640625}},"elements":[],"isInner":false,"widgetType":"text-editor","elType":"widget"},{"id":"68d05a58","settings":{"space":{"unit":"px","size":31}},"elements":[],"isInner":false,"widgetType":"spacer","elType":"widget"},{"id":"6c206259","settings":{"text":"View Detail","align_mobile":"center","size":"md","icon":"fa fa-angle-down","typography_typography":"custom","typography_font_family":"Montserrat","typography_font_size":{"unit":"rem","size":0.90000000000000002220446049250313080847263336181640625},"typography_text_transform":"uppercase","typography_letter_spacing":{"unit":"px","size":0.5},"button_text_color":"#f28f79","background_color":"rgba(242,143,121,0)","border_radius":{"unit":"px","top":"60","right":"60","bottom":"60","left":"60","isLinked":true},"_animation":"fadeInUp","text_padding":{"unit":"em","top":"0","right":"0","bottom":"0","left":"0","isLinked":false},"align":"center","hover_color":"#000000","selected_icon":{"value":"fas fa-angle-down","library":"fa-solid"}},"elements":[],"isInner":false,"widgetType":"button","elType":"widget"}],"isInner":false,"elType":"column"},{"id":"2908d39e","settings":{"_column_size":33,"background_background":"gradient","background_overlay_background":"classic","background_overlay_color":"#ffffff","background_overlay_opacity":{"unit":"px","size":0.84999999999999997779553950749686919152736663818359375},"background_overlay_hover_background":"classic","background_overlay_hover_color":"#ffffff","background_overlay_hover_opacity":{"unit":"px","size":0.81999999999999995115018691649311222136020660400390625},"margin":{"unit":"px","top":"0","right":"10","bottom":"0","left":"0","isLinked":false},"margin_mobile":{"unit":"px","top":"20","right":"20","bottom":"20","left":"20","isLinked":false},"padding":{"unit":"em","top":"2","right":"2","bottom":"2","left":"2","isLinked":true},"animation":"fadeInUp","space_between_widgets":20,"margin_tablet":{"unit":"px","top":"11","right":"11","bottom":"11","left":"11","isLinked":true},"padding_mobile":{"unit":"em","top":"","right":"","bottom":"","left":"","isLinked":true},"content_position":"center","animation_delay":600},"elements":[{"id":"6d03fe47","settings":{"title":"Skin Care","title_color":"#000000","typography_typography":"custom","typography_font_family":"Zilla Slab","typography_font_size":{"unit":"rem","size":2},"typography_font_weight":"400","align":"center","header_size":"h3","_z_index":1,"typography_font_size_tablet":{"unit":"rem","size":1.5}},"elements":[],"isInner":false,"widgetType":"heading","elType":"widget"},{"id":"f9076a0","settings":{"weight":{"unit":"px","size":3},"color":"#f28f79","width":{"unit":"%","size":17},"align":"center","_animation":"fadeInUp","gap":{"unit":"px","size":7},"text":"Divis\u00f3ria"},"elements":[],"isInner":false,"widgetType":"divider","elType":"widget"},{"id":"6f2c9224","settings":{"editor":"<p>Lorem ipsum dolor sit amet, consectetur adipiscing elit. In feugiat nisl metus, vel finibus justo viverra id.<\/p>","typography_typography":"custom","typography_font_size":{"unit":"rem","size":1.100000000000000088817841970012523233890533447265625},"typography_line_height":{"unit":"em","size":1.600000000000000088817841970012523233890533447265625},"typography_font_family":"Zilla Slab","_margin":{"unit":"px","top":"0","right":"0","bottom":"0","left":"0","isLinked":false},"align_mobile":"center","_animation":"fadeIn","_background_background":"classic","align":"center","typography_font_size_tablet":{"unit":"rem","size":0.90000000000000002220446049250313080847263336181640625}},"elements":[],"isInner":false,"widgetType":"text-editor","elType":"widget"},{"id":"395c3c93","settings":{"space":{"unit":"px","size":31}},"elements":[],"isInner":false,"widgetType":"spacer","elType":"widget"},{"id":"6378e35a","settings":{"text":"View Detail","align_mobile":"center","size":"md","icon":"fa fa-angle-down","typography_typography":"custom","typography_font_family":"Montserrat","typography_font_size":{"unit":"rem","size":0.90000000000000002220446049250313080847263336181640625},"typography_text_transform":"uppercase","typography_letter_spacing":{"unit":"px","size":0.5},"button_text_color":"#f28f79","background_color":"rgba(242,143,121,0)","border_radius":{"unit":"px","top":"60","right":"60","bottom":"60","left":"60","isLinked":true},"_animation":"fadeInUp","text_padding":{"unit":"em","top":"0","right":"0","bottom":"0","left":"0","isLinked":false},"align":"center","hover_color":"#000000","selected_icon":{"value":"fas fa-angle-down","library":"fa-solid"}},"elements":[],"isInner":false,"widgetType":"button","elType":"widget"}],"isInner":false,"elType":"column"}],"isInner":false,"elType":"section"},{"id":"845ed04","settings":{"stretch_section":"section-stretched","content_width":{"unit":"px","size":1200},"structure":"20","background_background":"classic","background_color":"#ffffff","padding":{"unit":"%","top":"5","right":"0","bottom":"3","left":"0","isLinked":false},"margin":{"unit":"px","top":"0","right":0,"bottom":"0","left":0,"isLinked":true},"html_tag":"section","margin_tablet":{"unit":"px","top":"49","right":0,"bottom":"49","left":0,"isLinked":true},"margin_mobile":{"unit":"px","top":"050","right":0,"bottom":"0","left":0,"isLinked":false}},"elements":[{"id":"1a95de5","settings":{"_column_size":50,"_inline_size":50,"_inline_size_tablet":50,"content_position":"center","padding":{"unit":"%","top":"12","right":"12","bottom":"12","left":"12","isLinked":true},"padding_tablet":{"unit":"em","top":"2","right":"2","bottom":"2","left":"2","isLinked":true},"space_between_widgets":-2},"elements":[{"id":"7b728fba","settings":{"title":".01","title_color":"#f28f79","typography_typography":"custom","typography_font_family":"Zilla Slab","typography_font_size":{"unit":"rem","size":2.600000000000000088817841970012523233890533447265625},"typography_font_weight":"100","typography_line_height":{"unit":"em","size":0.8000000000000000444089209850062616169452667236328125},"typography_font_size_tablet":{"unit":"rem","size":3.29999999999999982236431605997495353221893310546875},"_margin_tablet":{"unit":"px","top":"1","right":"1","bottom":"1","left":"1","isLinked":true},"header_size":"span"},"elements":[],"isInner":false,"widgetType":"heading","elType":"widget"},{"id":"189144f2","settings":{"gap":"no","structure":"20","padding":{"unit":"px","top":"0","right":"0","bottom":"0","left":"0","isLinked":false},"margin":{"unit":"px","top":"-4","right":0,"bottom":"-4","left":0,"isLinked":true}},"elements":[{"id":"df70c05","settings":{"_column_size":50,"_inline_size":22.068999999999999062083588796667754650115966796875,"content_position":"center","animation":"fadeInLeft"},"elements":[{"id":"6fc86ec5","settings":{"weight":{"unit":"px","size":4},"color":"#f28f79","align":"left","_animation":"fadeInLeft","width_mobile":{"unit":"%","size":25},"align_mobile":"left","text":"Divis\u00f3ria"},"elements":[],"isInner":false,"widgetType":"divider","elType":"widget"}],"isInner":true,"elType":"column"},{"id":"29e02a12","settings":{"_column_size":50,"_inline_size":77.9309999999999973852027324028313159942626953125,"padding":{"unit":"px","top":"0","right":"0","bottom":"0","left":"10","isLinked":false}},"elements":[{"id":"5d4466a3","settings":{"title":"Exclusive","header_size":"h3","title_color":"#000000","typography_typography":"custom","typography_font_family":"Yellowtail","typography_font_size":{"unit":"rem","size":2},"typography_font_weight":"100","typography_text_transform":"capitalize","_animation":"fadeInUp","animation_duration":"fast","typography_font_size_tablet":{"unit":"rem","size":1.8000000000000000444089209850062616169452667236328125},"typography_line_height":{"unit":"em","size":1.3000000000000000444089209850062616169452667236328125},"align_mobile":"left","_margin_mobile":{"unit":"px","top":"0","right":"0","bottom":"0","left":"-10","isLinked":false}},"elements":[],"isInner":false,"widgetType":"heading","elType":"widget"}],"isInner":true,"elType":"column"}],"isInner":true,"elType":"section"},{"id":"7ea466b9","settings":{"title":"Makeup & Makeovers","title_color":"#000000","typography_typography":"custom","typography_font_family":"Zilla Slab","typography_font_size":{"unit":"rem","size":4.5},"typography_font_size_mobile":{"unit":"rem","size":3},"typography_font_weight":"100","typography_text_transform":"capitalize","typography_line_height":{"unit":"em","size":0.8000000000000000444089209850062616169452667236328125},"_animation":"fadeIn","align_mobile":"left","_margin_mobile":{"unit":"px","top":"8","right":"0","bottom":"0","left":"0","isLinked":false},"typography_font_size_tablet":{"unit":"rem","size":3.20000000000000017763568394002504646778106689453125}},"elements":[],"isInner":false,"widgetType":"heading","elType":"widget"},{"id":"39089de8","settings":{"space_mobile":{"unit":"px","size":10}},"elements":[],"isInner":false,"widgetType":"spacer","elType":"widget"},{"id":"6e936aef","settings":{"editor":"<p>Click edit button to change this text. Lorem ipsum dolor sit amet, consectetur adipiscing elit. Ut elit tellus, luctus nec ullamcorper mattis, pulvinar dapibus leo.<\/p>","align_mobile":"left","text_color":"#000000","typography_typography":"custom","typography_font_family":"Zilla Slab","typography_font_size":{"unit":"rem","size":1.1999999999999999555910790149937383830547332763671875},"typography_line_height":{"unit":"em","size":1.600000000000000088817841970012523233890533447265625},"_animation":"fadeIn"},"elements":[],"isInner":false,"widgetType":"text-editor","elType":"widget"}],"isInner":false,"elType":"column"},{"id":"1bd848f8","settings":{"_column_size":50,"_inline_size":50,"_inline_size_tablet":50},"elements":[{"id":"72e3d63e","settings":{"icon":"fa fa-circle","align":"left","primary_color":"#f28f79","size":{"unit":"px","size":57},"_margin":{"unit":"px","top":"-56","right":"0","bottom":"0","left":"-49","isLinked":false},"_z_index":1,"view":"framed","align_tablet":"left","hide_tablet":"hidden-tablet","hide_mobile":"hidden-phone","_margin_tablet":{"unit":"px","top":"0","right":"1","bottom":"-97","left":"292","isLinked":false},"_margin_mobile":{"unit":"px","top":"0","right":"0","bottom":"0","left":"261","isLinked":false}},"elements":[],"isInner":false,"widgetType":"icon","elType":"widget"},{"id":"6af7ed78","settings":{"content_position":"middle","margin":{"unit":"px","top":"0","right":0,"bottom":"0","left":0,"isLinked":true},"padding":{"unit":"px","top":"0","right":"0","bottom":"0","left":"0","isLinked":true},"margin_tablet":{"unit":"px","top":"0","right":0,"bottom":"-29","left":0,"isLinked":false}},"elements":[{"id":"7fd47be0","settings":{"_column_size":100,"_inline_size":null},"elements":[{"id":"4ec87b30","settings":{"image":{"id":"3590","url":"https:\/\/cliente.shazamlnv.com\/setasolar\/wp-content\/uploads\/2022\/04\/freestocks-org-209883-unsplash.jpg"},"image_size":"custom","image_custom_dimension":{"width":"500","height":"500"},"width":{"unit":"%","size":100},"image_border_width":{"unit":"px","top":"2","right":"2","bottom":"2","left":"2","isLinked":true},"image_border_color":"rgba(249,229,199,0.7)","image_border_radius":{"unit":"px","top":"6","right":"6","bottom":"6","left":"6","isLinked":true},"_z_index":1,"_margin":{"unit":"px","top":"-101","right":"0","bottom":"0","left":"0","isLinked":false},"_margin_tablet":{"unit":"px","top":"1","right":"1","bottom":"1","left":"1","isLinked":true},"_margin_mobile":{"unit":"px","top":"-103","right":"0","bottom":"0","left":"0","isLinked":false},"_box_shadow_box_shadow":{"horizontal":4,"vertical":4,"blur":22,"spread":0,"color":"rgba(0,0,0,0.33)"},"css_filters_css_filter":"custom","css_filters_brightness":{"unit":"px","size":101},"css_filters_contrast":{"unit":"px","size":104},"css_filters_hue":{"unit":"px","size":12}},"elements":[],"isInner":false,"widgetType":"image","elType":"widget"}],"isInner":true,"elType":"column"}],"isInner":true,"elType":"section"},{"id":"3a3dc479","settings":{"icon":"fa fa-stop","primary_color":"#e96245","size":{"unit":"px","size":125},"_margin":{"unit":"px","top":"-82","right":"-47","bottom":"-58","left":"0","isLinked":false},"_z_index":3,"_animation":"slideInDown","_padding":{"unit":"px","top":"0","right":"0","bottom":"0","left":"0","isLinked":true},"align_tablet":"left","_margin_tablet":{"unit":"px","top":"-88","right":"-40","bottom":"-40","left":"-40","isLinked":false},"_margin_mobile":{"unit":"px","top":"-82","right":"0","bottom":"0","left":"-51","isLinked":false},"align":"right"},"elements":[],"isInner":false,"widgetType":"icon","elType":"widget"}],"isInner":false,"elType":"column"}],"isInner":false,"elType":"section"},{"id":"54e8d93b","settings":{"content_width":{"unit":"px","size":1200},"background_background":"classic","padding":{"unit":"%","top":"4","right":"0","bottom":"4","left":"0","isLinked":false},"background_overlay_background":"gradient","background_overlay_color":"#ffffff","background_overlay_color_b":"#efdfd0","padding_mobile":{"unit":"em","top":"0","right":"0","bottom":"4","left":"0","isLinked":false}},"elements":[{"id":"156a9434","settings":{"_column_size":100,"_inline_size":null,"padding":{"unit":"%","top":"","right":"","bottom":"","left":"","isLinked":false},"padding_mobile":{"unit":"px","top":"0","right":"0","bottom":"0","left":"0","isLinked":true},"z_index":1,"space_between_widgets":20,"background_background":"classic","background_overlay_color":"#ffffff","background_overlay_color_b":"#efdfd0"},"elements":[{"id":"6513621d","settings":{"structure":"40","margin":{"unit":"px","top":"0","right":0,"bottom":"0","left":0,"isLinked":true},"padding":{"unit":"px","top":"0","right":"0","bottom":"0","left":"0","isLinked":false},"padding_tablet":{"unit":"em","top":"0","right":"0","bottom":"0","left":"0","isLinked":false},"animation_duration":"slow","gap":"wide","layout":"full_width","margin_tablet":{"unit":"px","top":"0","right":0,"bottom":"0","left":0,"isLinked":true}},"elements":[{"id":"784d635b","settings":{"_column_size":25,"_inline_size":null,"padding":{"unit":"em","top":"2","right":"2","bottom":"2","left":"2","isLinked":true},"border_border":"solid","border_width":{"unit":"px","top":"0","right":"1","bottom":"0","left":"0","isLinked":false},"border_color":"#d6d6d6","_inline_size_tablet":25,"padding_tablet":{"unit":"em","top":"1","right":"1","bottom":"1","left":"1","isLinked":true}},"elements":[{"id":"36f6738c","settings":{"title":"Bespoke","header_size":"h3","title_color":"#000000","typography_typography":"custom","_z_index":1,"typography_font_family":"Zilla Slab","typography_font_size":{"unit":"rem","size":2},"typography_font_weight":"400","align_mobile":"center"},"elements":[],"isInner":false,"widgetType":"heading","elType":"widget"},{"id":"586e4df2","settings":{"weight":{"unit":"px","size":3},"color":"#f28f79","width":{"unit":"%","size":50},"align":"left","_animation":"fadeInUp","gap":{"unit":"px","size":7},"align_mobile":"center","text":"Divis\u00f3ria"},"elements":[],"isInner":false,"widgetType":"divider","elType":"widget"},{"id":"427d59d2","settings":{"editor":"<p>Donec quis pharetra ante. In sit amet tincidunt orci, et feugiat est. Donec libero nisi, semper.<\/p>","typography_typography":"custom","typography_font_family":"Zilla Slab","typography_font_size":{"unit":"rem","size":1.100000000000000088817841970012523233890533447265625},"typography_line_height":{"unit":"em","size":1.600000000000000088817841970012523233890533447265625},"_margin":{"unit":"px","top":"0","right":"0","bottom":"0","left":"0","isLinked":false},"align_mobile":"center","_animation":"fadeIn","_background_background":"classic"},"elements":[],"isInner":false,"widgetType":"text-editor","elType":"widget"}],"isInner":true,"elType":"column"},{"id":"51512a4b","settings":{"_column_size":25,"_inline_size":null,"padding":{"unit":"em","top":"2","right":"2","bottom":"2","left":"2","isLinked":true},"border_border":"solid","border_width":{"unit":"px","top":"0","right":"1","bottom":"0","left":"0","isLinked":false},"border_color":"#d6d6d6","_inline_size_tablet":25,"padding_tablet":{"unit":"em","top":"1","right":"1","bottom":"1","left":"1","isLinked":true}},"elements":[{"id":"3331c33a","settings":{"title":"Studio","header_size":"h3","title_color":"#000000","typography_typography":"custom","_z_index":1,"typography_font_family":"Zilla Slab","typography_font_size":{"unit":"rem","size":2},"typography_font_weight":"400","align_mobile":"center"},"elements":[],"isInner":false,"widgetType":"heading","elType":"widget"},{"id":"73f35f48","settings":{"weight":{"unit":"px","size":3},"color":"#f28f79","width":{"unit":"%","size":50},"align":"left","_animation":"fadeInUp","gap":{"unit":"px","size":7},"align_mobile":"center","text":"Divis\u00f3ria"},"elements":[],"isInner":false,"widgetType":"divider","elType":"widget"},{"id":"8d4d222","settings":{"editor":"<p>Donec quis pharetra ante. In sit amet tincidunt orci, et feugiat est. Donec libero nisi.<\/p>","typography_typography":"custom","typography_font_family":"Zilla Slab","typography_font_size":{"unit":"rem","size":1.100000000000000088817841970012523233890533447265625},"typography_line_height":{"unit":"em","size":1.600000000000000088817841970012523233890533447265625},"_margin":{"unit":"px","top":"0","right":"0","bottom":"0","left":"0","isLinked":false},"align_mobile":"center","_animation":"fadeIn","_background_background":"classic"},"elements":[],"isInner":false,"widgetType":"text-editor","elType":"widget"}],"isInner":true,"elType":"column"},{"id":"331bd5c8","settings":{"_column_size":25,"_inline_size":null,"padding":{"unit":"em","top":"2","right":"2","bottom":"2","left":"2","isLinked":true},"border_border":"solid","border_width":{"unit":"px","top":"0","right":"1","bottom":"0","left":"0","isLinked":false},"border_color":"#d6d6d6","_inline_size_tablet":25,"padding_tablet":{"unit":"em","top":"1","right":"1","bottom":"1","left":"1","isLinked":true}},"elements":[{"id":"2e857497","settings":{"title":"Runway","header_size":"h3","title_color":"#000000","typography_typography":"custom","_z_index":1,"typography_font_family":"Zilla Slab","typography_font_size":{"unit":"rem","size":2},"typography_font_weight":"400","align_mobile":"center"},"elements":[],"isInner":false,"widgetType":"heading","elType":"widget"},{"id":"1b28bf7c","settings":{"weight":{"unit":"px","size":3},"color":"#f28f79","width":{"unit":"%","size":50},"align":"left","_animation":"fadeInUp","gap":{"unit":"px","size":7},"align_mobile":"center","text":"Divis\u00f3ria"},"elements":[],"isInner":false,"widgetType":"divider","elType":"widget"},{"id":"17301c91","settings":{"editor":"<p>Donec quis pharetra ante. In sit amet tincidunt orci, et feugiat est. Donec libero nisi, semper.<\/p>","typography_typography":"custom","typography_font_family":"Zilla Slab","typography_font_size":{"unit":"rem","size":1.100000000000000088817841970012523233890533447265625},"typography_line_height":{"unit":"em","size":1.600000000000000088817841970012523233890533447265625},"_margin":{"unit":"px","top":"0","right":"0","bottom":"0","left":"0","isLinked":false},"align_mobile":"center","_animation":"fadeIn","_background_background":"classic"},"elements":[],"isInner":false,"widgetType":"text-editor","elType":"widget"}],"isInner":true,"elType":"column"},{"id":"2d2e6b19","settings":{"_column_size":25,"_inline_size":null,"_inline_size_tablet":25,"padding":{"unit":"em","top":"2","right":"2","bottom":"2","left":"2","isLinked":true},"padding_tablet":{"unit":"em","top":"1","right":"1","bottom":"1","left":"1","isLinked":true},"border_border":"solid","border_width":{"unit":"px","top":"0","right":"1","bottom":"0","left":"0","isLinked":false},"border_color":"#d6d6d6"},"elements":[{"id":"562899d8","settings":{"title":"Events","header_size":"h3","title_color":"#000000","typography_typography":"custom","_z_index":1,"typography_font_family":"Zilla Slab","typography_font_size":{"unit":"rem","size":2},"typography_font_weight":"400","align_mobile":"center"},"elements":[],"isInner":false,"widgetType":"heading","elType":"widget"},{"id":"29fde4b0","settings":{"weight":{"unit":"px","size":3},"color":"#f28f79","width":{"unit":"%","size":50},"align":"left","_animation":"fadeInUp","gap":{"unit":"px","size":7},"align_mobile":"center","text":"Divis\u00f3ria"},"elements":[],"isInner":false,"widgetType":"divider","elType":"widget"},{"id":"1c180bdd","settings":{"editor":"<p>Donec quis pharetra ante. In sit amet tincidunt orci, et feugiat est. Donec libero nisi.<\/p>","typography_typography":"custom","typography_font_family":"Zilla Slab","typography_font_size":{"unit":"rem","size":1.100000000000000088817841970012523233890533447265625},"typography_line_height":{"unit":"em","size":1.600000000000000088817841970012523233890533447265625},"_margin":{"unit":"px","top":"0","right":"0","bottom":"0","left":"0","isLinked":false},"align_mobile":"center","_animation":"fadeIn","_background_background":"classic"},"elements":[],"isInner":false,"widgetType":"text-editor","elType":"widget"}],"isInner":true,"elType":"column"}],"isInner":true,"elType":"section"},{"id":"2c6f29ee","settings":{"space":{"unit":"px","size":25}},"elements":[],"isInner":false,"widgetType":"spacer","elType":"widget"},{"id":"13411f92","settings":{"text":"pricing &amp; booking","typography_typography":"custom","typography_font_size":{"unit":"rem","size":0.90000000000000002220446049250313080847263336181640625},"hover_animation":"hang","align_mobile":"center","typography_text_transform":"uppercase","typography_letter_spacing":{"unit":"px","size":0.5},"background_color":"#f28f79","typography_font_family":"Montserrat","align":"center","_animation":"fadeInUp","icon":"fa fa-bolt","size":"md","border_radius":{"unit":"px","top":"60","right":"60","bottom":"60","left":"60","isLinked":true},"selected_icon":{"value":"fas fa-bolt","library":"fa-solid"}},"elements":[],"isInner":false,"widgetType":"button","elType":"widget"}],"isInner":false,"elType":"column"}],"isInner":false,"elType":"section"},{"id":"36d36870","settings":{"stretch_section":"section-stretched","content_width":{"unit":"px","size":1200},"structure":"20","background_background":"classic","background_color":"#ffffff","padding":{"unit":"%","top":"4","right":"0","bottom":"4","left":"0","isLinked":false},"margin":{"unit":"px","top":"0","right":0,"bottom":"0","left":0,"isLinked":true},"html_tag":"section","margin_tablet":{"unit":"px","top":"49","right":0,"bottom":"49","left":0,"isLinked":true},"margin_mobile":{"unit":"px","top":"050","right":0,"bottom":"0","left":0,"isLinked":false}},"elements":[{"id":"19a27ae3","settings":{"_column_size":50,"_inline_size":50,"_inline_size_tablet":50},"elements":[{"id":"4caa519e","settings":{"icon":"fa fa-circle","align":"left","primary_color":"#f28f79","size":{"unit":"px","size":99},"_margin":{"unit":"px","top":"-40","right":"0","bottom":"0","left":"-50","isLinked":false},"_z_index":1,"_animation":"bounceIn","align_mobile":"right","_margin_mobile":{"unit":"px","top":"-78","right":"-25","bottom":"0","left":"0","isLinked":false},"_margin_tablet":{"unit":"px","top":"0","right":"0","bottom":"-90","left":"-24","isLinked":false}},"elements":[],"isInner":false,"widgetType":"icon","elType":"widget"},{"id":"50827419","settings":{"content_position":"middle","margin":{"unit":"px","top":"0","right":0,"bottom":"0","left":0,"isLinked":true},"padding":{"unit":"px","top":"0","right":"0","bottom":"0","left":"0","isLinked":true},"margin_tablet":{"unit":"px","top":"0","right":0,"bottom":"-29","left":0,"isLinked":false}},"elements":[{"id":"51724c34","settings":{"_column_size":100,"_inline_size":null},"elements":[{"id":"15370558","settings":{"image":{"id":"3591","url":"https:\/\/cliente.shazamlnv.com\/setasolar\/wp-content\/uploads\/2022\/04\/pexels-photo-1536356.jpeg"},"image_size":"custom","image_custom_dimension":{"width":"500","height":"500"},"width":{"unit":"%","size":100},"image_border_width":{"unit":"px","top":"2","right":"2","bottom":"2","left":"2","isLinked":true},"image_border_color":"rgba(249,229,199,0.7)","image_border_radius":{"unit":"px","top":"6","right":"6","bottom":"6","left":"6","isLinked":true},"_z_index":1,"_margin":{"unit":"px","top":"-101","right":"0","bottom":"0","left":"0","isLinked":false},"_margin_tablet":{"unit":"px","top":"1","right":"1","bottom":"1","left":"1","isLinked":true},"_margin_mobile":{"unit":"px","top":"-103","right":"0","bottom":"0","left":"0","isLinked":false},"_box_shadow_box_shadow":{"horizontal":4,"vertical":4,"blur":22,"spread":0,"color":"rgba(0,0,0,0.33)"},"css_filters_brightness":{"unit":"px","size":101},"css_filters_contrast":{"unit":"px","size":104},"css_filters_hue":{"unit":"px","size":360},"css_filters_css_filter":"custom","css_filters_saturate":{"unit":"px","size":74,"sizes":[]}},"elements":[],"isInner":false,"widgetType":"image","elType":"widget"},{"id":"4487ff5e","settings":{"title":"instagram influencer award 2018","typography_typography":"custom","typography_font_size":{"unit":"rem","size":0.8000000000000000444089209850062616169452667236328125},"typography_font_weight":"500","typography_text_transform":"uppercase","typography_letter_spacing":{"unit":"px","size":1.1999999999999999555910790149937383830547332763671875},"_css_classes":"vertical-text-outside-left","typography_font_family":"Montserrat","_margin_tablet":{"unit":"px","top":"0","right":"0","bottom":"0","left":"20","isLinked":false},"_margin_mobile":{"unit":"px","top":"0","right":"0","bottom":"0","left":"0","isLinked":true},"_margin":{"unit":"px","top":"-21","right":"0","bottom":"0","left":"-20","isLinked":false},"align_mobile":"center","_padding_mobile":{"unit":"px","top":"20","right":"0","bottom":"0","left":"0","isLinked":false},"_z_index":4,"title_color":"#f28f79","_padding":{"unit":"px","top":"0","right":"0","bottom":"0","left":"0","isLinked":false}},"elements":[],"isInner":false,"widgetType":"heading","elType":"widget"}],"isInner":true,"elType":"column"}],"isInner":true,"elType":"section"},{"id":"73915b24","settings":{"icon":"fa fa-stop","primary_color":"#e96245","size":{"unit":"px","size":74},"_margin":{"unit":"px","top":"-82","right":"-47","bottom":"-58","left":"0","isLinked":false},"_z_index":3,"_animation":"slideInDown","_padding":{"unit":"px","top":"0","right":"0","bottom":"0","left":"0","isLinked":true},"align_tablet":"right","_margin_tablet":{"unit":"px","top":"-88","right":"-40","bottom":"-40","left":"-40","isLinked":false},"_margin_mobile":{"unit":"px","top":"-82","right":"0","bottom":"0","left":"-51","isLinked":false},"align":"right","align_mobile":"left"},"elements":[],"isInner":false,"widgetType":"icon","elType":"widget"}],"isInner":false,"elType":"column"},{"id":"ccc5c91","settings":{"_column_size":50,"_inline_size":50,"_inline_size_tablet":50,"content_position":"center","padding":{"unit":"%","top":"12","right":"12","bottom":"12","left":"12","isLinked":true},"padding_tablet":{"unit":"em","top":"2","right":"2","bottom":"2","left":"2","isLinked":true},"space_between_widgets":-2},"elements":[{"id":"412e6919","settings":{"title":".02","title_color":"#f28f79","typography_typography":"custom","typography_font_family":"Zilla Slab","typography_font_size":{"unit":"rem","size":2.600000000000000088817841970012523233890533447265625},"typography_font_weight":"100","typography_line_height":{"unit":"em","size":0.8000000000000000444089209850062616169452667236328125},"typography_font_size_tablet":{"unit":"rem","size":3.29999999999999982236431605997495353221893310546875},"_margin_tablet":{"unit":"px","top":"1","right":"1","bottom":"1","left":"1","isLinked":true},"header_size":"span"},"elements":[],"isInner":false,"widgetType":"heading","elType":"widget"},{"id":"22c3c99f","settings":{"gap":"no","structure":"20","padding":{"unit":"px","top":"0","right":"0","bottom":"0","left":"0","isLinked":false},"margin":{"unit":"px","top":"-4","right":0,"bottom":"-4","left":0,"isLinked":true}},"elements":[{"id":"1fdbb309","settings":{"_column_size":50,"_inline_size":22.068999999999999062083588796667754650115966796875,"content_position":"center","animation":"fadeInLeft"},"elements":[{"id":"3f4ed374","settings":{"weight":{"unit":"px","size":4},"color":"#f28f79","align":"left","width_mobile":{"unit":"%","size":31},"text":"Divis\u00f3ria"},"elements":[],"isInner":false,"widgetType":"divider","elType":"widget"}],"isInner":true,"elType":"column"},{"id":"59694e16","settings":{"_column_size":50,"_inline_size":77.9309999999999973852027324028313159942626953125,"padding":{"unit":"px","top":"0","right":"0","bottom":"0","left":"10","isLinked":false}},"elements":[{"id":"3a0d3aa1","settings":{"title":"Personalized","header_size":"h3","title_color":"#000000","typography_typography":"custom","typography_font_family":"Yellowtail","typography_font_size":{"unit":"rem","size":2},"typography_font_weight":"100","typography_text_transform":"capitalize","_animation":"fadeInUp","animation_duration":"fast","typography_font_size_tablet":{"unit":"rem","size":1.8000000000000000444089209850062616169452667236328125},"typography_line_height":{"unit":"em","size":1.3000000000000000444089209850062616169452667236328125},"align_mobile":"left","_margin_mobile":{"unit":"px","top":"0","right":"0","bottom":"0","left":"-9","isLinked":false}},"elements":[],"isInner":false,"widgetType":"heading","elType":"widget"}],"isInner":true,"elType":"column"}],"isInner":true,"elType":"section"},{"id":"6afef8c","settings":{"title":"Hairstyling &amp; Coloring","title_color":"#000000","typography_typography":"custom","typography_font_family":"Zilla Slab","typography_font_size":{"unit":"rem","size":4.5},"typography_font_size_mobile":{"unit":"rem","size":3},"typography_font_weight":"100","typography_text_transform":"capitalize","typography_line_height":{"unit":"em","size":0.8000000000000000444089209850062616169452667236328125},"_animation":"fadeIn","align_mobile":"left","_margin_mobile":{"unit":"px","top":"8","right":"0","bottom":"0","left":"0","isLinked":false},"typography_font_size_tablet":{"unit":"rem","size":3.20000000000000017763568394002504646778106689453125}},"elements":[],"isInner":false,"widgetType":"heading","elType":"widget"},{"id":"7c96435","settings":{"space_mobile":{"unit":"px","size":10}},"elements":[],"isInner":false,"widgetType":"spacer","elType":"widget"},{"id":"5b3bb6d9","settings":{"editor":"<p>Click edit button to change this text. Lorem ipsum dolor sit amet, consectetur adipiscing elit. Ut elit tellus, luctus nec ullamcorper mattis, pulvinar dapibus leo.<\/p>","align_mobile":"left","text_color":"#000000","typography_typography":"custom","typography_font_family":"Zilla Slab","typography_font_size":{"unit":"rem","size":1.1999999999999999555910790149937383830547332763671875},"typography_line_height":{"unit":"em","size":1.600000000000000088817841970012523233890533447265625},"_animation":"fadeIn"},"elements":[],"isInner":false,"widgetType":"text-editor","elType":"widget"}],"isInner":false,"elType":"column"}],"isInner":false,"elType":"section"},{"id":"185fdb41","settings":{"content_width":{"unit":"px","size":1200},"background_background":"classic","background_color":"#ffffff","padding":{"unit":"%","top":"4","right":"0","bottom":"4","left":"0","isLinked":false},"background_color_b":"#ffffff","background_color_stop":{"unit":"%","size":16},"background_color_b_stop":{"unit":"%","size":43},"background_gradient_angle":{"unit":"deg","size":0},"background_overlay_color":"#ffffff","background_overlay_color_b":"#f9f2ed","padding_mobile":{"unit":"em","top":"0","right":"0","bottom":"3","left":"0","isLinked":false}},"elements":[{"id":"a0ebb12","settings":{"_column_size":100,"_inline_size":null,"padding":{"unit":"%","top":"","right":"","bottom":"","left":"","isLinked":false},"padding_mobile":{"unit":"px","top":"0","right":"0","bottom":"0","left":"0","isLinked":true},"z_index":1,"space_between_widgets":20,"background_background":"classic","background_overlay_color":"#ffffff","background_overlay_color_b":"#efdfd0"},"elements":[{"id":"59ac18e2","settings":{"structure":"40","margin":{"unit":"px","top":"0","right":0,"bottom":"0","left":0,"isLinked":true},"padding":{"unit":"px","top":"0","right":"0","bottom":"0","left":"0","isLinked":false},"padding_tablet":{"unit":"em","top":"0","right":"0","bottom":"0","left":"0","isLinked":false},"animation_duration":"slow","gap":"wide","layout":"full_width","margin_tablet":{"unit":"px","top":"0","right":0,"bottom":"0","left":0,"isLinked":true}},"elements":[{"id":"183af97c","settings":{"_column_size":25,"_inline_size":null,"padding":{"unit":"em","top":"2","right":"2","bottom":"2","left":"2","isLinked":true},"border_border":"solid","border_width":{"unit":"px","top":"0","right":"1","bottom":"0","left":"0","isLinked":false},"border_color":"#d6d6d6","animation":"fadeIn","_inline_size_tablet":25,"padding_tablet":{"unit":"em","top":"1","right":"1","bottom":"1","left":"1","isLinked":true}},"elements":[{"id":"870d29","settings":{"title":"Ombres","header_size":"h3","title_color":"#000000","typography_typography":"custom","_z_index":1,"typography_font_family":"Zilla Slab","typography_font_size":{"unit":"rem","size":2},"typography_font_weight":"400","align_mobile":"center","typography_font_size_tablet":{"unit":"rem","size":1.600000000000000088817841970012523233890533447265625}},"elements":[],"isInner":false,"widgetType":"heading","elType":"widget"},{"id":"6abe0fca","settings":{"weight":{"unit":"px","size":3},"color":"#f28f79","width":{"unit":"%","size":50},"align":"left","_animation":"fadeInUp","gap":{"unit":"px","size":7},"align_mobile":"center","text":"Divis\u00f3ria"},"elements":[],"isInner":false,"widgetType":"divider","elType":"widget"},{"id":"1d6f285e","settings":{"editor":"<p>Donec quis pharetra ante. In sit amet tincidunt orci, et feugiat est. Donec libero nisi, semper.<\/p>","typography_typography":"custom","typography_font_family":"Zilla Slab","typography_font_size":{"unit":"rem","size":1.100000000000000088817841970012523233890533447265625},"typography_line_height":{"unit":"em","size":1.600000000000000088817841970012523233890533447265625},"_margin":{"unit":"px","top":"0","right":"0","bottom":"0","left":"0","isLinked":false},"align_mobile":"center","_animation":"fadeIn","_background_background":"classic"},"elements":[],"isInner":false,"widgetType":"text-editor","elType":"widget"}],"isInner":true,"elType":"column"},{"id":"50ece29f","settings":{"_column_size":25,"_inline_size":null,"padding":{"unit":"em","top":"2","right":"2","bottom":"2","left":"2","isLinked":true},"border_border":"solid","border_width":{"unit":"px","top":"0","right":"1","bottom":"0","left":"0","isLinked":false},"border_color":"#d6d6d6","animation":"fadeIn","_inline_size_tablet":25,"padding_tablet":{"unit":"em","top":"1","right":"1","bottom":"1","left":"1","isLinked":true}},"elements":[{"id":"63872dc4","settings":{"title":"Fashion Cuts","header_size":"h3","title_color":"#000000","typography_typography":"custom","_z_index":1,"typography_font_family":"Zilla Slab","typography_font_size":{"unit":"rem","size":2},"typography_font_weight":"400","align_mobile":"center","typography_font_size_tablet":{"unit":"rem","size":1.600000000000000088817841970012523233890533447265625}},"elements":[],"isInner":false,"widgetType":"heading","elType":"widget"},{"id":"327b3aba","settings":{"weight":{"unit":"px","size":3},"color":"#f28f79","width":{"unit":"%","size":50},"align":"left","_animation":"fadeInUp","gap":{"unit":"px","size":7},"align_mobile":"center","text":"Divis\u00f3ria"},"elements":[],"isInner":false,"widgetType":"divider","elType":"widget"},{"id":"78990f1b","settings":{"editor":"<p>Donec quis pharetra ante. In sit amet tincidunt orci, et feugiat est. Donec libero nisi.<\/p>","typography_typography":"custom","typography_font_family":"Zilla Slab","typography_font_size":{"unit":"rem","size":1.100000000000000088817841970012523233890533447265625},"typography_line_height":{"unit":"em","size":1.600000000000000088817841970012523233890533447265625},"_margin":{"unit":"px","top":"0","right":"0","bottom":"0","left":"0","isLinked":false},"align_mobile":"center","_animation":"fadeIn","_background_background":"classic"},"elements":[],"isInner":false,"widgetType":"text-editor","elType":"widget"}],"isInner":true,"elType":"column"},{"id":"5d40a1e","settings":{"_column_size":25,"_inline_size":null,"padding":{"unit":"em","top":"2","right":"2","bottom":"2","left":"2","isLinked":true},"border_border":"solid","border_width":{"unit":"px","top":"0","right":"1","bottom":"0","left":"0","isLinked":false},"border_color":"#d6d6d6","animation":"fadeIn","_inline_size_tablet":25,"padding_tablet":{"unit":"em","top":"1","right":"1","bottom":"1","left":"1","isLinked":true}},"elements":[{"id":"1c359f49","settings":{"title":"Styling","header_size":"h3","title_color":"#000000","typography_typography":"custom","_z_index":1,"typography_font_family":"Zilla Slab","typography_font_size":{"unit":"rem","size":2},"typography_font_weight":"400","align_mobile":"center","typography_font_size_tablet":{"unit":"rem","size":1.600000000000000088817841970012523233890533447265625}},"elements":[],"isInner":false,"widgetType":"heading","elType":"widget"},{"id":"73475d96","settings":{"weight":{"unit":"px","size":3},"color":"#f28f79","width":{"unit":"%","size":50},"align":"left","_animation":"fadeInUp","gap":{"unit":"px","size":7},"align_mobile":"center","text":"Divis\u00f3ria"},"elements":[],"isInner":false,"widgetType":"divider","elType":"widget"},{"id":"6f9275aa","settings":{"editor":"<p>Donec quis pharetra ante. In sit amet tincidunt orci, et feugiat est. Donec libero nisi, semper.<\/p>","typography_typography":"custom","typography_font_family":"Zilla Slab","typography_font_size":{"unit":"rem","size":1.100000000000000088817841970012523233890533447265625},"typography_line_height":{"unit":"em","size":1.600000000000000088817841970012523233890533447265625},"_margin":{"unit":"px","top":"0","right":"0","bottom":"0","left":"0","isLinked":false},"align_mobile":"center","_animation":"fadeIn","_background_background":"classic"},"elements":[],"isInner":false,"widgetType":"text-editor","elType":"widget"}],"isInner":true,"elType":"column"},{"id":"64bb42ae","settings":{"_column_size":25,"_inline_size":null,"_inline_size_tablet":25,"padding":{"unit":"em","top":"2","right":"2","bottom":"2","left":"2","isLinked":true},"padding_tablet":{"unit":"em","top":"1","right":"1","bottom":"1","left":"1","isLinked":true},"animation":"fadeIn","border_border":"solid","border_width":{"unit":"px","top":"0","right":"1","bottom":"0","left":"0","isLinked":false},"border_color":"#d6d6d6"},"elements":[{"id":"21c1743f","settings":{"title":"Extensions","header_size":"h3","title_color":"#000000","typography_typography":"custom","_z_index":1,"typography_font_family":"Zilla Slab","typography_font_size":{"unit":"rem","size":2},"typography_font_weight":"400","align_mobile":"center","typography_font_size_tablet":{"unit":"rem","size":1.600000000000000088817841970012523233890533447265625}},"elements":[],"isInner":false,"widgetType":"heading","elType":"widget"},{"id":"4234421","settings":{"weight":{"unit":"px","size":3},"color":"#f28f79","width":{"unit":"%","size":50},"align":"left","_animation":"fadeInUp","gap":{"unit":"px","size":7},"align_mobile":"center","text":"Divis\u00f3ria"},"elements":[],"isInner":false,"widgetType":"divider","elType":"widget"},{"id":"52b59d00","settings":{"editor":"<p>Donec quis pharetra ante. In sit amet tincidunt orci, et feugiat est. Donec libero nisi.<\/p>","typography_typography":"custom","typography_font_family":"Zilla Slab","typography_font_size":{"unit":"rem","size":1.100000000000000088817841970012523233890533447265625},"typography_line_height":{"unit":"em","size":1.600000000000000088817841970012523233890533447265625},"_margin":{"unit":"px","top":"0","right":"0","bottom":"0","left":"0","isLinked":false},"align_mobile":"center","_animation":"fadeIn","_background_background":"classic"},"elements":[],"isInner":false,"widgetType":"text-editor","elType":"widget"}],"isInner":true,"elType":"column"}],"isInner":true,"elType":"section"},{"id":"4f8a8287","settings":{"space":{"unit":"px","size":25}},"elements":[],"isInner":false,"widgetType":"spacer","elType":"widget"},{"id":"3b04fc67","settings":{"text":"pricing &amp; booking","typography_typography":"custom","typography_font_size":{"unit":"rem","size":0.90000000000000002220446049250313080847263336181640625},"hover_animation":"hang","align_mobile":"center","typography_text_transform":"uppercase","typography_letter_spacing":{"unit":"px","size":0.5},"background_color":"#f28f79","typography_font_family":"Montserrat","align":"center","_animation":"fadeInUp","icon":"fa fa-bolt","size":"md","border_radius":{"unit":"px","top":"60","right":"60","bottom":"60","left":"60","isLinked":true},"selected_icon":{"value":"fas fa-bolt","library":"fa-solid"}},"elements":[],"isInner":false,"widgetType":"button","elType":"widget"}],"isInner":false,"elType":"column"}],"isInner":false,"elType":"section"},{"id":"1f09a6ad","settings":{"stretch_section":"section-stretched","content_width":{"unit":"px","size":1200},"background_background":"classic","background_color":"#f9f2ed","padding":{"unit":"%","top":"4","right":"4","bottom":"4","left":"4","isLinked":true},"layout":"full_width"},"elements":[{"id":"6f69c45","settings":{"_column_size":100,"margin":{"unit":"px","top":"0","right":"0","bottom":"0","left":"0","isLinked":true},"padding":{"unit":"%","top":"0","right":"0","bottom":"0","left":"0","isLinked":true},"_inline_size_tablet":100},"elements":[{"id":"1dac6068","settings":{"layout":"full_width","structure":"30","margin":{"unit":"px","top":"0","right":0,"bottom":"0","left":0,"isLinked":true}},"elements":[{"id":"7e7d3e35","settings":{"_column_size":33,"_inline_size":null,"background_background":"classic","background_image":{"id":"3592","url":"https:\/\/cliente.shazamlnv.com\/setasolar\/wp-content\/uploads\/2022\/04\/pexels-photo-301961.jpeg"},"background_size":"cover","background_overlay_color":"#933f17","background_overlay_hover_background":"classic","background_overlay_hover_color":"#fadfc4","css_filters_hover_css_filter":"custom","background_overlay_hover_transition":{"unit":"px","size":0.59999999999999997779553950749686919152736663818359375},"border_border":"solid","border_width":{"unit":"px","top":"0","right":"1","bottom":"0","left":"0","isLinked":false},"border_color":"#d6d6d6","padding":{"unit":"em","top":"1","right":"1","bottom":"1","left":"1","isLinked":true},"background_position_tablet":"center center","background_position":"center center","background_overlay_background":"classic","background_overlay_opacity":{"unit":"px","size":0.35999999999999998667732370449812151491641998291015625},"overlay_blend_mode":"screen","_inline_size_tablet":30},"elements":[{"id":"1550368a","settings":{"space":{"unit":"px","size":524},"space_tablet":{"unit":"px","size":273}},"elements":[],"isInner":false,"widgetType":"spacer","elType":"widget"}],"isInner":true,"elType":"column"},{"id":"7136d049","settings":{"_column_size":33,"_inline_size":25.73400000000000176214598468504846096038818359375,"background_background":"classic","background_image":{"id":"3593","url":"https:\/\/cliente.shazamlnv.com\/setasolar\/wp-content\/uploads\/2022\/04\/bryan-apen-661332-unsplash.jpg"},"background_size":"cover","background_overlay_color":"#bf6256","background_overlay_hover_background":"classic","background_overlay_hover_color":"#fadfc4","background_overlay_hover_transition":{"unit":"px","size":0.59999999999999997779553950749686919152736663818359375},"border_border":"solid","border_width":{"unit":"px","top":"0","right":"1","bottom":"0","left":"0","isLinked":false},"border_color":"#d6d6d6","padding":{"unit":"em","top":"1","right":"1","bottom":"1","left":"1","isLinked":true},"background_overlay_background":"classic","background_overlay_opacity":{"unit":"px","size":0.35999999999999998667732370449812151491641998291015625},"overlay_blend_mode":"overlay","_inline_size_tablet":30},"elements":[{"id":"46ca19a1","settings":{"space":{"unit":"px","size":524},"space_tablet":{"unit":"px","size":273}},"elements":[],"isInner":false,"widgetType":"spacer","elType":"widget"}],"isInner":true,"elType":"column"},{"id":"28a76b48","settings":{"_column_size":33,"_inline_size":45.46300000000000096633812063373625278472900390625,"background_background":"classic","background_image":{"id":"3594","url":"https:\/\/cliente.shazamlnv.com\/setasolar\/wp-content\/uploads\/2022\/04\/atikh-bana-116533-unsplash.jpg"},"background_size":"cover","background_overlay_hover_background":"classic","background_overlay_hover_color":"#fadfc4","background_overlay_hover_transition":{"unit":"px","size":0.59999999999999997779553950749686919152736663818359375},"border_border":"solid","border_width":{"unit":"px","top":"0","right":"1","bottom":"0","left":"0","isLinked":false},"border_color":"#d6d6d6","padding":{"unit":"em","top":"1","right":"1","bottom":"1","left":"1","isLinked":true},"background_position_tablet":"center center","_inline_size_tablet":40},"elements":[{"id":"5297eea","settings":{"space":{"unit":"px","size":524},"space_tablet":{"unit":"px","size":273}},"elements":[],"isInner":false,"widgetType":"spacer","elType":"widget"}],"isInner":true,"elType":"column"}],"isInner":true,"elType":"section"},{"id":"35a97f1d","settings":{"layout":"full_width","structure":"30"},"elements":[{"id":"203dd434","settings":{"_column_size":33,"_inline_size":40.9320000000000021600499167107045650482177734375,"background_background":"classic","background_image":{"id":"3595","url":"https:\/\/cliente.shazamlnv.com\/setasolar\/wp-content\/uploads\/2022\/04\/pexels-photo-458766.jpeg"},"background_size":"cover","background_overlay_hover_background":"classic","background_overlay_hover_color":"#fadfc4","background_overlay_hover_transition":{"unit":"px","size":0.59999999999999997779553950749686919152736663818359375},"border_border":"solid","border_width":{"unit":"px","top":"0","right":"1","bottom":"0","left":"0","isLinked":false},"border_color":"#d6d6d6","padding":{"unit":"em","top":"1","right":"1","bottom":"1","left":"1","isLinked":true},"background_position_tablet":"center center","background_position":"bottom center","background_overlay_background":"classic","background_overlay_color":"#8e2800","background_overlay_opacity":{"unit":"px","size":0.2200000000000000011102230246251565404236316680908203125},"overlay_blend_mode":"color","_inline_size_tablet":50},"elements":[{"id":"2765f257","settings":{"space":{"unit":"px","size":480}},"elements":[],"isInner":false,"widgetType":"spacer","elType":"widget"}],"isInner":true,"elType":"column"},{"id":"55afc6ec","settings":{"_column_size":33,"_inline_size":25.73400000000000176214598468504846096038818359375,"background_background":"classic","background_image":{"id":"3596","url":"https:\/\/cliente.shazamlnv.com\/setasolar\/wp-content\/uploads\/2022\/04\/pexels-photo-235473.jpeg"},"background_size":"cover","background_overlay_hover_background":"classic","background_overlay_hover_color":"#fadfc4","background_overlay_hover_transition":{"unit":"px","size":0.59999999999999997779553950749686919152736663818359375},"border_border":"solid","border_width":{"unit":"px","top":"0","right":"1","bottom":"0","left":"0","isLinked":false},"border_color":"#d6d6d6","padding":{"unit":"em","top":"1","right":"1","bottom":"1","left":"1","isLinked":true},"background_position":"center center","background_overlay_background":"classic","background_overlay_color":"#bf6256","background_overlay_opacity":{"unit":"px","size":0.35999999999999998667732370449812151491641998291015625},"overlay_blend_mode":"overlay","_inline_size_tablet":50},"elements":[{"id":"11becb39","settings":{"space":{"unit":"px","size":315}},"elements":[],"isInner":false,"widgetType":"spacer","elType":"widget"}],"isInner":true,"elType":"column"},{"id":"6aef03b5","settings":{"_column_size":33,"_inline_size":null,"background_background":"classic","background_image":{"id":"3597","url":"https:\/\/cliente.shazamlnv.com\/setasolar\/wp-content\/uploads\/2022\/04\/photo-1517426070668-1ad979390f23.jpg"},"background_size":"cover","background_overlay_hover_background":"classic","background_overlay_hover_color":"#fadfc4","background_overlay_hover_transition":{"unit":"px","size":0.59999999999999997779553950749686919152736663818359375},"padding":{"unit":"em","top":"1","right":"1","bottom":"1","left":"1","isLinked":true},"_inline_size_tablet":100,"background_position":"center right"},"elements":[{"id":"fb2bfa4","settings":{"space":{"unit":"px","size":315}},"elements":[],"isInner":false,"widgetType":"spacer","elType":"widget"}],"isInner":true,"elType":"column"}],"isInner":true,"elType":"section"}],"isInner":false,"elType":"column"}],"isInner":false,"elType":"section"},{"id":"3e87bbea","settings":{"content_width":{"unit":"px","size":1024},"background_background":"classic","padding":{"unit":"%","top":"4","right":"0","bottom":"4","left":"0","isLinked":false},"background_color":"#ffffff","background_color_stop":{"unit":"%","size":60},"background_color_b":"#f9f2ed","height":"min-height","custom_height_tablet":{"unit":"px","size":333},"html_tag":"section","margin":{"unit":"px","top":"0","right":0,"bottom":"0","left":0,"isLinked":false},"structure":"20"},"elements":[{"id":"8eb475b","settings":{"_column_size":50,"_inline_size":null,"_inline_size_tablet":50,"padding":{"unit":"px","top":"40","right":"40","bottom":"40","left":"40","isLinked":true},"padding_tablet":{"unit":"px","top":"20","right":"20","bottom":"20","left":"20","isLinked":true},"animation":"fadeIn","animation_delay":700,"content_position":"top"},"elements":[{"id":"3e9fbf96","settings":{"gap":"no","structure":"20","padding":{"unit":"px","top":"0","right":"0","bottom":"0","left":"0","isLinked":false}},"elements":[{"id":"7011f098","settings":{"_column_size":50,"_inline_size":22.068999999999999062083588796667754650115966796875,"content_position":"center","animation":"fadeInLeft"},"elements":[{"id":"598101aa","settings":{"weight":{"unit":"px","size":3},"color":"#f28f79","align":"left","_animation":"fadeInLeft","width_mobile":{"unit":"%","size":24},"align_mobile":"center","text":"Divis\u00f3ria"},"elements":[],"isInner":false,"widgetType":"divider","elType":"widget"}],"isInner":true,"elType":"column"},{"id":"f912327","settings":{"_column_size":50,"_inline_size":77.9309999999999973852027324028313159942626953125,"padding":{"unit":"px","top":"0","right":"0","bottom":"0","left":"10","isLinked":false}},"elements":[{"id":"7562d752","settings":{"title":"DIY Tutorials","header_size":"h3","title_color":"#000000","typography_typography":"custom","typography_font_family":"Yellowtail","typography_font_size":{"unit":"rem","size":2},"typography_font_weight":"100","typography_text_transform":"capitalize","_animation":"fadeInUp","animation_duration":"fast","align_mobile":"center","typography_font_size_tablet":{"unit":"rem","size":1.399999999999999911182158029987476766109466552734375}},"elements":[],"isInner":false,"widgetType":"heading","elType":"widget"}],"isInner":true,"elType":"column"}],"isInner":true,"elType":"section"},{"id":"188c73c9","settings":{"title":"Subscribe Today","header_size":"h3","title_color":"#000000","typography_typography":"custom","typography_font_family":"Zilla Slab","typography_font_size":{"unit":"rem","size":3.399999999999999911182158029987476766109466552734375},"typography_font_size_mobile":{"unit":"rem","size":3},"typography_font_weight":"100","typography_text_transform":"capitalize","typography_line_height":{"unit":"em","size":0.8000000000000000444089209850062616169452667236328125},"_animation":"fadeIn","align_mobile":"center","_margin_mobile":{"unit":"px","top":"8","right":"0","bottom":"0","left":"0","isLinked":false},"typography_font_size_tablet":{"unit":"rem","size":2.600000000000000088817841970012523233890533447265625}},"elements":[],"isInner":false,"widgetType":"heading","elType":"widget"},{"id":"4086201","settings":{"space_mobile":{"unit":"px","size":10}},"elements":[],"isInner":false,"widgetType":"spacer","elType":"widget"},{"id":"2fde512a","settings":{"editor":"<p>In sit amet tincidunt orci, et feugiat est. Donec libero nisi, semper nec enim sit amet, varius aliquam lectus. Maecenas vitae ultrices risus. Cras hendrerit mattis mauris, a scelerisque tortor posuere vel.<\/p>","text_color":"#000000","typography_typography":"custom","typography_font_family":"Zilla Slab","typography_font_size":{"unit":"rem","size":1.1999999999999999555910790149937383830547332763671875},"typography_line_height":{"unit":"em","size":1.600000000000000088817841970012523233890533447265625},"align_mobile":"center","_animation":"fadeIn"},"elements":[],"isInner":false,"widgetType":"text-editor","elType":"widget"},{"id":"5cb1e492","settings":{"text":"Check it out","typography_typography":"custom","typography_font_size":{"unit":"rem","size":0.90000000000000002220446049250313080847263336181640625},"align_mobile":"center","typography_text_transform":"uppercase","typography_letter_spacing":{"unit":"px","size":0.5},"background_color":"rgba(242,143,121,0)","typography_font_family":"Montserrat","align":"left","_animation":"fadeInUp","icon":"fa fa-play-circle","size":"md","border_radius":{"unit":"px","top":"60","right":"60","bottom":"60","left":"60","isLinked":true},"link":{"url":"","is_external":"","nofollow":""},"button_text_color":"#f28f79","hover_color":"#000000","text_padding":{"unit":"em","top":"0","right":"0","bottom":"0","left":"0","isLinked":false},"selected_icon":{"value":"fas fa-play-circle","library":"fa-solid"}},"elements":[],"isInner":false,"widgetType":"button","elType":"widget"}],"isInner":false,"elType":"column"},{"id":"60158af0","settings":{"_column_size":50,"_inline_size":null,"_inline_size_tablet":50,"padding":{"unit":"px","top":"40","right":"40","bottom":"40","left":"40","isLinked":true},"padding_tablet":{"unit":"px","top":"20","right":"20","bottom":"20","left":"20","isLinked":true},"animation":"fadeIn","animation_delay":500,"content_position":"top"},"elements":[{"id":"20e3649c","settings":{"gap":"no","structure":"20","padding":{"unit":"px","top":"0","right":"0","bottom":"0","left":"0","isLinked":false}},"elements":[{"id":"7264126b","settings":{"_column_size":50,"_inline_size":22.068999999999999062083588796667754650115966796875,"content_position":"center","animation":"fadeInLeft"},"elements":[{"id":"70d57730","settings":{"weight":{"unit":"px","size":3},"color":"#f28f79","align":"left","_animation":"fadeInLeft","width_mobile":{"unit":"%","size":24},"align_mobile":"center","text":"Divis\u00f3ria"},"elements":[],"isInner":false,"widgetType":"divider","elType":"widget"}],"isInner":true,"elType":"column"},{"id":"704949df","settings":{"_column_size":50,"_inline_size":77.9309999999999973852027324028313159942626953125,"padding":{"unit":"px","top":"0","right":"0","bottom":"0","left":"10","isLinked":false}},"elements":[{"id":"5e6d9c5e","settings":{"title":"About Kendra","header_size":"h3","title_color":"#000000","typography_typography":"custom","typography_font_family":"Yellowtail","typography_font_size":{"unit":"rem","size":2},"typography_font_weight":"100","typography_text_transform":"capitalize","_animation":"fadeInUp","animation_duration":"fast","align_mobile":"center","typography_font_size_tablet":{"unit":"rem","size":1.399999999999999911182158029987476766109466552734375}},"elements":[],"isInner":false,"widgetType":"heading","elType":"widget"}],"isInner":true,"elType":"column"}],"isInner":true,"elType":"section"},{"id":"4b343036","settings":{"title":"My Story","header_size":"h3","title_color":"#000000","typography_typography":"custom","typography_font_family":"Zilla Slab","typography_font_size":{"unit":"rem","size":3.399999999999999911182158029987476766109466552734375},"typography_font_size_mobile":{"unit":"rem","size":3},"typography_font_weight":"100","typography_text_transform":"capitalize","typography_line_height":{"unit":"em","size":0.8000000000000000444089209850062616169452667236328125},"_animation":"fadeIn","_margin_mobile":{"unit":"px","top":"8","right":"0","bottom":"0","left":"0","isLinked":false},"align_mobile":"center","typography_font_size_tablet":{"unit":"rem","size":2.600000000000000088817841970012523233890533447265625}},"elements":[],"isInner":false,"widgetType":"heading","elType":"widget"},{"id":"7f87c1d5","settings":{"space_mobile":{"unit":"px","size":10}},"elements":[],"isInner":false,"widgetType":"spacer","elType":"widget"},{"id":"10eb2b02","settings":{"editor":"<p>In sit amet tincidunt orci, et feugiat est. Donec libero nisi, semper nec enim sit amet, varius aliquam lectus. Maecenas vitae ultrices risus. Cras hendrerit mattis mauris, a scelerisque tortor posuere vel.<\/p>","text_color":"#000000","typography_typography":"custom","typography_font_family":"Zilla Slab","typography_font_size":{"unit":"rem","size":1.1999999999999999555910790149937383830547332763671875},"typography_line_height":{"unit":"em","size":1.600000000000000088817841970012523233890533447265625},"align_mobile":"center","_animation":"fadeIn"},"elements":[],"isInner":false,"widgetType":"text-editor","elType":"widget"},{"id":"7b9b73fa","settings":{"text":"get in touch","typography_typography":"custom","typography_font_size":{"unit":"rem","size":0.90000000000000002220446049250313080847263336181640625},"align_mobile":"center","typography_text_transform":"uppercase","typography_letter_spacing":{"unit":"px","size":0.5},"background_color":"rgba(242,143,121,0)","typography_font_family":"Montserrat","align":"left","_animation":"fadeInUp","icon":"fa fa-angle-double-right","size":"md","border_radius":{"unit":"px","top":"60","right":"60","bottom":"60","left":"60","isLinked":true},"link":{"url":"","is_external":"","nofollow":""},"button_text_color":"#f28f79","hover_color":"#000000","text_padding":{"unit":"em","top":"0","right":"0","bottom":"0","left":"0","isLinked":false},"selected_icon":{"value":"fas fa-angle-double-right","library":"fa-solid"}},"elements":[],"isInner":false,"widgetType":"button","elType":"widget"}],"isInner":false,"elType":"column"}],"isInner":false,"elType":"section"},{"id":"79e57b20","settings":{"content_width":{"unit":"px","size":700},"background_background":"classic","background_color":"#f9f1ed","padding":{"unit":"%","top":"4","right":"0","bottom":"4","left":"0","isLinked":false},"background_image":{"id":"3598","url":"https:\/\/cliente.shazamlnv.com\/setasolar\/wp-content\/uploads\/2022\/04\/pink-hair-selfie-bun.jpg"},"background_position":"bottom center","background_overlay_background":"classic","background_overlay_color":"#fff2ea","stretch_section":"section-stretched","background_xpos":{"unit":"px","size":103},"background_attachment":"fixed","background_size":"cover","background_overlay_opacity":{"unit":"px","size":0.65000000000000002220446049250313080847263336181640625}},"elements":[{"id":"74edcf06","settings":{"_column_size":100,"_inline_size":null,"_inline_size_tablet":100,"content_position":"center","padding":{"unit":"%","top":"12","right":"12","bottom":"12","left":"12","isLinked":true},"padding_tablet":{"unit":"em","top":"2","right":"5","bottom":"2","left":"5","isLinked":false},"padding_mobile":{"unit":"em","top":"1","right":"1","bottom":"1","left":"1","isLinked":true}},"elements":[{"id":"292944c","settings":{"gap":"no","structure":"20","padding":{"unit":"px","top":"0","right":"0","bottom":"0","left":"0","isLinked":false}},"elements":[{"id":"7c7ae628","settings":{"_column_size":50,"_inline_size":27.5,"content_position":"center","animation":"fadeInLeft"},"elements":[{"id":"29e02f11","settings":{"weight":{"unit":"px","size":3},"color":"#f28f79","align":"left","_animation":"fadeInLeft","width_mobile":{"unit":"%","size":49},"align_mobile":"left","text":"Divis\u00f3ria"},"elements":[],"isInner":false,"widgetType":"divider","elType":"widget"}],"isInner":true,"elType":"column"},{"id":"2832d466","settings":{"_column_size":50,"_inline_size":72.5,"padding":{"unit":"px","top":"0","right":"0","bottom":"0","left":"10","isLinked":false}},"elements":[{"id":"5267c1b","settings":{"title":"Contact Us","header_size":"h3","title_color":"#000000","typography_typography":"custom","typography_font_family":"Yellowtail","typography_font_size":{"unit":"rem","size":2},"typography_font_weight":"100","typography_text_transform":"capitalize","_animation":"fadeInUp","animation_duration":"fast","align_mobile":"center","align":"left"},"elements":[],"isInner":false,"widgetType":"heading","elType":"widget"}],"isInner":true,"elType":"column"}],"isInner":true,"elType":"section"},{"id":"2fc4e834","settings":{"title":"Book Now","title_color":"#000000","typography_typography":"custom","typography_font_family":"Zilla Slab","typography_font_size":{"unit":"rem","size":5.79999999999999982236431605997495353221893310546875},"typography_font_size_mobile":{"unit":"rem","size":3},"typography_font_weight":"100","typography_text_transform":"capitalize","typography_line_height":{"unit":"em","size":1.1999999999999999555910790149937383830547332763671875},"align_mobile":"center","_margin_mobile":{"unit":"px","top":"8","right":"0","bottom":"0","left":"0","isLinked":false},"align":"center"},"elements":[],"isInner":false,"widgetType":"heading","elType":"widget"},{"id":"6206671d","settings":{"gap":"no","structure":"20","padding":{"unit":"px","top":"0","right":"0","bottom":"0","left":"0","isLinked":false}},"elements":[{"id":"3c099646","settings":{"_column_size":50,"_inline_size":72.5,"padding":{"unit":"px","top":"0","right":"0","bottom":"0","left":"0","isLinked":false}},"elements":[{"id":"238e0d5","settings":{"editor":"<p>Reinvent yourself today!<\/p>","text_color":"#000000","typography_typography":"custom","typography_font_family":"Yellowtail","typography_font_size":{"unit":"rem","size":2.20000000000000017763568394002504646778106689453125},"typography_line_height":{"unit":"em","size":0.1000000000000000055511151231257827021181583404541015625},"align":"right","typography_font_size_tablet":{"unit":"rem","size":1.8000000000000000444089209850062616169452667236328125},"typography_font_weight":"100","_padding":{"unit":"px","top":"0","right":"15","bottom":"0","left":"0","isLinked":false},"animation_duration":"fast","align_mobile":"center","typography_font_size_mobile":{"unit":"rem","size":1.600000000000000088817841970012523233890533447265625}},"elements":[],"isInner":false,"widgetType":"text-editor","elType":"widget"}],"isInner":true,"elType":"column"},{"id":"65e85af1","settings":{"_column_size":50,"_inline_size":27.5,"content_position":"center","animation":"fadeInLeft"},"elements":[{"id":"48489576","settings":{"weight":{"unit":"px","size":3},"color":"#f28f79","align":"left","_animation":"fadeInRight","width_mobile":{"unit":"%","size":46},"align_mobile":"right","text":"Divis\u00f3ria"},"elements":[],"isInner":false,"widgetType":"divider","elType":"widget"}],"isInner":true,"elType":"column"}],"isInner":true,"elType":"section"},{"id":"63fbcf3f","settings":{"space_mobile":{"unit":"px","size":10},"space":{"unit":"px","size":16}},"elements":[],"isInner":false,"widgetType":"spacer","elType":"widget"},{"id":"3b38ea2c","settings":{"text":"- Contact me -","typography_typography":"custom","typography_font_size":{"unit":"rem","size":0.90000000000000002220446049250313080847263336181640625},"hover_animation":"hang","align_mobile":"center","typography_text_transform":"uppercase","typography_letter_spacing":{"unit":"px","size":0.5},"background_color":"#f28f79","typography_font_family":"Montserrat","align":"center","_animation":"fadeInUp","size":"lg","border_radius":{"unit":"px","top":"60","right":"60","bottom":"60","left":"60","isLinked":true}},"elements":[],"isInner":false,"widgetType":"button","elType":"widget"},{"id":"2c200013","settings":{"social_icon_list":[{"social":"fa fa-facebook","_id":"61c8347"},{"social":"fa fa-twitter","_id":"a10e5c5"},{"social":"fa fa-instagram","_id":"1fae0d6"}],"shape":"circle","icon_color":"custom","icon_primary_color":"rgba(242,143,121,0)","icon_secondary_color":"#000000","icon_size":{"unit":"px","size":22},"icon_padding":{"unit":"px","size":""},"hover_primary_color":"rgba(0,0,0,0)","hover_secondary_color":"#f28f79","hover_animation":"grow","_border_color":"#f28f79"},"elements":[],"isInner":false,"widgetType":"social-icons","elType":"widget"}],"isInner":false,"elType":"column"}],"isInner":false,"elType":"section"}],"page_settings":[],"version":"0.4","title":"SAL\u00c3O DE BELEZA","type":"section"}