{"content":[{"id":"1987cc3a","settings":{"jet_parallax_layout_list":[{"jet_parallax_layout_image":{"url":"","id":""},"_id":"3e9b153","jet_parallax_layout_speed":{"unit":"%","size":50},"jet_parallax_layout_type":"scroll","jet_parallax_layout_z_index":"","jet_parallax_layout_bg_x":50,"jet_parallax_layout_bg_y":50,"jet_parallax_layout_bg_size":"auto","jet_parallax_layout_animation_prop":"transform"}],"background_background":"classic","background_position":"top center","background_repeat":"no-repeat","padding":{"unit":"px","top":"0","right":"0","bottom":"0","left":"0","isLinked":false},"padding_tablet":{"unit":"px","top":"0","right":"0","bottom":"40","left":"0","isLinked":false},"margin":{"unit":"px","top":"0","right":0,"bottom":"0","left":0,"isLinked":false},"background_color":"#EDEEF3","margin_tablet":{"unit":"px","top":"0","right":0,"bottom":"0","left":0,"isLinked":true}},"elements":[{"id":"7ecb1863","settings":{"_column_size":100,"_inline_size":null,"space_between_widgets":0,"_inline_size_tablet":100,"padding_tablet":{"unit":"px","top":"0","right":"15","bottom":"0","left":"15","isLinked":false},"padding":{"unit":"px","top":"0","right":"0","bottom":"0","left":"0","isLinked":true}},"elements":[{"id":"43dbb5b7","settings":{"title":"When you&nbsp control","align":"center","title_color":"#230101","typography_typography":"custom","typography_font_family":"Oswald","typography_font_size":{"unit":"px","size":140},"typography_font_weight":"bold","typography_text_transform":"uppercase","typography_font_style":"normal","typography_text_decoration":"none","typography_line_height":{"unit":"em","size":1},"typography_letter_spacing":{"unit":"px","size":0},"_margin":{"unit":"px","top":"0","right":"-10","bottom":"0","left":"-10","isLinked":false},"_padding":{"unit":"px","top":"148","right":"0","bottom":"0","left":"0","isLinked":false},"align_tablet":"center","align_mobile":"center","typography_font_size_mobile":{"unit":"px","size":70},"_margin_tablet":{"unit":"px","top":"0","right":"0","bottom":"0","left":"0","isLinked":false},"_margin_mobile":{"unit":"px","top":"0","right":"0","bottom":"0","left":"0","isLinked":false},"_padding_tablet":{"unit":"px","top":"80","right":"20","bottom":"0","left":"20","isLinked":false},"_padding_mobile":{"unit":"px","top":"0","right":"0","bottom":"0","left":"0","isLinked":false}},"elements":[],"isInner":false,"widgetType":"heading","elType":"widget"},{"id":"1df743b0","settings":[],"elements":[{"id":"5e2d992d","settings":{"_column_size":100,"_inline_size":null,"background_background":"classic","margin":{"unit":"px","top":"35","right":"0","bottom":"0","left":"0","isLinked":false},"padding":{"unit":"px","top":"0","right":"20","bottom":"0","left":"20","isLinked":false}},"elements":[{"id":"7686d69b","settings":{"title":"your body","align":"center","typography_typography":"custom","typography_font_family":"Oswald","typography_font_size":{"unit":"px","size":170},"typography_font_weight":"bold","typography_text_transform":"uppercase","typography_line_height":{"unit":"em","size":0.200000000000000011102230246251565404236316680908203125},"_margin":{"unit":"px","top":"064","right":"-12","bottom":"0","left":"0","isLinked":false},"_padding":{"unit":"px","top":"100","right":"0","bottom":"119","left":"0","isLinked":false},"_z_index":999,"_background_background":"classic","_background_color":"rgba(255,255,255,0.87)","title_color":"#333333","typography_font_size_tablet":{"unit":"px","size":86},"typography_font_size_mobile":{"unit":"px","size":42},"typography_line_height_tablet":{"unit":"em","size":0.90000000000000002220446049250313080847263336181640625},"_margin_tablet":{"unit":"px","top":"250","right":"0","bottom":"0","left":"0","isLinked":false},"_margin_mobile":{"unit":"px","top":"49","right":"0","bottom":"0","left":"0","isLinked":false},"_padding_tablet":{"unit":"px","top":"60","right":"0","bottom":"60","left":"0","isLinked":false},"_padding_mobile":{"unit":"px","top":"19","right":"0","bottom":"39","left":"0","isLinked":false},"typography_font_style":"normal","typography_text_decoration":"none"},"elements":[],"isInner":false,"widgetType":"heading","elType":"widget"},{"id":"12c2bc58","settings":{"title":"fit training","align":"center","title_color":"#333333","typography_typography":"custom","typography_font_family":"Nunito Sans","typography_font_size":{"unit":"px","size":16},"typography_font_weight":"200","typography_text_transform":"uppercase","typography_line_height":{"unit":"em","size":1},"typography_letter_spacing":{"unit":"px","size":0},"_margin":{"unit":"px","top":"-32","right":"-32","bottom":"-32","left":"-32","isLinked":true},"_z_index":1000,"_margin_mobile":{"unit":"px","top":"-31","right":"0","bottom":"0","left":"0","isLinked":false},"_padding_tablet":{"unit":"px","top":"0","right":"0","bottom":"0","left":"0","isLinked":false}},"elements":[],"isInner":false,"widgetType":"heading","elType":"widget"},{"id":"23a52700","settings":{"image":{"id":"3416","url":"https:\/\/cliente.shazamlnv.com\/setasolar\/wp-content\/uploads\/2022\/04\/header-1.png"},"image_size":"full","align":"center","space":{"unit":"%","size":100},"_margin":{"unit":"px","top":"-613","right":"0","bottom":"0","left":"131","isLinked":false},"_padding":{"unit":"px","top":"0","right":"0","bottom":"0","left":"0","isLinked":false},"_margin_tablet":{"unit":"px","top":"-460","right":"0","bottom":"-38","left":"85","isLinked":false},"_padding_tablet":{"unit":"px","top":"0","right":"0","bottom":"0","left":"0","isLinked":true},"align_mobile":"center","_margin_mobile":{"unit":"px","top":"-165","right":"0","bottom":"-38","left":"14","isLinked":false},"_padding_mobile":{"unit":"px","top":"0","right":"0","bottom":"0","left":"21","isLinked":false}},"elements":[],"isInner":false,"widgetType":"image","elType":"widget"}],"isInner":true,"elType":"column"}],"isInner":true,"elType":"section"}],"isInner":false,"elType":"column"}],"isInner":false,"elType":"section"},{"id":"51eda7e5","settings":{"jet_parallax_layout_list":[{"jet_parallax_layout_image":{"id":"25","url":"https:\/\/demo.crocoblock.com\/crosszone\/wp-content\/uploads\/2018\/05\/crossfit_paralax_element1.png"},"_id":"b34bce4","jet_parallax_layout_speed":{"unit":"%","size":3},"jet_parallax_layout_type":"scroll","jet_parallax_layout_z_index":"","jet_parallax_layout_bg_x":47.2000000000000028421709430404007434844970703125,"jet_parallax_layout_bg_y":21.39999999999999857891452847979962825775146484375,"jet_parallax_layout_bg_size":"auto","jet_parallax_layout_animation_prop":"transform"},{"jet_parallax_layout_image":{"id":"25","url":"https:\/\/demo.crocoblock.com\/crosszone\/wp-content\/uploads\/2018\/05\/crossfit_paralax_element1.png"},"jet_parallax_layout_speed":{"unit":"%","size":3},"jet_parallax_layout_type":"scroll","jet_parallax_layout_z_index":"","jet_parallax_layout_bg_x":18,"jet_parallax_layout_bg_y":79,"jet_parallax_layout_bg_size":"auto","jet_parallax_layout_animation_prop":"transform","_id":"7176fe1"}],"margin":{"unit":"px","top":"0","right":0,"bottom":"0","left":0,"isLinked":false},"padding":{"unit":"px","top":"140","right":"0","bottom":"100","left":"0","isLinked":false},"padding_tablet":{"unit":"px","top":"15","right":"0","bottom":"40","left":"0","isLinked":false},"padding_mobile":{"unit":"px","top":"30","right":"0","bottom":"30","left":"0","isLinked":false}},"elements":[{"id":"c038595","settings":{"_column_size":100,"_inline_size":null},"elements":[{"id":"69b508d7","settings":{"title":"WHAT WE CAN OFFER","align":"left","typography_typography":"custom","typography_font_family":"Nunito Sans","typography_font_size":{"unit":"px","size":14},"typography_font_weight":"200","typography_letter_spacing":{"unit":"px","size":0.200000000000000011102230246251565404236316680908203125},"_margin":{"unit":"px","top":"-90","right":"0","bottom":"0","left":"0","isLinked":false},"_padding":{"unit":"px","top":"0","right":"0","bottom":"0","left":"0","isLinked":false},"_margin_tablet":{"unit":"px","top":"0","right":"0","bottom":"0","left":"0","isLinked":false},"_padding_tablet":{"unit":"px","top":"0","right":"0","bottom":"0","left":"0","isLinked":false},"typography_line_height":{"unit":"em","size":1},"align_mobile":"center","title_color":"#9B9B9B","typography_text_transform":"uppercase","typography_font_style":"normal","typography_text_decoration":"none"},"elements":[],"isInner":false,"widgetType":"heading","elType":"widget"},{"id":"4244400d","settings":{"weight":{"unit":"px","size":4},"color":"#5488DB","width":{"unit":"%","size":2},"gap":{"unit":"px","size":6},"width_mobile":{"unit":"%","size":35},"align_mobile":"center","gap_mobile":{"unit":"px","size":11},"_margin_mobile":{"unit":"px","top":"0","right":"0","bottom":"0","left":"0","isLinked":false},"_padding_mobile":{"unit":"px","top":"0","right":"0","bottom":"0","left":"0","isLinked":false},"text":"Divis\u00f3ria"},"elements":[],"isInner":false,"widgetType":"divider","elType":"widget"},{"id":"215943b3","settings":{"structure":"20"},"elements":[{"id":"1af88172","settings":{"_column_size":50,"_inline_size":22.03399999999999891997504164464771747589111328125,"_inline_size_tablet":36,"padding":{"unit":"px","top":"0","right":"0","bottom":"0","left":"0","isLinked":false}},"elements":[{"id":"e188d8c","settings":{"title":"Welcome to","title_color":"#000000","typography_typography":"custom","typography_font_family":"Nunito Sans","typography_font_size":{"unit":"px","size":36},"typography_font_weight":"800","typography_text_transform":"uppercase","typography_line_height":{"unit":"em","size":1.3000000000000000444089209850062616169452667236328125},"_margin":{"unit":"px","top":"0","right":"0","bottom":"17","left":"0","isLinked":false},"_padding":{"unit":"px","top":"0","right":"0","bottom":"0","left":"0","isLinked":false},"typography_font_style":"normal","typography_text_decoration":"none","align_tablet":"left","align_mobile":"left","typography_font_size_mobile":{"unit":"px","size":27},"_margin_tablet":{"unit":"px","top":"0","right":"0","bottom":"0","left":"0","isLinked":false},"_padding_tablet":{"unit":"px","top":"0","right":"0","bottom":"0","left":"0","isLinked":false}},"elements":[],"isInner":false,"widgetType":"heading","elType":"widget"}],"isInner":true,"elType":"column"},{"id":"3842d811","settings":{"_column_size":50,"_inline_size":77.9659999999999939745976007543504238128662109375,"padding":{"unit":"px","top":"0","right":"0","bottom":"0","left":"0","isLinked":false}},"elements":[{"id":"74adf182","settings":{"title":"<span style=\"background-color:#674B90; color:white;\npadding:0 15px 0 15px;\n\">fit life<\/span>","title_color":"#000000","typography_typography":"custom","typography_font_family":"Nunito Sans","typography_font_size":{"unit":"px","size":36},"typography_font_weight":"800","typography_text_transform":"uppercase","typography_line_height":{"unit":"em","size":1.3000000000000000444089209850062616169452667236328125},"_margin":{"unit":"px","top":"0","right":"0","bottom":"17","left":"0","isLinked":false},"_padding":{"unit":"px","top":"0","right":"0","bottom":"0","left":"0","isLinked":false},"typography_font_style":"normal","typography_text_decoration":"none","align_tablet":"left","align_mobile":"left","typography_font_size_mobile":{"unit":"px","size":27},"_margin_tablet":{"unit":"px","top":"0","right":"0","bottom":"0","left":"0","isLinked":false},"_padding_tablet":{"unit":"px","top":"0","right":"0","bottom":"0","left":"0","isLinked":false}},"elements":[],"isInner":false,"widgetType":"heading","elType":"widget"}],"isInner":true,"elType":"column"}],"isInner":true,"elType":"section"},{"id":"383039d4","settings":{"structure":"30","margin_tablet":{"unit":"px","top":"13","right":0,"bottom":"15","left":0,"isLinked":false},"margin_mobile":{"unit":"px","top":"0","right":0,"bottom":"0","left":0,"isLinked":false},"padding_tablet":{"unit":"px","top":"0","right":"0","bottom":"0","left":"0","isLinked":false},"padding_mobile":{"unit":"px","top":"0","right":"0","bottom":"0","left":"0","isLinked":false}},"elements":[{"id":"217992f4","settings":{"_column_size":33,"_inline_size":null,"space_between_widgets":0,"background_background":"classic","background_image":{"id":"3418","url":"https:\/\/cliente.shazamlnv.com\/setasolar\/wp-content\/uploads\/2022\/04\/1.jpg"},"background_position":"center center","background_repeat":"no-repeat","background_size":"cover","margin":{"unit":"px","top":"54","right":"18","bottom":"0","left":"5","isLinked":false},"padding":{"unit":"px","top":"0","right":"0","bottom":"54","left":"0","isLinked":false},"margin_tablet":{"unit":"px","top":"0","right":"10","bottom":"0","left":"10","isLinked":false},"margin_mobile":{"unit":"px","top":"15","right":"0","bottom":"0","left":"0","isLinked":false},"padding_tablet":{"unit":"px","top":"0","right":"0","bottom":"0","left":"0","isLinked":false}},"elements":[{"id":"610641be","settings":{"title":"strength","align":"center","title_color":"#a3a3a3","typography_typography":"custom","typography_font_family":"Nunito Sans","typography_font_size":{"unit":"px","size":14},"typography_font_weight":"400","typography_font_style":"normal","typography_text_decoration":"none","typography_letter_spacing":{"unit":"px","size":-0.0200000000000000004163336342344337026588618755340576171875},"_margin":{"unit":"px","top":"40","right":"41","bottom":"0","left":"41","isLinked":false},"_padding":{"unit":"px","top":"82","right":"0","bottom":"118","left":"0","isLinked":false},"_background_background":"classic","_background_color":"rgba(255,255,255,0.88)","_margin_tablet":{"unit":"px","top":"50","right":"5","bottom":"0","left":"5","isLinked":false},"typography_line_height":{"unit":"em","size":1},"typography_text_transform":"uppercase"},"elements":[],"isInner":false,"widgetType":"heading","elType":"widget"},{"id":"143d1058","settings":{"title":"Powerlifting","align":"center","title_color":"#242424","typography_typography":"custom","typography_font_family":"Nunito Sans","typography_font_size":{"unit":"px","size":24},"typography_font_weight":"900","typography_text_transform":"none","typography_font_style":"normal","typography_text_decoration":"none","typography_line_height":{"unit":"em","size":1},"_margin":{"unit":"px","top":"-111","right":"0","bottom":"79","left":"0","isLinked":false},"_margin_tablet":{"unit":"px","top":"-105","right":"0","bottom":"126","left":"0","isLinked":false},"_padding":{"unit":"px","top":"0","right":"0","bottom":"0","left":"0","isLinked":false}},"elements":[],"isInner":false,"widgetType":"heading","elType":"widget"}],"isInner":true,"elType":"column"},{"id":"6e5f00de","settings":{"_column_size":33,"_inline_size":null,"space_between_widgets":0,"background_background":"classic","background_image":{"id":"3419","url":"https:\/\/cliente.shazamlnv.com\/setasolar\/wp-content\/uploads\/2022\/04\/2.jpg"},"background_position":"center center","background_repeat":"no-repeat","background_size":"cover","margin":{"unit":"px","top":"54","right":"18","bottom":"0","left":"5","isLinked":false},"padding":{"unit":"px","top":"0","right":"0","bottom":"54","left":"0","isLinked":false},"margin_tablet":{"unit":"px","top":"0","right":"10","bottom":"0","left":"10","isLinked":false},"margin_mobile":{"unit":"px","top":"15","right":"0","bottom":"0","left":"0","isLinked":false}},"elements":[{"id":"b3c4780","settings":{"title":"cardio","align":"center","title_color":"#a3a3a3","typography_typography":"custom","typography_font_family":"Nunito Sans","typography_font_size":{"unit":"px","size":14},"typography_font_weight":"400","typography_font_style":"normal","typography_text_decoration":"none","typography_letter_spacing":{"unit":"px","size":-0.0200000000000000004163336342344337026588618755340576171875},"_margin":{"unit":"px","top":"40","right":"41","bottom":"0","left":"41","isLinked":false},"_padding":{"unit":"px","top":"82","right":"0","bottom":"118","left":"0","isLinked":false},"_background_background":"classic","_background_color":"rgba(255,255,255,0.88)","_margin_tablet":{"unit":"px","top":"50","right":"5","bottom":"0","left":"5","isLinked":false},"typography_line_height":{"unit":"em","size":1},"typography_text_transform":"uppercase"},"elements":[],"isInner":false,"widgetType":"heading","elType":"widget"},{"id":"19222cc6","settings":{"title":"Indoor Cycling","align":"center","title_color":"#242424","typography_typography":"custom","typography_font_family":"Nunito Sans","typography_font_size":{"unit":"px","size":24},"typography_font_weight":"900","typography_text_transform":"none","typography_font_style":"normal","typography_text_decoration":"none","typography_line_height":{"unit":"em","size":1},"_margin":{"unit":"px","top":"-111","right":"0","bottom":"0","left":"0","isLinked":false},"_margin_tablet":{"unit":"px","top":"-105","right":"0","bottom":"0","left":"0","isLinked":false},"_margin_mobile":{"unit":"px","top":"-105","right":"0","bottom":"76","left":"0","isLinked":false},"_padding":{"unit":"px","top":"0","right":"0","bottom":"0","left":"0","isLinked":false}},"elements":[],"isInner":false,"widgetType":"heading","elType":"widget"}],"isInner":true,"elType":"column"},{"id":"18b7388","settings":{"_column_size":33,"_inline_size":null,"space_between_widgets":0,"background_background":"classic","background_image":{"id":"3420","url":"https:\/\/cliente.shazamlnv.com\/setasolar\/wp-content\/uploads\/2022\/04\/3.jpg"},"background_position":"center center","background_repeat":"no-repeat","background_size":"cover","margin":{"unit":"px","top":"54","right":"18","bottom":"0","left":"5","isLinked":false},"padding":{"unit":"px","top":"0","right":"0","bottom":"54","left":"0","isLinked":false},"margin_tablet":{"unit":"px","top":"0","right":"10","bottom":"0","left":"10","isLinked":false},"margin_mobile":{"unit":"px","top":"15","right":"0","bottom":"0","left":"0","isLinked":false}},"elements":[{"id":"342845d6","settings":{"title":"functional","align":"center","title_color":"#a3a3a3","typography_typography":"custom","typography_font_family":"Nunito Sans","typography_font_size":{"unit":"px","size":14},"typography_font_weight":"400","typography_font_style":"normal","typography_text_decoration":"none","typography_letter_spacing":{"unit":"px","size":-0.0200000000000000004163336342344337026588618755340576171875},"_margin":{"unit":"px","top":"40","right":"41","bottom":"0","left":"41","isLinked":false},"_padding":{"unit":"px","top":"82","right":"0","bottom":"118","left":"0","isLinked":false},"_background_background":"classic","_background_color":"rgba(255,255,255,0.88)","_margin_tablet":{"unit":"px","top":"50","right":"5","bottom":"0","left":"5","isLinked":false},"typography_line_height":{"unit":"em","size":1},"typography_text_transform":"uppercase"},"elements":[],"isInner":false,"widgetType":"heading","elType":"widget"},{"id":"7b45849a","settings":{"title":"Core Power","align":"center","title_color":"#242424","typography_typography":"custom","typography_font_family":"Nunito Sans","typography_font_size":{"unit":"px","size":24},"typography_font_weight":"900","typography_text_transform":"none","typography_font_style":"normal","typography_text_decoration":"none","typography_line_height":{"unit":"em","size":1},"_margin":{"unit":"px","top":"-111","right":"0","bottom":"0","left":"0","isLinked":false},"_margin_tablet":{"unit":"px","top":"-105","right":"0","bottom":"0","left":"0","isLinked":false},"_margin_mobile":{"unit":"px","top":"-105","right":"0","bottom":"76","left":"0","isLinked":false},"_padding":{"unit":"px","top":"0","right":"0","bottom":"0","left":"0","isLinked":false}},"elements":[],"isInner":false,"widgetType":"heading","elType":"widget"}],"isInner":true,"elType":"column"}],"isInner":true,"elType":"section"},{"id":"1ac866a9","settings":{"structure":"30"},"elements":[{"id":"246e8eec","settings":{"_column_size":33,"_inline_size":33.3900000000000005684341886080801486968994140625,"space_between_widgets":0,"background_background":"classic","background_image":{"id":"3421","url":"https:\/\/cliente.shazamlnv.com\/setasolar\/wp-content\/uploads\/2022\/04\/4.jpg"},"background_position":"center center","background_repeat":"no-repeat","background_size":"cover","margin":{"unit":"px","top":"54","right":"18","bottom":"0","left":"5","isLinked":false},"padding":{"unit":"px","top":"0","right":"0","bottom":"54","left":"0","isLinked":false},"margin_tablet":{"unit":"px","top":"0","right":"10","bottom":"0","left":"10","isLinked":false},"margin_mobile":{"unit":"px","top":"15","right":"0","bottom":"0","left":"0","isLinked":false}},"elements":[{"id":"75458053","settings":{"title":"strength","align":"center","title_color":"#a3a3a3","typography_typography":"custom","typography_font_family":"Nunito Sans","typography_font_size":{"unit":"px","size":14},"typography_font_weight":"400","typography_font_style":"normal","typography_text_decoration":"none","typography_letter_spacing":{"unit":"px","size":-0.0200000000000000004163336342344337026588618755340576171875},"_margin":{"unit":"px","top":"40","right":"41","bottom":"0","left":"41","isLinked":false},"_padding":{"unit":"px","top":"82","right":"0","bottom":"118","left":"0","isLinked":false},"_background_background":"classic","_background_color":"rgba(255,255,255,0.88)","_margin_tablet":{"unit":"px","top":"50","right":"5","bottom":"0","left":"5","isLinked":false},"typography_line_height":{"unit":"em","size":1},"typography_text_transform":"uppercase"},"elements":[],"isInner":false,"widgetType":"heading","elType":"widget"},{"id":"298cf19c","settings":{"title":"Kettbell Power","align":"center","title_color":"#242424","typography_typography":"custom","typography_font_family":"Nunito Sans","typography_font_size":{"unit":"px","size":24},"typography_font_weight":"900","typography_text_transform":"none","typography_font_style":"normal","typography_text_decoration":"none","typography_line_height":{"unit":"em","size":1},"_margin":{"unit":"px","top":"-111","right":"0","bottom":"79","left":"0","isLinked":false},"_margin_tablet":{"unit":"px","top":"-105","right":"0","bottom":"70","left":"0","isLinked":false},"_margin_mobile":{"unit":"px","top":"-105","right":"0","bottom":"76","left":"0","isLinked":false},"_padding":{"unit":"px","top":"0","right":"0","bottom":"0","left":"0","isLinked":false}},"elements":[],"isInner":false,"widgetType":"heading","elType":"widget"}],"isInner":true,"elType":"column"},{"id":"5b0fa2d2","settings":{"_column_size":33,"_inline_size":33.27600000000000335376171278767287731170654296875,"space_between_widgets":0,"background_background":"classic","background_image":{"id":"3422","url":"https:\/\/cliente.shazamlnv.com\/setasolar\/wp-content\/uploads\/2022\/04\/5.jpg"},"background_position":"center center","background_repeat":"no-repeat","background_size":"cover","margin":{"unit":"px","top":"54","right":"18","bottom":"0","left":"5","isLinked":false},"padding":{"unit":"px","top":"0","right":"0","bottom":"54","left":"0","isLinked":false},"margin_tablet":{"unit":"px","top":"0","right":"10","bottom":"0","left":"10","isLinked":false},"margin_mobile":{"unit":"px","top":"15","right":"0","bottom":"0","left":"0","isLinked":false}},"elements":[{"id":"521704ce","settings":{"title":"Cardio","align":"center","title_color":"#a3a3a3","typography_typography":"custom","typography_font_family":"Nunito Sans","typography_font_size":{"unit":"px","size":14},"typography_font_weight":"400","typography_font_style":"normal","typography_text_decoration":"none","typography_letter_spacing":{"unit":"px","size":-0.0200000000000000004163336342344337026588618755340576171875},"_margin":{"unit":"px","top":"40","right":"41","bottom":"0","left":"41","isLinked":false},"_padding":{"unit":"px","top":"82","right":"0","bottom":"118","left":"0","isLinked":false},"_background_background":"classic","_background_color":"rgba(255,255,255,0.88)","_margin_tablet":{"unit":"px","top":"50","right":"5","bottom":"0","left":"5","isLinked":false},"typography_line_height":{"unit":"em","size":1},"typography_text_transform":"uppercase"},"elements":[],"isInner":false,"widgetType":"heading","elType":"widget"},{"id":"52f3dfd2","settings":{"title":"Body Works","align":"center","title_color":"#242424","typography_typography":"custom","typography_font_family":"Nunito Sans","typography_font_size":{"unit":"px","size":24},"typography_font_weight":"900","typography_text_transform":"none","typography_font_style":"normal","typography_text_decoration":"none","typography_line_height":{"unit":"em","size":1},"_margin":{"unit":"px","top":"-111","right":"0","bottom":"79","left":"0","isLinked":false},"_margin_tablet":{"unit":"px","top":"-105","right":"0","bottom":"0","left":"0","isLinked":false},"_margin_mobile":{"unit":"px","top":"-105","right":"0","bottom":"76","left":"0","isLinked":false},"_padding":{"unit":"px","top":"0","right":"0","bottom":"0","left":"0","isLinked":false}},"elements":[],"isInner":false,"widgetType":"heading","elType":"widget"}],"isInner":true,"elType":"column"},{"id":"1465a716","settings":{"_column_size":33,"_inline_size":null,"space_between_widgets":0,"background_background":"classic","background_image":{"id":"3423","url":"https:\/\/cliente.shazamlnv.com\/setasolar\/wp-content\/uploads\/2022\/04\/6.jpg"},"background_position":"center center","background_repeat":"no-repeat","background_size":"cover","margin":{"unit":"px","top":"54","right":"18","bottom":"0","left":"5","isLinked":false},"padding":{"unit":"px","top":"0","right":"0","bottom":"54","left":"0","isLinked":false},"margin_tablet":{"unit":"px","top":"0","right":"10","bottom":"0","left":"10","isLinked":false},"margin_mobile":{"unit":"px","top":"15","right":"0","bottom":"0","left":"0","isLinked":false}},"elements":[{"id":"5937f7f1","settings":{"title":"functional","align":"center","title_color":"#a3a3a3","typography_typography":"custom","typography_font_family":"Nunito Sans","typography_font_size":{"unit":"px","size":14},"typography_font_weight":"400","typography_font_style":"normal","typography_text_decoration":"none","typography_letter_spacing":{"unit":"px","size":-0.0200000000000000004163336342344337026588618755340576171875},"_margin":{"unit":"px","top":"40","right":"41","bottom":"0","left":"41","isLinked":false},"_padding":{"unit":"px","top":"82","right":"0","bottom":"118","left":"0","isLinked":false},"_background_background":"classic","_background_color":"rgba(255,255,255,0.88)","_margin_tablet":{"unit":"px","top":"50","right":"5","bottom":"0","left":"5","isLinked":false},"typography_line_height":{"unit":"em","size":1},"typography_text_transform":"uppercase"},"elements":[],"isInner":false,"widgetType":"heading","elType":"widget"},{"id":"60aa978d","settings":{"title":"Mobility Circle","align":"center","title_color":"#242424","typography_typography":"custom","typography_font_family":"Nunito Sans","typography_font_size":{"unit":"px","size":24},"typography_font_weight":"900","typography_text_transform":"none","typography_font_style":"normal","typography_text_decoration":"none","typography_line_height":{"unit":"em","size":1},"_margin":{"unit":"px","top":"-111","right":"0","bottom":"79","left":"0","isLinked":false},"_margin_tablet":{"unit":"px","top":"-105","right":"0","bottom":"0","left":"0","isLinked":false},"_margin_mobile":{"unit":"px","top":"-105","right":"0","bottom":"76","left":"0","isLinked":false},"_padding":{"unit":"px","top":"0","right":"0","bottom":"0","left":"0","isLinked":false}},"elements":[],"isInner":false,"widgetType":"heading","elType":"widget"}],"isInner":true,"elType":"column"}],"isInner":true,"elType":"section"}],"isInner":false,"elType":"column"}],"isInner":false,"elType":"section"},{"id":"7aed444d","settings":{"layout":"full_width","structure":"20","background_background":"classic","background_image":{"id":"3424","url":"https:\/\/cliente.shazamlnv.com\/setasolar\/wp-content\/uploads\/2022\/04\/img1.png"},"background_position":"center center","background_repeat":"no-repeat","background_size":"cover","padding":{"unit":"px","top":"070","right":"0","bottom":"0","left":"0","isLinked":false},"margin_mobile":{"unit":"px","top":"0","right":0,"bottom":"-60","left":0,"isLinked":false},"padding_mobile":{"unit":"px","top":"0","right":"0","bottom":"0","left":"0","isLinked":false}},"elements":[{"id":"6c4a703","settings":{"_column_size":50,"_inline_size":null},"elements":[],"isInner":false,"elType":"column"},{"id":"1710eb2d","settings":{"_column_size":50,"_inline_size":null},"elements":[{"id":"30b0f6aa","settings":{"title":"fitness training","title_color":"#ffffff","typography_typography":"custom","typography_font_family":"Nunito Sans","typography_font_size":{"unit":"px","size":14},"typography_font_weight":"200","typography_text_transform":"uppercase","typography_letter_spacing":{"unit":"px","size":3},"_margin":{"unit":"px","top":"0","right":"0","bottom":"0","left":"0","isLinked":false},"_padding":{"unit":"px","top":"0","right":"0","bottom":"0","left":"0","isLinked":false},"align_mobile":"center"},"elements":[],"isInner":false,"widgetType":"heading","elType":"widget"},{"id":"5753f269","settings":{"weight":{"unit":"px","size":3},"color":"#5488DB","width":{"unit":"%","size":4},"gap":{"unit":"px","size":7},"width_mobile":{"unit":"%","size":30},"align_mobile":"center","text":"Divis\u00f3ria"},"elements":[],"isInner":false,"widgetType":"divider","elType":"widget"},{"id":"5bb81963","settings":{"title":"We offer Award","title_color":"#ffffff","typography_typography":"custom","typography_font_family":"Oswald","typography_font_size":{"unit":"px","size":64},"typography_font_weight":"bold","typography_text_transform":"uppercase","typography_font_style":"normal","typography_text_decoration":"none","typography_line_height":{"unit":"em","size":1.6999999999999999555910790149937383830547332763671875},"align_mobile":"center","typography_line_height_tablet":{"unit":"em","size":1.1999999999999999555910790149937383830547332763671875},"_padding_tablet":{"unit":"px","top":"15","right":"15","bottom":"15","left":"15","isLinked":true}},"elements":[],"isInner":false,"widgetType":"heading","elType":"widget"},{"id":"57f5a972","settings":{"title":"winning fitness","title_color":"#ffffff","typography_typography":"custom","typography_font_family":"Oswald","typography_font_size":{"unit":"px","size":64},"typography_font_weight":"bold","typography_text_transform":"uppercase","typography_line_height":{"unit":"em","size":1.399999999999999911182158029987476766109466552734375},"_margin":{"unit":"px","top":"0","right":"0","bottom":"30","left":"0","isLinked":false},"_padding":{"unit":"px","top":"0","right":"0","bottom":"0","left":"0","isLinked":false},"header_size":"span","_css_classes":"text-bg","align_mobile":"center","typography_line_height_tablet":{"unit":"em","size":1.1999999999999999555910790149937383830547332763671875}},"elements":[],"isInner":false,"widgetType":"heading","elType":"widget"},{"id":"18939a28","settings":{"text":"Read More","typography_typography":"custom","typography_font_family":"Roboto","typography_font_size":{"unit":"px","size":17},"typography_font_weight":"500","typography_text_transform":"none","typography_font_style":"normal","typography_text_decoration":"none","typography_line_height":{"unit":"em","size":1},"typography_letter_spacing":{"unit":"px","size":0},"button_text_color":"#54595f","background_color":"#ffffff","border_radius":{"unit":"px","top":"50","right":"50","bottom":"50","left":"50","isLinked":true},"text_padding":{"unit":"px","top":"15","right":"045","bottom":"15","left":"45","isLinked":false},"_margin":{"unit":"px","top":"0","right":"0","bottom":"0","left":"0","isLinked":false},"_padding":{"unit":"px","top":"0","right":"0","bottom":"103","left":"0","isLinked":false},"align_mobile":"center"},"elements":[],"isInner":false,"widgetType":"button","elType":"widget"}],"isInner":false,"elType":"column"}],"isInner":false,"elType":"section"},{"id":"40e6e7a2","settings":{"structure":"20","jet_parallax_layout_list":[{"jet_parallax_layout_image":{"url":"","id":""},"_id":"91de72d","jet_parallax_layout_speed":{"unit":"%","size":50},"jet_parallax_layout_type":"scroll","jet_parallax_layout_z_index":"","jet_parallax_layout_bg_x":50,"jet_parallax_layout_bg_y":50,"jet_parallax_layout_bg_size":"auto","jet_parallax_layout_animation_prop":"transform"}],"background_background":"classic","background_color":"#ffffff","padding":{"unit":"px","top":"69","right":"0","bottom":"0","left":"0","isLinked":false},"z_index":1,"padding_tablet":{"unit":"px","top":"40","right":"0","bottom":"0","left":"0","isLinked":false},"padding_mobile":{"unit":"px","top":"6","right":"0","bottom":"0","left":"0","isLinked":false}},"elements":[{"id":"7345cbea","settings":{"_column_size":50,"_inline_size":null,"space_between_widgets":0,"color_link":"#5488db","color_link_hover":"#276cdb","padding":{"unit":"px","top":"0","right":"0","bottom":"0","left":"15","isLinked":false},"_inline_size_tablet":100,"padding_tablet":{"unit":"px","top":"0","right":"0","bottom":"0","left":"15","isLinked":false},"z_index":1},"elements":[{"id":"7ce20711","settings":{"space":{"unit":"px","size":16},"space_mobile":{"unit":"px","size":15}},"elements":[],"isInner":false,"widgetType":"spacer","elType":"widget"},{"id":"76e0bab8","settings":{"title":"Our advantages","align":"left","title_color":"#9B9B9B","typography_typography":"custom","typography_font_family":"Nunito Sans","typography_font_size":{"unit":"px","size":14},"typography_font_weight":"200","typography_text_transform":"uppercase","typography_letter_spacing":{"unit":"px","size":1},"align_mobile":"center","typography_font_style":"normal"},"elements":[],"isInner":false,"widgetType":"heading","elType":"widget"},{"id":"4a7d5bce","settings":{"weight":{"unit":"px","size":3},"color":"#5488DB","width":{"unit":"%","size":4},"gap":{"unit":"px","size":10},"width_mobile":{"unit":"%","size":31},"align_mobile":"center","_margin_mobile":{"unit":"px","top":"0","right":"0","bottom":"0","left":"0","isLinked":false},"_padding_mobile":{"unit":"px","top":"0","right":"0","bottom":"0","left":"0","isLinked":false},"text":"Divis\u00f3ria"},"elements":[],"isInner":false,"widgetType":"divider","elType":"widget"},{"id":"1c2c261e","settings":{"space":{"unit":"px","size":26},"space_mobile":{"unit":"px","size":15}},"elements":[],"isInner":false,"widgetType":"spacer","elType":"widget"},{"id":"4027d460","settings":{"title":"Muscle building with","title_color":"#000000","typography_typography":"custom","typography_font_family":"Nunito Sans","typography_font_size":{"unit":"px","size":36},"typography_font_weight":"800","typography_text_transform":"uppercase","typography_line_height":{"unit":"em","size":1.3000000000000000444089209850062616169452667236328125},"_margin":{"unit":"px","top":"0","right":"0","bottom":"17","left":"0","isLinked":false},"_padding":{"unit":"px","top":"0","right":"0","bottom":"0","left":"0","isLinked":false},"typography_font_style":"normal","typography_text_decoration":"none","align_tablet":"left"},"elements":[],"isInner":false,"widgetType":"heading","elType":"widget"},{"id":"52c2ee61","settings":{"title":"<span style=\"background-color:#674B90; color:white;\npadding:0 15px 0 15px;\n\">professionals<\/span>","title_color":"#000000","typography_typography":"custom","typography_font_family":"Nunito Sans","typography_font_size":{"unit":"px","size":36},"typography_font_weight":"800","typography_text_transform":"uppercase","typography_line_height":{"unit":"em","size":1.3000000000000000444089209850062616169452667236328125},"_margin":{"unit":"px","top":"0","right":"0","bottom":"17","left":"0","isLinked":false},"_padding":{"unit":"px","top":"0","right":"0","bottom":"0","left":"0","isLinked":false},"typography_font_style":"normal","typography_text_decoration":"none","align_tablet":"left"},"elements":[],"isInner":false,"widgetType":"heading","elType":"widget"},{"id":"5c2171a5","settings":{"space":{"unit":"px","size":20},"space_mobile":{"unit":"px","size":15}},"elements":[],"isInner":false,"widgetType":"spacer","elType":"widget"},{"id":"79522401","settings":{"tabs":[{"tab_title":"Sport family","tab_content":"<p>I am item content. Click edit button to change this text. Lorem ipsum dolor sit amet, consectetur adipiscing elit. Ut elit tellus, luctus nec ullamcorper mattis, pulvinar dapibus leo.<\/p>","_id":"43035cb"},{"tab_title":"Fitness for children","tab_content":"<p>I am item content. Click edit button to change this text. Lorem ipsum dolor sit amet, consectetur adipiscing elit. Ut elit tellus, luctus nec ullamcorper mattis, pulvinar dapibus leo.<\/p>","_id":"246501b"},{"tab_title":"Bodybuilding","tab_content":"<p>I am item content. Click edit button to change this text. Lorem ipsum dolor sit amet, consectetur adipiscing elit. Ut elit tellus, luctus nec ullamcorper mattis, pulvinar dapibus leo.<\/p>","_id":"e82d16e"}],"border_width":{"unit":"px","size":0},"title_color":"#494949","title_typography_typography":"custom","title_typography_font_weight":"600","icon_color":"#060921","_margin":{"unit":"px","top":"0","right":"0","bottom":"0","left":"-19","isLinked":false},"_padding":{"unit":"px","top":"0","right":"0","bottom":"37","left":"0","isLinked":false},"content_typography_typography":"custom","content_typography_font_family":"Nunito Sans","title_typography_font_family":"Nunito Sans","title_typography_font_size":{"unit":"px","size":16},"title_typography_text_transform":"none","title_typography_font_style":"normal","title_typography_text_decoration":"none","content_typography_font_size":{"unit":"px","size":16},"content_typography_font_weight":"normal","content_typography_text_transform":"none","content_typography_font_style":"normal","content_typography_text_decoration":"none"},"elements":[],"isInner":false,"widgetType":"accordion","elType":"widget"}],"isInner":false,"elType":"column"},{"id":"547613c3","settings":{"_column_size":50,"_inline_size":null,"content_position":"bottom","margin":{"unit":"px","top":"0","right":"0","bottom":"0","left":"0","isLinked":false},"padding":{"unit":"px","top":"0","right":"0","bottom":"0","left":"0","isLinked":false},"_inline_size_tablet":100,"margin_tablet":{"unit":"px","top":"0","right":"0","bottom":"0","left":"0","isLinked":false},"margin_mobile":{"unit":"px","top":"0","right":"0","bottom":"0","left":"0","isLinked":false},"padding_tablet":{"unit":"px","top":"0","right":"0","bottom":"0","left":"0","isLinked":false},"padding_mobile":{"unit":"px","top":"15","right":"0","bottom":"0","left":"0","isLinked":false}},"elements":[{"id":"1b9807dc","settings":{"image":{"id":"3425","url":"https:\/\/cliente.shazamlnv.com\/setasolar\/wp-content\/uploads\/2022\/04\/img2.png"},"_margin":{"unit":"px","top":"-60","right":"0","bottom":"0","left":"-61","isLinked":false},"_padding":{"unit":"px","top":"0","right":"0","bottom":"0","left":"0","isLinked":false},"_margin_tablet":{"unit":"px","top":"0","right":"0","bottom":"0","left":"0","isLinked":false},"_padding_tablet":{"unit":"px","top":"0","right":"0","bottom":"0","left":"0","isLinked":false}},"elements":[],"isInner":false,"widgetType":"image","elType":"widget"}],"isInner":false,"elType":"column"}],"isInner":false,"elType":"section"},{"id":"4e6e9013","settings":{"jet_parallax_layout_list":[{"jet_parallax_layout_image":{"url":"","id":""},"_id":"64ae22f","jet_parallax_layout_speed":{"unit":"%","size":50},"jet_parallax_layout_type":"scroll","jet_parallax_layout_z_index":"","jet_parallax_layout_bg_x":50,"jet_parallax_layout_bg_y":50,"jet_parallax_layout_bg_size":"auto","jet_parallax_layout_animation_prop":"transform"}],"background_background":"classic","background_color":"#000000","padding":{"unit":"px","top":"50","right":"0","bottom":"50","left":"0","isLinked":false},"padding_tablet":{"unit":"px","top":"40","right":"0","bottom":"40","left":"0","isLinked":false},"padding_mobile":{"unit":"px","top":"30","right":"0","bottom":"30","left":"0","isLinked":false},"background_image":{"id":"3426","url":"https:\/\/cliente.shazamlnv.com\/setasolar\/wp-content\/uploads\/2022\/04\/advansed.png"},"background_position":"center center","background_repeat":"no-repeat","background_size":"cover"},"elements":[{"id":"782ce05b","settings":{"_column_size":100,"space_between_widgets":0,"margin":{"unit":"px","top":"0","right":"0","bottom":"0","left":"0","isLinked":false},"padding":{"unit":"px","top":"0","right":"15","bottom":"0","left":"15","isLinked":false},"padding_tablet":{"unit":"px","top":"0","right":"15","bottom":"0","left":"15","isLinked":false},"padding_mobile":{"unit":"px","top":"0","right":"15","bottom":"0","left":"15","isLinked":false},"_inline_size":null},"elements":[{"id":"d01a7de","settings":{"title":"Service","title_color":"#c6c6c6","typography_typography":"custom","typography_font_family":"Nunito Sans","typography_font_size":{"unit":"px","size":14},"typography_font_weight":"400","typography_text_transform":"uppercase","_margin":{"unit":"px","top":"17","right":"0","bottom":"0","left":"0","isLinked":false},"_padding":{"unit":"px","top":"0","right":"0","bottom":"0","left":"0","isLinked":false},"align_mobile":"center","typography_font_style":"normal","typography_text_decoration":"none","typography_line_height":{"unit":"em","size":1},"typography_letter_spacing":{"unit":"px","size":0}},"elements":[],"isInner":false,"widgetType":"heading","elType":"widget"},{"id":"1713cace","settings":{"weight":{"unit":"px","size":4},"color":"#5488DB","width":{"unit":"px","size":32},"gap":{"unit":"px","size":8},"align_mobile":"center","text":"Divis\u00f3ria"},"elements":[],"isInner":false,"widgetType":"divider","elType":"widget"},{"id":"230959f0","settings":{"structure":"20"},"elements":[{"id":"1533fbd9","settings":{"_column_size":50,"_inline_size":32.9729999999999989768184605054557323455810546875,"_inline_size_tablet":100,"margin_tablet":{"unit":"px","top":"0","right":"0","bottom":"-10","left":"0","isLinked":false},"padding":{"unit":"px","top":"0","right":"0","bottom":"0","left":"0","isLinked":false}},"elements":[{"id":"14524a0b","settings":{"title":"Our Advantages","title_color":"#ffffff","typography_typography":"custom","typography_font_family":"Nunito Sans","typography_font_size":{"unit":"px","size":36},"typography_font_weight":"800","typography_text_transform":"uppercase","typography_line_height":{"unit":"em","size":1.3000000000000000444089209850062616169452667236328125},"_margin":{"unit":"px","top":"0","right":"0","bottom":"17","left":"0","isLinked":false},"_padding":{"unit":"px","top":"7","right":"0","bottom":"0","left":"0","isLinked":false},"align_tablet":"left","_padding_tablet":{"unit":"px","top":"0","right":"0","bottom":"0","left":"0","isLinked":false},"typography_font_style":"normal","typography_text_decoration":"none"},"elements":[],"isInner":false,"widgetType":"heading","elType":"widget"}],"isInner":true,"elType":"column"},{"id":"5575c51c","settings":{"_column_size":50,"_inline_size":67.0270000000000010231815394945442676544189453125,"_inline_size_tablet":100,"padding":{"unit":"px","top":"0","right":"0","bottom":"0","left":"0","isLinked":false}},"elements":[{"id":"2e2ab9ba","settings":{"title":"<span style=\"background-color:#674B90; color:white;\npadding:0 15px 0 15px;\n\">Over Others<\/span>","title_color":"#ffffff","typography_typography":"custom","typography_font_family":"Nunito Sans","typography_font_size":{"unit":"px","size":36},"typography_font_weight":"800","typography_text_transform":"uppercase","typography_line_height":{"unit":"em","size":1.3000000000000000444089209850062616169452667236328125},"_margin":{"unit":"px","top":"0","right":"0","bottom":"17","left":"0","isLinked":false},"_padding":{"unit":"px","top":"7","right":"0","bottom":"0","left":"0","isLinked":false},"align_tablet":"left","typography_font_style":"normal","typography_text_decoration":"none"},"elements":[],"isInner":false,"widgetType":"heading","elType":"widget"}],"isInner":true,"elType":"column"}],"isInner":true,"elType":"section"},{"id":"178e09a6","settings":{"structure":"30"},"elements":[{"id":"1b5d26f7","settings":{"_column_size":33,"_inline_size":null,"margin":{"unit":"px","top":"0","right":"0","bottom":"20","left":"0","isLinked":false},"margin_mobile":{"unit":"px","top":"0","right":"0","bottom":"0","left":"0","isLinked":false},"padding_mobile":{"unit":"px","top":"0","right":"0","bottom":"0","left":"0","isLinked":false},"padding":{"unit":"px","top":"0","right":"0","bottom":"0","left":"0","isLinked":false}},"elements":[{"id":"18d5821d","settings":{"image":{"id":"3427","url":"https:\/\/cliente.shazamlnv.com\/setasolar\/wp-content\/uploads\/2022\/04\/iconmonstr-trophy-4-240-1.png"},"align":"left","width":{"unit":"px","size":79},"align_tablet":"center","align_mobile":"center"},"elements":[],"isInner":false,"widgetType":"image","elType":"widget"},{"id":"794d5a8","settings":{"title":"Qualified trainers","align":"left","title_color":"#ffffff","typography_typography":"custom","typography_font_family":"Montserrat","typography_font_size":{"unit":"px","size":18},"typography_font_weight":"bold","_padding":{"unit":"px","top":"34","right":"0","bottom":"0","left":"0","isLinked":false},"align_tablet":"center","align_mobile":"center","typography_text_transform":"none","typography_font_style":"normal","typography_text_decoration":"none"},"elements":[],"isInner":false,"widgetType":"heading","elType":"widget"},{"id":"28272ed8","settings":{"editor":"<p>Sit laudem tractatos persecuti simul legere ius, te vix liber utamur commodo gloriatur intellegam pro.<\/p>","align":"left","text_color":"#ffffff","typography_typography":"custom","typography_font_family":"Nunito Sans","typography_font_weight":"300","_padding":{"unit":"px","top":"20","right":"23","bottom":"0","left":"0","isLinked":false},"align_tablet":"center","align_mobile":"center","typography_text_transform":"none","typography_font_style":"normal","typography_text_decoration":"none"},"elements":[],"isInner":false,"widgetType":"text-editor","elType":"widget"}],"isInner":true,"elType":"column"},{"id":"76e15ee2","settings":{"_column_size":33,"_inline_size":null,"margin":{"unit":"px","top":"0","right":"0","bottom":"20","left":"0","isLinked":false},"margin_mobile":{"unit":"px","top":"0","right":"0","bottom":"0","left":"0","isLinked":false},"padding_mobile":{"unit":"px","top":"0","right":"0","bottom":"0","left":"0","isLinked":false},"padding":{"unit":"px","top":"0","right":"0","bottom":"0","left":"0","isLinked":false}},"elements":[{"id":"17e7c9b1","settings":{"image":{"id":"3428","url":"https:\/\/cliente.shazamlnv.com\/setasolar\/wp-content\/uploads\/2022\/04\/iconmonstr-eat-8-240-1.png"},"align":"left","width":{"unit":"px","size":79},"align_tablet":"center","align_mobile":"center"},"elements":[],"isInner":false,"widgetType":"image","elType":"widget"},{"id":"31fbf3c5","settings":{"title":"Sports cafe","align":"left","title_color":"#ffffff","typography_typography":"custom","typography_font_family":"Montserrat","typography_font_size":{"unit":"px","size":18},"typography_font_weight":"bold","_padding":{"unit":"px","top":"25","right":"0","bottom":"0","left":"0","isLinked":false},"align_tablet":"center","align_mobile":"center","typography_text_transform":"none","typography_font_style":"normal","typography_text_decoration":"none"},"elements":[],"isInner":false,"widgetType":"heading","elType":"widget"},{"id":"1cf66af4","settings":{"editor":"<p>His ea labitur oporteat voluptatum, porro malorum scripserit mea te. Ius error dicant feugiat tibique.<\/p>","align":"left","text_color":"#ffffff","typography_typography":"custom","typography_font_family":"Nunito Sans","typography_font_weight":"300","_padding":{"unit":"px","top":"15","right":"23","bottom":"0","left":"0","isLinked":false},"align_tablet":"center","align_mobile":"center","typography_text_transform":"none","typography_font_style":"normal","typography_text_decoration":"none"},"elements":[],"isInner":false,"widgetType":"text-editor","elType":"widget"}],"isInner":true,"elType":"column"},{"id":"588cc4ab","settings":{"_column_size":33,"_inline_size":null,"margin":{"unit":"px","top":"0","right":"0","bottom":"20","left":"0","isLinked":false},"margin_mobile":{"unit":"px","top":"0","right":"0","bottom":"0","left":"0","isLinked":false},"padding_mobile":{"unit":"px","top":"0","right":"0","bottom":"0","left":"0","isLinked":false},"padding":{"unit":"px","top":"0","right":"0","bottom":"0","left":"0","isLinked":false}},"elements":[{"id":"50760f0a","settings":{"image":{"id":"3429","url":"https:\/\/cliente.shazamlnv.com\/setasolar\/wp-content\/uploads\/2022\/04\/iconmonstr-basketball-2-240-1.png"},"align":"left","width":{"unit":"px","size":79},"align_tablet":"center","align_mobile":"center"},"elements":[],"isInner":false,"widgetType":"image","elType":"widget"},{"id":"dbb3f62","settings":{"title":"Modern equipment","align":"left","title_color":"#ffffff","typography_typography":"custom","typography_font_family":"Montserrat","typography_font_size":{"unit":"px","size":18},"typography_font_weight":"bold","_padding":{"unit":"px","top":"23","right":"0","bottom":"0","left":"0","isLinked":false},"align_tablet":"center","align_mobile":"center","typography_text_transform":"none","typography_font_style":"normal","typography_text_decoration":"none"},"elements":[],"isInner":false,"widgetType":"heading","elType":"widget"},{"id":"7f1942d9","settings":{"editor":"<p>Sit laudem tractatos persecuti ne, ex simul legere ius, te vix liber utamur commodo intellegam pro.<\/p>","align":"left","text_color":"#ffffff","typography_typography":"custom","typography_font_family":"Nunito Sans","typography_font_weight":"300","_padding":{"unit":"px","top":"13","right":"23","bottom":"0","left":"0","isLinked":false},"align_tablet":"center","align_mobile":"center","typography_text_transform":"none","typography_font_style":"normal","typography_text_decoration":"none"},"elements":[],"isInner":false,"widgetType":"text-editor","elType":"widget"}],"isInner":true,"elType":"column"}],"isInner":true,"elType":"section"}],"isInner":false,"elType":"column"}],"isInner":false,"elType":"section"},{"id":"79ae2c0","settings":{"jet_parallax_layout_list":[{"jet_parallax_layout_image":{"url":"","id":""},"_id":"40dd753","jet_parallax_layout_speed":{"unit":"%","size":50},"jet_parallax_layout_type":"scroll","jet_parallax_layout_z_index":"","jet_parallax_layout_bg_x":50,"jet_parallax_layout_bg_y":50,"jet_parallax_layout_bg_size":"auto","jet_parallax_layout_animation_prop":"transform"}],"background_background":"classic","background_position":"center center","background_attachment":"fixed","background_repeat":"no-repeat","background_size":"cover","background_overlay_background":"classic","background_overlay_opacity":{"unit":"px","size":0.9499999999999999555910790149937383830547332763671875},"padding":{"unit":"px","top":"60","right":"0","bottom":"60","left":"0","isLinked":false},"hide_mobile":"hidden-phone","margin_mobile":{"unit":"px","top":"0","right":0,"bottom":"0","left":0,"isLinked":false},"padding_mobile":{"unit":"px","top":"0","right":"0","bottom":"0","left":"0","isLinked":false}},"elements":[{"id":"664b20ce","settings":{"_column_size":100},"elements":[{"id":"131fae9d","settings":{"title":"gallery","title_color":"#c6c6c6","typography_typography":"custom","typography_font_family":"Nunito Sans","typography_font_size":{"unit":"px","size":14},"typography_font_weight":"400","typography_text_transform":"uppercase","_margin":{"unit":"px","top":"17","right":"0","bottom":"0","left":"0","isLinked":false},"_padding":{"unit":"px","top":"0","right":"0","bottom":"0","left":"0","isLinked":false},"align_mobile":"center","typography_font_style":"normal","typography_text_decoration":"none"},"elements":[],"isInner":false,"widgetType":"heading","elType":"widget"},{"id":"55dfb0e2","settings":{"weight":{"unit":"px","size":4},"color":"#5488DB","width":{"unit":"px","size":27},"gap":{"unit":"px","size":8},"align_mobile":"center","text":"Divis\u00f3ria"},"elements":[],"isInner":false,"widgetType":"divider","elType":"widget"},{"id":"6666006b","settings":{"title":"Photos from the training","title_color":"#000000","typography_typography":"custom","typography_font_family":"Nunito Sans","typography_font_size":{"unit":"px","size":36},"typography_font_weight":"800","typography_text_transform":"uppercase","typography_line_height":{"unit":"em","size":1.3000000000000000444089209850062616169452667236328125},"_margin":{"unit":"px","top":"0","right":"0","bottom":"17","left":"0","isLinked":false},"_padding":{"unit":"px","top":"7","right":"0","bottom":"0","left":"0","isLinked":false},"align_tablet":"left","typography_font_style":"normal","typography_text_decoration":"none"},"elements":[],"isInner":false,"widgetType":"heading","elType":"widget"},{"id":"67dad2d7","settings":{"title":"of our customers","title_color":"#ffffff","typography_typography":"custom","typography_font_family":"Nunito Sans","typography_font_size":{"unit":"px","size":36},"typography_font_weight":"800","typography_text_transform":"uppercase","typography_line_height":{"unit":"em","size":1.3000000000000000444089209850062616169452667236328125},"_margin":{"unit":"px","top":"-15","right":"0","bottom":"17","left":"0","isLinked":false},"_padding":{"unit":"px","top":"0","right":"0","bottom":"0","left":"0","isLinked":false},"_css_classes":"text-bg","align_tablet":"left","typography_font_style":"normal","typography_text_decoration":"none"},"elements":[],"isInner":false,"widgetType":"heading","elType":"widget"},{"id":"156ac501","settings":{"wp_gallery":[{"id":"3430","url":"https:\/\/cliente.shazamlnv.com\/setasolar\/wp-content\/uploads\/2022\/04\/cross_gallery1.jpg"},{"id":"3431","url":"https:\/\/cliente.shazamlnv.com\/setasolar\/wp-content\/uploads\/2022\/04\/cross_gallery2.jpg"},{"id":"3432","url":"https:\/\/cliente.shazamlnv.com\/setasolar\/wp-content\/uploads\/2022\/04\/cross_gallery3.jpg"},{"id":"3433","url":"https:\/\/cliente.shazamlnv.com\/setasolar\/wp-content\/uploads\/2022\/04\/cross_gallery4.jpg"},{"id":"3434","url":"https:\/\/cliente.shazamlnv.com\/setasolar\/wp-content\/uploads\/2022\/04\/cross_gallery5.jpg"},{"id":"3435","url":"https:\/\/cliente.shazamlnv.com\/setasolar\/wp-content\/uploads\/2022\/04\/cross_gallery6.jpg"},{"id":"3436","url":"https:\/\/cliente.shazamlnv.com\/setasolar\/wp-content\/uploads\/2022\/04\/cross_gallery7.jpg"},{"id":"3437","url":"https:\/\/cliente.shazamlnv.com\/setasolar\/wp-content\/uploads\/2022\/04\/cross_gallery8.jpg"},{"id":"3438","url":"https:\/\/cliente.shazamlnv.com\/setasolar\/wp-content\/uploads\/2022\/04\/cross_gallery9.jpg"}],"thumbnail_size":"full","gallery_columns":"3","image_spacing":"custom","image_spacing_custom":{"unit":"px","size":10},"_padding":{"unit":"px","top":"20","right":"0","bottom":"0","left":"0","isLinked":false},"_margin_mobile":{"unit":"px","top":"0","right":"0","bottom":"0","left":"0","isLinked":false},"_padding_mobile":{"unit":"px","top":"0","right":"0","bottom":"0","left":"0","isLinked":false}},"elements":[],"isInner":false,"widgetType":"image-gallery","elType":"widget"}],"isInner":false,"elType":"column"}],"isInner":false,"elType":"section"},{"id":"1db617b8","settings":{"structure":"20","jet_parallax_layout_list":[{"jet_parallax_layout_image":{"url":"","id":""},"_id":"1f04efe","jet_parallax_layout_speed":{"unit":"%","size":50},"jet_parallax_layout_type":"scroll","jet_parallax_layout_z_index":"","jet_parallax_layout_bg_x":50,"jet_parallax_layout_bg_y":50,"jet_parallax_layout_bg_size":"auto","jet_parallax_layout_animation_prop":"transform"}],"background_background":"classic","background_image":{"id":"3438","url":"https:\/\/cliente.shazamlnv.com\/setasolar\/wp-content\/uploads\/2022\/04\/cross_gallery9.jpg"},"background_position":"center center","background_attachment":"fixed","background_repeat":"no-repeat","background_size":"cover","background_overlay_background":"classic","background_overlay_color":"#373b44","background_overlay_opacity":{"unit":"px","size":0.88000000000000000444089209850062616169452667236328125},"padding":{"unit":"px","top":"92","right":"0","bottom":"92","left":"0","isLinked":false},"padding_tablet":{"unit":"px","top":"40","right":"0","bottom":"40","left":"0","isLinked":false},"overlay_blend_mode":"multiply"},"elements":[{"id":"7c7fd9ed","settings":{"_column_size":50,"_inline_size":null,"space_between_widgets":0,"margin":{"unit":"px","top":"0","right":"0","bottom":"0","left":"0","isLinked":false},"padding":{"unit":"px","top":"0","right":"0","bottom":"0","left":"14","isLinked":false},"_inline_size_tablet":50,"padding_tablet":{"unit":"px","top":"0","right":"0","bottom":"0","left":"20","isLinked":false},"padding_mobile":{"unit":"px","top":"0","right":"15","bottom":"0","left":"15","isLinked":false},"color_link":"#ffffff","color_link_hover":"#5488db"},"elements":[{"id":"1c5ea829","settings":{"space":{"unit":"px","size":15},"space_tablet":{"unit":"px","size":15}},"elements":[],"isInner":false,"widgetType":"spacer","elType":"widget"},{"id":"6bfdfafc","settings":{"title":"Contact","header_size":"h4","title_color":"#f9f9f9","typography_typography":"custom","typography_font_family":"Nunito Sans","typography_font_size":{"unit":"px","size":15},"typography_font_weight":"500","typography_letter_spacing":{"unit":"px","size":1},"_padding":{"unit":"px","top":"5","right":"0","bottom":"1","left":"0","isLinked":false},"_border_width":{"unit":"px","top":"0","right":"0","bottom":"4","left":"0","isLinked":false},"_border_color":"#5488db","_margin":{"unit":"px","top":"12","right":"0","bottom":"0","left":"0","isLinked":false},"typography_text_transform":"uppercase","typography_font_style":"normal","typography_text_decoration":"none","align_mobile":"center"},"elements":[],"isInner":false,"widgetType":"heading","elType":"widget"},{"id":"5716e65f","settings":{"weight":{"unit":"px","size":4},"color":"#5488DB","width":{"unit":"%","size":6},"gap":{"unit":"px","size":10},"width_mobile":{"unit":"%","size":10},"align_mobile":"center","_margin":{"unit":"px","top":"0","right":"0","bottom":"13","left":"0","isLinked":false},"_padding":{"unit":"px","top":"0","right":"0","bottom":"0","left":"0","isLinked":false},"text":"Divis\u00f3ria"},"elements":[],"isInner":false,"widgetType":"divider","elType":"widget"},{"id":"657675cd","settings":{"space":{"unit":"px","size":15},"space_tablet":{"unit":"px","size":15}},"elements":[],"isInner":false,"widgetType":"spacer","elType":"widget"},{"id":"5506540b","settings":{"space":{"unit":"px","size":18}},"elements":[],"isInner":false,"widgetType":"spacer","elType":"widget"},{"id":"3c1f7f23","settings":{"title":"OPEN HOURS","title_color":"#ffffff","typography_typography":"custom","typography_font_size":{"unit":"px","size":18},"typography_font_weight":"bold","typography_line_height":{"unit":"em","size":1.6999999999999999555910790149937383830547332763671875},"typography_font_family":"Nunito Sans","typography_font_size_tablet":{"unit":"px","size":20},"typography_text_transform":"uppercase","typography_font_style":"normal","typography_text_decoration":"none","_margin":{"unit":"px","top":"-41","right":"0","bottom":"0","left":"0","isLinked":false},"_padding":{"unit":"px","top":"0","right":"0","bottom":"0","left":"0","isLinked":false}},"elements":[],"isInner":false,"widgetType":"heading","elType":"widget"},{"id":"36265168","settings":{"editor":"Our support Hotline is available 24\nHours<br> a day: <a href=\"#\">+1 800 889 9898<\/a><br>\nMonday-Friday: 8am to 6pm<br>\nSaturday: 10am to 2pm<br>\nSunday: Closed","text_color":"#f9f9f9","typography_typography":"custom","typography_font_family":"Nunito Sans","typography_font_size":{"unit":"px","size":16},"typography_font_weight":"400","typography_line_height":{"unit":"em","size":1.899999999999999911182158029987476766109466552734375},"typography_text_transform":"none","typography_font_style":"normal","typography_text_decoration":"none"},"elements":[],"isInner":false,"widgetType":"text-editor","elType":"widget"}],"isInner":false,"elType":"column"},{"id":"4bdb2f3d","settings":{"_column_size":50,"_inline_size":null,"margin":{"unit":"px","top":"0","right":"0","bottom":"0","left":"0","isLinked":false},"padding":{"unit":"px","top":"80","right":"15","bottom":"0","left":"14","isLinked":false},"_inline_size_tablet":50,"padding_tablet":{"unit":"px","top":"30","right":"50","bottom":"0","left":"20","isLinked":false},"padding_mobile":{"unit":"px","top":"0","right":"15","bottom":"0","left":"15","isLinked":false},"content_position":"top","color_link":"#ffffff"},"elements":[{"id":"3341976e","settings":{"title":"Building Address","header_size":"span","title_color":"#ffffff","typography_typography":"custom","typography_font_family":"Nunito Sans","typography_font_size":{"unit":"px","size":18},"typography_font_weight":"bold","typography_text_transform":"uppercase","typography_font_size_tablet":{"unit":"px","size":20},"typography_font_style":"normal","typography_text_decoration":"none"},"elements":[],"isInner":false,"widgetType":"heading","elType":"widget"},{"id":"7c518966","settings":{"editor":"<p>9870 St Vincent Place, Glasgow, DC 45 Fr 45.<\/p>","text_color":"#f9f9f9","typography_typography":"custom","typography_font_family":"Nunito Sans","typography_font_size":{"unit":"px","size":16},"typography_font_weight":"400","typography_line_height":{"unit":"em","size":1.899999999999999911182158029987476766109466552734375},"typography_text_transform":"none","typography_font_style":"normal","typography_text_decoration":"none"},"elements":[],"isInner":false,"widgetType":"text-editor","elType":"widget"},{"id":"2d54be59","settings":{"space":{"unit":"px","size":19}},"elements":[],"isInner":false,"widgetType":"spacer","elType":"widget"},{"id":"7aa070b3","settings":{"title":"Phone Number","header_size":"span","title_color":"#ffffff","typography_typography":"custom","typography_font_family":"Nunito Sans","typography_font_size":{"unit":"px","size":18},"typography_font_weight":"bold","typography_text_transform":"uppercase","typography_font_style":"normal","typography_text_decoration":"none"},"elements":[],"isInner":false,"widgetType":"heading","elType":"widget"},{"id":"6f2a02be","settings":{"editor":"<a href=\"#\">+1 800 889 9898<\/a>","text_color":"#ffffff","typography_typography":"custom","typography_font_family":"Nunito Sans","typography_font_size":{"unit":"px","size":16},"typography_font_weight":"400","typography_line_height":{"unit":"em","size":1.899999999999999911182158029987476766109466552734375},"typography_text_transform":"none","typography_font_style":"normal","typography_text_decoration":"none"},"elements":[],"isInner":false,"widgetType":"text-editor","elType":"widget"}],"isInner":false,"elType":"column"}],"isInner":false,"elType":"section"},{"id":"1f511c91","settings":{"layout":"full_width"},"elements":[{"id":"3867298e","settings":{"_column_size":100,"padding":{"unit":"px","top":"0","right":"0","bottom":"0","left":"0","isLinked":false}},"elements":[{"id":"736d1b","settings":{"address":"London Eye, London, United Kingdom","zoom":{"unit":"px","size":15},"height":{"unit":"px","size":478}},"elements":[],"isInner":false,"widgetType":"google_maps","elType":"widget"}],"isInner":false,"elType":"column"}],"isInner":false,"elType":"section"}],"page_settings":{"hide_title":"yes"},"version":"0.4","title":"CONSULTORIA FITNESS","type":"section"}