{
    "version": "0.4",
    "title": "About us",
    "type": "section",
    "metadata": {
        "template_type": "section-about",
        "include_in_zip": "1",
        "elementor_pro_required": null,
        "wp_page_template": "elementor_header_footer"
    },
    "content": [
        {
            "id": "3d8d0dc8",
            "settings": {
                "background_background": "classic",
                "background_repeat": "no-repeat",
                "background_size": "cover",
                "background_overlay_background": "classic",
                "padding": {
                    "unit": "px",
                    "top": "190",
                    "right": "0",
                    "bottom": "60",
                    "left": "0",
                    "isLinked": false
                },
                "background_color": "rgba(34, 119, 91, 0.05)",
                "background_ypos": {
                    "unit": "%",
                    "size": 49,
                    "sizes": []
                },
                "background_overlay_position": "center center",
                "background_overlay_xpos": {
                    "unit": "vw",
                    "size": 0,
                    "sizes": []
                },
                "background_overlay_ypos": {
                    "unit": "vh",
                    "size": -41,
                    "sizes": []
                },
                "background_overlay_repeat": "repeat-x",
                "background_overlay_opacity": {
                    "unit": "px",
                    "size": 1,
                    "sizes": []
                },
                "css_filters_blur": {
                    "unit": "px",
                    "size": 1.5,
                    "sizes": []
                },
                "css_filters_brightness": {
                    "unit": "px",
                    "size": 80,
                    "sizes": []
                },
                "margin_mobile": {
                    "unit": "px",
                    "top": "0",
                    "right": 0,
                    "bottom": "0",
                    "left": 0,
                    "isLinked": false
                },
                "background_image": {
                    "url": "https:\/\/nicesquad.us\/elementor\/expressoo\/wp-content\/uploads\/sites\/4\/2020\/03\/bg3.png",
                    "id": 586
                },
                "background_overlay_color_b": "#525252",
                "background_overlay_gradient_angle": {
                    "unit": "deg",
                    "size": 80,
                    "sizes": []
                },
                "overlay_blend_mode": "multiply",
                "margin": {
                    "unit": "px",
                    "top": "0",
                    "right": 0,
                    "bottom": "0",
                    "left": 0,
                    "isLinked": false
                },
                "margin_tablet": {
                    "unit": "px",
                    "top": "0",
                    "right": 0,
                    "bottom": "0",
                    "left": 0,
                    "isLinked": false
                },
                "background_position": "center center",
                "padding_tablet": {
                    "unit": "px",
                    "top": "71",
                    "right": "0",
                    "bottom": "0",
                    "left": "0",
                    "isLinked": false
                },
                "padding_mobile": {
                    "unit": "px",
                    "top": "25",
                    "right": "0",
                    "bottom": "0",
                    "left": "0",
                    "isLinked": false
                }
            },
            "elements": [
                {
                    "id": "22eb90b8",
                    "settings": {
                        "_column_size": 100,
                        "_inline_size": null,
                        "margin": {
                            "unit": "px",
                            "top": "0",
                            "right": "0",
                            "bottom": "0",
                            "left": "15",
                            "isLinked": false
                        },
                        "padding_mobile": {
                            "unit": "px",
                            "top": "66",
                            "right": "12",
                            "bottom": "0",
                            "left": "020",
                            "isLinked": false
                        },
                        "margin_tablet": {
                            "unit": "px",
                            "top": "0",
                            "right": "0",
                            "bottom": "0",
                            "left": "10",
                            "isLinked": false
                        }
                    },
                    "elements": [
                        {
                            "id": "27eeaf64",
                            "settings": {
                                "title": "About us",
                                "align": "left",
                                "title_color": "#6D378F",
                                "typography_typography": "custom",
                                "typography_font_size": {
                                    "unit": "px",
                                    "size": 70,
                                    "sizes": []
                                },
                                "typography_font_weight": "700",
                                "typography_line_height": {
                                    "unit": "px",
                                    "size": 42,
                                    "sizes": []
                                },
                                "_margin": {
                                    "unit": "px",
                                    "top": "0",
                                    "right": "0",
                                    "bottom": "4",
                                    "left": "0",
                                    "isLinked": false
                                },
                                "typography_font_size_mobile": {
                                    "unit": "px",
                                    "size": 33,
                                    "sizes": []
                                },
                                "typography_font_size_tablet": {
                                    "unit": "px",
                                    "size": 32,
                                    "sizes": []
                                }
                            },
                            "elements": [],
                            "isInner": false,
                            "widgetType": "heading",
                            "elType": "widget"
                        },
                        {
                            "id": "54ae96b5",
                            "settings": {
                                "editor": "<p>Home - About us<\/p>",
                                "align": "left",
                                "text_color": "rgba(109, 55, 143, 0.73)",
                                "typography_typography": "custom",
                                "typography_font_size": {
                                    "unit": "px",
                                    "size": 17,
                                    "sizes": []
                                },
                                "typography_line_height": {
                                    "unit": "px",
                                    "size": 34,
                                    "sizes": []
                                },
                                "_margin": {
                                    "unit": "px",
                                    "top": "-0",
                                    "right": "-0",
                                    "bottom": "-0",
                                    "left": "4",
                                    "isLinked": false
                                },
                                "typography_font_weight": "500",
                                "typography_font_size_tablet": {
                                    "unit": "px",
                                    "size": 15,
                                    "sizes": []
                                }
                            },
                            "elements": [],
                            "isInner": false,
                            "widgetType": "text-editor",
                            "elType": "widget"
                        }
                    ],
                    "isInner": false,
                    "elType": "column"
                }
            ],
            "isInner": false,
            "elType": "section"
        },
        {
            "id": "5df21e5",
            "settings": {
                "gap": "no",
                "custom_height": {
                    "unit": "px",
                    "size": 800
                },
                "content_position": "middle",
                "structure": "20",
                "padding": {
                    "unit": "px",
                    "top": "100",
                    "right": "0",
                    "bottom": "60",
                    "left": "0",
                    "isLinked": false
                },
                "padding_tablet": {
                    "unit": "px",
                    "top": "100",
                    "right": "25",
                    "bottom": "100",
                    "left": "25",
                    "isLinked": false
                },
                "padding_mobile": {
                    "unit": "px",
                    "top": "50",
                    "right": "20",
                    "bottom": "50",
                    "left": "20",
                    "isLinked": false
                }
            },
            "elements": [
                {
                    "id": "7f266c6a",
                    "settings": {
                        "_column_size": 50,
                        "_inline_size": 50,
                        "margin": {
                            "unit": "px",
                            "top": "0",
                            "right": "0",
                            "bottom": "0",
                            "left": "0",
                            "isLinked": false
                        },
                        "padding": {
                            "unit": "px",
                            "top": "40",
                            "right": "40",
                            "bottom": "40",
                            "left": "40",
                            "isLinked": true
                        },
                        "background_background": "classic"
                    },
                    "elements": [
                        {
                            "id": "7eb005f8",
                            "settings": {
                                "image": {
                                    "url": "https:\/\/nicesquad.us\/elementor\/expressoo\/wp-content\/uploads\/sites\/4\/2020\/03\/Drones-Delivery-Isometric-Illustration-T2.png",
                                    "id": 636
                                },
                                "image_size": "shop_single",
                                "_padding": {
                                    "unit": "px",
                                    "top": "0",
                                    "right": "0",
                                    "bottom": "0",
                                    "left": "0",
                                    "isLinked": true
                                },
                                "_margin": {
                                    "unit": "px",
                                    "top": "0",
                                    "right": "0",
                                    "bottom": "0",
                                    "left": "0",
                                    "isLinked": false
                                },
                                "image_border_radius": {
                                    "unit": "px",
                                    "top": "10",
                                    "right": "10",
                                    "bottom": "10",
                                    "left": "10",
                                    "isLinked": true
                                }
                            },
                            "elements": [],
                            "isInner": false,
                            "widgetType": "image",
                            "elType": "widget"
                        }
                    ],
                    "isInner": false,
                    "elType": "column"
                },
                {
                    "id": "3a4c5e84",
                    "settings": {
                        "_column_size": 50,
                        "_inline_size": 50,
                        "padding": {
                            "unit": "px",
                            "top": "0",
                            "right": "20",
                            "bottom": "0",
                            "left": "00",
                            "isLinked": false
                        },
                        "padding_mobile": {
                            "unit": "px",
                            "top": "0",
                            "right": "0",
                            "bottom": "30",
                            "left": "0",
                            "isLinked": false
                        },
                        "margin_mobile": {
                            "unit": "px",
                            "top": "30",
                            "right": "0",
                            "bottom": "0",
                            "left": "0",
                            "isLinked": false
                        },
                        "margin": {
                            "unit": "px",
                            "top": "0",
                            "right": "0",
                            "bottom": "0",
                            "left": "35",
                            "isLinked": false
                        }
                    },
                    "elements": [
                        {
                            "id": "472be99c",
                            "settings": {
                                "title": "Get your order with trusted people",
                                "header_size": "h4",
                                "typography_typography": "custom",
                                "typography_font_size": {
                                    "unit": "px",
                                    "size": 31
                                },
                                "align_mobile": "center",
                                "typography_font_weight": "500",
                                "_margin": {
                                    "unit": "px",
                                    "top": "-15",
                                    "right": "0",
                                    "bottom": "0",
                                    "left": "0",
                                    "isLinked": false
                                }
                            },
                            "elements": [],
                            "isInner": false,
                            "widgetType": "heading",
                            "elType": "widget"
                        },
                        {
                            "id": "376b43c0",
                            "settings": {
                                "editor": "<p>Lorem ipsum dolor sit amet, consectetur adipiscing elit, sed do eiusmod tempor incididunt ut labore et dolore magna aliqua. Auctor elit sed vulputate mi sit amet mauris commodo quis.<\/p><p>Aenean vel elit scelerisque mauris pellentesque pulvinar pellentesque habitant morbi. Faucibus interdum posuere lorem ipsum dolor sit amet. Turpis in eu mi bibendum neque. Urna id volutpat lacus laoreet non curabitur.<\/p>",
                                "text_color": "#777777",
                                "typography_typography": "custom",
                                "typography_font_size": {
                                    "unit": "px",
                                    "size": 17
                                },
                                "typography_font_weight": "400",
                                "typography_line_height": {
                                    "unit": "em",
                                    "size": 1.7
                                },
                                "align_mobile": "center",
                                "_margin": {
                                    "unit": "px",
                                    "top": "14",
                                    "right": "0",
                                    "bottom": "0",
                                    "left": "0",
                                    "isLinked": false
                                }
                            },
                            "elements": [],
                            "isInner": false,
                            "widgetType": "text-editor",
                            "elType": "widget"
                        },
                        {
                            "id": "5666ba0b",
                            "settings": {
                                "social_icon_list": [
                                    {
                                        "social": "fa fa-facebook",
                                        "_id": "0f56241",
                                        "link": {
                                            "url": "#",
                                            "is_external": "true",
                                            "nofollow": ""
                                        },
                                        "social_icon": {
                                            "value": "fab fa-facebook-f",
                                            "library": "fa-brands"
                                        },
                                        "item_icon_color": "default",
                                        "item_icon_primary_color": "",
                                        "item_icon_secondary_color": "",
                                        "__fa4_migrated": {
                                            "social_icon": true
                                        }
                                    },
                                    {
                                        "social": "fa fa-twitter",
                                        "_id": "1575b3d",
                                        "link": {
                                            "url": "#",
                                            "is_external": "true",
                                            "nofollow": ""
                                        },
                                        "social_icon": {
                                            "value": "fab fa-twitter",
                                            "library": "fa-brands"
                                        },
                                        "item_icon_color": "default",
                                        "item_icon_primary_color": "",
                                        "item_icon_secondary_color": "",
                                        "__fa4_migrated": {
                                            "social_icon": true
                                        }
                                    },
                                    {
                                        "social": "fa fa-google-plus",
                                        "_id": "0e9a713",
                                        "link": {
                                            "url": "#",
                                            "is_external": "true",
                                            "nofollow": ""
                                        },
                                        "social_icon": {
                                            "value": "fab fa-google-plus-g",
                                            "library": "fa-brands"
                                        },
                                        "item_icon_color": "default",
                                        "item_icon_primary_color": "",
                                        "item_icon_secondary_color": "",
                                        "__fa4_migrated": {
                                            "social_icon": true
                                        }
                                    },
                                    {
                                        "social": "fa fa-dribbble",
                                        "_id": "1cf1177",
                                        "link": {
                                            "url": "#",
                                            "is_external": "true",
                                            "nofollow": ""
                                        },
                                        "social_icon": {
                                            "value": "fab fa-dribbble",
                                            "library": "fa-brands"
                                        },
                                        "item_icon_color": "default",
                                        "item_icon_primary_color": "",
                                        "item_icon_secondary_color": "",
                                        "__fa4_migrated": {
                                            "social_icon": true
                                        }
                                    }
                                ],
                                "align": "left",
                                "icon_color": "custom",
                                "icon_primary_color": "rgba(178,178,178,0)",
                                "icon_secondary_color": "#AB8DED",
                                "icon_size": {
                                    "unit": "px",
                                    "size": 15
                                },
                                "align_mobile": "center"
                            },
                            "elements": [],
                            "isInner": false,
                            "widgetType": "social-icons",
                            "elType": "widget"
                        }
                    ],
                    "isInner": false,
                    "elType": "column"
                }
            ],
            "isInner": false,
            "elType": "section"
        },
        {
            "id": "5686e2c8",
            "settings": {
                "structure": "20",
                "padding": {
                    "unit": "px",
                    "top": "0",
                    "right": "0",
                    "bottom": "100",
                    "left": "0",
                    "isLinked": false
                }
            },
            "elements": [
                {
                    "id": "16d1b2ef",
                    "settings": {
                        "_column_size": 50,
                        "_inline_size": 50,
                        "css_classes": "agency-benefits",
                        "padding": {
                            "unit": "px",
                            "top": "35",
                            "right": "80",
                            "bottom": "0",
                            "left": "20",
                            "isLinked": false
                        },
                        "padding_tablet": {
                            "unit": "px",
                            "top": "0",
                            "right": "20",
                            "bottom": "0",
                            "left": "20",
                            "isLinked": false
                        }
                    },
                    "elements": [
                        {
                            "id": "767b98fb",
                            "settings": {
                                "title": "Benefit\u2019s of working with us.",
                                "typography_typography": "custom",
                                "typography_font_size": {
                                    "unit": "px",
                                    "size": 31
                                },
                                "typography_font_weight": "500",
                                "_margin": {
                                    "unit": "px",
                                    "top": "0",
                                    "right": "0",
                                    "bottom": "0",
                                    "left": "0",
                                    "isLinked": false
                                },
                                "align_mobile": "center"
                            },
                            "elements": [],
                            "isInner": false,
                            "widgetType": "heading",
                            "elType": "widget"
                        },
                        {
                            "id": "50b08896",
                            "settings": {
                                "editor": "<p>Lorem ipsum dolor sit amet, consectetur adipiscing elit, sed do eiusmod tempor incididunt ut labore et dolore magna aliqua. Auctor elit sed vulputate mi sit amet mauris commodo quis.<\/p><p>Aenean vel elit scelerisque mauris pellentesque pulvinar pellentesque habitant morbi. Faucibus interdum posuere lorem ipsum dolor sit amet. Turpis in eu mi bibendum neque. Urna id volutpat lacus laoreet non curabitur.<\/p>",
                                "text_color": "#777777",
                                "typography_typography": "custom",
                                "typography_font_size": {
                                    "unit": "px",
                                    "size": 17
                                },
                                "typography_font_weight": "400",
                                "typography_line_height": {
                                    "unit": "em",
                                    "size": 1.7
                                },
                                "align_mobile": "center",
                                "_margin": {
                                    "unit": "px",
                                    "top": "14",
                                    "right": "0",
                                    "bottom": "-14",
                                    "left": "0",
                                    "isLinked": false
                                }
                            },
                            "elements": [],
                            "isInner": false,
                            "widgetType": "text-editor",
                            "elType": "widget"
                        }
                    ],
                    "isInner": false,
                    "elType": "column"
                },
                {
                    "id": "5dba04cd",
                    "settings": {
                        "_column_size": 50,
                        "_inline_size": 50,
                        "content_position": "center",
                        "background_background": "classic",
                        "background_position": "center center",
                        "background_repeat": "no-repeat",
                        "background_size": "cover",
                        "border_radius": {
                            "unit": "px",
                            "top": "0",
                            "right": "0",
                            "bottom": "0",
                            "left": "0",
                            "isLinked": true
                        },
                        "margin": {
                            "unit": "px",
                            "top": "0",
                            "right": "0",
                            "bottom": "0",
                            "left": "0",
                            "isLinked": true
                        },
                        "padding": {
                            "unit": "px",
                            "top": "40",
                            "right": "40",
                            "bottom": "40",
                            "left": "40",
                            "isLinked": true
                        },
                        "margin_mobile": {
                            "unit": "px",
                            "top": "54",
                            "right": "12",
                            "bottom": "12",
                            "left": "12",
                            "isLinked": false
                        },
                        "padding_mobile": {
                            "unit": "px",
                            "top": "64",
                            "right": "64",
                            "bottom": "64",
                            "left": "64",
                            "isLinked": true
                        },
                        "background_bg_width": {
                            "unit": "vw",
                            "size": 46,
                            "sizes": []
                        },
                        "hide_mobile": "hidden-phone"
                    },
                    "elements": [
                        {
                            "id": "2df28198",
                            "settings": {
                                "image": {
                                    "url": "https:\/\/nicesquad.us\/elementor\/expressoo\/wp-content\/uploads\/sites\/4\/2020\/03\/Drones-Delivery-Isometric-Illustration-T25.png",
                                    "id": 640
                                },
                                "image_size": "shop_single",
                                "_padding": {
                                    "unit": "px",
                                    "top": "0",
                                    "right": "0",
                                    "bottom": "0",
                                    "left": "0",
                                    "isLinked": true
                                },
                                "_margin": {
                                    "unit": "px",
                                    "top": "0",
                                    "right": "0",
                                    "bottom": "0",
                                    "left": "0",
                                    "isLinked": false
                                },
                                "image_border_radius": {
                                    "unit": "px",
                                    "top": "10",
                                    "right": "10",
                                    "bottom": "10",
                                    "left": "10",
                                    "isLinked": true
                                },
                                "_border_border": "solid",
                                "_border_width": {
                                    "unit": "px",
                                    "top": "0",
                                    "right": "0",
                                    "bottom": "0",
                                    "left": "0",
                                    "isLinked": true
                                },
                                "_border_color": "rgba(2, 1, 1, 0)",
                                "_border_radius": {
                                    "unit": "px",
                                    "top": "10",
                                    "right": "10",
                                    "bottom": "10",
                                    "left": "10",
                                    "isLinked": true
                                }
                            },
                            "elements": [],
                            "isInner": false,
                            "widgetType": "image",
                            "elType": "widget"
                        }
                    ],
                    "isInner": false,
                    "elType": "column"
                }
            ],
            "isInner": false,
            "elType": "section"
        },
        {
            "id": "55385f1",
            "settings": {
                "padding": {
                    "unit": "px",
                    "top": "0",
                    "right": "0",
                    "bottom": "0",
                    "left": "0",
                    "isLinked": false
                },
                "height": "min-height",
                "custom_height": {
                    "unit": "px",
                    "size": 0,
                    "sizes": []
                },
                "animation": "fadeIn",
                "animation_duration": "slow",
                "background_background": "classic",
                "border_border": "solid",
                "border_width": {
                    "unit": "px",
                    "top": "1",
                    "right": "0",
                    "bottom": "1",
                    "left": "0",
                    "isLinked": false
                },
                "border_color": "rgba(171, 141, 237, 0.5)",
                "border_radius": {
                    "unit": "px",
                    "top": "0",
                    "right": "0",
                    "bottom": "0",
                    "left": "0",
                    "isLinked": false
                },
                "background_color": "rgba(31, 66, 93, 0)",
                "box_shadow_box_shadow_type": "yes",
                "box_shadow_box_shadow": {
                    "horizontal": 0,
                    "vertical": 0,
                    "blur": 3,
                    "spread": 1,
                    "color": "rgba(171, 141, 237, 0.47)"
                },
                "box_shadow_box_shadow_position": "inset",
                "margin_mobile": {
                    "unit": "px",
                    "top": "30",
                    "right": 0,
                    "bottom": "30",
                    "left": 0,
                    "isLinked": false
                }
            },
            "elements": [
                {
                    "id": "77fff4b7",
                    "settings": {
                        "_column_size": 100,
                        "padding": {
                            "unit": "px",
                            "top": "0",
                            "right": "0",
                            "bottom": "0",
                            "left": "0",
                            "isLinked": false
                        },
                        "content_position": "center",
                        "align": "center"
                    },
                    "elements": [
                        {
                            "id": "1e2364fc",
                            "settings": {
                                "carousel": [
                                    {
                                        "id": 64,
                                        "url": "https:\/\/nicesquad.us\/elementor\/logistics\/wp-content\/uploads\/sites\/4\/2020\/03\/Logo-03-1.png"
                                    },
                                    {
                                        "id": 65,
                                        "url": "https:\/\/nicesquad.us\/elementor\/logistics\/wp-content\/uploads\/sites\/4\/2020\/03\/Logo-04-1.png"
                                    },
                                    {
                                        "id": 66,
                                        "url": "https:\/\/nicesquad.us\/elementor\/logistics\/wp-content\/uploads\/sites\/4\/2020\/03\/rsz_logo_01.png"
                                    },
                                    {
                                        "id": 67,
                                        "url": "https:\/\/nicesquad.us\/elementor\/logistics\/wp-content\/uploads\/sites\/4\/2020\/03\/rsz_logo_02.png"
                                    },
                                    {
                                        "id": 68,
                                        "url": "https:\/\/nicesquad.us\/elementor\/logistics\/wp-content\/uploads\/sites\/4\/2020\/03\/rsz_logo_05.png"
                                    }
                                ],
                                "thumbnail_size": "custom",
                                "thumbnail_custom_dimension": {
                                    "width": "",
                                    "height": "55"
                                },
                                "slides_to_show": "4",
                                "navigation": "none",
                                "autoplay_speed": 9000,
                                "speed": 1500,
                                "gallery_vertical_align": "center",
                                "image_spacing": "custom",
                                "image_spacing_custom": {
                                    "unit": "px",
                                    "size": 0,
                                    "sizes": []
                                },
                                "_padding": {
                                    "unit": "px",
                                    "top": "20",
                                    "right": "0",
                                    "bottom": "20",
                                    "left": "0",
                                    "isLinked": false
                                },
                                "autoplay": "no"
                            },
                            "elements": [],
                            "isInner": false,
                            "widgetType": "image-carousel",
                            "elType": "widget"
                        }
                    ],
                    "isInner": false,
                    "elType": "column"
                }
            ],
            "isInner": false,
            "elType": "section"
        },
        {
            "id": "74fec33a",
            "settings": {
                "gap": "no",
                "custom_height": {
                    "unit": "px",
                    "size": 800
                },
                "content_position": "middle",
                "background_background": "classic",
                "background_color": "#FFFFFF",
                "padding": {
                    "unit": "px",
                    "top": "55",
                    "right": "0",
                    "bottom": "92",
                    "left": "0",
                    "isLinked": false
                },
                "padding_tablet": {
                    "unit": "px",
                    "top": "60",
                    "right": "25",
                    "bottom": "100",
                    "left": "25",
                    "isLinked": false
                },
                "margin_mobile": {
                    "unit": "px",
                    "top": "0",
                    "right": 0,
                    "bottom": "0",
                    "left": 0,
                    "isLinked": false
                },
                "padding_mobile": {
                    "unit": "px",
                    "top": "20",
                    "right": "20",
                    "bottom": "50",
                    "left": "20",
                    "isLinked": false
                }
            },
            "elements": [
                {
                    "id": "13fe5361",
                    "settings": {
                        "_column_size": 100,
                        "margin_mobile": {
                            "unit": "px",
                            "top": "0",
                            "right": "0",
                            "bottom": "0",
                            "left": "0",
                            "isLinked": false
                        }
                    },
                    "elements": [
                        {
                            "id": "5a0805b3",
                            "settings": {
                                "title": "Meet our team",
                                "typography_typography": "custom",
                                "typography_font_size": {
                                    "unit": "px",
                                    "size": 40,
                                    "sizes": []
                                },
                                "typography_font_weight": "700",
                                "_margin": {
                                    "unit": "px",
                                    "top": "20",
                                    "right": "0",
                                    "bottom": "15",
                                    "left": "0",
                                    "isLinked": false
                                },
                                "align": "center",
                                "typography_font_size_mobile": {
                                    "unit": "px",
                                    "size": 33,
                                    "sizes": []
                                }
                            },
                            "elements": [],
                            "isInner": false,
                            "widgetType": "heading",
                            "elType": "widget"
                        },
                        {
                            "id": "24128384",
                            "settings": {
                                "structure": "30",
                                "padding": {
                                    "unit": "px",
                                    "top": "0",
                                    "right": "0",
                                    "bottom": "0",
                                    "left": "0",
                                    "isLinked": false
                                }
                            },
                            "elements": [
                                {
                                    "id": "3482969b",
                                    "settings": {
                                        "_column_size": 33,
                                        "_inline_size": null,
                                        "margin_mobile": {
                                            "unit": "px",
                                            "top": "0",
                                            "right": "0",
                                            "bottom": "20",
                                            "left": "0",
                                            "isLinked": false
                                        },
                                        "padding": {
                                            "unit": "px",
                                            "top": "0",
                                            "right": "10",
                                            "bottom": "0",
                                            "left": "10",
                                            "isLinked": false
                                        },
                                        "box_shadow_box_shadow": {
                                            "horizontal": 0,
                                            "vertical": 0,
                                            "blur": 20,
                                            "spread": 5,
                                            "color": "rgba(0, 0, 0, 0.1)"
                                        }
                                    },
                                    "elements": [
                                        {
                                            "id": "a426b62",
                                            "settings": {
                                                "exad_team_member_image": {
                                                    "url": "https:\/\/nicesquad.us\/elementor\/expressoo\/wp-content\/uploads\/sites\/4\/2020\/03\/TDV_M46_08-1.png",
                                                    "id": 888
                                                },
                                                "exad_team_member_name": "John Doe",
                                                "exad_team_member_designation": "Designation",
                                                "exad_team_member_description": "Lorem Ipsum is simply dummy text of the printing and typesetting industry.",
                                                "exad_section_team_members_cta_btn": "",
                                                "exad_team_members_cta_btn_text": "Read More",
                                                "exad_team_member_social_profile_links": [
                                                    {
                                                        "social_icon": {
                                                            "value": "fab fa-facebook-f",
                                                            "library": "fa-brands"
                                                        },
                                                        "_id": "87d456e",
                                                        "link": {
                                                            "url": "#",
                                                            "is_external": "true",
                                                            "nofollow": "",
                                                            "custom_attributes": ""
                                                        }
                                                    },
                                                    {
                                                        "social_icon": {
                                                            "value": "fab fa-twitter",
                                                            "library": "fa-brands"
                                                        },
                                                        "_id": "f239036",
                                                        "link": {
                                                            "url": "#",
                                                            "is_external": "true",
                                                            "nofollow": "",
                                                            "custom_attributes": ""
                                                        }
                                                    },
                                                    {
                                                        "social_icon": {
                                                            "value": "fab fa-linkedin-in",
                                                            "library": "fa-brands"
                                                        },
                                                        "_id": "b506498",
                                                        "link": {
                                                            "url": "#",
                                                            "is_external": "true",
                                                            "nofollow": "",
                                                            "custom_attributes": ""
                                                        }
                                                    },
                                                    {
                                                        "social_icon": {
                                                            "value": "fab fa-google-plus-g",
                                                            "library": "fa-brands"
                                                        },
                                                        "_id": "031f268",
                                                        "link": {
                                                            "url": "#",
                                                            "is_external": "true",
                                                            "nofollow": "",
                                                            "custom_attributes": ""
                                                        }
                                                    }
                                                ],
                                                "exad_team_members_radius": {
                                                    "unit": "px",
                                                    "top": "10",
                                                    "right": "10",
                                                    "bottom": "10",
                                                    "left": "10",
                                                    "isLinked": true
                                                },
                                                "exad_team_members_box_shadow_box_shadow": {
                                                    "horizontal": 0,
                                                    "vertical": 0,
                                                    "blur": 20,
                                                    "spread": 5,
                                                    "color": "rgba(0, 0, 0, 0.1)"
                                                },
                                                "exad_section_team_members_thumbnail_box_radius": {
                                                    "unit": "px",
                                                    "top": "10",
                                                    "right": "10",
                                                    "bottom": "10",
                                                    "left": "10",
                                                    "isLinked": true
                                                },
                                                "exad_team_name_color": "#6D378F",
                                                "exad_team_designation_color": "#AB8DED",
                                                "exad_description_color": "#454545",
                                                "exad_team_carousel_social_icon_color_normal": "#AB8DED",
                                                "_border_radius": {
                                                    "unit": "px",
                                                    "top": "10",
                                                    "right": "10",
                                                    "bottom": "10",
                                                    "left": "10",
                                                    "isLinked": true
                                                }
                                            },
                                            "elements": [],
                                            "isInner": false,
                                            "widgetType": "exad-team-member",
                                            "elType": "widget"
                                        }
                                    ],
                                    "isInner": true,
                                    "elType": "column"
                                },
                                {
                                    "id": "44c36680",
                                    "settings": {
                                        "_column_size": 33,
                                        "_inline_size": null,
                                        "margin_mobile": {
                                            "unit": "px",
                                            "top": "0",
                                            "right": "0",
                                            "bottom": "20",
                                            "left": "0",
                                            "isLinked": false
                                        },
                                        "padding": {
                                            "unit": "px",
                                            "top": "0",
                                            "right": "10",
                                            "bottom": "0",
                                            "left": "10",
                                            "isLinked": false
                                        },
                                        "box_shadow_box_shadow": {
                                            "horizontal": 0,
                                            "vertical": 0,
                                            "blur": 20,
                                            "spread": 5,
                                            "color": "rgba(0, 0, 0, 0.1)"
                                        }
                                    },
                                    "elements": [
                                        {
                                            "id": "149a5dda",
                                            "settings": {
                                                "exad_team_member_image": {
                                                    "url": "https:\/\/nicesquad.us\/elementor\/expressoo\/wp-content\/uploads\/sites\/4\/2020\/04\/TDV_M46_010.png",
                                                    "id": 887
                                                },
                                                "exad_team_member_name": "John Doe",
                                                "exad_team_member_designation": "Designation",
                                                "exad_team_member_description": "Lorem Ipsum is simply dummy text of the printing and typesetting industry.",
                                                "exad_team_members_cta_btn_text": "Read More",
                                                "exad_team_member_social_profile_links": [
                                                    {
                                                        "social_icon": {
                                                            "value": "fab fa-facebook-f",
                                                            "library": "fa-brands"
                                                        },
                                                        "_id": "87d456e",
                                                        "link": {
                                                            "url": "#",
                                                            "is_external": "true",
                                                            "nofollow": "",
                                                            "custom_attributes": ""
                                                        }
                                                    },
                                                    {
                                                        "social_icon": {
                                                            "value": "fab fa-twitter",
                                                            "library": "fa-brands"
                                                        },
                                                        "_id": "f239036",
                                                        "link": {
                                                            "url": "#",
                                                            "is_external": "true",
                                                            "nofollow": "",
                                                            "custom_attributes": ""
                                                        }
                                                    },
                                                    {
                                                        "social_icon": {
                                                            "value": "fab fa-linkedin-in",
                                                            "library": "fa-brands"
                                                        },
                                                        "_id": "b506498",
                                                        "link": {
                                                            "url": "#",
                                                            "is_external": "true",
                                                            "nofollow": "",
                                                            "custom_attributes": ""
                                                        }
                                                    },
                                                    {
                                                        "social_icon": {
                                                            "value": "fab fa-google-plus-g",
                                                            "library": "fa-brands"
                                                        },
                                                        "_id": "031f268",
                                                        "link": {
                                                            "url": "#",
                                                            "is_external": "true",
                                                            "nofollow": "",
                                                            "custom_attributes": ""
                                                        }
                                                    }
                                                ],
                                                "exad_team_members_radius": {
                                                    "unit": "px",
                                                    "top": "10",
                                                    "right": "10",
                                                    "bottom": "10",
                                                    "left": "10",
                                                    "isLinked": true
                                                },
                                                "exad_team_members_box_shadow_box_shadow": {
                                                    "horizontal": 0,
                                                    "vertical": 0,
                                                    "blur": 20,
                                                    "spread": 5,
                                                    "color": "rgba(0, 0, 0, 0.1)"
                                                },
                                                "exad_section_team_members_thumbnail_box_radius": {
                                                    "unit": "px",
                                                    "top": "10",
                                                    "right": "10",
                                                    "bottom": "10",
                                                    "left": "10",
                                                    "isLinked": true
                                                },
                                                "exad_team_name_color": "#6D378F",
                                                "exad_team_designation_color": "#AB8DED",
                                                "exad_description_color": "#454545",
                                                "exad_team_carousel_social_icon_color_normal": "#AB8DED",
                                                "_border_radius": {
                                                    "unit": "px",
                                                    "top": "10",
                                                    "right": "10",
                                                    "bottom": "10",
                                                    "left": "10",
                                                    "isLinked": true
                                                }
                                            },
                                            "elements": [],
                                            "isInner": false,
                                            "widgetType": "exad-team-member",
                                            "elType": "widget"
                                        }
                                    ],
                                    "isInner": true,
                                    "elType": "column"
                                },
                                {
                                    "id": "4a71fecb",
                                    "settings": {
                                        "_column_size": 33,
                                        "_inline_size": null,
                                        "padding": {
                                            "unit": "px",
                                            "top": "0",
                                            "right": "10",
                                            "bottom": "0",
                                            "left": "10",
                                            "isLinked": false
                                        },
                                        "box_shadow_box_shadow": {
                                            "horizontal": 0,
                                            "vertical": 0,
                                            "blur": 20,
                                            "spread": 5,
                                            "color": "rgba(0, 0, 0, 0.1)"
                                        },
                                        "margin_mobile": {
                                            "unit": "px",
                                            "top": "0",
                                            "right": "0",
                                            "bottom": "20",
                                            "left": "0",
                                            "isLinked": false
                                        }
                                    },
                                    "elements": [
                                        {
                                            "id": "21a30492",
                                            "settings": {
                                                "exad_team_member_image": {
                                                    "url": "https:\/\/nicesquad.us\/elementor\/expressoo\/wp-content\/uploads\/sites\/4\/2020\/04\/TDV_M46_06.png",
                                                    "id": 886
                                                },
                                                "exad_team_member_name": "John Doe",
                                                "exad_team_member_designation": "Designation",
                                                "exad_team_member_description": "Lorem Ipsum is simply dummy text of the printing and typesetting industry.",
                                                "exad_team_members_cta_btn_text": "Read More",
                                                "exad_team_member_social_profile_links": [
                                                    {
                                                        "social_icon": {
                                                            "value": "fab fa-facebook-f",
                                                            "library": "fa-brands"
                                                        },
                                                        "_id": "87d456e",
                                                        "link": {
                                                            "url": "#",
                                                            "is_external": "true",
                                                            "nofollow": "",
                                                            "custom_attributes": ""
                                                        }
                                                    },
                                                    {
                                                        "social_icon": {
                                                            "value": "fab fa-twitter",
                                                            "library": "fa-brands"
                                                        },
                                                        "_id": "f239036",
                                                        "link": {
                                                            "url": "#",
                                                            "is_external": "true",
                                                            "nofollow": "",
                                                            "custom_attributes": ""
                                                        }
                                                    },
                                                    {
                                                        "social_icon": {
                                                            "value": "fab fa-linkedin-in",
                                                            "library": "fa-brands"
                                                        },
                                                        "_id": "b506498",
                                                        "link": {
                                                            "url": "#",
                                                            "is_external": "true",
                                                            "nofollow": "",
                                                            "custom_attributes": ""
                                                        }
                                                    },
                                                    {
                                                        "social_icon": {
                                                            "value": "fab fa-google-plus-g",
                                                            "library": "fa-brands"
                                                        },
                                                        "_id": "031f268",
                                                        "link": {
                                                            "url": "#",
                                                            "is_external": "true",
                                                            "nofollow": "",
                                                            "custom_attributes": ""
                                                        }
                                                    }
                                                ],
                                                "exad_team_members_radius": {
                                                    "unit": "px",
                                                    "top": "10",
                                                    "right": "10",
                                                    "bottom": "10",
                                                    "left": "10",
                                                    "isLinked": true
                                                },
                                                "exad_team_members_box_shadow_box_shadow": {
                                                    "horizontal": 0,
                                                    "vertical": 0,
                                                    "blur": 20,
                                                    "spread": 5,
                                                    "color": "rgba(0, 0, 0, 0.1)"
                                                },
                                                "exad_section_team_members_thumbnail_box_radius": {
                                                    "unit": "px",
                                                    "top": "10",
                                                    "right": "10",
                                                    "bottom": "10",
                                                    "left": "10",
                                                    "isLinked": true
                                                },
                                                "exad_team_name_color": "#6D378F",
                                                "exad_team_designation_color": "#AB8DED",
                                                "exad_description_color": "#454545",
                                                "exad_team_carousel_social_icon_color_normal": "#AB8DED",
                                                "_border_radius": {
                                                    "unit": "px",
                                                    "top": "10",
                                                    "right": "10",
                                                    "bottom": "10",
                                                    "left": "10",
                                                    "isLinked": true
                                                }
                                            },
                                            "elements": [],
                                            "isInner": false,
                                            "widgetType": "exad-team-member",
                                            "elType": "widget"
                                        }
                                    ],
                                    "isInner": true,
                                    "elType": "column"
                                }
                            ],
                            "isInner": true,
                            "elType": "section"
                        }
                    ],
                    "isInner": false,
                    "elType": "column"
                }
            ],
            "isInner": false,
            "elType": "section"
        },
        {
            "id": "6feba46b",
            "settings": {
                "structure": "20",
                "background_background": "classic",
                "background_color": "#AB8DED",
                "padding": {
                    "unit": "px",
                    "top": "16",
                    "right": "0",
                    "bottom": "16",
                    "left": "0",
                    "isLinked": false
                },
                "margin": {
                    "unit": "px",
                    "top": "0",
                    "right": 0,
                    "bottom": "0",
                    "left": 0,
                    "isLinked": false
                },
                "padding_mobile": {
                    "unit": "px",
                    "top": "40",
                    "right": "0",
                    "bottom": "40",
                    "left": "0",
                    "isLinked": false
                }
            },
            "elements": [
                {
                    "id": "5335c984",
                    "settings": {
                        "_column_size": 50,
                        "_inline_size": 80,
                        "_inline_size_tablet": 70,
                        "margin_tablet": {
                            "unit": "px",
                            "top": "0",
                            "right": "27",
                            "bottom": "0",
                            "left": "7",
                            "isLinked": false
                        },
                        "content_position": "center"
                    },
                    "elements": [
                        {
                            "id": "2457743a",
                            "settings": {
                                "title": "Did not find your questions and answers?",
                                "title_color": "#FFFFFF",
                                "typography_typography": "custom",
                                "typography_font_size": {
                                    "unit": "px",
                                    "size": 24
                                },
                                "typography_font_weight": "500",
                                "_margin": {
                                    "unit": "px",
                                    "top": "0",
                                    "right": "0",
                                    "bottom": "0",
                                    "left": "0",
                                    "isLinked": false
                                },
                                "align_mobile": "center",
                                "typography_line_height_mobile": {
                                    "unit": "px",
                                    "size": 27,
                                    "sizes": []
                                }
                            },
                            "elements": [],
                            "isInner": false,
                            "widgetType": "heading",
                            "elType": "widget"
                        }
                    ],
                    "isInner": false,
                    "elType": "column"
                },
                {
                    "id": "d110f75",
                    "settings": {
                        "_column_size": 50,
                        "_inline_size": 20,
                        "_inline_size_tablet": 25,
                        "content_position": "center",
                        "align": "center"
                    },
                    "elements": [
                        {
                            "id": "202ac5ee",
                            "settings": {
                                "text": "Contact us",
                                "icon_align": "right",
                                "icon_indent": {
                                    "unit": "px",
                                    "size": 10,
                                    "sizes": []
                                },
                                "typography_typography": "custom",
                                "typography_font_weight": "500",
                                "button_text_color": "#AB8DED",
                                "background_color": "#FFFFFF",
                                "align_mobile": "center",
                                "size": "md",
                                "border_radius": {
                                    "unit": "px",
                                    "top": "50",
                                    "right": "50",
                                    "bottom": "50",
                                    "left": "50",
                                    "isLinked": true
                                }
                            },
                            "elements": [],
                            "isInner": false,
                            "widgetType": "button",
                            "elType": "widget"
                        }
                    ],
                    "isInner": false,
                    "elType": "column"
                }
            ],
            "isInner": false,
            "elType": "section"
        },
        {
            "id": "53cbefb0",
            "settings": {
                "gap": "no",
                "custom_height": {
                    "unit": "px",
                    "size": 1200
                },
                "content_position": "middle",
                "padding": {
                    "unit": "px",
                    "top": "100",
                    "right": "0",
                    "bottom": "100",
                    "left": "0",
                    "isLinked": false
                },
                "padding_tablet": {
                    "unit": "px",
                    "top": "100",
                    "right": "25",
                    "bottom": "100",
                    "left": "25",
                    "isLinked": false
                },
                "padding_mobile": {
                    "unit": "px",
                    "top": "50",
                    "right": "20",
                    "bottom": "50",
                    "left": "20",
                    "isLinked": false
                }
            },
            "elements": [
                {
                    "id": "2c3b2bca",
                    "settings": {
                        "_column_size": 100
                    },
                    "elements": [
                        {
                            "id": "22c15274",
                            "settings": {
                                "title": "Our latest news",
                                "typography_typography": "custom",
                                "typography_font_size": {
                                    "unit": "px",
                                    "size": 40,
                                    "sizes": []
                                },
                                "typography_font_weight": "700",
                                "_margin": {
                                    "unit": "px",
                                    "top": "20",
                                    "right": "0",
                                    "bottom": "20",
                                    "left": "0",
                                    "isLinked": false
                                },
                                "align": "center",
                                "typography_font_size_mobile": {
                                    "unit": "px",
                                    "size": 33,
                                    "sizes": []
                                }
                            },
                            "elements": [],
                            "isInner": false,
                            "widgetType": "heading",
                            "elType": "widget"
                        },
                        {
                            "id": "61903047",
                            "settings": {
                                "exad_post_grid_per_page": 3,
                                "exad_post_grid_ignore_sticky": "",
                                "exad_post_grid_show_excerpt": "",
                                "exad_grid_title_length": 11,
                                "exad_post_grid_show_read_more_btn": "",
                                "exad_post_grid_read_more_btn_text": "Read More",
                                "exad_post_grid_pagination_previous_text": "Previous",
                                "exad_post_grid_pagination_next_text": "Next",
                                "exad_post_grid_user_name_tag": "",
                                "exad_post_grid_date_tag": " ",
                                "exad_grid_title_typography_typography": "custom",
                                "exad_grid_title_typography_font_size": {
                                    "unit": "px",
                                    "size": 20,
                                    "sizes": []
                                },
                                "exad_grid_title_typography_line_height": {
                                    "unit": "px",
                                    "size": 27,
                                    "sizes": []
                                },
                                "exad_grid_title_color": "#6D378F",
                                "exad_grid_title_hover_color": "#6D378F",
                                "exad_grid_category_bg_odd_color": "#AB8DED",
                                "exad_post_grid_show_user_avatar": "yes",
                                "exad_post_grid_show_read_time": "",
                                "exad_post_grid_show_comment": "",
                                "exad_section_post_grid_image_padding": {
                                    "unit": "px",
                                    "top": "0",
                                    "right": "0",
                                    "bottom": "0",
                                    "left": "0",
                                    "isLinked": true
                                },
                                "exad_section_post_grid_image_radius": {
                                    "unit": "px",
                                    "top": "10",
                                    "right": "10",
                                    "bottom": "0",
                                    "left": "0",
                                    "isLinked": false
                                },
                                "exad_post_grid_content_box_border_radius": {
                                    "unit": "px",
                                    "top": "0",
                                    "right": "0",
                                    "bottom": "10",
                                    "left": "10",
                                    "isLinked": false
                                },
                                "exad_post_grid_post_data_position": "post_data_bottom",
                                "exad_post_grid_offset": 2,
                                "exad_post_grid_author_date_margin_mobile": {
                                    "unit": "px",
                                    "top": "0",
                                    "right": "0",
                                    "bottom": "0",
                                    "left": "0",
                                    "isLinked": false
                                },
                                "exad_grid_author_date_color": "#6D378F",
                                "exad_grid_author_date_link_color": "#6D378F",
                                "exad_post_grid_content_box_shadow_box_shadow": {
                                    "horizontal": 0,
                                    "vertical": 0,
                                    "blur": 20,
                                    "spread": 5,
                                    "color": "rgba(0,0,0,.1)"
                                }
                            },
                            "elements": [],
                            "isInner": false,
                            "widgetType": "exad-post-grid",
                            "elType": "widget"
                        }
                    ],
                    "isInner": false,
                    "elType": "column"
                }
            ],
            "isInner": false,
            "elType": "section"
        }
    ],
    "page_settings": {
        "ha_grid_zindex": "1000",
        "eael_ext_toc_title": "Table of Content",
        "template": "elementor_header_footer"
    }
}