{
    "version": "0.4",
    "title": "Contact us",
    "type": "section",
    "metadata": {
        "template_type": "section-contact",
        "include_in_zip": "1",
        "elementor_pro_required": null,
        "wp_page_template": "elementor_header_footer"
    },
    "content": [
        {
            "id": "5159b71c",
            "settings": {
                "background_background": "classic",
                "background_repeat": "no-repeat",
                "background_size": "cover",
                "background_overlay_background": "classic",
                "padding": {
                    "unit": "px",
                    "top": "190",
                    "right": "0",
                    "bottom": "60",
                    "left": "0",
                    "isLinked": false
                },
                "background_color": "rgba(34, 119, 91, 0.05)",
                "background_ypos": {
                    "unit": "%",
                    "size": 49,
                    "sizes": []
                },
                "background_overlay_position": "center center",
                "background_overlay_xpos": {
                    "unit": "vw",
                    "size": 0,
                    "sizes": []
                },
                "background_overlay_ypos": {
                    "unit": "vh",
                    "size": -41,
                    "sizes": []
                },
                "background_overlay_repeat": "repeat-x",
                "background_overlay_opacity": {
                    "unit": "px",
                    "size": 1,
                    "sizes": []
                },
                "css_filters_blur": {
                    "unit": "px",
                    "size": 1.5,
                    "sizes": []
                },
                "css_filters_brightness": {
                    "unit": "px",
                    "size": 80,
                    "sizes": []
                },
                "margin_mobile": {
                    "unit": "px",
                    "top": "0",
                    "right": 0,
                    "bottom": "0",
                    "left": 0,
                    "isLinked": false
                },
                "background_image": {
                    "url": "https:\/\/nicesquad.us\/elementor\/expressoo\/wp-content\/uploads\/sites\/4\/2020\/03\/bg3.png",
                    "id": 586
                },
                "background_overlay_color_b": "#525252",
                "background_overlay_gradient_angle": {
                    "unit": "deg",
                    "size": 80,
                    "sizes": []
                },
                "overlay_blend_mode": "multiply",
                "margin": {
                    "unit": "px",
                    "top": "0",
                    "right": 0,
                    "bottom": "0",
                    "left": 0,
                    "isLinked": false
                },
                "margin_tablet": {
                    "unit": "px",
                    "top": "0",
                    "right": 0,
                    "bottom": "0",
                    "left": 0,
                    "isLinked": false
                },
                "background_position": "center center",
                "padding_tablet": {
                    "unit": "px",
                    "top": "71",
                    "right": "0",
                    "bottom": "0",
                    "left": "0",
                    "isLinked": false
                },
                "padding_mobile": {
                    "unit": "px",
                    "top": "25",
                    "right": "0",
                    "bottom": "0",
                    "left": "0",
                    "isLinked": false
                }
            },
            "elements": [
                {
                    "id": "7ad7c06",
                    "settings": {
                        "_column_size": 100,
                        "_inline_size": null,
                        "margin": {
                            "unit": "px",
                            "top": "0",
                            "right": "0",
                            "bottom": "0",
                            "left": "15",
                            "isLinked": false
                        },
                        "padding_mobile": {
                            "unit": "px",
                            "top": "66",
                            "right": "12",
                            "bottom": "0",
                            "left": "020",
                            "isLinked": false
                        },
                        "margin_tablet": {
                            "unit": "px",
                            "top": "0",
                            "right": "0",
                            "bottom": "0",
                            "left": "10",
                            "isLinked": false
                        }
                    },
                    "elements": [
                        {
                            "id": "60093b93",
                            "settings": {
                                "title": "Contact us",
                                "align": "left",
                                "title_color": "#6D378F",
                                "typography_typography": "custom",
                                "typography_font_size": {
                                    "unit": "px",
                                    "size": 70,
                                    "sizes": []
                                },
                                "typography_font_weight": "700",
                                "typography_line_height": {
                                    "unit": "px",
                                    "size": 42,
                                    "sizes": []
                                },
                                "_margin": {
                                    "unit": "px",
                                    "top": "0",
                                    "right": "0",
                                    "bottom": "4",
                                    "left": "0",
                                    "isLinked": false
                                },
                                "typography_font_size_mobile": {
                                    "unit": "px",
                                    "size": 33,
                                    "sizes": []
                                },
                                "typography_font_size_tablet": {
                                    "unit": "px",
                                    "size": 32,
                                    "sizes": []
                                }
                            },
                            "elements": [],
                            "isInner": false,
                            "widgetType": "heading",
                            "elType": "widget"
                        },
                        {
                            "id": "35b7cc93",
                            "settings": {
                                "editor": "<p>Home - Contact us<\/p>",
                                "align": "left",
                                "text_color": "rgba(109, 55, 143, 0.73)",
                                "typography_typography": "custom",
                                "typography_font_size": {
                                    "unit": "px",
                                    "size": 17,
                                    "sizes": []
                                },
                                "typography_line_height": {
                                    "unit": "px",
                                    "size": 34,
                                    "sizes": []
                                },
                                "_margin": {
                                    "unit": "px",
                                    "top": "-0",
                                    "right": "-0",
                                    "bottom": "-0",
                                    "left": "4",
                                    "isLinked": false
                                },
                                "typography_font_weight": "500",
                                "typography_font_size_tablet": {
                                    "unit": "px",
                                    "size": 15,
                                    "sizes": []
                                }
                            },
                            "elements": [],
                            "isInner": false,
                            "widgetType": "text-editor",
                            "elType": "widget"
                        }
                    ],
                    "isInner": false,
                    "elType": "column"
                }
            ],
            "isInner": false,
            "elType": "section"
        },
        {
            "id": "7301105e",
            "settings": {
                "padding": {
                    "unit": "px",
                    "top": "80",
                    "right": "0",
                    "bottom": "80",
                    "left": "0",
                    "isLinked": false
                }
            },
            "elements": [
                {
                    "id": "13233ccc",
                    "settings": {
                        "_column_size": 100,
                        "_inline_size": null
                    },
                    "elements": [
                        {
                            "id": "446dece6",
                            "settings": {
                                "structure": "30"
                            },
                            "elements": [
                                {
                                    "id": "2f19f3b2",
                                    "settings": {
                                        "_column_size": 33,
                                        "_inline_size": null,
                                        "box_shadow_box_shadow_type": "yes",
                                        "box_shadow_box_shadow": {
                                            "horizontal": 0,
                                            "vertical": 0,
                                            "blur": 20,
                                            "spread": 5,
                                            "color": "rgba(24, 27, 33, 0.1)"
                                        },
                                        "margin": {
                                            "unit": "px",
                                            "top": "0",
                                            "right": "10",
                                            "bottom": "0",
                                            "left": "10",
                                            "isLinked": false
                                        },
                                        "border_border": "solid",
                                        "border_color": "rgba(2, 1, 1, 0)",
                                        "border_radius": {
                                            "unit": "px",
                                            "top": "10",
                                            "right": "10",
                                            "bottom": "10",
                                            "left": "10",
                                            "isLinked": true
                                        },
                                        "margin_mobile": {
                                            "unit": "px",
                                            "top": "20",
                                            "right": "10",
                                            "bottom": "10",
                                            "left": "10",
                                            "isLinked": false
                                        }
                                    },
                                    "elements": [
                                        {
                                            "id": "24018874",
                                            "settings": {
                                                "exad_infobox_icon": {
                                                    "value": "fas fa-phone-alt",
                                                    "library": "fa-solid"
                                                },
                                                "exad_infobox_title": "Contact us",
                                                "exad_infobox_description": "Lorem ipsum dolor sit amet, <br>Tel: +911 40 500",
                                                "exad_infobox_transition_zoom": "",
                                                "exad_infobox_icon_background_color_normal": "#AB8DED",
                                                "exad_infobox_icon_color_hover": "#AB8DED",
                                                "exad_title_color": "#6D378F",
                                                "infobox_title_typography_typography": "custom",
                                                "infobox_title_typography_font_size": {
                                                    "unit": "px",
                                                    "size": 26,
                                                    "sizes": []
                                                },
                                                "exad_description_typography_typography": "custom",
                                                "exad_description_typography_font_size": {
                                                    "unit": "px",
                                                    "size": 15,
                                                    "sizes": []
                                                }
                                            },
                                            "elements": [],
                                            "isInner": false,
                                            "widgetType": "exad-infobox",
                                            "elType": "widget"
                                        }
                                    ],
                                    "isInner": true,
                                    "elType": "column"
                                },
                                {
                                    "id": "6209b5f",
                                    "settings": {
                                        "_column_size": 33,
                                        "_inline_size": null,
                                        "box_shadow_box_shadow_type": "yes",
                                        "box_shadow_box_shadow": {
                                            "horizontal": 0,
                                            "vertical": 0,
                                            "blur": 20,
                                            "spread": 5,
                                            "color": "rgba(24, 27, 33, 0.1)"
                                        },
                                        "margin": {
                                            "unit": "px",
                                            "top": "0",
                                            "right": "10",
                                            "bottom": "0",
                                            "left": "10",
                                            "isLinked": false
                                        },
                                        "border_border": "solid",
                                        "border_color": "rgba(2, 1, 1, 0)",
                                        "border_radius": {
                                            "unit": "px",
                                            "top": "10",
                                            "right": "10",
                                            "bottom": "10",
                                            "left": "10",
                                            "isLinked": true
                                        },
                                        "margin_mobile": {
                                            "unit": "px",
                                            "top": "20",
                                            "right": "10",
                                            "bottom": "10",
                                            "left": "10",
                                            "isLinked": false
                                        }
                                    },
                                    "elements": [
                                        {
                                            "id": "110d8cad",
                                            "settings": {
                                                "exad_infobox_icon": {
                                                    "value": "fas fa-location-arrow",
                                                    "library": "fa-solid"
                                                },
                                                "exad_infobox_title": "Get Direction",
                                                "exad_infobox_description": "85 Bay Meadows Drive Woodstock, GA 30188, United States",
                                                "exad_infobox_transition_zoom": "",
                                                "exad_infobox_icon_background_color_normal": "#AB8DED",
                                                "exad_infobox_icon_color_hover": "#AB8DED",
                                                "exad_title_color": "#6D378F",
                                                "infobox_title_typography_typography": "custom",
                                                "infobox_title_typography_font_size": {
                                                    "unit": "px",
                                                    "size": 26,
                                                    "sizes": []
                                                },
                                                "exad_description_typography_typography": "custom",
                                                "exad_description_typography_font_size": {
                                                    "unit": "px",
                                                    "size": 15,
                                                    "sizes": []
                                                }
                                            },
                                            "elements": [],
                                            "isInner": false,
                                            "widgetType": "exad-infobox",
                                            "elType": "widget"
                                        }
                                    ],
                                    "isInner": true,
                                    "elType": "column"
                                },
                                {
                                    "id": "322bb439",
                                    "settings": {
                                        "_column_size": 33,
                                        "_inline_size": null,
                                        "box_shadow_box_shadow_type": "yes",
                                        "box_shadow_box_shadow": {
                                            "horizontal": 0,
                                            "vertical": 0,
                                            "blur": 20,
                                            "spread": 5,
                                            "color": "rgba(24, 27, 33, 0.1)"
                                        },
                                        "margin": {
                                            "unit": "px",
                                            "top": "0",
                                            "right": "10",
                                            "bottom": "0",
                                            "left": "10",
                                            "isLinked": false
                                        },
                                        "border_border": "solid",
                                        "border_color": "rgba(2, 1, 1, 0)",
                                        "border_radius": {
                                            "unit": "px",
                                            "top": "10",
                                            "right": "10",
                                            "bottom": "10",
                                            "left": "10",
                                            "isLinked": true
                                        },
                                        "margin_mobile": {
                                            "unit": "px",
                                            "top": "20",
                                            "right": "10",
                                            "bottom": "10",
                                            "left": "10",
                                            "isLinked": false
                                        }
                                    },
                                    "elements": [
                                        {
                                            "id": "3d5f2619",
                                            "settings": {
                                                "exad_infobox_icon": {
                                                    "value": "fas fa-home",
                                                    "library": "fa-solid"
                                                },
                                                "exad_infobox_title": "Delivery to the door",
                                                "exad_infobox_description": "Lorem ipsum dolor sit amet, consectetur adipiscing elit.",
                                                "exad_infobox_transition_zoom": "",
                                                "exad_infobox_icon_background_color_normal": "#AB8DED",
                                                "exad_infobox_icon_color_hover": "#AB8DED",
                                                "exad_title_color": "#6D378F",
                                                "infobox_title_typography_typography": "custom",
                                                "infobox_title_typography_font_size": {
                                                    "unit": "px",
                                                    "size": 26,
                                                    "sizes": []
                                                },
                                                "exad_description_typography_typography": "custom",
                                                "exad_description_typography_font_size": {
                                                    "unit": "px",
                                                    "size": 15,
                                                    "sizes": []
                                                }
                                            },
                                            "elements": [],
                                            "isInner": false,
                                            "widgetType": "exad-infobox",
                                            "elType": "widget"
                                        }
                                    ],
                                    "isInner": true,
                                    "elType": "column"
                                }
                            ],
                            "isInner": true,
                            "elType": "section"
                        }
                    ],
                    "isInner": false,
                    "elType": "column"
                }
            ],
            "isInner": false,
            "elType": "section"
        },
        {
            "id": "6f184433",
            "settings": {
                "structure": "20",
                "background_background": "classic",
                "background_color": "#AB8DED",
                "padding": {
                    "unit": "px",
                    "top": "16",
                    "right": "0",
                    "bottom": "16",
                    "left": "0",
                    "isLinked": false
                },
                "margin": {
                    "unit": "px",
                    "top": "0",
                    "right": 0,
                    "bottom": "0",
                    "left": 0,
                    "isLinked": false
                },
                "padding_mobile": {
                    "unit": "px",
                    "top": "40",
                    "right": "0",
                    "bottom": "40",
                    "left": "0",
                    "isLinked": false
                }
            },
            "elements": [
                {
                    "id": "ac1515c",
                    "settings": {
                        "_column_size": 50,
                        "_inline_size": 80,
                        "_inline_size_tablet": 70,
                        "margin_tablet": {
                            "unit": "px",
                            "top": "0",
                            "right": "27",
                            "bottom": "0",
                            "left": "7",
                            "isLinked": false
                        },
                        "content_position": "center"
                    },
                    "elements": [
                        {
                            "id": "54e6d5d0",
                            "settings": {
                                "title": "Did not find your questions and answers?",
                                "title_color": "#FFFFFF",
                                "typography_typography": "custom",
                                "typography_font_size": {
                                    "unit": "px",
                                    "size": 24
                                },
                                "typography_font_weight": "500",
                                "_margin": {
                                    "unit": "px",
                                    "top": "0",
                                    "right": "0",
                                    "bottom": "0",
                                    "left": "0",
                                    "isLinked": false
                                },
                                "align_mobile": "center",
                                "typography_line_height_mobile": {
                                    "unit": "px",
                                    "size": 27,
                                    "sizes": []
                                }
                            },
                            "elements": [],
                            "isInner": false,
                            "widgetType": "heading",
                            "elType": "widget"
                        }
                    ],
                    "isInner": false,
                    "elType": "column"
                },
                {
                    "id": "51bd16f7",
                    "settings": {
                        "_column_size": 50,
                        "_inline_size": 20,
                        "_inline_size_tablet": 25,
                        "content_position": "center",
                        "align": "center"
                    },
                    "elements": [
                        {
                            "id": "707ba12",
                            "settings": {
                                "text": "Contact us",
                                "icon_align": "right",
                                "icon_indent": {
                                    "unit": "px",
                                    "size": 10,
                                    "sizes": []
                                },
                                "typography_typography": "custom",
                                "typography_font_weight": "500",
                                "button_text_color": "#AB8DED",
                                "background_color": "#FFFFFF",
                                "align_mobile": "center",
                                "size": "md",
                                "border_radius": {
                                    "unit": "px",
                                    "top": "50",
                                    "right": "50",
                                    "bottom": "50",
                                    "left": "50",
                                    "isLinked": true
                                }
                            },
                            "elements": [],
                            "isInner": false,
                            "widgetType": "button",
                            "elType": "widget"
                        }
                    ],
                    "isInner": false,
                    "elType": "column"
                }
            ],
            "isInner": false,
            "elType": "section"
        },
        {
            "id": "5e41a1a2",
            "settings": {
                "padding": {
                    "unit": "px",
                    "top": "0",
                    "right": "0",
                    "bottom": "0",
                    "left": "0",
                    "isLinked": false
                },
                "layout": "full_width",
                "margin": {
                    "unit": "px",
                    "top": "0",
                    "right": 0,
                    "bottom": "-20",
                    "left": 0,
                    "isLinked": false
                },
                "content_width": {
                    "unit": "px",
                    "size": 1600,
                    "sizes": []
                }
            },
            "elements": [
                {
                    "id": "6ec49085",
                    "settings": {
                        "_column_size": 100,
                        "_inline_size": null,
                        "padding": {
                            "unit": "px",
                            "top": "0",
                            "right": "0",
                            "bottom": "0",
                            "left": "0",
                            "isLinked": false
                        }
                    },
                    "elements": [
                        {
                            "id": "31b6e23b",
                            "settings": {
                                "address": "London Eye, London, United Kingdom",
                                "height": {
                                    "unit": "px",
                                    "size": 917,
                                    "sizes": []
                                },
                                "height_tablet": {
                                    "unit": "px",
                                    "size": 547,
                                    "sizes": []
                                }
                            },
                            "elements": [],
                            "isInner": false,
                            "widgetType": "google_maps",
                            "elType": "widget"
                        },
                        {
                            "id": "53876d75",
                            "settings": {
                                "structure": "20",
                                "content_width": {
                                    "unit": "px",
                                    "size": 800,
                                    "sizes": []
                                },
                                "margin": {
                                    "unit": "px",
                                    "top": "-800",
                                    "right": 0,
                                    "bottom": "0",
                                    "left": 0,
                                    "isLinked": false
                                },
                                "margin_tablet": {
                                    "unit": "px",
                                    "top": "20",
                                    "right": 0,
                                    "bottom": "10",
                                    "left": 0,
                                    "isLinked": false
                                }
                            },
                            "elements": [
                                {
                                    "id": "5ad9908f",
                                    "settings": {
                                        "_column_size": 50,
                                        "_inline_size": null,
                                        "background_background": "classic",
                                        "background_color": "#FFFFFF",
                                        "padding": {
                                            "unit": "px",
                                            "top": "30",
                                            "right": "30",
                                            "bottom": "30",
                                            "left": "30",
                                            "isLinked": true
                                        },
                                        "border_radius": {
                                            "unit": "px",
                                            "top": "10",
                                            "right": "0",
                                            "bottom": "0",
                                            "left": "10",
                                            "isLinked": false
                                        }
                                    },
                                    "elements": [
                                        {
                                            "id": "2b7bbc1f",
                                            "settings": {
                                                "title": "Contact",
                                                "typography_typography": "custom",
                                                "typography_font_size": {
                                                    "unit": "px",
                                                    "size": 19,
                                                    "sizes": []
                                                }
                                            },
                                            "elements": [],
                                            "isInner": false,
                                            "widgetType": "heading",
                                            "elType": "widget"
                                        },
                                        {
                                            "id": "637331be",
                                            "settings": {
                                                "editor": "<p>Lorem Ipsum is simply dummy text of the printing and typesetting industry. Lorem Ipsum has been the industry's standard dummy text ever since the 1500s, when an unknown printer took a galley of type.<\/p>"
                                            },
                                            "elements": [],
                                            "isInner": false,
                                            "widgetType": "text-editor",
                                            "elType": "widget"
                                        },
                                        {
                                            "id": "1f4ded19",
                                            "settings": {
                                                "title": "Details",
                                                "typography_typography": "custom",
                                                "typography_font_size": {
                                                    "unit": "px",
                                                    "size": 19,
                                                    "sizes": []
                                                }
                                            },
                                            "elements": [],
                                            "isInner": false,
                                            "widgetType": "heading",
                                            "elType": "widget"
                                        },
                                        {
                                            "id": "21126f43",
                                            "settings": {
                                                "editor": "Hello@emailaddress.com\n\n+1 555 555 555\n\n3852 Douglas Dairy Road\nBristol, VA 24209",
                                                "_margin": {
                                                    "unit": "px",
                                                    "top": "0",
                                                    "right": "0",
                                                    "bottom": "0",
                                                    "left": "0",
                                                    "isLinked": false
                                                },
                                                "column_gap": {
                                                    "unit": "px",
                                                    "size": 0,
                                                    "sizes": []
                                                },
                                                "_padding": {
                                                    "unit": "px",
                                                    "top": "0",
                                                    "right": "0",
                                                    "bottom": "0",
                                                    "left": "0",
                                                    "isLinked": false
                                                }
                                            },
                                            "elements": [],
                                            "isInner": false,
                                            "widgetType": "text-editor",
                                            "elType": "widget"
                                        }
                                    ],
                                    "isInner": true,
                                    "elType": "column"
                                },
                                {
                                    "id": "57ead3f",
                                    "settings": {
                                        "_column_size": 50,
                                        "_inline_size": null,
                                        "background_background": "classic",
                                        "background_color": "#FFFFFF",
                                        "padding": {
                                            "unit": "px",
                                            "top": "0",
                                            "right": "0",
                                            "bottom": "0",
                                            "left": "0",
                                            "isLinked": true
                                        },
                                        "border_radius": {
                                            "unit": "px",
                                            "top": "0",
                                            "right": "10",
                                            "bottom": "10",
                                            "left": "0",
                                            "isLinked": false
                                        }
                                    },
                                    "elements": [
                                        {
                                            "id": "51c30c42",
                                            "settings": {
                                                "exad_contact_form_list": "4",
                                                "exad_cf7_button_shadow_box_shadow_type": "",
                                                "exad_contact_button_text_color_normal": "#FFFFFF",
                                                "exad_contact_button_bg_color_normal": "#AB8DED",
                                                "exad_contact_button_border_color": "#AB8DED",
                                                "exad_contact_button_box_shadow_normal_box_shadow_type": "",
                                                "exad_contact_button_text_color_hover": "#AB8DED",
                                                "exad_contact_field_text_color": "#AB8DED",
                                                "exad_contact_button_border_radius": {
                                                    "unit": "px",
                                                    "top": "50",
                                                    "right": "50",
                                                    "bottom": "50",
                                                    "left": "50",
                                                    "isLinked": true
                                                },
                                                "button_padding": {
                                                    "unit": "%",
                                                    "top": "4",
                                                    "right": "43",
                                                    "bottom": "4",
                                                    "left": "43",
                                                    "isLinked": false
                                                },
                                                "exad_contact_button_border_width_mobile": {
                                                    "unit": "px",
                                                    "top": "0",
                                                    "right": "0",
                                                    "bottom": "0",
                                                    "left": "0",
                                                    "isLinked": false
                                                }
                                            },
                                            "elements": [],
                                            "isInner": false,
                                            "widgetType": "exad-contact-form-7",
                                            "elType": "widget"
                                        }
                                    ],
                                    "isInner": true,
                                    "elType": "column"
                                }
                            ],
                            "isInner": true,
                            "elType": "section"
                        }
                    ],
                    "isInner": false,
                    "elType": "column"
                }
            ],
            "isInner": false,
            "elType": "section"
        }
    ],
    "page_settings": {
        "ha_grid_zindex": "1000",
        "eael_ext_toc_title": "Table of Content",
        "template": "elementor_header_footer"
    }
}