{
    "version": "0.4",
    "title": "Delivery Plan first style",
    "type": "section",
    "metadata": {
        "template_type": "section-pricing",
        "include_in_zip": "1",
        "elementor_pro_required": null,
        "wp_page_template": "elementor_header_footer"
    },
    "content": [
        {
            "id": "61db6358",
            "settings": {
                "background_background": "classic",
                "background_repeat": "no-repeat",
                "background_size": "cover",
                "background_overlay_background": "classic",
                "padding": {
                    "unit": "px",
                    "top": "190",
                    "right": "0",
                    "bottom": "60",
                    "left": "0",
                    "isLinked": false
                },
                "background_color": "rgba(34, 119, 91, 0.05)",
                "background_ypos": {
                    "unit": "%",
                    "size": 49,
                    "sizes": []
                },
                "background_overlay_position": "center center",
                "background_overlay_xpos": {
                    "unit": "vw",
                    "size": 0,
                    "sizes": []
                },
                "background_overlay_ypos": {
                    "unit": "vh",
                    "size": -41,
                    "sizes": []
                },
                "background_overlay_repeat": "repeat-x",
                "background_overlay_opacity": {
                    "unit": "px",
                    "size": 1,
                    "sizes": []
                },
                "css_filters_blur": {
                    "unit": "px",
                    "size": 1.5,
                    "sizes": []
                },
                "css_filters_brightness": {
                    "unit": "px",
                    "size": 80,
                    "sizes": []
                },
                "margin_mobile": {
                    "unit": "px",
                    "top": "0",
                    "right": 0,
                    "bottom": "0",
                    "left": 0,
                    "isLinked": false
                },
                "background_image": {
                    "url": "https:\/\/nicesquad.us\/elementor\/expressoo\/wp-content\/uploads\/sites\/4\/2020\/03\/bg3.png",
                    "id": 586
                },
                "background_overlay_color_b": "#525252",
                "background_overlay_gradient_angle": {
                    "unit": "deg",
                    "size": 80,
                    "sizes": []
                },
                "overlay_blend_mode": "multiply",
                "margin": {
                    "unit": "px",
                    "top": "0",
                    "right": 0,
                    "bottom": "0",
                    "left": 0,
                    "isLinked": false
                },
                "margin_tablet": {
                    "unit": "px",
                    "top": "0",
                    "right": 0,
                    "bottom": "0",
                    "left": 0,
                    "isLinked": false
                },
                "background_position": "center center",
                "padding_tablet": {
                    "unit": "px",
                    "top": "71",
                    "right": "0",
                    "bottom": "0",
                    "left": "0",
                    "isLinked": false
                },
                "padding_mobile": {
                    "unit": "px",
                    "top": "25",
                    "right": "0",
                    "bottom": "0",
                    "left": "0",
                    "isLinked": false
                }
            },
            "elements": [
                {
                    "id": "138dc8fd",
                    "settings": {
                        "_column_size": 100,
                        "_inline_size": null,
                        "margin": {
                            "unit": "px",
                            "top": "0",
                            "right": "0",
                            "bottom": "0",
                            "left": "15",
                            "isLinked": false
                        },
                        "padding_mobile": {
                            "unit": "px",
                            "top": "66",
                            "right": "12",
                            "bottom": "0",
                            "left": "020",
                            "isLinked": false
                        },
                        "margin_tablet": {
                            "unit": "px",
                            "top": "0",
                            "right": "0",
                            "bottom": "0",
                            "left": "10",
                            "isLinked": false
                        }
                    },
                    "elements": [
                        {
                            "id": "7df516d3",
                            "settings": {
                                "title": "Delivery plan first style",
                                "align": "left",
                                "title_color": "#6D378F",
                                "typography_typography": "custom",
                                "typography_font_size": {
                                    "unit": "px",
                                    "size": 70,
                                    "sizes": []
                                },
                                "typography_font_weight": "700",
                                "typography_line_height": {
                                    "unit": "px",
                                    "size": 42,
                                    "sizes": []
                                },
                                "_margin": {
                                    "unit": "px",
                                    "top": "0",
                                    "right": "0",
                                    "bottom": "4",
                                    "left": "0",
                                    "isLinked": false
                                },
                                "typography_font_size_mobile": {
                                    "unit": "px",
                                    "size": 33,
                                    "sizes": []
                                },
                                "typography_font_size_tablet": {
                                    "unit": "px",
                                    "size": 32,
                                    "sizes": []
                                }
                            },
                            "elements": [],
                            "isInner": false,
                            "widgetType": "heading",
                            "elType": "widget"
                        },
                        {
                            "id": "6cac6f60",
                            "settings": {
                                "editor": "<p>Home - Delivery plan first style<\/p>",
                                "align": "left",
                                "text_color": "rgba(109, 55, 143, 0.73)",
                                "typography_typography": "custom",
                                "typography_font_size": {
                                    "unit": "px",
                                    "size": 17,
                                    "sizes": []
                                },
                                "typography_line_height": {
                                    "unit": "px",
                                    "size": 34,
                                    "sizes": []
                                },
                                "_margin": {
                                    "unit": "px",
                                    "top": "-0",
                                    "right": "-0",
                                    "bottom": "-0",
                                    "left": "4",
                                    "isLinked": false
                                },
                                "typography_font_weight": "500",
                                "typography_font_size_tablet": {
                                    "unit": "px",
                                    "size": 15,
                                    "sizes": []
                                }
                            },
                            "elements": [],
                            "isInner": false,
                            "widgetType": "text-editor",
                            "elType": "widget"
                        }
                    ],
                    "isInner": false,
                    "elType": "column"
                }
            ],
            "isInner": false,
            "elType": "section"
        },
        {
            "id": "575b2d1f",
            "settings": {
                "padding": {
                    "unit": "px",
                    "top": "80",
                    "right": "0",
                    "bottom": "80",
                    "left": "0",
                    "isLinked": false
                }
            },
            "elements": [
                {
                    "id": "3422ec4",
                    "settings": {
                        "_column_size": 100,
                        "_inline_size": null
                    },
                    "elements": [
                        {
                            "id": "7c7a3282",
                            "settings": {
                                "structure": "30"
                            },
                            "elements": [
                                {
                                    "id": "3197747",
                                    "settings": {
                                        "_column_size": 33,
                                        "_inline_size": null
                                    },
                                    "elements": [
                                        {
                                            "id": "9936e01",
                                            "settings": {
                                                "exad_pricing_table_items": [
                                                    {
                                                        "exad_pricing_table_item": "Unlimited orders",
                                                        "_id": "c877375",
                                                        "exad_pricing_table_list_icon": {
                                                            "value": "fas fa-check",
                                                            "library": "fa-solid"
                                                        },
                                                        "exad_pricing_table_icon_mood": "yes"
                                                    },
                                                    {
                                                        "exad_pricing_table_item": "Unlimited locations",
                                                        "_id": "699f2c0",
                                                        "exad_pricing_table_list_icon": {
                                                            "value": "fas fa-check",
                                                            "library": "fa-solid"
                                                        },
                                                        "exad_pricing_table_icon_mood": "yes"
                                                    },
                                                    {
                                                        "exad_pricing_table_item": "No commission per order",
                                                        "_id": "fcfe80b",
                                                        "exad_pricing_table_list_icon": {
                                                            "value": "fas fa-check",
                                                            "library": "fa-solid"
                                                        },
                                                        "exad_pricing_table_icon_mood": ""
                                                    },
                                                    {
                                                        "exad_pricing_table_item": "No monthly fee",
                                                        "exad_pricing_table_icon_mood": "",
                                                        "_id": "3e18215",
                                                        "exad_pricing_table_list_icon": {
                                                            "value": "fas fa-check",
                                                            "library": "fa-solid"
                                                        }
                                                    },
                                                    {
                                                        "exad_pricing_table_item": "No contracts",
                                                        "exad_pricing_table_icon_mood": "",
                                                        "_id": "af4d2cd",
                                                        "exad_pricing_table_list_icon": {
                                                            "value": "fas fa-check",
                                                            "library": "fa-solid"
                                                        }
                                                    }
                                                ],
                                                "exad_pricing_table_promo_enable": "",
                                                "exad_pricing_table_promo_title": "Recommended",
                                                "exad_pricing_table_title": "Standard Plan",
                                                "exad_pricing_table_subtitle": "Best for Small individual",
                                                "exad_pricing_table_featured": "",
                                                "exad_pricing_table_featured_type": "icon-badge",
                                                "exad_pricing_table_featured_tag_text": "FEATURED",
                                                "exad_pricing_table_price": "39",
                                                "exad_pricing_table_price_cur": "$",
                                                "exad_pricing_table_price_by": "",
                                                "exad_pricing_table_period_separator": "",
                                                "exad_pricing_table_btn": "Get Started",
                                                "exad_pricing_table_price_box_separator": "",
                                                "exad_pricing_table_price_box": "",
                                                "exad_pricing_table_price_box_height": 120,
                                                "exad_pricing_table_price_box_background_background": "classic",
                                                "exad_pricing_table_price_box_background_color": "#AB8DED",
                                                "exad_pricing_table_pricing_color": "#6D378F",
                                                "exad_pricing_table_price_tag_typography_typography": "custom",
                                                "exad_pricing_table_price_tag_typography_font_size": {
                                                    "unit": "px",
                                                    "size": 44,
                                                    "sizes": []
                                                },
                                                "exad_pricing_table_pricing_period_color": "",
                                                "exad_pricing_table_list_item_icon_color": "#AB8DED",
                                                "exad_pricing_table_button_border_radius": {
                                                    "unit": "px",
                                                    "top": "50",
                                                    "right": "50",
                                                    "bottom": "50",
                                                    "left": "50",
                                                    "isLinked": true
                                                },
                                                "exad_pricing_table_btn_normal_bg_color": "#AB8DED",
                                                "exad_pricing_table_btn_normal_border_color": "#AB8DED",
                                                "exad_pricing_table_bg_color": "#FFFFFF",
                                                "exad_pricing_table_content_box_shadow_box_shadow": {
                                                    "horizontal": 0,
                                                    "vertical": 13,
                                                    "blur": 33,
                                                    "spread": 0,
                                                    "color": "rgba(51, 77, 128, 0.1)"
                                                },
                                                "exad_pricing_table_title_color": "#6D378F",
                                                "exad_pricing_table_title_typography_typography": "custom",
                                                "exad_pricing_table_title_typography_font_size": {
                                                    "unit": "px",
                                                    "size": 22,
                                                    "sizes": []
                                                },
                                                "exad_pricing_table_title_typography_font_weight": "700",
                                                "exad_pricing_table_price_box_width": 120,
                                                "exad_pricing_table_price_box_border_border": "solid",
                                                "exad_pricing_table_price_box_border_width": {
                                                    "unit": "px",
                                                    "top": "5",
                                                    "right": "5",
                                                    "bottom": "5",
                                                    "left": "5",
                                                    "isLinked": true
                                                },
                                                "exad_pricing_table_price_box_border_color": "#EDEDED",
                                                "exad_pricing_table_list_item_color": "#6D378F",
                                                "exad_pricing_table_featured_tag_font_size": {
                                                    "unit": "px",
                                                    "size": 18,
                                                    "sizes": []
                                                },
                                                "exad_pricing_table_featured_tag_text_color": "#FFFFFF",
                                                "exad_pricing_table_featured_icon_badge_background_background": "classic",
                                                "exad_pricing_table_featured_icon_badge_background_color": "#AB8DED",
                                                "exad_pricing_table_btn_hover_text_color": "#FFFFFF",
                                                "exad_pricing_table_btn_hover_bg_color": "#6D378F",
                                                "exad_pricing_table_btn_hover_border_color": "#6D378F",
                                                "_border_border": "solid",
                                                "_border_width": {
                                                    "unit": "px",
                                                    "top": "4",
                                                    "right": "0",
                                                    "bottom": "0",
                                                    "left": "0",
                                                    "isLinked": false
                                                },
                                                "_border_color": "#AB8DED",
                                                "_border_radius": {
                                                    "unit": "px",
                                                    "top": "10",
                                                    "right": "10",
                                                    "bottom": "10",
                                                    "left": "10",
                                                    "isLinked": true
                                                }
                                            },
                                            "elements": [],
                                            "isInner": false,
                                            "widgetType": "exad-pricing-table",
                                            "elType": "widget"
                                        }
                                    ],
                                    "isInner": true,
                                    "elType": "column"
                                },
                                {
                                    "id": "37625516",
                                    "settings": {
                                        "_column_size": 33,
                                        "_inline_size": null,
                                        "margin_mobile": {
                                            "unit": "px",
                                            "top": "20",
                                            "right": "0",
                                            "bottom": "0",
                                            "left": "0",
                                            "isLinked": false
                                        }
                                    },
                                    "elements": [
                                        {
                                            "id": "3e7cc7ae",
                                            "settings": {
                                                "exad_pricing_table_items": [
                                                    {
                                                        "exad_pricing_table_item": "Unlimited orders",
                                                        "_id": "c877375",
                                                        "exad_pricing_table_list_icon": {
                                                            "value": "fas fa-check",
                                                            "library": "fa-solid"
                                                        },
                                                        "exad_pricing_table_icon_mood": "yes"
                                                    },
                                                    {
                                                        "exad_pricing_table_item": "Unlimited locations",
                                                        "_id": "699f2c0",
                                                        "exad_pricing_table_list_icon": {
                                                            "value": "fas fa-check",
                                                            "library": "fa-solid"
                                                        },
                                                        "exad_pricing_table_icon_mood": "yes"
                                                    },
                                                    {
                                                        "exad_pricing_table_item": "No commission per order",
                                                        "_id": "fcfe80b",
                                                        "exad_pricing_table_list_icon": {
                                                            "value": "fas fa-check",
                                                            "library": "fa-solid"
                                                        },
                                                        "exad_pricing_table_icon_mood": "yes"
                                                    },
                                                    {
                                                        "exad_pricing_table_item": "No monthly fee",
                                                        "exad_pricing_table_icon_mood": "yes",
                                                        "_id": "3e18215",
                                                        "exad_pricing_table_list_icon": {
                                                            "value": "fas fa-check",
                                                            "library": "fa-solid"
                                                        }
                                                    },
                                                    {
                                                        "exad_pricing_table_item": "No contracts",
                                                        "exad_pricing_table_icon_mood": "no",
                                                        "_id": "af4d2cd",
                                                        "exad_pricing_table_list_icon": {
                                                            "value": "fas fa-check",
                                                            "library": "fa-solid"
                                                        }
                                                    }
                                                ],
                                                "exad_pricing_table_promo_enable": "",
                                                "exad_pricing_table_promo_title": "Recommended",
                                                "exad_pricing_table_title": "Popular Plan",
                                                "exad_pricing_table_subtitle": "Best for Small individual",
                                                "exad_pricing_table_featured": "yes",
                                                "exad_pricing_table_featured_tag_text": "Popular",
                                                "exad_pricing_table_price": "69",
                                                "exad_pricing_table_price_cur": "$",
                                                "exad_pricing_table_price_by": "",
                                                "exad_pricing_table_period_separator": "",
                                                "exad_pricing_table_btn": "Get Started",
                                                "exad_pricing_table_price_box_separator": "",
                                                "exad_pricing_table_price_box": "",
                                                "exad_pricing_table_price_box_height": 120,
                                                "exad_pricing_table_price_box_background_background": "classic",
                                                "exad_pricing_table_price_box_background_color": "#AB8DED",
                                                "exad_pricing_table_pricing_color": "#6D378F",
                                                "exad_pricing_table_price_tag_typography_typography": "custom",
                                                "exad_pricing_table_price_tag_typography_font_size": {
                                                    "unit": "px",
                                                    "size": 44,
                                                    "sizes": []
                                                },
                                                "exad_pricing_table_pricing_period_color": "",
                                                "exad_pricing_table_list_item_icon_color": "#AB8DED",
                                                "exad_pricing_table_button_border_radius": {
                                                    "unit": "px",
                                                    "top": "50",
                                                    "right": "50",
                                                    "bottom": "50",
                                                    "left": "50",
                                                    "isLinked": true
                                                },
                                                "exad_pricing_table_btn_normal_bg_color": "#AB8DED",
                                                "exad_pricing_table_btn_normal_border_color": "#AB8DED",
                                                "exad_pricing_table_bg_color": "#FFFFFF",
                                                "exad_pricing_table_content_box_shadow_box_shadow": {
                                                    "horizontal": 0,
                                                    "vertical": 13,
                                                    "blur": 33,
                                                    "spread": 0,
                                                    "color": "rgba(51, 77, 128, 0.1)"
                                                },
                                                "exad_pricing_table_title_color": "#6D378F",
                                                "exad_pricing_table_title_typography_typography": "custom",
                                                "exad_pricing_table_title_typography_font_size": {
                                                    "unit": "px",
                                                    "size": 22,
                                                    "sizes": []
                                                },
                                                "exad_pricing_table_title_typography_font_weight": "700",
                                                "exad_pricing_table_price_box_width": 120,
                                                "exad_pricing_table_price_box_border_border": "solid",
                                                "exad_pricing_table_price_box_border_width": {
                                                    "unit": "px",
                                                    "top": "5",
                                                    "right": "5",
                                                    "bottom": "5",
                                                    "left": "5",
                                                    "isLinked": true
                                                },
                                                "exad_pricing_table_price_box_border_color": "#EDEDED",
                                                "exad_pricing_table_list_item_color": "#6D378F",
                                                "exad_pricing_table_featured_tag_font_size": {
                                                    "unit": "px",
                                                    "size": 14,
                                                    "sizes": []
                                                },
                                                "exad_pricing_table_featured_tag_text_color": "#FFFFFF",
                                                "exad_pricing_table_featured_text_badge_background_background": "classic",
                                                "exad_pricing_table_featured_text_badge_background_color": "#AB8DED",
                                                "exad_pricing_table_featured_icon_badge_background_background": "classic",
                                                "exad_pricing_table_featured_icon_badge_background_color": "#AB8DED",
                                                "exad_pricing_table_btn_hover_text_color": "#FFFFFF",
                                                "exad_pricing_table_btn_hover_bg_color": "#6D378F",
                                                "exad_pricing_table_btn_hover_border_color": "#6D378F",
                                                "_border_border": "solid",
                                                "_border_width": {
                                                    "unit": "px",
                                                    "top": "4",
                                                    "right": "0",
                                                    "bottom": "0",
                                                    "left": "0",
                                                    "isLinked": false
                                                },
                                                "_border_color": "#AB8DED",
                                                "_border_radius": {
                                                    "unit": "px",
                                                    "top": "10",
                                                    "right": "10",
                                                    "bottom": "10",
                                                    "left": "10",
                                                    "isLinked": true
                                                }
                                            },
                                            "elements": [],
                                            "isInner": false,
                                            "widgetType": "exad-pricing-table",
                                            "elType": "widget"
                                        }
                                    ],
                                    "isInner": true,
                                    "elType": "column"
                                },
                                {
                                    "id": "35d751f2",
                                    "settings": {
                                        "_column_size": 33,
                                        "_inline_size": null,
                                        "margin_mobile": {
                                            "unit": "px",
                                            "top": "20",
                                            "right": "0",
                                            "bottom": "0",
                                            "left": "0",
                                            "isLinked": false
                                        }
                                    },
                                    "elements": [
                                        {
                                            "id": "303c24d8",
                                            "settings": {
                                                "exad_pricing_table_items": [
                                                    {
                                                        "exad_pricing_table_item": "Unlimited orders",
                                                        "_id": "c877375",
                                                        "exad_pricing_table_list_icon": {
                                                            "value": "fas fa-check",
                                                            "library": "fa-solid"
                                                        },
                                                        "exad_pricing_table_icon_mood": "yes"
                                                    },
                                                    {
                                                        "exad_pricing_table_item": "Unlimited locations",
                                                        "_id": "699f2c0",
                                                        "exad_pricing_table_list_icon": {
                                                            "value": "fas fa-check",
                                                            "library": "fa-solid"
                                                        },
                                                        "exad_pricing_table_icon_mood": "yes"
                                                    },
                                                    {
                                                        "exad_pricing_table_item": "No commission per order",
                                                        "_id": "fcfe80b",
                                                        "exad_pricing_table_list_icon": {
                                                            "value": "fas fa-check",
                                                            "library": "fa-solid"
                                                        },
                                                        "exad_pricing_table_icon_mood": "yes"
                                                    },
                                                    {
                                                        "exad_pricing_table_item": "No monthly fee",
                                                        "exad_pricing_table_icon_mood": "yes",
                                                        "_id": "3e18215",
                                                        "exad_pricing_table_list_icon": {
                                                            "value": "fas fa-check",
                                                            "library": "fa-solid"
                                                        }
                                                    },
                                                    {
                                                        "exad_pricing_table_item": "No contracts",
                                                        "exad_pricing_table_icon_mood": "yes",
                                                        "_id": "af4d2cd",
                                                        "exad_pricing_table_list_icon": {
                                                            "value": "fas fa-check",
                                                            "library": "fa-solid"
                                                        }
                                                    }
                                                ],
                                                "exad_pricing_table_promo_enable": "",
                                                "exad_pricing_table_promo_title": "Recommended",
                                                "exad_pricing_table_title": "Premium Plan",
                                                "exad_pricing_table_subtitle": "Best for Small individual",
                                                "exad_pricing_table_featured": "",
                                                "exad_pricing_table_featured_type": "icon-badge",
                                                "exad_pricing_table_featured_tag_text": "FEATURED",
                                                "exad_pricing_table_price": "99",
                                                "exad_pricing_table_price_cur": "$",
                                                "exad_pricing_table_price_by": "",
                                                "exad_pricing_table_period_separator": "",
                                                "exad_pricing_table_btn": "Get Started",
                                                "exad_pricing_table_price_box_separator": "",
                                                "exad_pricing_table_price_box": "",
                                                "exad_pricing_table_price_box_height": 120,
                                                "exad_pricing_table_price_box_background_background": "classic",
                                                "exad_pricing_table_price_box_background_color": "#AB8DED",
                                                "exad_pricing_table_pricing_color": "#6D378F",
                                                "exad_pricing_table_price_tag_typography_typography": "custom",
                                                "exad_pricing_table_price_tag_typography_font_size": {
                                                    "unit": "px",
                                                    "size": 44,
                                                    "sizes": []
                                                },
                                                "exad_pricing_table_pricing_period_color": "",
                                                "exad_pricing_table_list_item_icon_color": "#AB8DED",
                                                "exad_pricing_table_button_border_radius": {
                                                    "unit": "px",
                                                    "top": "50",
                                                    "right": "50",
                                                    "bottom": "50",
                                                    "left": "50",
                                                    "isLinked": true
                                                },
                                                "exad_pricing_table_btn_normal_bg_color": "#AB8DED",
                                                "exad_pricing_table_btn_normal_border_color": "#AB8DED",
                                                "exad_pricing_table_bg_color": "#FFFFFF",
                                                "exad_pricing_table_content_box_shadow_box_shadow": {
                                                    "horizontal": 0,
                                                    "vertical": 13,
                                                    "blur": 33,
                                                    "spread": 0,
                                                    "color": "rgba(51, 77, 128, 0.1)"
                                                },
                                                "exad_pricing_table_title_color": "#6D378F",
                                                "exad_pricing_table_title_typography_typography": "custom",
                                                "exad_pricing_table_title_typography_font_size": {
                                                    "unit": "px",
                                                    "size": 22,
                                                    "sizes": []
                                                },
                                                "exad_pricing_table_title_typography_font_weight": "700",
                                                "exad_pricing_table_price_box_width": 120,
                                                "exad_pricing_table_price_box_border_border": "solid",
                                                "exad_pricing_table_price_box_border_width": {
                                                    "unit": "px",
                                                    "top": "5",
                                                    "right": "5",
                                                    "bottom": "5",
                                                    "left": "5",
                                                    "isLinked": true
                                                },
                                                "exad_pricing_table_price_box_border_color": "#EDEDED",
                                                "exad_pricing_table_list_item_color": "#6D378F",
                                                "exad_pricing_table_featured_tag_font_size": {
                                                    "unit": "px",
                                                    "size": 18,
                                                    "sizes": []
                                                },
                                                "exad_pricing_table_featured_tag_text_color": "#FFFFFF",
                                                "exad_pricing_table_featured_icon_badge_background_background": "classic",
                                                "exad_pricing_table_featured_icon_badge_background_color": "#AB8DED",
                                                "exad_pricing_table_btn_hover_text_color": "#FFFFFF",
                                                "exad_pricing_table_btn_hover_bg_color": "#6D378F",
                                                "exad_pricing_table_btn_hover_border_color": "#6D378F",
                                                "_border_border": "solid",
                                                "_border_width": {
                                                    "unit": "px",
                                                    "top": "4",
                                                    "right": "0",
                                                    "bottom": "0",
                                                    "left": "0",
                                                    "isLinked": false
                                                },
                                                "_border_color": "#AB8DED",
                                                "_border_radius": {
                                                    "unit": "px",
                                                    "top": "10",
                                                    "right": "10",
                                                    "bottom": "10",
                                                    "left": "10",
                                                    "isLinked": true
                                                }
                                            },
                                            "elements": [],
                                            "isInner": false,
                                            "widgetType": "exad-pricing-table",
                                            "elType": "widget"
                                        }
                                    ],
                                    "isInner": true,
                                    "elType": "column"
                                }
                            ],
                            "isInner": true,
                            "elType": "section"
                        }
                    ],
                    "isInner": false,
                    "elType": "column"
                }
            ],
            "isInner": false,
            "elType": "section"
        }
    ],
    "page_settings": {
        "ha_grid_zindex": "1000",
        "eael_ext_toc_title": "Table of Content",
        "template": "elementor_header_footer"
    }
}