{
    "version": "0.4",
    "title": "Delivery plan second style",
    "type": "section",
    "metadata": {
        "template_type": "section-pricing",
        "include_in_zip": "1",
        "elementor_pro_required": null,
        "wp_page_template": "elementor_header_footer"
    },
    "content": [
        {
            "id": "26dddbbf",
            "settings": {
                "padding": {
                    "unit": "px",
                    "top": "80",
                    "right": "0",
                    "bottom": "80",
                    "left": "0",
                    "isLinked": false
                },
                "background_background": "classic",
                "background_color": "#EDE4FF"
            },
            "elements": [
                {
                    "id": "45acb375",
                    "settings": {
                        "_column_size": 100,
                        "_inline_size": null
                    },
                    "elements": [
                        {
                            "id": "5e93ea11",
                            "settings": {
                                "title": "Delivery plan second style",
                                "align": "center",
                                "typography_typography": "custom",
                                "typography_font_size": {
                                    "unit": "px",
                                    "size": 38,
                                    "sizes": []
                                },
                                "typography_font_weight": "700",
                                "_margin": {
                                    "unit": "px",
                                    "top": "10",
                                    "right": "0",
                                    "bottom": "20",
                                    "left": "0",
                                    "isLinked": false
                                },
                                "typography_line_height": {
                                    "unit": "px",
                                    "size": 46,
                                    "sizes": []
                                },
                                "_padding": {
                                    "unit": "%",
                                    "top": "0",
                                    "right": "0",
                                    "bottom": "0",
                                    "left": "0",
                                    "isLinked": true
                                },
                                "typography_font_size_tablet": {
                                    "unit": "px",
                                    "size": 29,
                                    "sizes": []
                                }
                            },
                            "elements": [],
                            "isInner": false,
                            "widgetType": "heading",
                            "elType": "widget"
                        },
                        {
                            "id": "4834e338",
                            "settings": {
                                "structure": "30"
                            },
                            "elements": [
                                {
                                    "id": "1717c280",
                                    "settings": {
                                        "_column_size": 33,
                                        "_inline_size": null
                                    },
                                    "elements": [
                                        {
                                            "id": "4e81594f",
                                            "settings": {
                                                "exad_pricing_table_items": [
                                                    {
                                                        "exad_pricing_table_item": "Unlimited orders",
                                                        "_id": "c877375",
                                                        "exad_pricing_table_list_icon": {
                                                            "value": "fas fa-check",
                                                            "library": "fa-solid"
                                                        },
                                                        "exad_pricing_table_icon_mood": "yes"
                                                    },
                                                    {
                                                        "exad_pricing_table_item": "Unlimited locations",
                                                        "_id": "699f2c0",
                                                        "exad_pricing_table_list_icon": {
                                                            "value": "fas fa-check",
                                                            "library": "fa-solid"
                                                        },
                                                        "exad_pricing_table_icon_mood": "yes"
                                                    },
                                                    {
                                                        "exad_pricing_table_item": "No commission per order",
                                                        "_id": "fcfe80b",
                                                        "exad_pricing_table_list_icon": {
                                                            "value": "fas fa-check",
                                                            "library": "fa-solid"
                                                        },
                                                        "exad_pricing_table_icon_mood": ""
                                                    },
                                                    {
                                                        "exad_pricing_table_item": "No monthly fee",
                                                        "exad_pricing_table_icon_mood": "",
                                                        "_id": "3e18215",
                                                        "exad_pricing_table_list_icon": {
                                                            "value": "fas fa-check",
                                                            "library": "fa-solid"
                                                        }
                                                    },
                                                    {
                                                        "exad_pricing_table_item": "No contracts",
                                                        "exad_pricing_table_icon_mood": "no",
                                                        "_id": "af4d2cd",
                                                        "exad_pricing_table_list_icon": {
                                                            "value": "fas fa-check",
                                                            "library": "fa-solid"
                                                        }
                                                    }
                                                ],
                                                "exad_pricing_table_promo_enable": "",
                                                "exad_pricing_table_promo_title": "Recommended",
                                                "exad_pricing_table_title": "Standard Plan",
                                                "exad_pricing_table_subtitle": "Best for Small individual",
                                                "exad_pricing_table_featured": "",
                                                "exad_pricing_table_featured_type": "icon-badge",
                                                "exad_pricing_table_featured_tag_text": "FEATURED",
                                                "exad_pricing_table_price": "39",
                                                "exad_pricing_table_price_cur": "$",
                                                "exad_pricing_table_price_by": "",
                                                "exad_pricing_table_period_separator": "",
                                                "exad_pricing_table_btn": "Get Started",
                                                "exad_pricing_table_content_alignment": "center",
                                                "exad_pricing_table_price_box_separator": "",
                                                "exad_pricing_table_price_box": "yes",
                                                "exad_pricing_table_price_box_height": 120,
                                                "exad_pricing_table_price_box_background_background": "classic",
                                                "exad_pricing_table_price_box_background_color": "#AB8DED",
                                                "exad_pricing_table_pricing_color": "#FFFFFF",
                                                "exad_pricing_table_price_tag_typography_typography": "custom",
                                                "exad_pricing_table_price_tag_typography_font_size": {
                                                    "unit": "px",
                                                    "size": 36,
                                                    "sizes": []
                                                },
                                                "exad_pricing_table_pricing_period_color": "",
                                                "exad_pricing_table_list_item_icon_color": "#AB8DED",
                                                "exad_pricing_table_button_border_radius": {
                                                    "unit": "px",
                                                    "top": "50",
                                                    "right": "50",
                                                    "bottom": "50",
                                                    "left": "50",
                                                    "isLinked": true
                                                },
                                                "exad_pricing_table_btn_normal_bg_color": "#AB8DED",
                                                "exad_pricing_table_btn_normal_border_color": "#AB8DED",
                                                "exad_pricing_table_bg_color": "#FFFFFF",
                                                "exad_pricing_table_title_color": "#6D378F",
                                                "exad_pricing_table_title_typography_typography": "custom",
                                                "exad_pricing_table_title_typography_font_size": {
                                                    "unit": "px",
                                                    "size": 22,
                                                    "sizes": []
                                                },
                                                "exad_pricing_table_title_typography_font_weight": "700",
                                                "exad_pricing_table_price_box_width": 120,
                                                "exad_pricing_table_price_box_border_border": "solid",
                                                "exad_pricing_table_price_box_border_width": {
                                                    "unit": "px",
                                                    "top": "5",
                                                    "right": "5",
                                                    "bottom": "5",
                                                    "left": "5",
                                                    "isLinked": true
                                                },
                                                "exad_pricing_table_price_box_border_color": "#EDEDED",
                                                "exad_pricing_table_list_item_color": "#6D378F",
                                                "exad_pricing_table_featured_tag_font_size": {
                                                    "unit": "px",
                                                    "size": 18,
                                                    "sizes": []
                                                },
                                                "exad_pricing_table_featured_tag_text_color": "#FFFFFF",
                                                "exad_pricing_table_featured_icon_badge_background_background": "classic",
                                                "exad_pricing_table_featured_icon_badge_background_color": "#AB8DED",
                                                "exad_pricing_table_btn_hover_text_color": "#6D378F",
                                                "exad_pricing_table_btn_hover_border_color": "#6D378F"
                                            },
                                            "elements": [],
                                            "isInner": false,
                                            "widgetType": "exad-pricing-table",
                                            "elType": "widget"
                                        }
                                    ],
                                    "isInner": true,
                                    "elType": "column"
                                },
                                {
                                    "id": "1adcda36",
                                    "settings": {
                                        "_column_size": 33,
                                        "_inline_size": null,
                                        "margin_mobile": {
                                            "unit": "px",
                                            "top": "20",
                                            "right": "0",
                                            "bottom": "0",
                                            "left": "0",
                                            "isLinked": false
                                        }
                                    },
                                    "elements": [
                                        {
                                            "id": "5f7193b5",
                                            "settings": {
                                                "exad_pricing_table_items": [
                                                    {
                                                        "exad_pricing_table_item": "Unlimited orders",
                                                        "_id": "c877375",
                                                        "exad_pricing_table_list_icon": {
                                                            "value": "fas fa-check",
                                                            "library": "fa-solid"
                                                        },
                                                        "exad_pricing_table_icon_mood": "yes"
                                                    },
                                                    {
                                                        "exad_pricing_table_item": "Unlimited locations",
                                                        "_id": "699f2c0",
                                                        "exad_pricing_table_list_icon": {
                                                            "value": "fas fa-check",
                                                            "library": "fa-solid"
                                                        },
                                                        "exad_pricing_table_icon_mood": "yes"
                                                    },
                                                    {
                                                        "exad_pricing_table_item": "No commission per order",
                                                        "_id": "fcfe80b",
                                                        "exad_pricing_table_list_icon": {
                                                            "value": "fas fa-check",
                                                            "library": "fa-solid"
                                                        },
                                                        "exad_pricing_table_icon_mood": "yes"
                                                    },
                                                    {
                                                        "exad_pricing_table_item": "No monthly fee",
                                                        "exad_pricing_table_icon_mood": "yes",
                                                        "_id": "3e18215",
                                                        "exad_pricing_table_list_icon": {
                                                            "value": "fas fa-check",
                                                            "library": "fa-solid"
                                                        }
                                                    },
                                                    {
                                                        "exad_pricing_table_item": "No contracts",
                                                        "exad_pricing_table_icon_mood": "no",
                                                        "_id": "af4d2cd",
                                                        "exad_pricing_table_list_icon": {
                                                            "value": "fas fa-check",
                                                            "library": "fa-solid"
                                                        }
                                                    }
                                                ],
                                                "exad_pricing_table_promo_enable": "",
                                                "exad_pricing_table_promo_title": "Recommended",
                                                "exad_pricing_table_title": "Popular",
                                                "exad_pricing_table_subtitle": "Best for Small individual",
                                                "exad_pricing_table_featured": "yes",
                                                "exad_pricing_table_featured_type": "icon-badge",
                                                "exad_pricing_table_featured_tag_text": "FEATURED",
                                                "exad_pricing_table_price": "69",
                                                "exad_pricing_table_price_cur": "$",
                                                "exad_pricing_table_price_by": "",
                                                "exad_pricing_table_period_separator": "",
                                                "exad_pricing_table_btn": "Get Started",
                                                "exad_pricing_table_content_alignment": "center",
                                                "exad_pricing_table_price_box_separator": "",
                                                "exad_pricing_table_price_box": "yes",
                                                "exad_pricing_table_price_box_height": 120,
                                                "exad_pricing_table_price_box_background_background": "classic",
                                                "exad_pricing_table_price_box_background_color": "#AB8DED",
                                                "exad_pricing_table_pricing_color": "#FFFFFF",
                                                "exad_pricing_table_price_tag_typography_typography": "custom",
                                                "exad_pricing_table_price_tag_typography_font_size": {
                                                    "unit": "px",
                                                    "size": 36,
                                                    "sizes": []
                                                },
                                                "exad_pricing_table_pricing_period_color": "",
                                                "exad_pricing_table_list_item_icon_color": "#AB8DED",
                                                "exad_pricing_table_button_border_radius": {
                                                    "unit": "px",
                                                    "top": "50",
                                                    "right": "50",
                                                    "bottom": "50",
                                                    "left": "50",
                                                    "isLinked": true
                                                },
                                                "exad_pricing_table_btn_normal_bg_color": "#AB8DED",
                                                "exad_pricing_table_btn_normal_border_color": "#AB8DED",
                                                "exad_pricing_table_bg_color": "#FFFFFF",
                                                "exad_pricing_table_title_color": "#6D378F",
                                                "exad_pricing_table_title_typography_typography": "custom",
                                                "exad_pricing_table_title_typography_font_size": {
                                                    "unit": "px",
                                                    "size": 22,
                                                    "sizes": []
                                                },
                                                "exad_pricing_table_title_typography_font_weight": "700",
                                                "exad_pricing_table_price_box_width": 120,
                                                "exad_pricing_table_price_box_border_border": "solid",
                                                "exad_pricing_table_price_box_border_width": {
                                                    "unit": "px",
                                                    "top": "5",
                                                    "right": "5",
                                                    "bottom": "5",
                                                    "left": "5",
                                                    "isLinked": true
                                                },
                                                "exad_pricing_table_price_box_border_color": "#EDEDED",
                                                "exad_pricing_table_list_item_color": "#6D378F",
                                                "exad_pricing_table_featured_tag_font_size": {
                                                    "unit": "px",
                                                    "size": 18,
                                                    "sizes": []
                                                },
                                                "exad_pricing_table_featured_tag_text_color": "#FFFFFF",
                                                "exad_pricing_table_featured_icon_badge_background_background": "classic",
                                                "exad_pricing_table_featured_icon_badge_background_color": "#AB8DED",
                                                "exad_pricing_table_btn_hover_text_color": "#6D378F",
                                                "exad_pricing_table_btn_hover_border_color": "#6D378F"
                                            },
                                            "elements": [],
                                            "isInner": false,
                                            "widgetType": "exad-pricing-table",
                                            "elType": "widget"
                                        }
                                    ],
                                    "isInner": true,
                                    "elType": "column"
                                },
                                {
                                    "id": "61618942",
                                    "settings": {
                                        "_column_size": 33,
                                        "_inline_size": null,
                                        "margin_mobile": {
                                            "unit": "px",
                                            "top": "20",
                                            "right": "0",
                                            "bottom": "0",
                                            "left": "0",
                                            "isLinked": false
                                        }
                                    },
                                    "elements": [
                                        {
                                            "id": "3618e541",
                                            "settings": {
                                                "exad_pricing_table_items": [
                                                    {
                                                        "exad_pricing_table_item": "Unlimited orders",
                                                        "_id": "c877375",
                                                        "exad_pricing_table_list_icon": {
                                                            "value": "fas fa-check",
                                                            "library": "fa-solid"
                                                        },
                                                        "exad_pricing_table_icon_mood": "yes"
                                                    },
                                                    {
                                                        "exad_pricing_table_item": "Unlimited locations",
                                                        "_id": "699f2c0",
                                                        "exad_pricing_table_list_icon": {
                                                            "value": "fas fa-check",
                                                            "library": "fa-solid"
                                                        },
                                                        "exad_pricing_table_icon_mood": "yes"
                                                    },
                                                    {
                                                        "exad_pricing_table_item": "No commission per order",
                                                        "_id": "fcfe80b",
                                                        "exad_pricing_table_list_icon": {
                                                            "value": "fas fa-check",
                                                            "library": "fa-solid"
                                                        },
                                                        "exad_pricing_table_icon_mood": "yes"
                                                    },
                                                    {
                                                        "exad_pricing_table_item": "No monthly fee",
                                                        "exad_pricing_table_icon_mood": "yes",
                                                        "_id": "3e18215",
                                                        "exad_pricing_table_list_icon": {
                                                            "value": "fas fa-check",
                                                            "library": "fa-solid"
                                                        }
                                                    },
                                                    {
                                                        "exad_pricing_table_item": "No contracts",
                                                        "exad_pricing_table_icon_mood": "yes",
                                                        "_id": "af4d2cd",
                                                        "exad_pricing_table_list_icon": {
                                                            "value": "fas fa-check",
                                                            "library": "fa-solid"
                                                        }
                                                    }
                                                ],
                                                "exad_pricing_table_promo_enable": "",
                                                "exad_pricing_table_promo_title": "Recommended",
                                                "exad_pricing_table_title": "Premium Plan",
                                                "exad_pricing_table_subtitle": "Best for Small individual",
                                                "exad_pricing_table_featured": "",
                                                "exad_pricing_table_featured_type": "icon-badge",
                                                "exad_pricing_table_featured_tag_text": "FEATURED",
                                                "exad_pricing_table_price": "99",
                                                "exad_pricing_table_price_cur": "$",
                                                "exad_pricing_table_price_by": "",
                                                "exad_pricing_table_period_separator": "",
                                                "exad_pricing_table_btn": "Get Started",
                                                "exad_pricing_table_content_alignment": "center",
                                                "exad_pricing_table_price_box_separator": "",
                                                "exad_pricing_table_price_box": "yes",
                                                "exad_pricing_table_price_box_height": 120,
                                                "exad_pricing_table_price_box_background_background": "classic",
                                                "exad_pricing_table_price_box_background_color": "#AB8DED",
                                                "exad_pricing_table_pricing_color": "#FFFFFF",
                                                "exad_pricing_table_price_tag_typography_typography": "custom",
                                                "exad_pricing_table_price_tag_typography_font_size": {
                                                    "unit": "px",
                                                    "size": 36,
                                                    "sizes": []
                                                },
                                                "exad_pricing_table_pricing_period_color": "",
                                                "exad_pricing_table_list_item_icon_color": "#AB8DED",
                                                "exad_pricing_table_button_border_radius": {
                                                    "unit": "px",
                                                    "top": "50",
                                                    "right": "50",
                                                    "bottom": "50",
                                                    "left": "50",
                                                    "isLinked": true
                                                },
                                                "exad_pricing_table_btn_normal_bg_color": "#AB8DED",
                                                "exad_pricing_table_btn_normal_border_color": "#AB8DED",
                                                "exad_pricing_table_bg_color": "#FFFFFF",
                                                "exad_pricing_table_title_color": "#6D378F",
                                                "exad_pricing_table_title_typography_typography": "custom",
                                                "exad_pricing_table_title_typography_font_size": {
                                                    "unit": "px",
                                                    "size": 22,
                                                    "sizes": []
                                                },
                                                "exad_pricing_table_title_typography_font_weight": "700",
                                                "exad_pricing_table_price_box_width": 120,
                                                "exad_pricing_table_price_box_border_border": "solid",
                                                "exad_pricing_table_price_box_border_width": {
                                                    "unit": "px",
                                                    "top": "5",
                                                    "right": "5",
                                                    "bottom": "5",
                                                    "left": "5",
                                                    "isLinked": true
                                                },
                                                "exad_pricing_table_price_box_border_color": "#EDEDED",
                                                "exad_pricing_table_list_item_color": "#6D378F",
                                                "exad_pricing_table_featured_tag_font_size": {
                                                    "unit": "px",
                                                    "size": 18,
                                                    "sizes": []
                                                },
                                                "exad_pricing_table_featured_tag_text_color": "#FFFFFF",
                                                "exad_pricing_table_featured_icon_badge_background_background": "classic",
                                                "exad_pricing_table_featured_icon_badge_background_color": "#AB8DED",
                                                "exad_pricing_table_btn_hover_text_color": "#6D378F",
                                                "exad_pricing_table_btn_hover_border_color": "#6D378F"
                                            },
                                            "elements": [],
                                            "isInner": false,
                                            "widgetType": "exad-pricing-table",
                                            "elType": "widget"
                                        }
                                    ],
                                    "isInner": true,
                                    "elType": "column"
                                }
                            ],
                            "isInner": true,
                            "elType": "section"
                        }
                    ],
                    "isInner": false,
                    "elType": "column"
                }
            ],
            "isInner": false,
            "elType": "section"
        }
    ]
}