{
    "version": "0.4",
    "title": "Footer",
    "type": "section",
    "metadata": {
        "template_type": "section-footer",
        "include_in_zip": "1",
        "elementor_pro_required": null,
        "wp_page_template": "elementor_canvas"
    },
    "content": [
        {
            "id": "382e7fcd",
            "settings": {
                "structure": "30",
                "background_background": "classic",
                "background_color": "#AB8DED",
                "margin": {
                    "unit": "px",
                    "top": "0",
                    "right": 0,
                    "bottom": "0",
                    "left": 0,
                    "isLinked": false
                },
                "padding": {
                    "unit": "px",
                    "top": "30",
                    "right": "0",
                    "bottom": "0",
                    "left": "0",
                    "isLinked": false
                }
            },
            "elements": [
                {
                    "id": "1149e5fc",
                    "settings": {
                        "_column_size": 33,
                        "_inline_size": 20,
                        "margin": {
                            "unit": "px",
                            "top": "0",
                            "right": "0",
                            "bottom": "0",
                            "left": "1",
                            "isLinked": false
                        },
                        "margin_mobile": {
                            "unit": "px",
                            "top": "0",
                            "right": "0",
                            "bottom": "0",
                            "left": "0",
                            "isLinked": false
                        },
                        "padding_mobile": {
                            "unit": "px",
                            "top": "10",
                            "right": "70",
                            "bottom": "10",
                            "left": "70",
                            "isLinked": false
                        },
                        "_inline_size_tablet": 30,
                        "margin_tablet": {
                            "unit": "px",
                            "top": "0",
                            "right": "0",
                            "bottom": "0",
                            "left": "0",
                            "isLinked": false
                        },
                        "padding_tablet": {
                            "unit": "px",
                            "top": "0",
                            "right": "0",
                            "bottom": "0",
                            "left": "14",
                            "isLinked": false
                        }
                    },
                    "elements": [
                        {
                            "id": "6f16ca5e",
                            "settings": {
                                "image": {
                                    "url": "https:\/\/nicesquad.us\/elementor\/expressoo\/wp-content\/uploads\/sites\/4\/2020\/04\/boxxx.png",
                                    "id": 684
                                },
                                "image_size": "full",
                                "align_mobile": "center",
                                "width_tablet": {
                                    "unit": "%",
                                    "size": 100,
                                    "sizes": []
                                }
                            },
                            "elements": [],
                            "isInner": false,
                            "widgetType": "image",
                            "elType": "widget"
                        }
                    ],
                    "isInner": false,
                    "elType": "column"
                },
                {
                    "id": "64b23ad8",
                    "settings": {
                        "_column_size": 33,
                        "_inline_size": 46.332,
                        "content_position": "center",
                        "align": "center",
                        "_inline_size_tablet": 40
                    },
                    "elements": [
                        {
                            "id": "1e3f727e",
                            "settings": {
                                "editor": "<p>Interested in a great way to make money ?<\/p>",
                                "align": "right",
                                "text_color": "#FFFFFF",
                                "typography_typography": "custom",
                                "typography_font_size": {
                                    "unit": "px",
                                    "size": 16,
                                    "sizes": []
                                },
                                "typography_line_height": {
                                    "unit": "px",
                                    "size": 16,
                                    "sizes": []
                                },
                                "_padding": {
                                    "unit": "px",
                                    "top": "10",
                                    "right": "0",
                                    "bottom": "0",
                                    "left": "0",
                                    "isLinked": false
                                },
                                "align_mobile": "center",
                                "typography_font_size_tablet": {
                                    "unit": "px",
                                    "size": 14,
                                    "sizes": []
                                }
                            },
                            "elements": [],
                            "isInner": false,
                            "widgetType": "text-editor",
                            "elType": "widget"
                        }
                    ],
                    "isInner": false,
                    "elType": "column"
                },
                {
                    "id": "3cd34718",
                    "settings": {
                        "_column_size": 33,
                        "_inline_size": null,
                        "content_position": "center",
                        "align": "center",
                        "padding": {
                            "unit": "px",
                            "top": "0",
                            "right": "0",
                            "bottom": "0",
                            "left": "50",
                            "isLinked": false
                        },
                        "margin_mobile": {
                            "unit": "px",
                            "top": "0",
                            "right": "0",
                            "bottom": "25",
                            "left": "0",
                            "isLinked": false
                        },
                        "padding_mobile": {
                            "unit": "px",
                            "top": "0",
                            "right": "0",
                            "bottom": "0",
                            "left": "0",
                            "isLinked": false
                        },
                        "_inline_size_tablet": 30,
                        "content_position_tablet": "center",
                        "align_tablet": "center",
                        "padding_tablet": {
                            "unit": "px",
                            "top": "0",
                            "right": "0",
                            "bottom": "0",
                            "left": "0",
                            "isLinked": false
                        }
                    },
                    "elements": [
                        {
                            "id": "60259460",
                            "settings": {
                                "text": "Become a shopper",
                                "icon_align": "right",
                                "icon_indent": {
                                    "unit": "px",
                                    "size": 10,
                                    "sizes": []
                                },
                                "typography_typography": "custom",
                                "typography_font_weight": "500",
                                "button_text_color": "#AB8DED",
                                "background_color": "#FFFFFF",
                                "align_mobile": "center",
                                "align_tablet": "center",
                                "border_radius": {
                                    "unit": "px",
                                    "top": "50",
                                    "right": "50",
                                    "bottom": "50",
                                    "left": "50",
                                    "isLinked": true
                                }
                            },
                            "elements": [],
                            "isInner": false,
                            "widgetType": "button",
                            "elType": "widget"
                        }
                    ],
                    "isInner": false,
                    "elType": "column"
                }
            ],
            "isInner": false,
            "elType": "section"
        },
        {
            "id": "1f4a61c4",
            "settings": {
                "structure": "40",
                "background_background": "classic",
                "background_color": "#AB8DED",
                "padding": {
                    "unit": "px",
                    "top": "55",
                    "right": "0",
                    "bottom": "50",
                    "left": "0",
                    "isLinked": false
                },
                "padding_tablet": {
                    "unit": "px",
                    "top": "50",
                    "right": "0",
                    "bottom": "50",
                    "left": "0",
                    "isLinked": false
                },
                "content_width": {
                    "unit": "px",
                    "size": 1140,
                    "sizes": []
                },
                "padding_mobile": {
                    "unit": "px",
                    "top": "40",
                    "right": "10",
                    "bottom": "10",
                    "left": "26",
                    "isLinked": false
                }
            },
            "elements": [
                {
                    "id": "70daf479",
                    "settings": {
                        "_column_size": 25,
                        "_inline_size": null,
                        "_inline_size_tablet": 50,
                        "padding_tablet": {
                            "unit": "px",
                            "top": "0",
                            "right": "0",
                            "bottom": "0",
                            "left": "14",
                            "isLinked": false
                        },
                        "margin_mobile": {
                            "unit": "px",
                            "top": "0",
                            "right": "0",
                            "bottom": "0",
                            "left": "-25",
                            "isLinked": false
                        }
                    },
                    "elements": [
                        {
                            "id": "76dfa522",
                            "settings": {
                                "menu": "f1",
                                "layout": "vertical",
                                "dropdown": "none",
                                "menu_typography_typography": "custom",
                                "menu_typography_font_size": {
                                    "unit": "px",
                                    "size": 15,
                                    "sizes": []
                                },
                                "color_menu_item": "#FFFFFF",
                                "color_menu_item_hover": "#6D378F",
                                "color_menu_item_active": "#6D378F"
                            },
                            "elements": [],
                            "isInner": false,
                            "widgetType": "navigation-menu",
                            "elType": "widget"
                        }
                    ],
                    "isInner": false,
                    "elType": "column"
                },
                {
                    "id": "30942052",
                    "settings": {
                        "_column_size": 25,
                        "_inline_size": null,
                        "_inline_size_tablet": 50,
                        "padding_tablet": {
                            "unit": "px",
                            "top": "0",
                            "right": "0",
                            "bottom": "0",
                            "left": "14",
                            "isLinked": false
                        },
                        "margin_mobile": {
                            "unit": "px",
                            "top": "0",
                            "right": "0",
                            "bottom": "0",
                            "left": "-25",
                            "isLinked": false
                        }
                    },
                    "elements": [
                        {
                            "id": "28100b0c",
                            "settings": {
                                "menu": "f2",
                                "layout": "vertical",
                                "dropdown": "none",
                                "menu_typography_typography": "custom",
                                "menu_typography_font_size": {
                                    "unit": "px",
                                    "size": 15,
                                    "sizes": []
                                },
                                "color_menu_item": "#FFFFFF",
                                "color_menu_item_hover": "#6D378F",
                                "color_menu_item_active": "#6D378F"
                            },
                            "elements": [],
                            "isInner": false,
                            "widgetType": "navigation-menu",
                            "elType": "widget"
                        }
                    ],
                    "isInner": false,
                    "elType": "column"
                },
                {
                    "id": "6bf23300",
                    "settings": {
                        "_column_size": 25,
                        "_inline_size": null,
                        "_inline_size_tablet": 50,
                        "padding_tablet": {
                            "unit": "px",
                            "top": "0",
                            "right": "0",
                            "bottom": "0",
                            "left": "14",
                            "isLinked": false
                        },
                        "margin_mobile": {
                            "unit": "px",
                            "top": "0",
                            "right": "0",
                            "bottom": "0",
                            "left": "-25",
                            "isLinked": false
                        }
                    },
                    "elements": [
                        {
                            "id": "15dd5ff",
                            "settings": {
                                "menu": "f3",
                                "layout": "vertical",
                                "dropdown": "none",
                                "menu_typography_typography": "custom",
                                "menu_typography_font_size": {
                                    "unit": "px",
                                    "size": 15,
                                    "sizes": []
                                },
                                "color_menu_item": "#FFFFFF",
                                "color_menu_item_hover": "#6D378F",
                                "color_menu_item_active": "#6D378F"
                            },
                            "elements": [],
                            "isInner": false,
                            "widgetType": "navigation-menu",
                            "elType": "widget"
                        }
                    ],
                    "isInner": false,
                    "elType": "column"
                },
                {
                    "id": "7a30c892",
                    "settings": {
                        "_column_size": 25,
                        "_inline_size": null,
                        "_inline_size_tablet": 50,
                        "padding_tablet": {
                            "unit": "px",
                            "top": "0",
                            "right": "0",
                            "bottom": "0",
                            "left": "14",
                            "isLinked": false
                        },
                        "margin_mobile": {
                            "unit": "px",
                            "top": "0",
                            "right": "0",
                            "bottom": "0",
                            "left": "-25",
                            "isLinked": false
                        }
                    },
                    "elements": [
                        {
                            "id": "71d09998",
                            "settings": {
                                "menu": "f2",
                                "layout": "vertical",
                                "dropdown": "none",
                                "menu_typography_typography": "custom",
                                "menu_typography_font_size": {
                                    "unit": "px",
                                    "size": 15,
                                    "sizes": []
                                },
                                "color_menu_item": "#FFFFFF",
                                "color_menu_item_hover": "#6D378F",
                                "color_menu_item_active": "#6D378F"
                            },
                            "elements": [],
                            "isInner": false,
                            "widgetType": "navigation-menu",
                            "elType": "widget"
                        }
                    ],
                    "isInner": false,
                    "elType": "column"
                }
            ],
            "isInner": false,
            "elType": "section"
        },
        {
            "id": "4b17ccf4",
            "settings": {
                "background_background": "classic",
                "background_color": "#AB8DED",
                "border_width": {
                    "unit": "px",
                    "top": "1",
                    "right": "0",
                    "bottom": "0",
                    "left": "0",
                    "isLinked": false
                },
                "border_width_tablet": {
                    "unit": "px",
                    "top": "1",
                    "right": "0",
                    "bottom": "0",
                    "left": "0",
                    "isLinked": false
                },
                "border_color": "rgba(222, 222, 222, 0.58)",
                "border_radius_tablet": {
                    "unit": "px",
                    "top": "0",
                    "right": "0",
                    "bottom": "0",
                    "left": "0",
                    "isLinked": false
                },
                "padding": {
                    "unit": "px",
                    "top": "0",
                    "right": "0",
                    "bottom": "10",
                    "left": "0",
                    "isLinked": false
                }
            },
            "elements": [
                {
                    "id": "35ee79a1",
                    "settings": {
                        "_column_size": 100,
                        "_inline_size": null
                    },
                    "elements": [
                        {
                            "id": "300d2192",
                            "settings": {
                                "title": "\u00a9 2020 Expressoo. All rights reserved",
                                "align": "center",
                                "align_tablet": "center",
                                "title_color": "#FFFFFF",
                                "typography_typography": "custom",
                                "typography_font_size": {
                                    "unit": "px",
                                    "size": 15,
                                    "sizes": []
                                },
                                "typography_font_size_tablet": {
                                    "unit": "px",
                                    "size": 16,
                                    "sizes": []
                                },
                                "typography_font_size_mobile": {
                                    "unit": "px",
                                    "size": 15,
                                    "sizes": []
                                },
                                "typography_line_height_mobile": {
                                    "unit": "px",
                                    "size": 21,
                                    "sizes": []
                                },
                                "_margin_tablet": {
                                    "unit": "px",
                                    "top": "20",
                                    "right": "0",
                                    "bottom": "20",
                                    "left": "0",
                                    "isLinked": false
                                },
                                "typography_font_weight": "400"
                            },
                            "elements": [],
                            "isInner": false,
                            "widgetType": "heading",
                            "elType": "widget"
                        }
                    ],
                    "isInner": false,
                    "elType": "column"
                }
            ],
            "isInner": false,
            "elType": "section"
        }
    ]
}