{
    "version": "0.4",
    "title": "Default Kit",
    "type": "section",
    "metadata": {
        "template_type": "global-styles",
        "include_in_zip": "1",
        "elementor_pro_required": null,
        "additional_template_information": [
            "These are the global theme styles configured through the Elementor Theme Styles area."
        ],
        "wp_page_template": "default"
    },
    "content": [],
    "page_settings": {
        "body_typography_typography": "custom",
        "body_typography_font_family": "Exo",
        "link_normal_typography_typography": "custom",
        "link_normal_typography_font_family": "Exo",
        "h1_color": "#AB8DED",
        "h1_typography_typography": "custom",
        "h1_typography_font_family": "Exo",
        "h2_color": "#6D378F",
        "h2_typography_typography": "custom",
        "h2_typography_font_family": "Exo",
        "h3_color": "#6D378F",
        "h3_typography_typography": "custom",
        "h3_typography_font_family": "Exo",
        "h4_color": "#6D378F",
        "h4_typography_typography": "custom",
        "h4_typography_font_family": "Exo",
        "h5_color": "#6D378F",
        "h5_typography_typography": "custom",
        "h5_typography_font_family": "Exo",
        "h6_color": "#6D378F",
        "h6_typography_typography": "custom",
        "h6_typography_font_family": "Exo",
        "button_typography_typography": "custom",
        "button_typography_font_family": "Exo",
        "form_label_typography_typography": "custom",
        "form_label_typography_font_family": "Exo",
        "form_field_typography_typography": "custom",
        "form_field_typography_font_family": "Exo",
        "link_normal_color": "#AB8DED",
        "body_color": "#5A5A5A",
        "link_hover_color": "#6D378F",
        "button_text_color": "#FFFFFF",
        "button_background_color": "#FDAC2A",
        "button_hover_text_color": "#FFFFFF",
        "button_hover_background_color": "#FF920E",
        "form_field_text_color": "#FCFCFC",
        "form_field_background_color": "#AB8DED",
        "form_field_focus_text_color": "#FFFFFF",
        "form_field_focus_background_color": "#6D378F",
        "button_border_radius": {
            "unit": "px",
            "top": "12",
            "right": "12",
            "bottom": "12",
            "left": "12",
            "isLinked": "1"
        },
        "button_typography_font_size": {
            "unit": "px",
            "size": "15",
            "sizes": []
        },
        "button_typography_font_weight": "600"
    }
}