{
    "version": "0.4",
    "title": "Header",
    "type": "section",
    "metadata": {
        "template_type": "section-header",
        "include_in_zip": "1",
        "elementor_pro_required": null,
        "wp_page_template": "elementor_canvas"
    },
    "content": [
        {
            "id": "4377eec9",
            "settings": {
                "structure": "20",
                "padding": {
                    "unit": "px",
                    "top": "15",
                    "right": "0",
                    "bottom": "15",
                    "left": "0",
                    "isLinked": false
                }
            },
            "elements": [
                {
                    "id": "2e28988f",
                    "settings": {
                        "_column_size": 50,
                        "_inline_size": 20,
                        "_inline_size_tablet": 25,
                        "_inline_size_mobile": 50,
                        "content_position": "center",
                        "align": "center",
                        "padding_mobile": {
                            "unit": "px",
                            "top": "0",
                            "right": "0",
                            "bottom": "0",
                            "left": "15",
                            "isLinked": false
                        }
                    },
                    "elements": [
                        {
                            "id": "1fecba31",
                            "settings": {
                                "image": {
                                    "url": "https:\/\/nicesquad.us\/elementor\/expressoo\/wp-content\/uploads\/sites\/4\/2020\/04\/box10a.png",
                                    "id": 682
                                },
                                "link_to": "custom",
                                "link": {
                                    "url": "\/elementor\/expressoo\/template-kit\/home\/",
                                    "is_external": "",
                                    "nofollow": "",
                                    "custom_attributes": ""
                                }
                            },
                            "elements": [],
                            "isInner": false,
                            "widgetType": "image",
                            "elType": "widget"
                        }
                    ],
                    "isInner": false,
                    "elType": "column"
                },
                {
                    "id": "1c8cb0ff",
                    "settings": {
                        "_column_size": 50,
                        "_inline_size": 80,
                        "_inline_size_tablet": 75,
                        "_inline_size_mobile": 50
                    },
                    "elements": [
                        {
                            "id": "12f856b1",
                            "settings": {
                                "menu": "template-kit-main-menu",
                                "navmenu_align": "right",
                                "resp_align": "right",
                                "dropdown_icon": {
                                    "value": "fas fa-bars",
                                    "library": "fa-solid"
                                },
                                "menu_typography_typography": "custom",
                                "menu_typography_font_size": {
                                    "unit": "px",
                                    "size": 17,
                                    "sizes": []
                                },
                                "menu_typography_font_weight": "600",
                                "color_menu_item": "#6D378F",
                                "color_menu_item_hover": "#AB8DED",
                                "color_menu_item_active": "#6D378F",
                                "color_dropdown_item": "#FFFFFF",
                                "background_color_dropdown_item": "#AB8DED",
                                "color_dropdown_item_hover": "#6D378F",
                                "background_color_dropdown_item_hover": "#AB8DED",
                                "divider_border_color": "#D8C6FF",
                                "toggle_color": "#6D378F",
                                "toggle_hover_color": "#6D378F",
                                "_margin_mobile": {
                                    "unit": "px",
                                    "top": "4",
                                    "right": "0",
                                    "bottom": "0",
                                    "left": "0",
                                    "isLinked": false
                                },
                                "padding_vertical_dropdown_item_mobile": {
                                    "unit": "px",
                                    "size": 14,
                                    "sizes": []
                                },
                                "distance_from_menu_mobile": {
                                    "unit": "px",
                                    "size": 0,
                                    "sizes": []
                                }
                            },
                            "elements": [],
                            "isInner": false,
                            "widgetType": "navigation-menu",
                            "elType": "widget"
                        }
                    ],
                    "isInner": false,
                    "elType": "column"
                }
            ],
            "isInner": false,
            "elType": "section"
        }
    ]
}