{
    "version": "0.4",
    "title": "Menu style 2",
    "type": "section",
    "metadata": {
        "template_type": "section-product",
        "include_in_zip": "1",
        "elementor_pro_required": null,
        "wp_page_template": "elementor_header_footer"
    },
    "content": [
        {
            "id": "6e24b8ac",
            "settings": {
                "background_background": "classic",
                "background_repeat": "no-repeat",
                "background_size": "cover",
                "background_overlay_background": "classic",
                "padding": {
                    "unit": "px",
                    "top": "190",
                    "right": "0",
                    "bottom": "60",
                    "left": "0",
                    "isLinked": false
                },
                "background_color": "rgba(34, 119, 91, 0.05)",
                "background_ypos": {
                    "unit": "%",
                    "size": 49,
                    "sizes": []
                },
                "background_overlay_position": "center center",
                "background_overlay_xpos": {
                    "unit": "vw",
                    "size": 0,
                    "sizes": []
                },
                "background_overlay_ypos": {
                    "unit": "vh",
                    "size": -41,
                    "sizes": []
                },
                "background_overlay_repeat": "repeat-x",
                "background_overlay_opacity": {
                    "unit": "px",
                    "size": 1,
                    "sizes": []
                },
                "css_filters_blur": {
                    "unit": "px",
                    "size": 1.5,
                    "sizes": []
                },
                "css_filters_brightness": {
                    "unit": "px",
                    "size": 80,
                    "sizes": []
                },
                "margin_mobile": {
                    "unit": "px",
                    "top": "0",
                    "right": 0,
                    "bottom": "0",
                    "left": 0,
                    "isLinked": false
                },
                "background_image": {
                    "url": "https:\/\/nicesquad.us\/elementor\/expressoo\/wp-content\/uploads\/sites\/4\/2020\/03\/bg3.png",
                    "id": 586
                },
                "background_overlay_color_b": "#525252",
                "background_overlay_gradient_angle": {
                    "unit": "deg",
                    "size": 80,
                    "sizes": []
                },
                "overlay_blend_mode": "multiply",
                "margin": {
                    "unit": "px",
                    "top": "0",
                    "right": 0,
                    "bottom": "0",
                    "left": 0,
                    "isLinked": false
                },
                "margin_tablet": {
                    "unit": "px",
                    "top": "0",
                    "right": 0,
                    "bottom": "0",
                    "left": 0,
                    "isLinked": false
                },
                "background_position": "center center",
                "padding_tablet": {
                    "unit": "px",
                    "top": "71",
                    "right": "0",
                    "bottom": "0",
                    "left": "0",
                    "isLinked": false
                },
                "padding_mobile": {
                    "unit": "px",
                    "top": "25",
                    "right": "0",
                    "bottom": "0",
                    "left": "0",
                    "isLinked": false
                }
            },
            "elements": [
                {
                    "id": "7e0061e4",
                    "settings": {
                        "_column_size": 100,
                        "_inline_size": null,
                        "margin": {
                            "unit": "px",
                            "top": "0",
                            "right": "0",
                            "bottom": "0",
                            "left": "15",
                            "isLinked": false
                        },
                        "padding_mobile": {
                            "unit": "px",
                            "top": "66",
                            "right": "12",
                            "bottom": "0",
                            "left": "020",
                            "isLinked": false
                        },
                        "margin_tablet": {
                            "unit": "px",
                            "top": "0",
                            "right": "0",
                            "bottom": "0",
                            "left": "10",
                            "isLinked": false
                        }
                    },
                    "elements": [
                        {
                            "id": "5293f150",
                            "settings": {
                                "title": "Menu Style 2",
                                "align": "left",
                                "title_color": "#6D378F",
                                "typography_typography": "custom",
                                "typography_font_size": {
                                    "unit": "px",
                                    "size": 70,
                                    "sizes": []
                                },
                                "typography_font_weight": "700",
                                "typography_line_height": {
                                    "unit": "px",
                                    "size": 42,
                                    "sizes": []
                                },
                                "_margin": {
                                    "unit": "px",
                                    "top": "0",
                                    "right": "0",
                                    "bottom": "4",
                                    "left": "0",
                                    "isLinked": false
                                },
                                "typography_font_size_mobile": {
                                    "unit": "px",
                                    "size": 33,
                                    "sizes": []
                                },
                                "typography_font_size_tablet": {
                                    "unit": "px",
                                    "size": 32,
                                    "sizes": []
                                }
                            },
                            "elements": [],
                            "isInner": false,
                            "widgetType": "heading",
                            "elType": "widget"
                        },
                        {
                            "id": "49bc604f",
                            "settings": {
                                "editor": "<p>Home - Menu Style 2<\/p>",
                                "align": "left",
                                "text_color": "rgba(109, 55, 143, 0.73)",
                                "typography_typography": "custom",
                                "typography_font_size": {
                                    "unit": "px",
                                    "size": 17,
                                    "sizes": []
                                },
                                "typography_line_height": {
                                    "unit": "px",
                                    "size": 34,
                                    "sizes": []
                                },
                                "_margin": {
                                    "unit": "px",
                                    "top": "-0",
                                    "right": "-0",
                                    "bottom": "-0",
                                    "left": "4",
                                    "isLinked": false
                                },
                                "typography_font_weight": "500",
                                "typography_font_size_tablet": {
                                    "unit": "px",
                                    "size": 15,
                                    "sizes": []
                                }
                            },
                            "elements": [],
                            "isInner": false,
                            "widgetType": "text-editor",
                            "elType": "widget"
                        }
                    ],
                    "isInner": false,
                    "elType": "column"
                }
            ],
            "isInner": false,
            "elType": "section"
        },
        {
            "id": "b4b78e6",
            "settings": {
                "structure": "20",
                "padding": {
                    "unit": "px",
                    "top": "80",
                    "right": "0",
                    "bottom": "80",
                    "left": "0",
                    "isLinked": false
                }
            },
            "elements": [
                {
                    "id": "6d7bde42",
                    "settings": {
                        "_column_size": 50,
                        "_inline_size": null
                    },
                    "elements": [
                        {
                            "id": "1c26a934",
                            "settings": {
                                "pricing_menu_repeater": [
                                    {
                                        "exad_pricing_menu_title": "Lemon and Garlic Green Beans",
                                        "_id": "64cf015",
                                        "exad_pricing_menu_image": {
                                            "url": "https:\/\/nicesquad.us\/elementor\/expressoo\/wp-content\/uploads\/sites\/4\/2020\/04\/green-food-background-on-stone-table-top-view-heal-29P46S8.jpg",
                                            "id": 674
                                        },
                                        "exad_pricing_menu_description": "Lorem ipsum dolor sit amet, consectetur adipiscing elit, sed do eiusmod tempor ",
                                        "exad_pricing_menu_price": "$14",
                                        "exad_pricing_menu_enable_link": "no",
                                        "exad_pricing_menu_action_text": "Order Now",
                                        "exad_pricing_menu_btn_link": {
                                            "url": "#",
                                            "is_external": "",
                                            "nofollow": "",
                                            "custom_attributes": ""
                                        }
                                    },
                                    {
                                        "exad_pricing_menu_title": "Imported Oysters Grill (5 Pieces)",
                                        "_id": "4d7da6e",
                                        "exad_pricing_menu_image": {
                                            "url": "https:\/\/nicesquad.us\/elementor\/expressoo\/wp-content\/uploads\/sites\/4\/2020\/04\/oktoberfest-food-sausage-beer-and-bretzel-TY2VSNX.jpg",
                                            "id": 676
                                        },
                                        "exad_pricing_menu_description": "Lorem ipsum dolor sit amet, consectetur adipiscing elit, sed do eiusmod tempor ",
                                        "exad_pricing_menu_price": "$28",
                                        "exad_pricing_menu_enable_link": "no",
                                        "exad_pricing_menu_action_text": "Order Now",
                                        "exad_pricing_menu_btn_link": {
                                            "url": "#",
                                            "is_external": "",
                                            "nofollow": "",
                                            "custom_attributes": ""
                                        }
                                    },
                                    {
                                        "exad_pricing_menu_title": "Lemon-Rosemary Chicken",
                                        "_id": "0d1a2a4",
                                        "exad_pricing_menu_image": {
                                            "url": "https:\/\/nicesquad.us\/elementor\/expressoo\/wp-content\/uploads\/sites\/4\/2020\/04\/still-life-italian-food-43CRYHL.jpg",
                                            "id": 677
                                        },
                                        "exad_pricing_menu_description": "Lorem ipsum dolor sit amet, consectetur adipiscing elit, sed do eiusmod tempor ",
                                        "exad_pricing_menu_price": "$13",
                                        "exad_pricing_menu_enable_link": "no",
                                        "exad_pricing_menu_action_text": "Order Now",
                                        "exad_pricing_menu_btn_link": {
                                            "url": "#",
                                            "is_external": "",
                                            "nofollow": "",
                                            "custom_attributes": ""
                                        }
                                    },
                                    {
                                        "exad_pricing_menu_title": "Lamb-Beef Kofka Skewers with Tzatziki",
                                        "_id": "2e7854d",
                                        "exad_pricing_menu_image": {
                                            "url": "https:\/\/nicesquad.us\/elementor\/expressoo\/wp-content\/uploads\/sites\/4\/2020\/04\/vegetarian-food-PY246HJ.jpg",
                                            "id": 678
                                        },
                                        "exad_pricing_menu_description": "Lorem ipsum dolor sit amet, consectetur adipiscing elit, sed do eiusmod tempor ",
                                        "exad_pricing_menu_price": "$19",
                                        "exad_pricing_menu_enable_link": "no",
                                        "exad_pricing_menu_action_text": "Order Now",
                                        "exad_pricing_menu_btn_link": {
                                            "url": "#",
                                            "is_external": "",
                                            "nofollow": "",
                                            "custom_attributes": ""
                                        }
                                    }
                                ],
                                "exad_pricing_menu_image_align": "center",
                                "exad_pricing_menu_con_border_radius": {
                                    "unit": "px",
                                    "top": "0",
                                    "right": "0",
                                    "bottom": "0",
                                    "left": "0",
                                    "isLinked": true
                                },
                                "exad_pricing_menu_list_item_border_border": "dashed",
                                "exad_pricing_menu_list_item_border_width": {
                                    "unit": "px",
                                    "top": "0",
                                    "right": "0",
                                    "bottom": "2",
                                    "left": "0",
                                    "isLinked": false
                                },
                                "exad_pricing_menu_list_item_border_color": "#E5E5E5",
                                "exad_pricing_menu_list_item_border_bottom": "",
                                "exad_pricing_menu_image_radius": {
                                    "unit": "px",
                                    "top": "50",
                                    "right": "50",
                                    "bottom": "50",
                                    "left": "50",
                                    "isLinked": true
                                },
                                "exad_pricing_menu_title_connector_color": "#AB8DED",
                                "exad_pricing_menu_title_typography_typography": "custom",
                                "exad_pricing_menu_title_typography_font_size": {
                                    "unit": "px",
                                    "size": 20,
                                    "sizes": []
                                },
                                "exad_pricing_menu_title_typography_font_weight": "500",
                                "exad_pricing_menu_title_color_normal": "#6D378F",
                                "exad_pricing_menu_title_color_hover": "#AB8DED",
                                "exad_pricing_menu_description_color": "",
                                "exad_pricing_menu_description_typography_typography": "custom",
                                "exad_pricing_menu_description_typography_font_size": {
                                    "unit": "px",
                                    "size": 15,
                                    "sizes": []
                                },
                                "exad_pricing_menu_image_width_mobile": {
                                    "unit": "px",
                                    "size": 0,
                                    "sizes": []
                                },
                                "exad_pricing_menu_price_color": "#6D378F"
                            },
                            "elements": [],
                            "isInner": false,
                            "widgetType": "exad-pricing-menu",
                            "elType": "widget"
                        }
                    ],
                    "isInner": false,
                    "elType": "column"
                },
                {
                    "id": "5061a13e",
                    "settings": {
                        "_column_size": 50,
                        "_inline_size": null
                    },
                    "elements": [
                        {
                            "id": "4358b4a2",
                            "settings": {
                                "pricing_menu_repeater": [
                                    {
                                        "exad_pricing_menu_title": "Lemon and Garlic Green Beans",
                                        "_id": "64cf015",
                                        "exad_pricing_menu_image": {
                                            "url": "https:\/\/nicesquad.us\/elementor\/expressoo\/wp-content\/uploads\/sites\/4\/2020\/04\/green-food-background-on-stone-table-top-view-heal-29P46S8.jpg",
                                            "id": 674
                                        },
                                        "exad_pricing_menu_description": "Lorem ipsum dolor sit amet, consectetur adipiscing elit, sed do eiusmod tempor ",
                                        "exad_pricing_menu_price": "$14",
                                        "exad_pricing_menu_enable_link": "no",
                                        "exad_pricing_menu_action_text": "Order Now",
                                        "exad_pricing_menu_btn_link": {
                                            "url": "#",
                                            "is_external": "",
                                            "nofollow": "",
                                            "custom_attributes": ""
                                        }
                                    },
                                    {
                                        "exad_pricing_menu_title": "Imported Oysters Grill (5 Pieces)",
                                        "_id": "4d7da6e",
                                        "exad_pricing_menu_image": {
                                            "url": "https:\/\/nicesquad.us\/elementor\/expressoo\/wp-content\/uploads\/sites\/4\/2020\/04\/oktoberfest-food-sausage-beer-and-bretzel-TY2VSNX.jpg",
                                            "id": 676
                                        },
                                        "exad_pricing_menu_description": "Lorem ipsum dolor sit amet, consectetur adipiscing elit, sed do eiusmod tempor ",
                                        "exad_pricing_menu_price": "$28",
                                        "exad_pricing_menu_enable_link": "no",
                                        "exad_pricing_menu_action_text": "Order Now",
                                        "exad_pricing_menu_btn_link": {
                                            "url": "#",
                                            "is_external": "",
                                            "nofollow": "",
                                            "custom_attributes": ""
                                        }
                                    },
                                    {
                                        "exad_pricing_menu_title": "Lemon-Rosemary Chicken",
                                        "_id": "0d1a2a4",
                                        "exad_pricing_menu_image": {
                                            "url": "https:\/\/nicesquad.us\/elementor\/expressoo\/wp-content\/uploads\/sites\/4\/2020\/04\/still-life-italian-food-43CRYHL.jpg",
                                            "id": 677
                                        },
                                        "exad_pricing_menu_description": "Lorem ipsum dolor sit amet, consectetur adipiscing elit, sed do eiusmod tempor ",
                                        "exad_pricing_menu_price": "$13",
                                        "exad_pricing_menu_enable_link": "no",
                                        "exad_pricing_menu_action_text": "Order Now",
                                        "exad_pricing_menu_btn_link": {
                                            "url": "#",
                                            "is_external": "",
                                            "nofollow": "",
                                            "custom_attributes": ""
                                        }
                                    },
                                    {
                                        "exad_pricing_menu_title": "Lamb-Beef Kofka Skewers with Tzatziki",
                                        "_id": "2e7854d",
                                        "exad_pricing_menu_image": {
                                            "url": "https:\/\/nicesquad.us\/elementor\/expressoo\/wp-content\/uploads\/sites\/4\/2020\/04\/vegetarian-food-PY246HJ.jpg",
                                            "id": 678
                                        },
                                        "exad_pricing_menu_description": "Lorem ipsum dolor sit amet, consectetur adipiscing elit, sed do eiusmod tempor ",
                                        "exad_pricing_menu_price": "$19",
                                        "exad_pricing_menu_enable_link": "no",
                                        "exad_pricing_menu_action_text": "Order Now",
                                        "exad_pricing_menu_btn_link": {
                                            "url": "#",
                                            "is_external": "",
                                            "nofollow": "",
                                            "custom_attributes": ""
                                        }
                                    }
                                ],
                                "exad_pricing_menu_image_align": "center",
                                "exad_pricing_menu_con_border_radius": {
                                    "unit": "px",
                                    "top": "0",
                                    "right": "0",
                                    "bottom": "0",
                                    "left": "0",
                                    "isLinked": true
                                },
                                "exad_pricing_menu_list_item_border_border": "dashed",
                                "exad_pricing_menu_list_item_border_width": {
                                    "unit": "px",
                                    "top": "0",
                                    "right": "0",
                                    "bottom": "2",
                                    "left": "0",
                                    "isLinked": false
                                },
                                "exad_pricing_menu_list_item_border_color": "#E5E5E5",
                                "exad_pricing_menu_list_item_border_bottom": "",
                                "exad_pricing_menu_image_radius": {
                                    "unit": "px",
                                    "top": "50",
                                    "right": "50",
                                    "bottom": "50",
                                    "left": "50",
                                    "isLinked": true
                                },
                                "exad_pricing_menu_title_connector_color": "#AB8DED",
                                "exad_pricing_menu_title_typography_typography": "custom",
                                "exad_pricing_menu_title_typography_font_size": {
                                    "unit": "px",
                                    "size": 20,
                                    "sizes": []
                                },
                                "exad_pricing_menu_title_typography_font_weight": "500",
                                "exad_pricing_menu_title_color_normal": "#6D378F",
                                "exad_pricing_menu_title_color_hover": "#AB8DED",
                                "exad_pricing_menu_description_color": "",
                                "exad_pricing_menu_description_typography_typography": "custom",
                                "exad_pricing_menu_description_typography_font_size": {
                                    "unit": "px",
                                    "size": 15,
                                    "sizes": []
                                },
                                "exad_pricing_menu_image_width_mobile": {
                                    "unit": "px",
                                    "size": 0,
                                    "sizes": []
                                },
                                "exad_pricing_menu_price_color": "#6D378F"
                            },
                            "elements": [],
                            "isInner": false,
                            "widgetType": "exad-pricing-menu",
                            "elType": "widget"
                        }
                    ],
                    "isInner": false,
                    "elType": "column"
                }
            ],
            "isInner": false,
            "elType": "section"
        }
    ]
}