{
    "version": "0.4",
    "title": "Online Shop",
    "type": "section",
    "metadata": {
        "template_type": "archive-product",
        "include_in_zip": "1",
        "elementor_pro_required": null,
        "wp_page_template": "elementor_header_footer"
    },
    "content": [
        {
            "id": "f218fc",
            "settings": {
                "background_background": "classic",
                "background_repeat": "no-repeat",
                "background_size": "cover",
                "background_overlay_background": "classic",
                "padding": {
                    "unit": "px",
                    "top": "190",
                    "right": "0",
                    "bottom": "60",
                    "left": "0",
                    "isLinked": false
                },
                "background_color": "rgba(34, 119, 91, 0.05)",
                "background_ypos": {
                    "unit": "%",
                    "size": 49,
                    "sizes": []
                },
                "background_overlay_position": "center center",
                "background_overlay_xpos": {
                    "unit": "vw",
                    "size": 0,
                    "sizes": []
                },
                "background_overlay_ypos": {
                    "unit": "vh",
                    "size": -41,
                    "sizes": []
                },
                "background_overlay_repeat": "repeat-x",
                "background_overlay_opacity": {
                    "unit": "px",
                    "size": 1,
                    "sizes": []
                },
                "css_filters_blur": {
                    "unit": "px",
                    "size": 1.5,
                    "sizes": []
                },
                "css_filters_brightness": {
                    "unit": "px",
                    "size": 80,
                    "sizes": []
                },
                "margin_mobile": {
                    "unit": "px",
                    "top": "0",
                    "right": 0,
                    "bottom": "0",
                    "left": 0,
                    "isLinked": false
                },
                "background_image": {
                    "url": "https:\/\/nicesquad.us\/elementor\/expressoo\/wp-content\/uploads\/sites\/4\/2020\/03\/bg3.png",
                    "id": 586
                },
                "background_overlay_color_b": "#525252",
                "background_overlay_gradient_angle": {
                    "unit": "deg",
                    "size": 80,
                    "sizes": []
                },
                "overlay_blend_mode": "multiply",
                "margin": {
                    "unit": "px",
                    "top": "0",
                    "right": 0,
                    "bottom": "0",
                    "left": 0,
                    "isLinked": false
                },
                "margin_tablet": {
                    "unit": "px",
                    "top": "0",
                    "right": 0,
                    "bottom": "0",
                    "left": 0,
                    "isLinked": false
                },
                "background_position": "center center",
                "padding_tablet": {
                    "unit": "px",
                    "top": "71",
                    "right": "0",
                    "bottom": "0",
                    "left": "0",
                    "isLinked": false
                },
                "padding_mobile": {
                    "unit": "px",
                    "top": "25",
                    "right": "0",
                    "bottom": "0",
                    "left": "0",
                    "isLinked": false
                }
            },
            "elements": [
                {
                    "id": "5cf52a47",
                    "settings": {
                        "_column_size": 100,
                        "_inline_size": null,
                        "margin": {
                            "unit": "px",
                            "top": "0",
                            "right": "0",
                            "bottom": "0",
                            "left": "15",
                            "isLinked": false
                        },
                        "padding_mobile": {
                            "unit": "px",
                            "top": "66",
                            "right": "12",
                            "bottom": "0",
                            "left": "020",
                            "isLinked": false
                        },
                        "margin_tablet": {
                            "unit": "px",
                            "top": "0",
                            "right": "0",
                            "bottom": "0",
                            "left": "10",
                            "isLinked": false
                        }
                    },
                    "elements": [
                        {
                            "id": "9d1ceff",
                            "settings": {
                                "title": "Online Shop",
                                "align": "left",
                                "title_color": "#6D378F",
                                "typography_typography": "custom",
                                "typography_font_size": {
                                    "unit": "px",
                                    "size": 70,
                                    "sizes": []
                                },
                                "typography_font_weight": "700",
                                "typography_line_height": {
                                    "unit": "px",
                                    "size": 42,
                                    "sizes": []
                                },
                                "_margin": {
                                    "unit": "px",
                                    "top": "0",
                                    "right": "0",
                                    "bottom": "4",
                                    "left": "0",
                                    "isLinked": false
                                },
                                "typography_font_size_mobile": {
                                    "unit": "px",
                                    "size": 33,
                                    "sizes": []
                                },
                                "typography_font_size_tablet": {
                                    "unit": "px",
                                    "size": 32,
                                    "sizes": []
                                }
                            },
                            "elements": [],
                            "isInner": false,
                            "widgetType": "heading",
                            "elType": "widget"
                        },
                        {
                            "id": "4649496c",
                            "settings": {
                                "editor": "<p>Home - Online shop<\/p>",
                                "align": "left",
                                "text_color": "rgba(109, 55, 143, 0.73)",
                                "typography_typography": "custom",
                                "typography_font_size": {
                                    "unit": "px",
                                    "size": 17,
                                    "sizes": []
                                },
                                "typography_line_height": {
                                    "unit": "px",
                                    "size": 34,
                                    "sizes": []
                                },
                                "_margin": {
                                    "unit": "px",
                                    "top": "-0",
                                    "right": "-0",
                                    "bottom": "-0",
                                    "left": "4",
                                    "isLinked": false
                                },
                                "typography_font_weight": "500",
                                "typography_font_size_tablet": {
                                    "unit": "px",
                                    "size": 15,
                                    "sizes": []
                                }
                            },
                            "elements": [],
                            "isInner": false,
                            "widgetType": "text-editor",
                            "elType": "widget"
                        }
                    ],
                    "isInner": false,
                    "elType": "column"
                }
            ],
            "isInner": false,
            "elType": "section"
        },
        {
            "id": "699ddd8b",
            "settings": {
                "padding": {
                    "unit": "px",
                    "top": "80",
                    "right": "0",
                    "bottom": "80",
                    "left": "0",
                    "isLinked": false
                }
            },
            "elements": [
                {
                    "id": "aadcc87",
                    "settings": {
                        "_column_size": 100,
                        "_inline_size": null
                    },
                    "elements": [
                        {
                            "id": "3393f678",
                            "settings": {
                                "exad_post_grid_type": "product",
                                "exad_post_grid_per_page": 8,
                                "exad_post_grid_column_no": "4",
                                "exad_post_grid_offset": "",
                                "exad_post_grid_order": "asc",
                                "exad_post_grid_show_excerpt": "",
                                "exad_post_grid_show_read_more_btn": "",
                                "exad_post_grid_read_more_btn_text": "Read More",
                                "exad_post_grid_pagination_previous_text": "Previous",
                                "exad_post_grid_pagination_next_text": "Next",
                                "exad_post_grid_user_name_tag": "By: ",
                                "exad_post_grid_date_tag": "Date: ",
                                "exad_post_grid_show_read_time": "",
                                "exad_post_grid_show_comment": "",
                                "exad_post_grid_enable_pagination": "",
                                "exad_post_grid_show_user_avatar": "yes",
                                "exad_grid_post_container_border_border": "solid",
                                "exad_grid_post_container_border_width": {
                                    "unit": "px",
                                    "top": "-1",
                                    "right": "-1",
                                    "bottom": "-1",
                                    "left": "-1",
                                    "isLinked": true
                                },
                                "exad_grid_post_container_border_color": "rgba(2, 1, 1, 0)",
                                "exad_post_grid_radius": {
                                    "unit": "px",
                                    "top": "5",
                                    "right": "5",
                                    "bottom": "5",
                                    "left": "5",
                                    "isLinked": true
                                },
                                "exad_section_post_grid_image_radius": {
                                    "unit": "px",
                                    "top": "5",
                                    "right": "5",
                                    "bottom": "0",
                                    "left": "0",
                                    "isLinked": false
                                },
                                "exad_post_grid_content_box_border_radius": {
                                    "unit": "px",
                                    "top": "0",
                                    "right": "0",
                                    "bottom": "5",
                                    "left": "5",
                                    "isLinked": false
                                },
                                "exad_grid_title_alignment": "left",
                                "exad_grid_title_typography_typography": "custom",
                                "exad_grid_title_typography_font_size": {
                                    "unit": "px",
                                    "size": 24,
                                    "sizes": []
                                },
                                "exad_grid_title_color": "",
                                "exad_grid_title_hover_color": "#6D378F",
                                "exad_post_grid_category_position_over_image": "-top-right",
                                "exad_grid_category_color": "#625B5B",
                                "exad_grid_category_bg_odd_color": "#0C1415",
                                "exad_grid_category_bg_even_color": "#1A2228",
                                "exad_post_grid_category_all_item_margin": {
                                    "unit": "px",
                                    "top": "1",
                                    "right": "1",
                                    "bottom": "1",
                                    "left": "1",
                                    "isLinked": true
                                },
                                "exad_post_grid_category_each_item_margin": {
                                    "unit": "px",
                                    "top": "4",
                                    "right": "4",
                                    "bottom": "4",
                                    "left": "4",
                                    "isLinked": true
                                },
                                "exad_post_grid_author_date_margin": {
                                    "unit": "px",
                                    "top": "0",
                                    "right": "0",
                                    "bottom": "0",
                                    "left": "0",
                                    "isLinked": true
                                },
                                "exad_grid_author_date_color": "",
                                "exad_grid_author_date_typography_typography": "custom",
                                "exad_grid_author_date_typography_font_size": {
                                    "unit": "px",
                                    "size": 15,
                                    "sizes": []
                                },
                                "exad_grid_author_date_link_color": "",
                                "exad_grid_author_date_link_typography_typography": "custom",
                                "exad_post_grid_show_date": "",
                                "exad_post_grid_content_box_shadow_box_shadow": {
                                    "horizontal": 0,
                                    "vertical": 0,
                                    "blur": 20,
                                    "spread": 5,
                                    "color": "rgba(0,0,0,.1)"
                                }
                            },
                            "elements": [],
                            "isInner": false,
                            "widgetType": "exad-post-grid",
                            "elType": "widget"
                        }
                    ],
                    "isInner": false,
                    "elType": "column"
                }
            ],
            "isInner": false,
            "elType": "section"
        },
        {
            "id": "ddf267f",
            "settings": {
                "structure": "20",
                "background_background": "classic",
                "background_color": "#AB8DED",
                "padding": {
                    "unit": "px",
                    "top": "16",
                    "right": "0",
                    "bottom": "16",
                    "left": "0",
                    "isLinked": false
                },
                "margin": {
                    "unit": "px",
                    "top": "0",
                    "right": 0,
                    "bottom": "0",
                    "left": 0,
                    "isLinked": false
                },
                "padding_mobile": {
                    "unit": "px",
                    "top": "40",
                    "right": "0",
                    "bottom": "40",
                    "left": "0",
                    "isLinked": false
                }
            },
            "elements": [
                {
                    "id": "670a4d3",
                    "settings": {
                        "_column_size": 50,
                        "_inline_size": 80,
                        "_inline_size_tablet": 70,
                        "margin_tablet": {
                            "unit": "px",
                            "top": "0",
                            "right": "27",
                            "bottom": "0",
                            "left": "7",
                            "isLinked": false
                        },
                        "content_position": "center"
                    },
                    "elements": [
                        {
                            "id": "b19d276",
                            "settings": {
                                "title": "Did not find your questions and answers?",
                                "title_color": "#FFFFFF",
                                "typography_typography": "custom",
                                "typography_font_size": {
                                    "unit": "px",
                                    "size": 24
                                },
                                "typography_font_weight": "500",
                                "_margin": {
                                    "unit": "px",
                                    "top": "0",
                                    "right": "0",
                                    "bottom": "0",
                                    "left": "0",
                                    "isLinked": false
                                },
                                "align_mobile": "center",
                                "typography_line_height_mobile": {
                                    "unit": "px",
                                    "size": 27,
                                    "sizes": []
                                }
                            },
                            "elements": [],
                            "isInner": false,
                            "widgetType": "heading",
                            "elType": "widget"
                        }
                    ],
                    "isInner": false,
                    "elType": "column"
                },
                {
                    "id": "6fa2f725",
                    "settings": {
                        "_column_size": 50,
                        "_inline_size": 20,
                        "_inline_size_tablet": 25,
                        "content_position": "center",
                        "align": "center"
                    },
                    "elements": [
                        {
                            "id": "30280773",
                            "settings": {
                                "text": "Contact us",
                                "icon_align": "right",
                                "icon_indent": {
                                    "unit": "px",
                                    "size": 10,
                                    "sizes": []
                                },
                                "typography_typography": "custom",
                                "typography_font_weight": "500",
                                "button_text_color": "#AB8DED",
                                "background_color": "#FFFFFF",
                                "align_mobile": "center",
                                "size": "md",
                                "border_radius": {
                                    "unit": "px",
                                    "top": "50",
                                    "right": "50",
                                    "bottom": "50",
                                    "left": "50",
                                    "isLinked": true
                                }
                            },
                            "elements": [],
                            "isInner": false,
                            "widgetType": "button",
                            "elType": "widget"
                        }
                    ],
                    "isInner": false,
                    "elType": "column"
                }
            ],
            "isInner": false,
            "elType": "section"
        },
        {
            "id": "5b20e612",
            "settings": {
                "padding": {
                    "unit": "px",
                    "top": "80",
                    "right": "0",
                    "bottom": "70",
                    "left": "0",
                    "isLinked": false
                }
            },
            "elements": [
                {
                    "id": "7dfaca6c",
                    "settings": {
                        "_column_size": 100,
                        "_inline_size": null,
                        "_inline_size_tablet": 100
                    },
                    "elements": [
                        {
                            "id": "7256686d",
                            "settings": {
                                "title": "How it works?",
                                "align": "left",
                                "typography_typography": "custom",
                                "typography_font_size": {
                                    "unit": "px",
                                    "size": 40,
                                    "sizes": []
                                },
                                "typography_font_weight": "700",
                                "title_color": "#6D378F",
                                "_padding": {
                                    "unit": "px",
                                    "top": "0",
                                    "right": "0",
                                    "bottom": "0",
                                    "left": "12",
                                    "isLinked": false
                                }
                            },
                            "elements": [],
                            "isInner": false,
                            "widgetType": "heading",
                            "elType": "widget"
                        },
                        {
                            "id": "74c053bf",
                            "settings": {
                                "align": "left",
                                "typography_typography": "custom",
                                "typography_font_size": {
                                    "unit": "px",
                                    "size": 18,
                                    "sizes": []
                                },
                                "_margin": {
                                    "unit": "px",
                                    "top": "8",
                                    "right": "0",
                                    "bottom": "0",
                                    "left": "0",
                                    "isLinked": false
                                },
                                "_padding": {
                                    "unit": "px",
                                    "top": "0",
                                    "right": "0",
                                    "bottom": "0",
                                    "left": "11",
                                    "isLinked": false
                                },
                                "text_color": "#717171"
                            },
                            "elements": [],
                            "isInner": false,
                            "widgetType": "text-editor",
                            "elType": "widget"
                        },
                        {
                            "id": "37adf3f8",
                            "settings": {
                                "structure": "30"
                            },
                            "elements": [
                                {
                                    "id": "3f20439c",
                                    "settings": {
                                        "_column_size": 33,
                                        "_inline_size": null,
                                        "box_shadow_box_shadow_type": "yes",
                                        "box_shadow_box_shadow": {
                                            "horizontal": 0,
                                            "vertical": 0,
                                            "blur": 20,
                                            "spread": 5,
                                            "color": "rgba(24, 27, 33, 0.1)"
                                        },
                                        "margin": {
                                            "unit": "px",
                                            "top": "0",
                                            "right": "10",
                                            "bottom": "0",
                                            "left": "10",
                                            "isLinked": false
                                        },
                                        "border_border": "solid",
                                        "border_color": "rgba(2, 1, 1, 0)",
                                        "border_radius": {
                                            "unit": "px",
                                            "top": "10",
                                            "right": "10",
                                            "bottom": "10",
                                            "left": "10",
                                            "isLinked": true
                                        },
                                        "margin_mobile": {
                                            "unit": "px",
                                            "top": "10",
                                            "right": "10",
                                            "bottom": "10",
                                            "left": "10",
                                            "isLinked": true
                                        }
                                    },
                                    "elements": [
                                        {
                                            "id": "2033c213",
                                            "settings": {
                                                "exad_infobox_icon": {
                                                    "value": "fas fa-shopping-cart",
                                                    "library": "fa-solid"
                                                },
                                                "exad_infobox_title": "Select your products",
                                                "exad_infobox_description": "Lorem ipsum dolor sit amet, consectetur adipiscing elit.",
                                                "exad_infobox_alignment": "exad-infobox-align-left",
                                                "exad_infobox_transition_zoom": "",
                                                "exad_infobox_icon_background_color_normal": "#AB8DED",
                                                "exad_infobox_icon_color_hover": "#AB8DED",
                                                "exad_title_color": "#6D378F",
                                                "infobox_title_typography_typography": "custom",
                                                "infobox_title_typography_font_size": {
                                                    "unit": "px",
                                                    "size": 26,
                                                    "sizes": []
                                                },
                                                "exad_description_typography_typography": "custom",
                                                "exad_description_typography_font_size": {
                                                    "unit": "px",
                                                    "size": 15,
                                                    "sizes": []
                                                }
                                            },
                                            "elements": [],
                                            "isInner": false,
                                            "widgetType": "exad-infobox",
                                            "elType": "widget"
                                        }
                                    ],
                                    "isInner": true,
                                    "elType": "column"
                                },
                                {
                                    "id": "3f3601d4",
                                    "settings": {
                                        "_column_size": 33,
                                        "_inline_size": null,
                                        "box_shadow_box_shadow_type": "yes",
                                        "box_shadow_box_shadow": {
                                            "horizontal": 0,
                                            "vertical": 0,
                                            "blur": 20,
                                            "spread": 5,
                                            "color": "rgba(24, 27, 33, 0.1)"
                                        },
                                        "margin": {
                                            "unit": "px",
                                            "top": "0",
                                            "right": "10",
                                            "bottom": "0",
                                            "left": "10",
                                            "isLinked": false
                                        },
                                        "border_border": "solid",
                                        "border_color": "rgba(2, 1, 1, 0)",
                                        "border_radius": {
                                            "unit": "px",
                                            "top": "10",
                                            "right": "10",
                                            "bottom": "10",
                                            "left": "10",
                                            "isLinked": true
                                        },
                                        "margin_mobile": {
                                            "unit": "px",
                                            "top": "10",
                                            "right": "10",
                                            "bottom": "10",
                                            "left": "10",
                                            "isLinked": true
                                        }
                                    },
                                    "elements": [
                                        {
                                            "id": "40ae1983",
                                            "settings": {
                                                "exad_infobox_icon": {
                                                    "value": "fas fa-shipping-fast",
                                                    "library": "fa-solid"
                                                },
                                                "exad_infobox_title": "Get your order fast",
                                                "exad_infobox_description": "Lorem ipsum dolor sit amet, consectetur adipiscing elit.",
                                                "exad_infobox_alignment": "exad-infobox-align-left",
                                                "exad_infobox_transition_zoom": "",
                                                "exad_infobox_icon_background_color_normal": "#AB8DED",
                                                "exad_infobox_icon_color_hover": "#AB8DED",
                                                "exad_title_color": "#6D378F",
                                                "infobox_title_typography_typography": "custom",
                                                "infobox_title_typography_font_size": {
                                                    "unit": "px",
                                                    "size": 26,
                                                    "sizes": []
                                                },
                                                "exad_description_typography_typography": "custom",
                                                "exad_description_typography_font_size": {
                                                    "unit": "px",
                                                    "size": 15,
                                                    "sizes": []
                                                }
                                            },
                                            "elements": [],
                                            "isInner": false,
                                            "widgetType": "exad-infobox",
                                            "elType": "widget"
                                        }
                                    ],
                                    "isInner": true,
                                    "elType": "column"
                                },
                                {
                                    "id": "6428e73c",
                                    "settings": {
                                        "_column_size": 33,
                                        "_inline_size": null,
                                        "box_shadow_box_shadow_type": "yes",
                                        "box_shadow_box_shadow": {
                                            "horizontal": 0,
                                            "vertical": 0,
                                            "blur": 20,
                                            "spread": 5,
                                            "color": "rgba(24, 27, 33, 0.1)"
                                        },
                                        "margin": {
                                            "unit": "px",
                                            "top": "0",
                                            "right": "10",
                                            "bottom": "0",
                                            "left": "10",
                                            "isLinked": false
                                        },
                                        "border_border": "solid",
                                        "border_color": "rgba(2, 1, 1, 0)",
                                        "border_radius": {
                                            "unit": "px",
                                            "top": "10",
                                            "right": "10",
                                            "bottom": "10",
                                            "left": "10",
                                            "isLinked": true
                                        },
                                        "margin_mobile": {
                                            "unit": "px",
                                            "top": "10",
                                            "right": "10",
                                            "bottom": "10",
                                            "left": "10",
                                            "isLinked": true
                                        }
                                    },
                                    "elements": [
                                        {
                                            "id": "25f69e73",
                                            "settings": {
                                                "exad_infobox_icon": {
                                                    "value": "fas fa-home",
                                                    "library": "fa-solid"
                                                },
                                                "exad_infobox_title": "Delivery to the door",
                                                "exad_infobox_description": "Lorem ipsum dolor sit amet, consectetur adipiscing elit.",
                                                "exad_infobox_alignment": "exad-infobox-align-left",
                                                "exad_infobox_transition_zoom": "",
                                                "exad_infobox_icon_background_color_normal": "#AB8DED",
                                                "exad_infobox_icon_color_hover": "#AB8DED",
                                                "exad_title_color": "#6D378F",
                                                "infobox_title_typography_typography": "custom",
                                                "infobox_title_typography_font_size": {
                                                    "unit": "px",
                                                    "size": 26,
                                                    "sizes": []
                                                },
                                                "exad_description_typography_typography": "custom",
                                                "exad_description_typography_font_size": {
                                                    "unit": "px",
                                                    "size": 15,
                                                    "sizes": []
                                                }
                                            },
                                            "elements": [],
                                            "isInner": false,
                                            "widgetType": "exad-infobox",
                                            "elType": "widget"
                                        }
                                    ],
                                    "isInner": true,
                                    "elType": "column"
                                }
                            ],
                            "isInner": true,
                            "elType": "section"
                        }
                    ],
                    "isInner": false,
                    "elType": "column"
                }
            ],
            "isInner": false,
            "elType": "section"
        },
        {
            "id": "497369b3",
            "settings": {
                "padding_mobile": {
                    "unit": "px",
                    "top": "23",
                    "right": "0",
                    "bottom": "65",
                    "left": "0",
                    "isLinked": false
                }
            },
            "elements": [
                {
                    "id": "c58a93b",
                    "settings": {
                        "_column_size": 100,
                        "_inline_size": null
                    },
                    "elements": [
                        {
                            "id": "28383222",
                            "settings": {
                                "youtube_url": "https:\/\/www.youtube.com\/watch?v=XHOmBV4js_E",
                                "vimeo_url": "",
                                "dailymotion_url": "",
                                "show_image_overlay": "yes",
                                "image_overlay": {
                                    "url": "https:\/\/nicesquad.us\/elementor\/expressoo\/wp-content\/uploads\/sites\/4\/2020\/04\/Concept_27-02-Convertedsss.png",
                                    "id": 525
                                },
                                "image_overlay_size": "htmega_size_1170x536",
                                "lightbox": "yes",
                                "play_icon_color": "#6D378F"
                            },
                            "elements": [],
                            "isInner": false,
                            "widgetType": "video",
                            "elType": "widget"
                        }
                    ],
                    "isInner": false,
                    "elType": "column"
                }
            ],
            "isInner": false,
            "elType": "section"
        }
    ],
    "page_settings": {
        "ha_grid_zindex": "1000",
        "eael_ext_toc_title": "Table of Content",
        "template": "elementor_header_footer"
    }
}