{
    "version": "0.4",
    "title": "Single Post Template",
    "type": "section",
    "metadata": {
        "template_type": "single-post",
        "include_in_zip": "1",
        "elementor_pro_required": null,
        "wp_page_template": "elementor_header_footer"
    },
    "content": [
        {
            "id": "4b5d1cd8",
            "settings": {
                "background_background": "classic",
                "background_overlay_background": "classic",
                "background_overlay_position": "initial",
                "background_overlay_xpos": {
                    "unit": "vw",
                    "size": 50,
                    "sizes": []
                },
                "background_overlay_repeat": "no-repeat",
                "background_overlay_opacity": {
                    "unit": "px",
                    "size": 0,
                    "sizes": []
                },
                "margin": {
                    "unit": "px",
                    "top": "0",
                    "right": 0,
                    "bottom": "0",
                    "left": 0,
                    "isLinked": false
                },
                "padding": {
                    "unit": "px",
                    "top": "0",
                    "right": "0",
                    "bottom": "0",
                    "left": "0",
                    "isLinked": false
                },
                "background_overlay_ypos": {
                    "unit": "vh",
                    "size": 0,
                    "sizes": []
                },
                "background_overlay_size": "initial",
                "background_overlay_bg_width": {
                    "unit": "vw",
                    "size": 51,
                    "sizes": []
                },
                "background_overlay_position_tablet": "center center",
                "background_overlay_size_tablet": "contain",
                "border_width": {
                    "unit": "px",
                    "top": "1",
                    "right": "0",
                    "bottom": "1",
                    "left": "0",
                    "isLinked": false
                },
                "border_color": "#D8D8D8",
                "border_radius": {
                    "unit": "px",
                    "top": "0",
                    "right": "0",
                    "bottom": "0",
                    "left": "0",
                    "isLinked": true
                },
                "padding_tablet": {
                    "unit": "px",
                    "top": "26",
                    "right": "0",
                    "bottom": "0",
                    "left": "0",
                    "isLinked": false
                },
                "padding_mobile": {
                    "unit": "px",
                    "top": "27",
                    "right": "0",
                    "bottom": "0",
                    "left": "0",
                    "isLinked": false
                },
                "background_overlay_image_tablet": {
                    "url": "https:\/\/nicesquad.us\/elementor\/expressoo\/wp-content\/uploads\/sites\/4\/2020\/03\/Screenshot_2.png",
                    "id": 757
                },
                "layout": "full_width"
            },
            "elements": [
                {
                    "id": "cbfefb5",
                    "settings": {
                        "_column_size": 100,
                        "_inline_size": null,
                        "padding": {
                            "unit": "px",
                            "top": "0",
                            "right": "0",
                            "bottom": "0",
                            "left": "0",
                            "isLinked": false
                        },
                        "_inline_size_tablet": 100,
                        "background_background": "classic",
                        "margin_tablet": {
                            "unit": "px",
                            "top": "0",
                            "right": "0",
                            "bottom": "0",
                            "left": "0",
                            "isLinked": false
                        },
                        "padding_tablet": {
                            "unit": "px",
                            "top": "50",
                            "right": "50",
                            "bottom": "50",
                            "left": "50",
                            "isLinked": true
                        },
                        "padding_mobile": {
                            "unit": "px",
                            "top": "30",
                            "right": "30",
                            "bottom": "30",
                            "left": "30",
                            "isLinked": true
                        },
                        "content_position": "center",
                        "align": "center",
                        "background_color": "#AB8DED",
                        "background_overlay_background": "classic",
                        "background_overlay_position": "initial",
                        "background_overlay_xpos": {
                            "unit": "%",
                            "size": 46,
                            "sizes": []
                        },
                        "background_overlay_ypos": {
                            "unit": "px",
                            "size": 99,
                            "sizes": []
                        },
                        "background_overlay_size": "cover",
                        "background_overlay_opacity": {
                            "unit": "px",
                            "size": 1,
                            "sizes": []
                        }
                    },
                    "elements": [
                        {
                            "id": "2c37fccc",
                            "settings": {
                                "structure": "20",
                                "background_background": "classic",
                                "background_position": "initial",
                                "background_xpos": {
                                    "unit": "vw",
                                    "size": 50,
                                    "sizes": []
                                },
                                "background_ypos": {
                                    "unit": "vh",
                                    "size": 0,
                                    "sizes": []
                                },
                                "background_repeat": "no-repeat",
                                "background_size": "initial",
                                "background_bg_width": {
                                    "unit": "vw",
                                    "size": 50,
                                    "sizes": []
                                },
                                "padding": {
                                    "unit": "px",
                                    "top": "0",
                                    "right": "0",
                                    "bottom": "0",
                                    "left": "0",
                                    "isLinked": true
                                }
                            },
                            "elements": [
                                {
                                    "id": "4fb92197",
                                    "settings": {
                                        "_column_size": 50,
                                        "_inline_size": null,
                                        "padding": {
                                            "unit": "%",
                                            "top": "23",
                                            "right": "7",
                                            "bottom": "23",
                                            "left": "3",
                                            "isLinked": false
                                        }
                                    },
                                    "elements": [
                                        {
                                            "id": "6fe5e6da",
                                            "settings": {
                                                "title": "Delivery to the door",
                                                "typography_typography": "custom",
                                                "typography_font_size": {
                                                    "unit": "px",
                                                    "size": 54,
                                                    "sizes": []
                                                },
                                                "typography_font_size_mobile": {
                                                    "unit": "px",
                                                    "size": 35,
                                                    "sizes": []
                                                },
                                                "typography_font_size_tablet": {
                                                    "unit": "px",
                                                    "size": 40,
                                                    "sizes": []
                                                },
                                                "title_color": "#FFFFFF",
                                                "typography_font_weight": "600"
                                            },
                                            "elements": [],
                                            "isInner": false,
                                            "widgetType": "heading",
                                            "elType": "widget"
                                        },
                                        {
                                            "id": "194958f9",
                                            "settings": {
                                                "editor": "<p>Lorem ipsum dolor sit amet, consectetur adipiscing elit, sed do eiusmod tempor incididunt ut labore et dolore magna.\u00a0<\/p>",
                                                "text_color": "#FFFFFF",
                                                "typography_typography": "custom",
                                                "typography_font_size": {
                                                    "unit": "px",
                                                    "size": 18,
                                                    "sizes": []
                                                },
                                                "_margin": {
                                                    "unit": "px",
                                                    "top": "10",
                                                    "right": "0",
                                                    "bottom": "15",
                                                    "left": "0",
                                                    "isLinked": false
                                                }
                                            },
                                            "elements": [],
                                            "isInner": false,
                                            "widgetType": "text-editor",
                                            "elType": "widget"
                                        },
                                        {
                                            "id": "4c93a3e2",
                                            "settings": {
                                                "testimonial_content": "",
                                                "testimonial_image": {
                                                    "url": "https:\/\/nicesquad.us\/elementor\/expressoo\/wp-content\/uploads\/sites\/4\/2020\/04\/contemporary-business-owner-74PABCRJPG.png",
                                                    "id": 455
                                                },
                                                "testimonial_image_size": "custom",
                                                "testimonial_image_custom_dimension": {
                                                    "width": "60",
                                                    "height": "60"
                                                },
                                                "testimonial_name": "by Idris Elba",
                                                "testimonial_job": "Blogger",
                                                "testimonial_alignment": "left",
                                                "content_content_color": "#FFFFFF",
                                                "name_text_color": "#FFFFFF",
                                                "job_text_color": "#FFFFFF",
                                                "content_typography_typography": "custom",
                                                "name_typography_typography": "custom",
                                                "job_typography_typography": "custom"
                                            },
                                            "elements": [],
                                            "isInner": false,
                                            "widgetType": "testimonial",
                                            "elType": "widget"
                                        }
                                    ],
                                    "isInner": true,
                                    "elType": "column"
                                },
                                {
                                    "id": "260c22c4",
                                    "settings": {
                                        "_column_size": 50,
                                        "_inline_size": null,
                                        "background_background": "classic",
                                        "background_image": {
                                            "url": "https:\/\/nicesquad.us\/elementor\/expressoo\/wp-content\/uploads\/sites\/4\/2020\/04\/TDV_M46_01.png",
                                            "id": 884
                                        },
                                        "background_position": "center center",
                                        "background_xpos": {
                                            "unit": "vw",
                                            "size": 0,
                                            "sizes": []
                                        },
                                        "background_ypos": {
                                            "unit": "vh",
                                            "size": 0,
                                            "sizes": []
                                        },
                                        "background_repeat": "no-repeat",
                                        "background_size": "cover",
                                        "background_bg_width": {
                                            "unit": "vw",
                                            "size": 44,
                                            "sizes": []
                                        },
                                        "padding": {
                                            "unit": "px",
                                            "top": "0",
                                            "right": "0",
                                            "bottom": "0",
                                            "left": "0",
                                            "isLinked": false
                                        },
                                        "padding_mobile": {
                                            "unit": "px",
                                            "top": "0",
                                            "right": "0",
                                            "bottom": "0",
                                            "left": "0",
                                            "isLinked": false
                                        },
                                        "hide_mobile": "hidden-phone",
                                        "border_radius": {
                                            "unit": "px",
                                            "top": "10",
                                            "right": "10",
                                            "bottom": "10",
                                            "left": "10",
                                            "isLinked": true
                                        }
                                    },
                                    "elements": [],
                                    "isInner": true,
                                    "elType": "column"
                                }
                            ],
                            "isInner": true,
                            "elType": "section"
                        }
                    ],
                    "isInner": false,
                    "elType": "column"
                }
            ],
            "isInner": false,
            "elType": "section"
        },
        {
            "id": "b8b25ce",
            "settings": {
                "content_width": {
                    "unit": "px",
                    "size": "650"
                },
                "margin": {
                    "unit": "px",
                    "top": "60",
                    "right": 0,
                    "bottom": "0",
                    "left": 0,
                    "isLinked": false
                },
                "padding_mobile": {
                    "unit": "px",
                    "top": "25",
                    "right": "25",
                    "bottom": "25",
                    "left": "25",
                    "isLinked": false
                }
            },
            "elements": [
                {
                    "id": "7897307e",
                    "settings": {
                        "_column_size": 100,
                        "_inline_size": null
                    },
                    "elements": [
                        {
                            "id": "59db3efe",
                            "settings": {
                                "editor": "<p>Lorem ipsum dolor sit amet, consectetur adipiscing elit, sed do eiusmod tempor incididunt ut labore et dolore magna aliqua.<\/p>",
                                "typography_typography": "custom",
                                "typography_font_size": {
                                    "unit": "px",
                                    "size": 27,
                                    "sizes": []
                                },
                                "typography_font_size_mobile": {
                                    "unit": "px",
                                    "size": 19,
                                    "sizes": []
                                },
                                "typography_font_size_tablet": {
                                    "unit": "px",
                                    "size": 20,
                                    "sizes": []
                                }
                            },
                            "elements": [],
                            "isInner": false,
                            "widgetType": "text-editor",
                            "elType": "widget"
                        },
                        {
                            "id": "4c92c566",
                            "settings": {
                                "editor": "<p>Lorem ipsum dolor sit amet, consectetur adipiscing elit, sed do eiusmod tempor incididunt ut labore et dolore magna aliqua. Auctor elit sed vulputate mi sit amet mauris commodo quis. Aenean vel elit scelerisque mauris pellentesque pulvinar pellentesque habitant morbi. Faucibus interdum posuere lorem ipsum dolor sit amet. Turpis in eu mi bibendum neque.<\/p><p>Urna id volutpat lacus laoreet non curabitur. Morbi quis commodo odio aenean sed adipiscing diam. Viverra orci sagittis eu volutpat odio facilisis mauris sit amet. Nisi porta lorem mollis aliquam ut.\u00a0<\/p>",
                                "text_color": "#3D3D3D",
                                "typography_typography": "custom",
                                "typography_font_size": {
                                    "unit": "px",
                                    "size": 18
                                },
                                "typography_font_weight": "300",
                                "typography_line_height": {
                                    "unit": "em",
                                    "size": "1.7"
                                },
                                "typography_font_size_mobile": {
                                    "unit": "px",
                                    "size": "17"
                                }
                            },
                            "elements": [],
                            "isInner": false,
                            "widgetType": "text-editor",
                            "elType": "widget"
                        },
                        {
                            "id": "1c939246",
                            "settings": {
                                "editor": "Lorem ipsum dolor sit amet, consectetur adipiscing elit, sed do eiusmod tempor incididunt ut labore et dolore magna aliqua",
                                "typography_typography": "custom",
                                "typography_font_size": {
                                    "unit": "px",
                                    "size": "19"
                                },
                                "typography_font_weight": "500",
                                "typography_font_style": "italic",
                                "typography_line_height": {
                                    "unit": "em",
                                    "size": 1.9
                                },
                                "_margin": {
                                    "unit": "px",
                                    "top": "40",
                                    "right": "0",
                                    "bottom": "40",
                                    "left": "40",
                                    "isLinked": false
                                },
                                "_padding": {
                                    "unit": "px",
                                    "top": "15",
                                    "right": "0",
                                    "bottom": "5",
                                    "left": "30",
                                    "isLinked": false
                                },
                                "_border_border": "solid",
                                "_border_width": {
                                    "unit": "px",
                                    "top": "0",
                                    "right": "0",
                                    "bottom": "0",
                                    "left": "3",
                                    "isLinked": false
                                },
                                "_border_color": "#AB8DED",
                                "_margin_mobile": {
                                    "unit": "px",
                                    "top": "0",
                                    "right": "0",
                                    "bottom": "0",
                                    "left": "0",
                                    "isLinked": false
                                }
                            },
                            "elements": [],
                            "isInner": false,
                            "widgetType": "text-editor",
                            "elType": "widget"
                        },
                        {
                            "id": "76a1c53e",
                            "settings": {
                                "editor": "<p>Tortor dignissim convallis aenean et tortor. Mauris a diam maecenas sed enim ut sem viverra aliquet. Scelerisque fermentum dui faucibus in ornare quam viverra. Eget dolor morbi non arcu. Tellus mauris a diam maecenas sed enim ut sem viverra. Pulvinar mattis nunc sed libero volutpat sed.<\/p>",
                                "text_color": "#3d3d3d",
                                "typography_typography": "custom",
                                "typography_font_size": {
                                    "unit": "px",
                                    "size": 18
                                },
                                "typography_font_weight": "300",
                                "typography_line_height": {
                                    "unit": "em",
                                    "size": "1.7"
                                },
                                "typography_font_size_mobile": {
                                    "unit": "px",
                                    "size": "17"
                                }
                            },
                            "elements": [],
                            "isInner": false,
                            "widgetType": "text-editor",
                            "elType": "widget"
                        }
                    ],
                    "isInner": false,
                    "elType": "column"
                }
            ],
            "isInner": false,
            "elType": "section"
        },
        {
            "id": "2bf4f6fa",
            "settings": {
                "gap": "no",
                "padding": {
                    "unit": "px",
                    "top": "80",
                    "right": "0",
                    "bottom": "80",
                    "left": "0",
                    "isLinked": false
                },
                "padding_mobile": {
                    "unit": "px",
                    "top": "45",
                    "right": "25",
                    "bottom": "45",
                    "left": "25",
                    "isLinked": false
                },
                "padding_tablet": {
                    "unit": "px",
                    "top": "50",
                    "right": "50",
                    "bottom": "50",
                    "left": "50",
                    "isLinked": true
                },
                "margin_mobile": {
                    "unit": "px",
                    "top": "0",
                    "right": 0,
                    "bottom": "0",
                    "left": 0,
                    "isLinked": false
                },
                "background_background": "classic",
                "background_color": "#AB8DED",
                "margin": {
                    "unit": "px",
                    "top": "50",
                    "right": 0,
                    "bottom": "50",
                    "left": 0,
                    "isLinked": false
                }
            },
            "elements": [
                {
                    "id": "40228b8e",
                    "settings": {
                        "_column_size": 100,
                        "_inline_size": null
                    },
                    "elements": [
                        {
                            "id": "cbef4ab",
                            "settings": {
                                "wp_gallery": [
                                    {
                                        "id": 886,
                                        "url": "https:\/\/nicesquad.us\/elementor\/expressoo\/wp-content\/uploads\/sites\/4\/2020\/04\/TDV_M46_06.png"
                                    },
                                    {
                                        "id": 887,
                                        "url": "https:\/\/nicesquad.us\/elementor\/expressoo\/wp-content\/uploads\/sites\/4\/2020\/04\/TDV_M46_010.png"
                                    },
                                    {
                                        "id": 885,
                                        "url": "https:\/\/nicesquad.us\/elementor\/expressoo\/wp-content\/uploads\/sites\/4\/2020\/04\/TDV_M46_05.png"
                                    }
                                ],
                                "thumbnail_size": "medium_large",
                                "gallery_columns": "3",
                                "image_spacing": "custom",
                                "image_spacing_custom": {
                                    "unit": "px",
                                    "size": 20,
                                    "sizes": []
                                },
                                "gallery_display_caption": "none",
                                "image_border_radius": {
                                    "unit": "px",
                                    "top": "10",
                                    "right": "10",
                                    "bottom": "10",
                                    "left": "10",
                                    "isLinked": true
                                }
                            },
                            "elements": [],
                            "isInner": false,
                            "widgetType": "image-gallery",
                            "elType": "widget"
                        }
                    ],
                    "isInner": false,
                    "elType": "column"
                }
            ],
            "isInner": false,
            "elType": "section"
        },
        {
            "id": "ee86881",
            "settings": {
                "content_width": {
                    "unit": "px",
                    "size": "650"
                },
                "padding_mobile": {
                    "unit": "px",
                    "top": "25",
                    "right": "25",
                    "bottom": "25",
                    "left": "25",
                    "isLinked": true
                }
            },
            "elements": [
                {
                    "id": "1c6df0ba",
                    "settings": {
                        "_column_size": 100,
                        "_inline_size": null
                    },
                    "elements": [
                        {
                            "id": "1bb1cac7",
                            "settings": {
                                "editor": "<p>Lorem ipsum dolor sit amet, consectetur adipiscing elit, sed do eiusmod tempor incididunt ut labore et dolore magna aliqua. Auctor elit sed vulputate mi sit amet mauris commodo quis.<\/p><p>Aenean vel elit scelerisque mauris pellentesque pulvinar pellentesque habitant morbi. Faucibus interdum posuere lorem ipsum dolor sit amet. Turpis in eu mi bibendum neque. Urna id volutpat lacus laoreet non curabitur. Morbi quis commodo odio aenean sed adipiscing diam.<\/p><p>Viverra orci sagittis eu volutpat odio facilisis mauris sit amet. Nisi porta lorem mollis aliquam ut. Tortor dignissim convallis aenean et tortor. Mauris a diam maecenas sed enim ut sem viverra aliquet. Scelerisque fermentum dui faucibus in ornare quam viverra. Eget dolor morbi non arcu. Tellus mauris a diam maecenas sed enim ut sem viverra. Pulvinar mattis nunc sed blandit libero volutpat sed.<\/p>",
                                "text_color": "#3d3d3d",
                                "typography_typography": "custom",
                                "typography_font_size": {
                                    "unit": "px",
                                    "size": 18
                                },
                                "typography_font_weight": "300",
                                "typography_line_height": {
                                    "unit": "em",
                                    "size": "1.7"
                                },
                                "typography_font_size_mobile": {
                                    "unit": "px",
                                    "size": "17"
                                }
                            },
                            "elements": [],
                            "isInner": false,
                            "widgetType": "text-editor",
                            "elType": "widget"
                        }
                    ],
                    "isInner": false,
                    "elType": "column"
                }
            ],
            "isInner": false,
            "elType": "section"
        },
        {
            "id": "6ce6bf10",
            "settings": {
                "margin": {
                    "unit": "px",
                    "top": "10",
                    "right": 0,
                    "bottom": "10",
                    "left": 0,
                    "isLinked": false
                },
                "padding_tablet": {
                    "unit": "px",
                    "top": "50",
                    "right": "50",
                    "bottom": "50",
                    "left": "50",
                    "isLinked": true
                },
                "padding_mobile": {
                    "unit": "px",
                    "top": "0",
                    "right": "13",
                    "bottom": "0",
                    "left": "13",
                    "isLinked": false
                }
            },
            "elements": [
                {
                    "id": "4884021b",
                    "settings": {
                        "_column_size": 100,
                        "_inline_size": null
                    },
                    "elements": [
                        {
                            "id": "74cbc701",
                            "settings": {
                                "youtube_url": "https:\/\/www.youtube.com\/watch?v=XHOmBV4js_E",
                                "vimeo_url": "",
                                "dailymotion_url": "",
                                "show_image_overlay": "yes",
                                "image_overlay": {
                                    "url": "https:\/\/nicesquad.us\/elementor\/expressoo\/wp-content\/uploads\/sites\/4\/2020\/04\/Concept_27-02-Convertedsss.png",
                                    "id": 525
                                }
                            },
                            "elements": [],
                            "isInner": false,
                            "widgetType": "video",
                            "elType": "widget"
                        }
                    ],
                    "isInner": false,
                    "elType": "column"
                }
            ],
            "isInner": false,
            "elType": "section"
        },
        {
            "id": "788d6c62",
            "settings": {
                "content_width": {
                    "unit": "px",
                    "size": "650"
                },
                "margin": {
                    "unit": "px",
                    "top": "0",
                    "right": 0,
                    "bottom": "50",
                    "left": 0,
                    "isLinked": false
                },
                "padding_mobile": {
                    "unit": "px",
                    "top": "12",
                    "right": "12",
                    "bottom": "12",
                    "left": "12",
                    "isLinked": true
                }
            },
            "elements": [
                {
                    "id": "532fb4c1",
                    "settings": {
                        "_column_size": 100
                    },
                    "elements": [
                        {
                            "id": "75d6cdd0",
                            "settings": {
                                "editor": "<p>Et magnis dis parturient montes. Tincidunt arcu non sodales neque sodales. Et malesuada fames ac turpis egestas sed. Duis convallis convallis tellus id interdum velit laoreet.<\/p><p>Pretium vulputate sapien nec sagittis aliquam malesuada bibendum arcu vitae. Quam adipiscing vitae proin sagittis nisl rhoncus mattis rhoncus.<\/p>",
                                "text_color": "#3d3d3d",
                                "typography_typography": "custom",
                                "typography_font_size": {
                                    "unit": "px",
                                    "size": 18
                                },
                                "typography_font_weight": "300",
                                "typography_line_height": {
                                    "unit": "em",
                                    "size": "1.7"
                                },
                                "typography_font_size_mobile": {
                                    "unit": "px",
                                    "size": "17"
                                }
                            },
                            "elements": [],
                            "isInner": false,
                            "widgetType": "text-editor",
                            "elType": "widget"
                        },
                        {
                            "id": "2fc2d92f",
                            "settings": {
                                "style": "dotted",
                                "color": "rgba(0,0,0,0.19)",
                                "gap": {
                                    "unit": "px",
                                    "size": 21
                                },
                                "text": "Divider"
                            },
                            "elements": [],
                            "isInner": false,
                            "widgetType": "divider",
                            "elType": "widget"
                        },
                        {
                            "id": "9da2f23",
                            "settings": {
                                "title": "Share with friends",
                                "header_size": "h4",
                                "align": "center",
                                "typography_typography": "custom",
                                "typography_font_size": {
                                    "unit": "px",
                                    "size": "19"
                                },
                                "typography_font_weight": "400",
                                "typography_font_style": "italic"
                            },
                            "elements": [],
                            "isInner": false,
                            "widgetType": "heading",
                            "elType": "widget"
                        },
                        {
                            "id": "7f0c9f45",
                            "settings": {
                                "social_icon_list": [
                                    {
                                        "social": "fa fa-facebook",
                                        "_id": "3bftaoh",
                                        "link": {
                                            "url": "",
                                            "is_external": "true",
                                            "nofollow": "",
                                            "custom_attributes": ""
                                        },
                                        "social_icon": {
                                            "value": "fab fa-facebook-f",
                                            "library": "fa-brands"
                                        },
                                        "item_icon_color": "default",
                                        "item_icon_primary_color": "",
                                        "item_icon_secondary_color": "",
                                        "__fa4_migrated": {
                                            "social_icon": true
                                        }
                                    },
                                    {
                                        "social": "fa fa-twitter",
                                        "_id": "pc69ffs",
                                        "link": {
                                            "url": "",
                                            "is_external": "true",
                                            "nofollow": "",
                                            "custom_attributes": ""
                                        },
                                        "social_icon": {
                                            "value": "fab fa-twitter",
                                            "library": "fa-brands"
                                        },
                                        "item_icon_color": "default",
                                        "item_icon_primary_color": "",
                                        "item_icon_secondary_color": "",
                                        "__fa4_migrated": {
                                            "social_icon": true
                                        }
                                    },
                                    {
                                        "social": "fa fa-google-plus",
                                        "_id": "toyyori",
                                        "link": {
                                            "url": "",
                                            "is_external": "true",
                                            "nofollow": "",
                                            "custom_attributes": ""
                                        },
                                        "social_icon": {
                                            "value": "fab fa-google-plus-g",
                                            "library": "fa-brands"
                                        },
                                        "item_icon_color": "default",
                                        "item_icon_primary_color": "",
                                        "item_icon_secondary_color": "",
                                        "__fa4_migrated": {
                                            "social_icon": true
                                        }
                                    },
                                    {
                                        "social": "fa fa-linkedin",
                                        "link": {
                                            "url": "",
                                            "is_external": "true",
                                            "nofollow": "",
                                            "custom_attributes": ""
                                        },
                                        "_id": "xz1qnet",
                                        "social_icon": {
                                            "value": "fab fa-linkedin-in",
                                            "library": "fa-brands"
                                        },
                                        "item_icon_color": "default",
                                        "item_icon_primary_color": "",
                                        "item_icon_secondary_color": "",
                                        "__fa4_migrated": {
                                            "social_icon": true
                                        }
                                    }
                                ],
                                "shape": "circle",
                                "icon_size": {
                                    "unit": "px",
                                    "size": "19"
                                },
                                "icon_padding": {
                                    "unit": "em",
                                    "size": "0.7"
                                },
                                "icon_spacing": {
                                    "unit": "px",
                                    "size": "15"
                                },
                                "icon_size_mobile": {
                                    "unit": "px",
                                    "size": "15"
                                }
                            },
                            "elements": [],
                            "isInner": false,
                            "widgetType": "social-icons",
                            "elType": "widget"
                        }
                    ],
                    "isInner": false,
                    "elType": "column"
                }
            ],
            "isInner": false,
            "elType": "section"
        }
    ],
    "page_settings": {
        "ha_grid_zindex": "1000",
        "eael_ext_toc_title": "Table of Content",
        "template": "elementor_header_footer"
    }
}