{
    "version": "0.4",
    "title": "Terms of Service",
    "type": "section",
    "metadata": {
        "template_type": "section-services",
        "include_in_zip": "1",
        "elementor_pro_required": null,
        "wp_page_template": "elementor_header_footer"
    },
    "content": [
        {
            "id": "1357ff59",
            "settings": {
                "background_background": "classic",
                "background_repeat": "no-repeat",
                "background_size": "cover",
                "background_overlay_background": "classic",
                "padding": {
                    "unit": "px",
                    "top": "190",
                    "right": "0",
                    "bottom": "60",
                    "left": "0",
                    "isLinked": false
                },
                "background_color": "rgba(34, 119, 91, 0.05)",
                "background_ypos": {
                    "unit": "%",
                    "size": 49,
                    "sizes": []
                },
                "background_overlay_position": "center center",
                "background_overlay_xpos": {
                    "unit": "vw",
                    "size": 0,
                    "sizes": []
                },
                "background_overlay_ypos": {
                    "unit": "vh",
                    "size": -41,
                    "sizes": []
                },
                "background_overlay_repeat": "repeat-x",
                "background_overlay_opacity": {
                    "unit": "px",
                    "size": 1,
                    "sizes": []
                },
                "css_filters_blur": {
                    "unit": "px",
                    "size": 1.5,
                    "sizes": []
                },
                "css_filters_brightness": {
                    "unit": "px",
                    "size": 80,
                    "sizes": []
                },
                "margin_mobile": {
                    "unit": "px",
                    "top": "0",
                    "right": 0,
                    "bottom": "0",
                    "left": 0,
                    "isLinked": false
                },
                "background_image": {
                    "url": "https:\/\/nicesquad.us\/elementor\/expressoo\/wp-content\/uploads\/sites\/4\/2020\/03\/bg3.png",
                    "id": 586
                },
                "background_overlay_color_b": "#525252",
                "background_overlay_gradient_angle": {
                    "unit": "deg",
                    "size": 80,
                    "sizes": []
                },
                "overlay_blend_mode": "multiply",
                "margin": {
                    "unit": "px",
                    "top": "0",
                    "right": 0,
                    "bottom": "0",
                    "left": 0,
                    "isLinked": false
                },
                "margin_tablet": {
                    "unit": "px",
                    "top": "0",
                    "right": 0,
                    "bottom": "0",
                    "left": 0,
                    "isLinked": false
                },
                "background_position": "center center",
                "padding_tablet": {
                    "unit": "px",
                    "top": "71",
                    "right": "0",
                    "bottom": "0",
                    "left": "0",
                    "isLinked": false
                },
                "padding_mobile": {
                    "unit": "px",
                    "top": "25",
                    "right": "0",
                    "bottom": "0",
                    "left": "0",
                    "isLinked": false
                }
            },
            "elements": [
                {
                    "id": "6ba0bcc2",
                    "settings": {
                        "_column_size": 100,
                        "_inline_size": null,
                        "margin": {
                            "unit": "px",
                            "top": "0",
                            "right": "0",
                            "bottom": "0",
                            "left": "15",
                            "isLinked": false
                        },
                        "padding_mobile": {
                            "unit": "px",
                            "top": "66",
                            "right": "12",
                            "bottom": "0",
                            "left": "020",
                            "isLinked": false
                        },
                        "margin_tablet": {
                            "unit": "px",
                            "top": "0",
                            "right": "0",
                            "bottom": "0",
                            "left": "10",
                            "isLinked": false
                        }
                    },
                    "elements": [
                        {
                            "id": "6cb0dcc4",
                            "settings": {
                                "title": "Terms of Service",
                                "align": "left",
                                "title_color": "#6D378F",
                                "typography_typography": "custom",
                                "typography_font_size": {
                                    "unit": "px",
                                    "size": 70,
                                    "sizes": []
                                },
                                "typography_font_weight": "700",
                                "typography_line_height": {
                                    "unit": "px",
                                    "size": 42,
                                    "sizes": []
                                },
                                "_margin": {
                                    "unit": "px",
                                    "top": "0",
                                    "right": "0",
                                    "bottom": "4",
                                    "left": "0",
                                    "isLinked": false
                                },
                                "typography_font_size_mobile": {
                                    "unit": "px",
                                    "size": 33,
                                    "sizes": []
                                },
                                "typography_font_size_tablet": {
                                    "unit": "px",
                                    "size": 32,
                                    "sizes": []
                                }
                            },
                            "elements": [],
                            "isInner": false,
                            "widgetType": "heading",
                            "elType": "widget"
                        },
                        {
                            "id": "6254a69f",
                            "settings": {
                                "editor": "<p>Home - Terms of Service<\/p>",
                                "align": "left",
                                "text_color": "rgba(109, 55, 143, 0.73)",
                                "typography_typography": "custom",
                                "typography_font_size": {
                                    "unit": "px",
                                    "size": 17,
                                    "sizes": []
                                },
                                "typography_line_height": {
                                    "unit": "px",
                                    "size": 34,
                                    "sizes": []
                                },
                                "_margin": {
                                    "unit": "px",
                                    "top": "-0",
                                    "right": "-0",
                                    "bottom": "-0",
                                    "left": "4",
                                    "isLinked": false
                                },
                                "typography_font_weight": "500",
                                "typography_font_size_tablet": {
                                    "unit": "px",
                                    "size": 15,
                                    "sizes": []
                                }
                            },
                            "elements": [],
                            "isInner": false,
                            "widgetType": "text-editor",
                            "elType": "widget"
                        }
                    ],
                    "isInner": false,
                    "elType": "column"
                }
            ],
            "isInner": false,
            "elType": "section"
        },
        {
            "id": "ea50fe0",
            "settings": {
                "padding": {
                    "unit": "px",
                    "top": "80",
                    "right": "0",
                    "bottom": "20",
                    "left": "0",
                    "isLinked": false
                },
                "content_width": {
                    "unit": "px",
                    "size": 1140,
                    "sizes": []
                },
                "background_background": "classic",
                "background_position": "center center",
                "background_repeat": "no-repeat",
                "background_size": "cover"
            },
            "elements": [
                {
                    "id": "1fce3331",
                    "settings": {
                        "_column_size": 100,
                        "_inline_size": null
                    },
                    "elements": [
                        {
                            "id": "163a392",
                            "settings": {
                                "exad_exclusive_tabs": [
                                    {
                                        "exad_exclusive_tab_title": "Ordering",
                                        "_id": "94d6a5d",
                                        "exad_exclusive_tab_show_as_default": "active",
                                        "exad_exclusive_tabs_icon_type": "none",
                                        "exad_exclusive_tab_title_icon": {
                                            "value": "fas fa-home",
                                            "library": "fa-solid"
                                        },
                                        "exad_exclusive_tab_title_image": {
                                            "url": "",
                                            "id": ""
                                        },
                                        "exad_exclusive_tab_content": "<p>Lorem ipsum dolor sit amet, consectetur adipisicing elit, sed do eiusmod tempor incididunt ut labore et dolore magna aliqua. Ut enim ad minim veniam, quis nostrud exercitation ullamco laboris nisi ut aliquip ex ea commodo consequat. Lorem ipsum dolor sit amet, consectetur adipisicing elit, sed do eiusmod tempor incididunt ut labore et dolore magna aliqua. Ut enim ad minim veniam, quis nostrud exercitation ullamco laboris nisi ut aliquip ex ea commodo consequat. Ut enim ad minim veniam, quis nostrud exercitation ullamco laboris nisi ut aliquip ex ea commodo consequat.<\/p>",
                                        "exad_exclusive_tab_detail_btn_switcher": "",
                                        "exad_exclusive_tab_detail_btn": "Read More",
                                        "exad_exclusive_tab_detail_btn_link": {
                                            "url": "#",
                                            "is_external": ""
                                        }
                                    },
                                    {
                                        "exad_exclusive_tab_title": "Food Disinfection",
                                        "exad_exclusive_tab_content": "A quick brown fox jumps over the lazy dog. Optio, neque qui velit. Magni dolorum quidem ipsam eligendi, totam, facilis laudantium cum accusamus ullam voluptatibus commodi numquam, error, est. Ea, consequatur. Lorem ipsum dolor sit amet, consectetur adipisicing elit, sed do eiusmod tempor incididunt ut labore et dolore magna aliqua. Ut enim ad minim veniam, quis nostrud exercitation ullamco laboris nisi ut aliquip ex ea commodo consequat.",
                                        "_id": "c7bd88b",
                                        "exad_exclusive_tab_show_as_default": "",
                                        "exad_exclusive_tabs_icon_type": "none",
                                        "exad_exclusive_tab_title_icon": {
                                            "value": "fas fa-home",
                                            "library": "fa-solid"
                                        },
                                        "exad_exclusive_tab_title_image": {
                                            "url": "",
                                            "id": ""
                                        },
                                        "exad_exclusive_tab_detail_btn_switcher": "",
                                        "exad_exclusive_tab_detail_btn": "Read More",
                                        "exad_exclusive_tab_detail_btn_link": {
                                            "url": "#",
                                            "is_external": ""
                                        },
                                        "exad_exclusive_tab_image": {
                                            "url": "",
                                            "id": ""
                                        }
                                    },
                                    {
                                        "exad_exclusive_tab_title": "Contactless Delivery",
                                        "_id": "92706b8",
                                        "exad_exclusive_tabs_icon_type": "none",
                                        "exad_exclusive_tab_title_icon": {
                                            "value": "fas fa-home",
                                            "library": "fa-solid"
                                        },
                                        "exad_exclusive_tab_title_image": {
                                            "url": "",
                                            "id": ""
                                        },
                                        "exad_exclusive_tab_content": "Lorem ipsum dolor sit amet, consectetur adipisicing elit, sed do eiusmod tempor incididunt ut labore et dolore magna aliqua. Ut enim ad minim veniam, quis nostrud exercitation ullamco laboris nisi ut aliquip ex ea commodo consequat. Lorem ipsum dolor sit amet, consectetur adipisicing elit, sed do eiusmod tempor incididunt ut labore et dolore magna aliqua. Ut enim ad minim veniam, quis nostrud exercitation ullamco laboris nisi ut aliquip ex ea commodo consequat.",
                                        "exad_exclusive_tab_detail_btn_switcher": "",
                                        "exad_exclusive_tab_detail_btn": "Read More",
                                        "exad_exclusive_tab_detail_btn_link": {
                                            "url": "#",
                                            "is_external": ""
                                        }
                                    }
                                ],
                                "exad_exclusive_tab_navigation_typography_typography": "custom",
                                "exad_exclusive_tabs_navigation_bg": "#FFFFFF",
                                "exad_exclusive_tabs_navigation_list_normal_text_color": "#6D378F",
                                "exad_exclusive_tabs_navigation_list_normal_border_color": "#AB8DED",
                                "exad_exclusive_tabs_navigation_list_hover_text_color": "#FFFFFF",
                                "exad_exclusive_tabs_navigation_list_active_background_background": "classic",
                                "exad_exclusive_tabs_navigation_list_active_background_color": "#AB8DED",
                                "exad_exclusive_tabs_navigation_list_active_border_color": "#AB8DED",
                                "exclusive_tabs_navigation_icon_normal_color": "#6D378F",
                                "exclusive_tabs_content_description_color": "#6D378F",
                                "exad_tab_content_padding": {
                                    "unit": "px",
                                    "top": "30",
                                    "right": "30",
                                    "bottom": "0",
                                    "left": "30",
                                    "isLinked": false
                                },
                                "exad_tab_image_size_size": "large",
                                "exad_tab_details_btn_normal_text_color": "#6D378F",
                                "exad_tab_details_btn_normal_border_color": "#6D378F",
                                "exad_tab_details_btn_hover_bg": "#6D378F",
                                "exad_exclusive_tabs_navigation_list_border_radius": {
                                    "unit": "px",
                                    "top": "10",
                                    "right": "10",
                                    "bottom": "10",
                                    "left": "10",
                                    "isLinked": true
                                },
                                "exad_exclusive_tabs_navigation_list_normal_border_width_mobile": {
                                    "unit": "px",
                                    "top": "0",
                                    "right": "0",
                                    "bottom": "0",
                                    "left": "0",
                                    "isLinked": false
                                },
                                "exad_exclusive_tabs_list_trangle": "yes"
                            },
                            "elements": [],
                            "isInner": false,
                            "widgetType": "exad-exclusive-tabs",
                            "elType": "widget"
                        },
                        {
                            "id": "117b06a8",
                            "settings": {
                                "exad_modal_image": {
                                    "url": "https:\/\/nicesquad.us\/elementor\/expressoo\/wp-content\/uploads\/sites\/4\/2020\/04\/Frame-2.png",
                                    "id": 947
                                },
                                "thumbnail_size": "1536x1536",
                                "exad_modal_image_gallery_repeater": [
                                    {
                                        "exad_modal_image_gallery": {
                                            "url": "",
                                            "id": ""
                                        },
                                        "_id": "67e4368",
                                        "thumbnail_size": "full",
                                        "thumbnail_custom_dimension": {
                                            "width": "",
                                            "height": ""
                                        },
                                        "exad_modal_image_gallery_text": ""
                                    },
                                    {
                                        "exad_modal_image_gallery": {
                                            "url": "",
                                            "id": ""
                                        },
                                        "_id": "c8517b1",
                                        "thumbnail_size": "full",
                                        "thumbnail_custom_dimension": {
                                            "width": "",
                                            "height": ""
                                        },
                                        "exad_modal_image_gallery_text": ""
                                    },
                                    {
                                        "exad_modal_image_gallery": {
                                            "url": "",
                                            "id": ""
                                        },
                                        "_id": "f251e0b",
                                        "thumbnail_size": "full",
                                        "thumbnail_custom_dimension": {
                                            "width": "",
                                            "height": ""
                                        },
                                        "exad_modal_image_gallery_text": ""
                                    }
                                ],
                                "exad_modal_youtube_video_url": "",
                                "exad_modal_vimeo_video_url": "",
                                "exad_modal_external_page_url": "",
                                "exad_modal_btn_text": "Accept the Terms of Service",
                                "exad_modal_btn_icon": {
                                    "value": "fas fa-check",
                                    "library": "fa-solid"
                                },
                                "exad_modal_btn_width": {
                                    "unit": "%",
                                    "size": 25,
                                    "sizes": []
                                },
                                "exad_modal_btn_radius": {
                                    "unit": "px",
                                    "top": "50",
                                    "right": "50",
                                    "bottom": "50",
                                    "left": "50",
                                    "isLinked": true
                                },
                                "exad_modal_btn_background_normal": "#AB8DED",
                                "exad_modal_btn_border_normal_color": "#AB8DED",
                                "exad_modal_btn_color_hover": "#FFFFFF",
                                "exad_modal_btn_background_hover": "#6D378F",
                                "exad_modal_btn_border_hover_border": "solid",
                                "exad_modal_btn_border_hover_color": "#6D378F",
                                "hide_tablet": "hidden-tablet",
                                "hide_mobile": "hidden-phone"
                            },
                            "elements": [],
                            "isInner": false,
                            "widgetType": "exad-modal-popup",
                            "elType": "widget"
                        },
                        {
                            "id": "27ddae77",
                            "settings": {
                                "exad_modal_image": {
                                    "url": "https:\/\/nicesquad.us\/elementor\/expressoo\/wp-content\/uploads\/sites\/4\/2020\/04\/Frame-2.png",
                                    "id": 947
                                },
                                "thumbnail_size": "1536x1536",
                                "exad_modal_image_gallery_repeater": [
                                    {
                                        "exad_modal_image_gallery": {
                                            "url": "",
                                            "id": ""
                                        },
                                        "_id": "67e4368",
                                        "thumbnail_size": "full",
                                        "thumbnail_custom_dimension": {
                                            "width": "",
                                            "height": ""
                                        },
                                        "exad_modal_image_gallery_text": ""
                                    },
                                    {
                                        "exad_modal_image_gallery": {
                                            "url": "",
                                            "id": ""
                                        },
                                        "_id": "c8517b1",
                                        "thumbnail_size": "full",
                                        "thumbnail_custom_dimension": {
                                            "width": "",
                                            "height": ""
                                        },
                                        "exad_modal_image_gallery_text": ""
                                    },
                                    {
                                        "exad_modal_image_gallery": {
                                            "url": "",
                                            "id": ""
                                        },
                                        "_id": "f251e0b",
                                        "thumbnail_size": "full",
                                        "thumbnail_custom_dimension": {
                                            "width": "",
                                            "height": ""
                                        },
                                        "exad_modal_image_gallery_text": ""
                                    }
                                ],
                                "exad_modal_youtube_video_url": "",
                                "exad_modal_vimeo_video_url": "",
                                "exad_modal_external_page_url": "",
                                "exad_modal_btn_text": "Accept the Terms of Service",
                                "exad_modal_btn_icon": {
                                    "value": "fas fa-check",
                                    "library": "fa-solid"
                                },
                                "exad_modal_btn_width": {
                                    "unit": "%",
                                    "size": 38,
                                    "sizes": []
                                },
                                "exad_modal_btn_radius": {
                                    "unit": "px",
                                    "top": "50",
                                    "right": "50",
                                    "bottom": "50",
                                    "left": "50",
                                    "isLinked": true
                                },
                                "exad_modal_btn_background_normal": "#AB8DED",
                                "exad_modal_btn_border_normal_color": "#AB8DED",
                                "exad_modal_btn_color_hover": "#FFFFFF",
                                "exad_modal_btn_background_hover": "#6D378F",
                                "exad_modal_btn_border_hover_border": "solid",
                                "exad_modal_btn_border_hover_color": "#6D378F",
                                "hide_desktop": "hidden-desktop",
                                "hide_mobile": "hidden-phone"
                            },
                            "elements": [],
                            "isInner": false,
                            "widgetType": "exad-modal-popup",
                            "elType": "widget"
                        },
                        {
                            "id": "5d69b466",
                            "settings": {
                                "exad_modal_image": {
                                    "url": "https:\/\/nicesquad.us\/elementor\/expressoo\/wp-content\/uploads\/sites\/4\/2020\/04\/Frame-2.png",
                                    "id": 947
                                },
                                "thumbnail_size": "1536x1536",
                                "exad_modal_image_gallery_repeater": [
                                    {
                                        "exad_modal_image_gallery": {
                                            "url": "",
                                            "id": ""
                                        },
                                        "_id": "67e4368",
                                        "thumbnail_size": "full",
                                        "thumbnail_custom_dimension": {
                                            "width": "",
                                            "height": ""
                                        },
                                        "exad_modal_image_gallery_text": ""
                                    },
                                    {
                                        "exad_modal_image_gallery": {
                                            "url": "",
                                            "id": ""
                                        },
                                        "_id": "c8517b1",
                                        "thumbnail_size": "full",
                                        "thumbnail_custom_dimension": {
                                            "width": "",
                                            "height": ""
                                        },
                                        "exad_modal_image_gallery_text": ""
                                    },
                                    {
                                        "exad_modal_image_gallery": {
                                            "url": "",
                                            "id": ""
                                        },
                                        "_id": "f251e0b",
                                        "thumbnail_size": "full",
                                        "thumbnail_custom_dimension": {
                                            "width": "",
                                            "height": ""
                                        },
                                        "exad_modal_image_gallery_text": ""
                                    }
                                ],
                                "exad_modal_youtube_video_url": "",
                                "exad_modal_vimeo_video_url": "",
                                "exad_modal_external_page_url": "",
                                "exad_modal_btn_text": "Accept the Terms of Service",
                                "exad_modal_btn_icon": {
                                    "value": "fas fa-check",
                                    "library": "fa-solid"
                                },
                                "exad_modal_btn_width": {
                                    "unit": "%",
                                    "size": 94,
                                    "sizes": []
                                },
                                "exad_modal_btn_radius": {
                                    "unit": "px",
                                    "top": "50",
                                    "right": "50",
                                    "bottom": "50",
                                    "left": "50",
                                    "isLinked": true
                                },
                                "exad_modal_btn_background_normal": "#AB8DED",
                                "exad_modal_btn_border_normal_color": "#AB8DED",
                                "exad_modal_btn_color_hover": "#FFFFFF",
                                "exad_modal_btn_background_hover": "#6D378F",
                                "exad_modal_btn_border_hover_border": "solid",
                                "exad_modal_btn_border_hover_color": "#6D378F",
                                "hide_desktop": "hidden-desktop",
                                "hide_tablet": "hidden-tablet"
                            },
                            "elements": [],
                            "isInner": false,
                            "widgetType": "exad-modal-popup",
                            "elType": "widget"
                        }
                    ],
                    "isInner": false,
                    "elType": "column"
                }
            ],
            "isInner": false,
            "elType": "section"
        },
        {
            "id": "34126695",
            "settings": {
                "structure": "20",
                "background_background": "classic",
                "background_color": "#AB8DED",
                "padding": {
                    "unit": "px",
                    "top": "16",
                    "right": "0",
                    "bottom": "16",
                    "left": "0",
                    "isLinked": false
                },
                "margin": {
                    "unit": "px",
                    "top": "40",
                    "right": 0,
                    "bottom": "30",
                    "left": 0,
                    "isLinked": false
                },
                "padding_mobile": {
                    "unit": "px",
                    "top": "40",
                    "right": "0",
                    "bottom": "40",
                    "left": "0",
                    "isLinked": false
                }
            },
            "elements": [
                {
                    "id": "38182484",
                    "settings": {
                        "_column_size": 50,
                        "_inline_size": 80,
                        "_inline_size_tablet": 70,
                        "margin_tablet": {
                            "unit": "px",
                            "top": "0",
                            "right": "27",
                            "bottom": "0",
                            "left": "7",
                            "isLinked": false
                        },
                        "content_position": "center"
                    },
                    "elements": [
                        {
                            "id": "72264c56",
                            "settings": {
                                "title": "Did not find your questions and answers?",
                                "title_color": "#FFFFFF",
                                "typography_typography": "custom",
                                "typography_font_size": {
                                    "unit": "px",
                                    "size": 24
                                },
                                "typography_font_weight": "500",
                                "_margin": {
                                    "unit": "px",
                                    "top": "0",
                                    "right": "0",
                                    "bottom": "0",
                                    "left": "0",
                                    "isLinked": false
                                },
                                "align_mobile": "center",
                                "typography_line_height_mobile": {
                                    "unit": "px",
                                    "size": 27,
                                    "sizes": []
                                }
                            },
                            "elements": [],
                            "isInner": false,
                            "widgetType": "heading",
                            "elType": "widget"
                        }
                    ],
                    "isInner": false,
                    "elType": "column"
                },
                {
                    "id": "1cf6edb0",
                    "settings": {
                        "_column_size": 50,
                        "_inline_size": 20,
                        "_inline_size_tablet": 25,
                        "content_position": "center",
                        "align": "center"
                    },
                    "elements": [
                        {
                            "id": "18c3b2fd",
                            "settings": {
                                "text": "Contact us",
                                "icon_align": "right",
                                "icon_indent": {
                                    "unit": "px",
                                    "size": 10,
                                    "sizes": []
                                },
                                "typography_typography": "custom",
                                "typography_font_weight": "500",
                                "button_text_color": "#AB8DED",
                                "background_color": "#FFFFFF",
                                "align_mobile": "center",
                                "size": "md",
                                "border_radius": {
                                    "unit": "px",
                                    "top": "50",
                                    "right": "50",
                                    "bottom": "50",
                                    "left": "50",
                                    "isLinked": true
                                },
                                "_border_radius": {
                                    "unit": "px",
                                    "top": "50",
                                    "right": "50",
                                    "bottom": "50",
                                    "left": "50",
                                    "isLinked": true
                                }
                            },
                            "elements": [],
                            "isInner": false,
                            "widgetType": "button",
                            "elType": "widget"
                        }
                    ],
                    "isInner": false,
                    "elType": "column"
                }
            ],
            "isInner": false,
            "elType": "section"
        },
        {
            "id": "33ea2b87",
            "settings": {
                "margin": {
                    "unit": "px",
                    "top": "0",
                    "right": 0,
                    "bottom": "0",
                    "left": 0,
                    "isLinked": false
                },
                "padding": {
                    "unit": "px",
                    "top": "0",
                    "right": "0",
                    "bottom": "80",
                    "left": "0",
                    "isLinked": false
                }
            },
            "elements": [
                {
                    "id": "65780b58",
                    "settings": {
                        "_column_size": 100,
                        "_inline_size": null
                    },
                    "elements": [
                        {
                            "id": "2c80833f",
                            "settings": {
                                "image": {
                                    "url": "https:\/\/nicesquad.us\/elementor\/expressoo\/wp-content\/uploads\/sites\/4\/2020\/04\/rsz_concept_27-02-convertedsss.png",
                                    "id": 944
                                },
                                "image_size": "full"
                            },
                            "elements": [],
                            "isInner": false,
                            "widgetType": "image",
                            "elType": "widget"
                        }
                    ],
                    "isInner": false,
                    "elType": "column"
                }
            ],
            "isInner": false,
            "elType": "section"
        }
    ]
}