{"version":"0.4","title":"Garagem 6","type":"page","content":[{"id":"573c8586","settings":{"height":"min-height","custom_height":{"unit":"vh","size":"55","sizes":[]},"background_background":"classic","background_image":{"url":"http:\/\/sitefacilitado.com.br\/membros\/wp-content\/uploads\/2020\/03\/jens-lindner-4i7-mcM7xSY-unsplash.jpg","id":"3924"},"background_position":"center center","background_attachment":"fixed","background_repeat":"no-repeat","background_size":"cover","background_video_link":"https:\/\/www.youtube.com\/watch?v=DyYKuOtiBrk","background_video_start":"1","background_video_fallback":{"url":"http:\/\/sitefacilitado.com.br\/membros\/wp-content\/uploads\/2020\/03\/joey-banks-YApiWyp0lqo-unsplash-bg.jpg","id":"3881"},"background_overlay_background":"classic","background_overlay_color":"rgba(0,33,48,0.86)","background_overlay_opacity":{"unit":"px","size":"0.95","sizes":[]},"shape_divider_bottom_width":{"unit":"%","size":"100","sizes":[]},"shape_divider_bottom_height":{"unit":"px","size":"84","sizes":[]},"content_width":{"unit":"px","size":"665","sizes":[]}},"elements":[{"id":"1e6a4a91","settings":{"_column_size":"100","space_between_widgets":"10"},"elements":[{"id":"697849c1","settings":{"view":"inline","icon_list":[{"text":"CAREERS","icon":"","_id":"abe827b","link":{"url":"#","is_external":"","nofollow":""},"selected_icon":{"value":"fas fa-check","library":"fa-solid"}}],"icon_align_tablet":"center","icon_color":"#5ea9c4","icon_size":{"unit":"px","size":"60","sizes":[]},"icon_typography_typography":"custom","icon_typography_font_family":"Muli","icon_align":"center","icon_align_mobile":"center","icon_size_mobile":{"unit":"px","size":"35","sizes":[]},"text_color":"#ffffff","icon_typography_font_size":{"unit":"em","size":"3.8","sizes":[]},"icon_typography_font_size_mobile":{"unit":"em","size":"2","sizes":[]},"icon_typography_font_weight":"500"},"elements":[],"isInner":false,"widgetType":"icon-list","elType":"widget"},{"id":"2f6f32af","settings":{"view":"inline","icon_list":[{"text":"INDIE GARAGE","icon":"fa fa-dot-circle-o","_id":"abe827b","link":{"url":"","is_external":"","nofollow":""},"selected_icon":{"value":"fas fa-check","library":"fa-solid"}}],"icon_align_tablet":"center","icon_color":"#5ea9c4","icon_size":{"unit":"px","size":"19","sizes":[]},"icon_typography_typography":"custom","icon_typography_font_family":"Muli","icon_align":"center","icon_align_mobile":"center","icon_size_mobile":{"unit":"px","size":"28","sizes":[]},"text_color":"#ffffff","icon_typography_font_size":{"unit":"em","size":"1.2","sizes":[]},"icon_typography_font_size_mobile":{"unit":"px","size":"14","sizes":[]},"icon_typography_font_weight":"500","_padding":{"unit":"em","top":"0","right":"0","bottom":"0","left":"0","isLinked":""}},"elements":[],"isInner":false,"widgetType":"icon-list","elType":"widget"}],"isInner":"","elType":"column"}],"isInner":"","elType":"section"},{"id":"2cd1836e","settings":{"structure":"20","padding":{"unit":"em","top":"3","right":"0","bottom":"1.5","left":"0","isLinked":""},"background_background":"classic","background_color":"#ffffff","padding_tablet":{"unit":"em","top":"1","right":"1","bottom":"1","left":"1","isLinked":"1"},"reverse_order_tablet":"reverse-tablet","reverse_order_mobile":"reverse-mobile"},"elements":[{"id":"3194a7b","settings":{"_column_size":"50","content_position":"center","align":"center","space_between_widgets":"10","padding":{"unit":"em","top":"0","right":"1.25","bottom":"0","left":"0","isLinked":""},"_inline_size_tablet":"100","padding_tablet":{"unit":"em","top":"1","right":"1","bottom":"1","left":"1","isLinked":"1"}},"elements":[{"id":"3e66bb38","settings":{"title":"Find A New Career, You'll Love","align":"left","title_color":"#5ea9c4","typography_typography":"custom","typography_font_family":"Muli","typography_font_size":{"unit":"em","size":"1.1","sizes":[]},"typography_font_weight":"600","typography_text_transform":"capitalize","align_tablet":"center","typography_line_height":{"unit":"em","size":"1","sizes":[]}},"elements":[],"isInner":false,"widgetType":"heading","elType":"widget"},{"id":"669e212a","settings":{"title":"Join The Indie Garage","align":"left","title_color":"#00272d","typography_typography":"custom","typography_font_family":"Muli","typography_font_size":{"unit":"em","size":"1.8","sizes":[]},"typography_font_weight":"600","typography_text_transform":"capitalize","align_tablet":"center","typography_line_height":{"unit":"em","size":"1","sizes":[]}},"elements":[],"isInner":false,"widgetType":"heading","elType":"widget"},{"id":"301e59a1","settings":{"editor":"<p>Duis sed diam orci. Donec finibus libero id arcu ornare aliquet. Integer arcu nisi, ornare nec hendrerit vel, vulputate nec lorem. Maecenas\u00a0 dignissim urna at consequat. Maecenas lectus ullamcorper, finibus metus mattis, laoreet odio. Curabitur suscipit nec justo sed accumsan. Ut vehicula enim nulla, a condimentum est facilisis nec. <\/p>","text_color":"#9b9b9b","typography_typography":"custom","typography_font_family":"Muli","typography_font_size":{"unit":"em","size":"0.85"},"typography_font_weight":"500","typography_line_height":{"unit":"em","size":"1.5"},"align_mobile":"center","typography_font_size_mobile":{"unit":"rem","size":"0.9"},"align_tablet":"center"},"elements":[],"isInner":false,"widgetType":"text-editor","elType":"widget"},{"id":"3b821c8e","settings":[],"elements":[{"id":"67c5f3e6","settings":{"_column_size":"100","margin":{"unit":"px","top":"0","right":"0","bottom":"0","left":"0","isLinked":"1"},"padding":{"unit":"px","top":"0","right":"0","bottom":"0","left":"0","isLinked":"1"},"_inline_size_tablet":"100","_inline_size_mobile":"100"},"elements":[{"id":"ac4f700","settings":{"text":"Watch Online","typography_typography":"custom","typography_font_size":{"unit":"em","size":"0.9","sizes":[]},"typography_font_family":"Encode Sans Expanded","typography_font_weight":"500","button_text_color":"#ffffff","background_color":"#5ea9c4","button_background_hover_color":"#008fc4","typography_text_transform":"capitalize","align":"left","hover_animation":"push","hover_color":"#ffffff","icon":"fa fa-play-circle","icon_indent":{"unit":"px","size":"8","sizes":[]},"align_tablet":"center","align_mobile":"center","typography_line_height":{"unit":"em","size":"1","sizes":[]}},"elements":[],"isInner":false,"widgetType":"button","elType":"widget"}],"isInner":"1","elType":"column"}],"isInner":"1","elType":"section"}],"isInner":"","elType":"column"},{"id":"c4a1707","settings":{"_column_size":"50","content_position":"center","align":"center","space_between_widgets":"10","border_width":{"unit":"px","top":"0","right":"1","bottom":"0","left":"0","isLinked":""},"border_color":"#e8edf7","margin":{"unit":"px","top":"0","right":"0","bottom":"0","left":"0","isLinked":""},"padding":{"unit":"em","top":"0","right":"0","bottom":"0","left":"0","isLinked":""},"_inline_size_tablet":"100"},"elements":[{"id":"490f1a86","settings":{"link":"https:\/\/www.youtube.com\/watch?v=9uOETcuFjbE","vimeo_link":"https:\/\/vimeo.com\/235215203","show_image_overlay":"yes","image_overlay":{"id":"3884","url":"http:\/\/sitefacilitado.com.br\/membros\/wp-content\/uploads\/2020\/03\/conor-luddy-kf4KHfDlIIg-unsplash-alt.jpg"},"lightbox":"yes","play_icon_size_tablet":{"unit":"px","size":"60"},"youtube_url":"https:\/\/www.youtube.com\/watch?v=9uOETcuFjbE","vimeo_url":"https:\/\/vimeo.com\/235215203","dailymotion_url":"https:\/\/www.dailymotion.com\/video\/x6koazf","image_overlay_size":"custom","image_overlay_custom_dimension":{"width":"600","height":"350"},"animation_duration":"fast","_animation_delay":"100","_border_radius":{"unit":"px","top":"11","right":"11","bottom":"11","left":"11","isLinked":"1"},"_margin":{"unit":"px","top":"0","right":"0","bottom":"0","left":"0","isLinked":"1"},"_padding":{"unit":"px","top":"0","right":"0","bottom":"0","left":"0","isLinked":"1"}},"elements":[],"isInner":false,"widgetType":"video","elType":"widget"}],"isInner":"","elType":"column"}],"isInner":"","elType":"section"},{"id":"4a9635f8","settings":{"structure":"20","padding":{"unit":"em","top":"1.5","right":"0","bottom":"1.5","left":"0","isLinked":""},"background_background":"classic","background_color":"#ffffff","padding_tablet":{"unit":"em","top":"1","right":"1","bottom":"1","left":"1","isLinked":"1"},"padding_mobile":{"unit":"em","top":"1","right":"1","bottom":"1","left":"1","isLinked":"1"},"reverse_order_tablet":"reverse-tablet","reverse_order_mobile":"reverse-mobile"},"elements":[{"id":"77b6436","settings":{"_column_size":"50","content_position":"center","align":"center","space_between_widgets":"10","padding":{"unit":"em","top":"0","right":"1.5","bottom":"0","left":"0","isLinked":""},"_inline_size_tablet":"100","border_border":"solid","border_width":{"unit":"px","top":"0","right":"0","bottom":"0","left":"1","isLinked":""},"border_color":"rgba(232,237,247,0)","border_radius":{"unit":"px","top":"0","right":"0","bottom":"0","left":"0","isLinked":""},"margin_tablet":{"unit":"px","top":"0","right":"0","bottom":"0","left":"0","isLinked":"1"},"padding_tablet":{"unit":"em","top":"0","right":"0","bottom":"2","left":"0","isLinked":""}},"elements":[{"id":"5b076812","settings":{"title":"Experienced Mechanic","align":"left","title_color":"#00272d","typography_typography":"custom","typography_font_family":"Muli","typography_font_size":{"unit":"em","size":"1.8","sizes":[]},"typography_font_weight":"600","typography_text_transform":"capitalize","align_tablet":"center","typography_line_height":{"unit":"em","size":"1","sizes":[]}},"elements":[],"isInner":false,"widgetType":"heading","elType":"widget"},{"id":"7733e9c6","settings":{"title":"London, United Kingdom","align":"left","title_color":"#5ea9c4","typography_typography":"custom","typography_font_family":"Muli","typography_font_size":{"unit":"em","size":"1.1","sizes":[]},"typography_font_weight":"600","typography_text_transform":"capitalize","align_tablet":"center","typography_line_height":{"unit":"em","size":"1","sizes":[]}},"elements":[],"isInner":false,"widgetType":"heading","elType":"widget"},{"id":"f6d993d","settings":{"editor":"<p>Lorem ipsum dolor sit amet, consectetur adipiscing elit. Ut elit tellus, luctus nec ullamcorper mattis, pulvinar dapibus leo.\u00a0<\/p><p>Ut elit tellus, luctus nec ullamcorper mattis, pulvinar dapibus leo. luctus nec mattis, pulvinar dapibus leo.\u00a0Ut elit tellus, luctus nec ullamcorper mattis, pulvinar dapibus leo.<\/p>","typography_typography":"custom","typography_font_family":"Muli","typography_line_height":{"unit":"em","size":"1.5"},"typography_font_size":{"unit":"em","size":"0.85"},"typography_font_weight":"500","align_tablet":"center","align_mobile":"center","text_color":"#9b9b9b","typography_font_size_mobile":{"unit":"rem","size":"0.9"}},"elements":[],"isInner":false,"widgetType":"text-editor","elType":"widget"},{"id":"3c338c78","settings":{"structure":"20","border_width":{"unit":"px","top":"0","right":"0","bottom":"0","left":"0","isLinked":""},"border_color":"#e2e2e2","border_radius":{"unit":"px","top":"0","right":"0","bottom":"0","left":"0","isLinked":""}},"elements":[{"id":"6c027acf","settings":{"_column_size":"50","_inline_size":"31.33","_inline_size_tablet":"50","_inline_size_mobile":"100","margin":{"unit":"px","top":"0","right":"0","bottom":"0","left":"0","isLinked":""},"padding":{"unit":"px","top":"0","right":"0","bottom":"0","left":"0","isLinked":""}},"elements":[{"id":"67d1ed10","settings":{"text":"Apply Online","align":"left","icon":"fa fa-sign-in","icon_indent":{"unit":"px","size":"8","sizes":[]},"typography_typography":"custom","typography_font_family":"Encode Sans Expanded","typography_font_size":{"unit":"em","size":"0.9","sizes":[]},"typography_font_weight":"500","typography_text_transform":"capitalize","button_text_color":"#ffffff","background_color":"#5ea9c4","hover_color":"#ffffff","button_background_hover_color":"#008fc4","hover_animation":"push","align_tablet":"right","align_mobile":"center","typography_line_height":{"unit":"em","size":"1","sizes":[]}},"elements":[],"isInner":false,"widgetType":"button","elType":"widget"}],"isInner":"1","elType":"column"},{"id":"4d42b105","settings":{"_column_size":"50","_inline_size":"68.67","_inline_size_tablet":"50","_inline_size_mobile":"100"},"elements":[{"id":"67aa6159","settings":{"text":"LinkedIn","align":"left","icon":"fa fa-linkedin-square","icon_indent":{"unit":"px","size":"8","sizes":[]},"typography_typography":"custom","typography_font_family":"Encode Sans Expanded","typography_font_size":{"unit":"em","size":"0.9","sizes":[]},"typography_font_weight":"500","typography_text_transform":"capitalize","button_text_color":"#00272d","background_color":"#ffffff","hover_color":"#00272d","button_background_hover_color":"#ffffff","hover_animation":"push","align_tablet":"left","align_mobile":"center","typography_line_height":{"unit":"em","size":"1","sizes":[]}},"elements":[],"isInner":false,"widgetType":"button","elType":"widget"}],"isInner":"1","elType":"column"}],"isInner":"1","elType":"section"}],"isInner":"","elType":"column"},{"id":"75ade5b0","settings":{"_column_size":"50","content_position":"center","align":"center","space_between_widgets":"10","padding":{"unit":"em","top":"0","right":"0","bottom":"0","left":"1.25","isLinked":""},"_inline_size_tablet":"100","border_border":"solid","border_width":{"unit":"px","top":"0","right":"0","bottom":"0","left":"1","isLinked":""},"border_color":"#e8edf7","border_radius":{"unit":"px","top":"0","right":"0","bottom":"0","left":"0","isLinked":""},"margin_tablet":{"unit":"px","top":"0","right":"0","bottom":"0","left":"0","isLinked":"1"},"padding_tablet":{"unit":"em","top":"0","right":"0","bottom":"2","left":"0","isLinked":""}},"elements":[{"id":"1f46e05c","settings":{"title":"Senior Accountant","align":"left","title_color":"#00272d","typography_typography":"custom","typography_font_family":"Muli","typography_font_size":{"unit":"em","size":"1.8","sizes":[]},"typography_font_weight":"600","typography_text_transform":"capitalize","align_tablet":"center","typography_line_height":{"unit":"em","size":"1","sizes":[]}},"elements":[],"isInner":false,"widgetType":"heading","elType":"widget"},{"id":"30be71be","settings":{"title":"Surrey, United Kingdom","align":"left","title_color":"#5ea9c4","typography_typography":"custom","typography_font_family":"Muli","typography_font_size":{"unit":"em","size":"1.1","sizes":[]},"typography_font_weight":"600","typography_text_transform":"capitalize","align_tablet":"center","typography_line_height":{"unit":"em","size":"1","sizes":[]}},"elements":[],"isInner":false,"widgetType":"heading","elType":"widget"},{"id":"1d65e157","settings":{"editor":"<p>Lorem ipsum dolor sit amet, consectetur adipiscing elit. Ut elit tellus, luctus nec ullamcorper mattis, pulvinar dapibus leo.\u00a0<\/p><p>Ut elit tellus, luctus nec ullamcorper mattis, pulvinar dapibus leo. luctus nec mattis, pulvinar dapibus leo.\u00a0Ut elit tellus, luctus nec ullamcorper mattis, pulvinar dapibus leo.<\/p>","typography_typography":"custom","typography_font_family":"Muli","typography_line_height":{"unit":"em","size":"1.5"},"typography_font_size":{"unit":"em","size":"0.85"},"typography_font_weight":"500","align_tablet":"center","align_mobile":"center","text_color":"#9b9b9b","typography_font_size_mobile":{"unit":"rem","size":"0.9"}},"elements":[],"isInner":false,"widgetType":"text-editor","elType":"widget"},{"id":"7f872ac9","settings":{"structure":"20","border_width":{"unit":"px","top":"0","right":"0","bottom":"0","left":"0","isLinked":""},"border_color":"#e2e2e2","border_radius":{"unit":"px","top":"0","right":"0","bottom":"0","left":"0","isLinked":""}},"elements":[{"id":"707b54e","settings":{"_column_size":"50","_inline_size":"31.33","_inline_size_tablet":"50","_inline_size_mobile":"100","margin":{"unit":"px","top":"0","right":"0","bottom":"0","left":"0","isLinked":""},"padding":{"unit":"px","top":"0","right":"0","bottom":"0","left":"0","isLinked":""}},"elements":[{"id":"4705acd3","settings":{"text":"Apply Online","align":"left","icon":"fa fa-sign-in","icon_indent":{"unit":"px","size":"8","sizes":[]},"typography_typography":"custom","typography_font_family":"Encode Sans Expanded","typography_font_size":{"unit":"em","size":"0.9","sizes":[]},"typography_font_weight":"500","typography_text_transform":"capitalize","button_text_color":"#ffffff","background_color":"#5ea9c4","hover_color":"#ffffff","button_background_hover_color":"#008fc4","hover_animation":"push","align_tablet":"right","align_mobile":"center","typography_line_height":{"unit":"em","size":"1","sizes":[]}},"elements":[],"isInner":false,"widgetType":"button","elType":"widget"}],"isInner":"1","elType":"column"},{"id":"2dedbdcb","settings":{"_column_size":"50","_inline_size":"68.67","_inline_size_tablet":"50","_inline_size_mobile":"100"},"elements":[{"id":"30c31a52","settings":{"text":"LinkedIn","align":"left","icon":"fa fa-linkedin-square","icon_indent":{"unit":"px","size":"8","sizes":[]},"typography_typography":"custom","typography_font_family":"Encode Sans Expanded","typography_font_size":{"unit":"em","size":"0.9","sizes":[]},"typography_font_weight":"500","typography_text_transform":"capitalize","button_text_color":"#00272d","background_color":"#ffffff","hover_color":"#00272d","button_background_hover_color":"#ffffff","hover_animation":"push","align_tablet":"left","align_mobile":"center","typography_line_height":{"unit":"em","size":"1","sizes":[]}},"elements":[],"isInner":false,"widgetType":"button","elType":"widget"}],"isInner":"1","elType":"column"}],"isInner":"1","elType":"section"}],"isInner":"","elType":"column"}],"isInner":"","elType":"section"},{"id":"170d6646","settings":{"structure":"20","padding":{"unit":"em","top":"1.5","right":"0","bottom":"3","left":"0","isLinked":""},"background_background":"classic","background_color":"#ffffff","padding_tablet":{"unit":"em","top":"1","right":"1","bottom":"1","left":"1","isLinked":"1"},"padding_mobile":{"unit":"em","top":"1","right":"1","bottom":"1","left":"1","isLinked":"1"}},"elements":[{"id":"6c843ac8","settings":{"_column_size":"50","content_position":"center","align":"center","space_between_widgets":"10","padding":{"unit":"em","top":"0","right":"1.5","bottom":"0","left":"0","isLinked":""},"_inline_size_tablet":"100","border_border":"solid","border_width":{"unit":"px","top":"0","right":"0","bottom":"0","left":"1","isLinked":""},"border_color":"rgba(232,237,247,0)","border_radius":{"unit":"px","top":"0","right":"0","bottom":"0","left":"0","isLinked":""},"margin_tablet":{"unit":"px","top":"0","right":"0","bottom":"0","left":"0","isLinked":"1"},"padding_tablet":{"unit":"em","top":"0","right":"0","bottom":"2","left":"0","isLinked":""}},"elements":[{"id":"41d1ffde","settings":{"title":"Work Experience Placement","align":"left","title_color":"#00272d","typography_typography":"custom","typography_font_family":"Muli","typography_font_size":{"unit":"em","size":"1.8","sizes":[]},"typography_font_weight":"600","typography_text_transform":"capitalize","align_tablet":"center","typography_line_height":{"unit":"em","size":"1","sizes":[]}},"elements":[],"isInner":false,"widgetType":"heading","elType":"widget"},{"id":"12692f60","settings":{"title":"London, United Kingdom","align":"left","title_color":"#5ea9c4","typography_typography":"custom","typography_font_family":"Muli","typography_font_size":{"unit":"em","size":"1.1","sizes":[]},"typography_font_weight":"600","typography_text_transform":"capitalize","align_tablet":"center","typography_line_height":{"unit":"em","size":"1","sizes":[]}},"elements":[],"isInner":false,"widgetType":"heading","elType":"widget"},{"id":"6a262e6c","settings":{"editor":"<p>Lorem ipsum dolor sit amet, consectetur adipiscing elit. Ut elit tellus, luctus nec ullamcorper mattis, pulvinar dapibus leo.\u00a0<\/p><p>Ut elit tellus, luctus nec ullamcorper mattis, pulvinar dapibus leo. luctus nec mattis, pulvinar dapibus leo.\u00a0Ut elit tellus, luctus nec ullamcorper mattis, pulvinar dapibus leo.<\/p>","typography_typography":"custom","typography_font_family":"Muli","typography_line_height":{"unit":"em","size":"1.5"},"typography_font_size":{"unit":"em","size":"0.85"},"typography_font_weight":"500","align_tablet":"center","align_mobile":"center","text_color":"#9b9b9b","typography_font_size_mobile":{"unit":"rem","size":"0.9"}},"elements":[],"isInner":false,"widgetType":"text-editor","elType":"widget"},{"id":"1e1030ba","settings":{"structure":"20","border_width":{"unit":"px","top":"0","right":"0","bottom":"0","left":"0","isLinked":""},"border_color":"#e2e2e2","border_radius":{"unit":"px","top":"0","right":"0","bottom":"0","left":"0","isLinked":""}},"elements":[{"id":"14ba60b","settings":{"_column_size":"50","_inline_size":"31.33","_inline_size_tablet":"50","_inline_size_mobile":"100","margin":{"unit":"px","top":"0","right":"0","bottom":"0","left":"0","isLinked":""},"padding":{"unit":"px","top":"0","right":"0","bottom":"0","left":"0","isLinked":""}},"elements":[{"id":"50aeff61","settings":{"text":"Apply Online","align":"left","icon":"fa fa-sign-in","icon_indent":{"unit":"px","size":"8","sizes":[]},"typography_typography":"custom","typography_font_family":"Encode Sans Expanded","typography_font_size":{"unit":"em","size":"0.9","sizes":[]},"typography_font_weight":"500","typography_text_transform":"capitalize","button_text_color":"#ffffff","background_color":"#5ea9c4","hover_color":"#ffffff","button_background_hover_color":"#008fc4","hover_animation":"push","align_tablet":"right","align_mobile":"center","typography_line_height":{"unit":"em","size":"1","sizes":[]}},"elements":[],"isInner":false,"widgetType":"button","elType":"widget"}],"isInner":"1","elType":"column"},{"id":"dac5f32","settings":{"_column_size":"50","_inline_size":"68.67","_inline_size_tablet":"50","_inline_size_mobile":"100"},"elements":[{"id":"483304fa","settings":{"text":"LinkedIn","align":"left","icon":"fa fa-linkedin-square","icon_indent":{"unit":"px","size":"8","sizes":[]},"typography_typography":"custom","typography_font_family":"Encode Sans Expanded","typography_font_size":{"unit":"em","size":"0.9","sizes":[]},"typography_font_weight":"500","typography_text_transform":"capitalize","button_text_color":"#00272d","background_color":"#ffffff","hover_color":"#00272d","button_background_hover_color":"#ffffff","hover_animation":"push","align_tablet":"left","align_mobile":"center","typography_line_height":{"unit":"em","size":"1","sizes":[]}},"elements":[],"isInner":false,"widgetType":"button","elType":"widget"}],"isInner":"1","elType":"column"}],"isInner":"1","elType":"section"}],"isInner":"","elType":"column"},{"id":"5aa29bf7","settings":{"_column_size":"50","content_position":"center","border_border":"solid","border_color":"#e8edf7","margin":{"unit":"px","top":"0","right":"0","bottom":"0","left":"0","isLinked":""},"border_radius":{"unit":"px","top":"10","right":"10","bottom":"10","left":"10","isLinked":"1"},"space_between_widgets":"10","_inline_size_tablet":"50","background_background":"classic","background_color":"#ffffff","align":"center","border_width":{"unit":"px","top":"1","right":"1","bottom":"1","left":"1","isLinked":"1"}},"elements":[{"id":"6e8c5dd1","settings":{"content_width":{"unit":"px","size":"422","sizes":[]}},"elements":[{"id":"51dbe813","settings":{"_column_size":"100","space_between_widgets":"0"},"elements":[{"id":"7dd3c33f","settings":{"icon":"fa fa-upload","title_text":"Apply Online","description_text":"Lorem ipsum dolor sit amet, consectetur adipiscing elit. Fusce eget sagittis erat. Nunc, enim ac consequat facilisis, nibh tortor sagittis nibh, eget blandit sem odio sed justo.","primary_color":"#5ea9c4","icon_space":{"unit":"px","size":"0","sizes":[]},"title_color":"#5ea9c4","title_typography_typography":"custom","title_typography_font_family":"Muli","title_typography_font_weight":"600","description_color":"#9b9b9b","description_typography_typography":"custom","description_typography_font_family":"Muli","description_typography_font_size":{"unit":"em","size":"0.85","sizes":[]},"_margin":{"unit":"px","top":"0","right":"0","bottom":"0","left":"0","isLinked":"1"},"_padding":{"unit":"px","top":"0","right":"0","bottom":"0","left":"0","isLinked":"1"},"hover_primary_color":"#5ea9c4","icon_size":{"unit":"px","size":"36","sizes":[]},"title_typography_font_size":{"unit":"em","size":"1.1","sizes":[]},"title_typography_text_transform":"capitalize","title_typography_line_height":{"unit":"em","size":"1","sizes":[]},"_padding_tablet":{"unit":"em","top":"1","right":"1","bottom":"1","left":"1","isLinked":"1"},"_padding_mobile":{"unit":"em","top":"1","right":"1","bottom":"1","left":"1","isLinked":"1"}},"elements":[],"isInner":false,"widgetType":"icon-box","elType":"widget"},{"id":"2b5c57fb","settings":{"title":"Privacy Policy - Terms - Support","header_size":"h3","align":"center","title_color":"#869ab8","typography_typography":"custom","typography_font_family":"Poppins","typography_font_size":{"unit":"em","size":"0.7","sizes":[]},"typography_font_weight":"300","typography_line_height":{"unit":"em","size":"1.5","sizes":[]},"_padding":{"unit":"em","top":"0.6","right":"0","bottom":"0.5","left":"0","isLinked":""},"_margin":{"unit":"px","top":"0","right":"0","bottom":"0","left":"0","isLinked":""},"typography_letter_spacing":{"unit":"px","size":"0.3","sizes":[]}},"elements":[],"isInner":false,"widgetType":"heading","elType":"widget"}],"isInner":"1","elType":"column"}],"isInner":"1","elType":"section"}],"isInner":"","elType":"column"}],"isInner":"","elType":"section"},{"id":"154e546f","settings":{"gap":"wide","structure":"20","background_background":"classic","background_image":{"url":"http:\/\/sitefacilitado.com.br\/membros\/wp-content\/uploads\/2020\/03\/bg.png","id":"3882"},"background_attachment":"fixed","background_repeat":"repeat","padding":{"unit":"em","top":"3","right":"0","bottom":"3","left":"0","isLinked":""},"padding_tablet":{"unit":"em","top":"1","right":"1","bottom":"1","left":"1","isLinked":"1"},"reverse_order_mobile":"reverse-mobile"},"elements":[{"id":"137ac202","settings":{"_column_size":"50","_inline_size":"50","content_position":"center","align":"center","space_between_widgets":"10","background_background":"classic","background_color":"#ffffff","border_border":"solid","border_width":{"unit":"px","top":"1","right":"1","bottom":"1","left":"1","isLinked":"1"},"border_color":"#e8edf7","border_radius":{"unit":"px","top":"10","right":"10","bottom":"10","left":"10","isLinked":"1"},"margin":{"unit":"px","top":"0","right":"15","bottom":"0","left":"0","isLinked":""},"padding":{"unit":"em","top":"0","right":"0","bottom":"0","left":"0","isLinked":""},"_inline_size_tablet":"50","margin_mobile":{"unit":"px","top":"0","right":"0","bottom":"0","left":"0","isLinked":"1"},"padding_mobile":{"unit":"px","top":"0","right":"0","bottom":"0","left":"0","isLinked":"1"}},"elements":[{"id":"2c04d5f7","settings":{"tabs":[{"tab_title":"Do you sell used cars or motorbikes?","tab_content":"<p>Click edit button to change this text. Lorem ipsum dolor sit amet, consectetur adipiscing elit. Ut elit tellus, luctus nec ullamcorper mattis, pulvinar dapibus leo.<\/p>","_id":"c137e1d"},{"tab_title":"How can I book my car in for an MOT?","tab_content":"<p>Click edit button to change this text. Lorem ipsum dolor sit amet, consectetur adipiscing elit. Ut elit tellus, luctus nec ullamcorper mattis, pulvinar dapibus leo.<\/p>","_id":"cda4b07"},{"tab_title":"Why have blue neon lights been discontinued?","tab_content":"<p>Click edit button to change this text. Lorem ipsum dolor sit amet, consectetur adipiscing elit. Ut elit tellus, luctus nec ullamcorper mattis, pulvinar dapibus leo.<\/p>","_id":"96f82b0"},{"tab_title":"Do you offer part exchange?","tab_content":"<p>Click edit button to change this text. Lorem ipsum dolor sit amet, consectetur adipiscing elit. Ut elit tellus, luctus nec ullamcorper mattis, pulvinar dapibus leo.<\/p>","_id":"eae4890"},{"tab_title":"Where are you located?","tab_content":"<p>Click edit button to change this text. Lorem ipsum dolor sit amet, consectetur adipiscing elit. Ut elit tellus, luctus nec ullamcorper mattis, pulvinar dapibus leo.<\/p>","_id":"d81c171"}],"icon":"fa fa-angle-down","icon_active":"fa fa-angle-up","border_color":"#f1f4f8","title_background":"#ffffff","title_color":"#00272d","tab_active_color":"#161c2d","title_typography_typography":"custom","title_typography_font_family":"Muli","title_typography_font_size":{"unit":"em","size":"1","sizes":[]},"title_typography_font_weight":"400","title_typography_line_height":{"unit":"em","size":"1","sizes":[]},"title_typography_letter_spacing":{"unit":"px","size":"0","sizes":[]},"title_padding":{"unit":"em","top":"1.75","right":"1.75","bottom":"1.75","left":"1.75","isLinked":"1"},"icon_align":"right","icon_color":"#869ab8","icon_active_color":"#869ab8","icon_space":{"unit":"px","size":"10","sizes":[]},"content_background_color":"#ffffff","content_color":"#9b9b9b","content_typography_typography":"custom","content_typography_font_family":"Muli","content_typography_font_size":{"unit":"em","size":"0.8","sizes":[]},"content_typography_font_weight":"300","content_typography_line_height":{"unit":"em","size":"1.7","sizes":[]},"content_padding":{"unit":"em","top":"0.01","right":"2","bottom":"2","left":"2","isLinked":""},"_border_border":"solid","_border_width":{"unit":"px","top":"0","right":"0","bottom":"0","left":"0","isLinked":"1"},"_border_color":"#ffffff","_border_radius":{"unit":"px","top":"10","right":"10","bottom":"10","left":"10","isLinked":"1"},"border_width":{"unit":"px","size":"1","sizes":[]},"space_between":{"unit":"px","size":"0","sizes":[]},"_box_shadow_box_shadow":{"horizontal":"0","vertical":"0","blur":"50","spread":"0","color":"rgba(22,28,45,.05)"}},"elements":[],"isInner":false,"widgetType":"toggle","elType":"widget"}],"isInner":"","elType":"column"},{"id":"4a0cad11","settings":{"_column_size":"50","_inline_size":"50","content_position":"center","space_between_widgets":"10","background_background":"classic","background_color":"#ffffff","border_border":"solid","border_color":"#e8edf7","border_radius":{"unit":"px","top":"10","right":"10","bottom":"10","left":"10","isLinked":"1"},"margin":{"unit":"px","top":"0","right":"0","bottom":"0","left":"0","isLinked":""},"align":"center","border_width":{"unit":"px","top":"1","right":"1","bottom":"1","left":"1","isLinked":"1"},"_inline_size_tablet":"50"},"elements":[{"id":"51ef36a3","settings":{"title":"Have a Question?","title_color":"#5ea9c4","typography_typography":"custom","typography_font_family":"Muli","typography_font_size":{"unit":"em","size":"1.1","sizes":[]},"typography_font_weight":"600","header_size":"h5","align":"center","typography_text_transform":"capitalize","typography_line_height":{"unit":"em","size":"1","sizes":[]}},"elements":[],"isInner":false,"widgetType":"heading","elType":"widget"},{"id":"21a0bb2e","settings":{"title":"Recruitment","title_color":"#00272d","typography_typography":"custom","typography_font_family":"Muli","typography_font_size":{"unit":"em","size":"1.8","sizes":[]},"typography_font_weight":"600","align":"center","typography_text_transform":"capitalize","_padding":{"unit":"em","top":"0","right":"0","bottom":"0","left":"0","isLinked":""},"typography_line_height":{"unit":"em","size":"1","sizes":[]}},"elements":[],"isInner":false,"widgetType":"heading","elType":"widget"},{"id":"7d611cc3","settings":{"editor":"<p>Lorem ipsum dolor sit amet, adipiscing elit. Fusce eget sagittis erat.<\/p>","text_color":"#9b9b9b","typography_typography":"custom","typography_font_family":"Muli","typography_font_size":{"unit":"em","size":"0.85"},"typography_font_weight":"500","typography_line_height":{"unit":"em","size":"1.5"},"align_mobile":"center","align":"center","align_tablet":"center","typography_font_size_mobile":{"unit":"rem","size":"0.9"}},"elements":[],"isInner":false,"widgetType":"text-editor","elType":"widget"},{"id":"22e9d3b7","settings":{"text":"Contact Us","typography_typography":"custom","typography_font_size":{"unit":"em","size":"0.9","sizes":[]},"typography_font_family":"Encode Sans Expanded","typography_font_weight":"500","button_text_color":"#ffffff","background_color":"#00272d","button_background_hover_color":"#00272d","typography_text_transform":"capitalize","align":"center","hover_animation":"push","hover_color":"#ffffff","icon_indent":{"unit":"px","size":"8","sizes":[]},"icon":"fa fa-wechat","typography_line_height":{"unit":"em","size":"1","sizes":[]}},"elements":[],"isInner":false,"widgetType":"button","elType":"widget"},{"id":"66211669","settings":{"social_icon_list":[{"social":"fa fa-facebook","_id":"c75fe40","link":{"url":"","is_external":"true","nofollow":""},"social_icon":{"value":"fab fa-wordpress","library":"fa-brands"},"item_icon_color":"default","item_icon_primary_color":"","item_icon_secondary_color":""},{"social":"fa fa-twitter","_id":"cfaffa4","link":{"url":"","is_external":"true","nofollow":""},"social_icon":{"value":"fab fa-wordpress","library":"fa-brands"},"item_icon_color":"default","item_icon_primary_color":"","item_icon_secondary_color":""},{"social":"fa fa-yelp","link":{"url":"#","is_external":"true","nofollow":""},"_id":"c3097ab","social_icon":{"value":"fab fa-wordpress","library":"fa-brands"},"item_icon_color":"default","item_icon_primary_color":"","item_icon_secondary_color":""},{"social":"fa fa-whatsapp","link":{"url":"","is_external":"true","nofollow":""},"_id":"c0100f4","social_icon":{"value":"fab fa-wordpress","library":"fa-brands"},"item_icon_color":"default","item_icon_primary_color":"","item_icon_secondary_color":""}],"shape":"circle","icon_color":"custom","icon_primary_color":"rgba(0,0,0,0)","icon_size":{"unit":"px","size":"15","sizes":[]},"icon_padding":{"unit":"em","size":"1","sizes":[]},"icon_spacing":{"unit":"px","size":"14","sizes":[]},"image_border_color":"#ffffff","hover_animation":"pop","_padding":{"unit":"em","top":"0.5","right":"0","bottom":"0.5","left":"0","isLinked":""},"icon_secondary_color":"#252930","_margin":{"unit":"px","top":"0","right":"0","bottom":"0","left":"0","isLinked":""},"icon_size_mobile":{"unit":"px","size":"10","sizes":[]},"hover_primary_color":"rgba(255,255,255,0)","hover_secondary_color":"#db7800","align_tablet":"center","align_mobile":"center"},"elements":[],"isInner":false,"widgetType":"social-icons","elType":"widget"}],"isInner":"","elType":"column"}],"isInner":"","elType":"section"},{"id":"34939c1f","settings":{"structure":"50","background_background":"classic","padding":{"unit":"em","top":"1","right":"0","bottom":"2","left":"0","isLinked":""},"padding_tablet":{"unit":"em","top":"2","right":"1","bottom":"2","left":"1","isLinked":""},"background_overlay_opacity":{"unit":"px","size":"0.8"},"background_overlay_position":"top left","background_overlay_repeat":"repeat","background_position":"center center","background_repeat":"no-repeat","background_size":"cover","stretch_section":"section-stretched","content_position":"middle","background_attachment":"fixed","background_video_link":"https:\/\/www.youtube.com\/watch?v=_stpyQo3H2A","background_video_fallback":{"id":"","url":"https:\/\/wp.envatoextensions.com\/kit-182\/wp-content\/plugins\/elementor\/assets\/images\/placeholder.png"},"background_overlay_image":{"url":"http:\/\/sitefacilitado.com.br\/membros\/wp-content\/uploads\/2020\/03\/bg.png","id":"3882"},"padding_mobile":{"unit":"em","top":"2","right":"1","bottom":"2","left":"1","isLinked":""},"background_color":"#ffffff"},"elements":[{"id":"7651517a","settings":{"_column_size":"20","_inline_size_tablet":"20","_inline_size_mobile":"50"},"elements":[{"id":"6b8ed0d5","settings":{"image":{"url":"http:\/\/sitefacilitado.com.br\/membros\/wp-content\/uploads\/2020\/03\/client2-1-o8x6ldya0hfmma18oua6ohilgpma7e4a3zx6txdsrg.png","id":"3909"},"image_size":"custom","image_custom_dimension":{"width":"200","height":"150"}},"elements":[],"isInner":false,"widgetType":"image","elType":"widget"}],"isInner":"","elType":"column"},{"id":"1aa6a792","settings":{"_column_size":"20","_inline_size_tablet":"20","_inline_size_mobile":"50"},"elements":[{"id":"68a71ac9","settings":{"image":{"url":"http:\/\/sitefacilitado.com.br\/membros\/wp-content\/uploads\/2020\/03\/client5-1-o8x6lb4rfzbrng5c5b2az087ok06kat33lyqe3hza4.png","id":"3910"},"image_size":"custom","image_custom_dimension":{"width":"200","height":"150"}},"elements":[],"isInner":false,"widgetType":"image","elType":"widget"}],"isInner":"","elType":"column"},{"id":"7a7855b4","settings":{"_column_size":"20","_inline_size_tablet":"20","_inline_size_mobile":"50"},"elements":[{"id":"21fbc1c3","settings":{"image":{"url":"http:\/\/sitefacilitado.com.br\/membros\/wp-content\/uploads\/2020\/03\/client4-1-o8x6l8b8vh7wom9flruf9ixtwee2x7hw3809y9m5ss.png","id":"3911"},"image_size":"custom","image_custom_dimension":{"width":"200","height":"150"}},"elements":[],"isInner":false,"widgetType":"image","elType":"widget"}],"isInner":"","elType":"column"},{"id":"69612ca1","settings":{"_column_size":"20","_inline_size_tablet":"20","_inline_size_mobile":"50"},"elements":[{"id":"59daadb9","settings":{"image":{"url":"http:\/\/sitefacilitado.com.br\/membros\/wp-content\/uploads\/2020\/03\/client3-o8x6ljlb5hncjxt1rwpy3g3d10uhhkqo4ru3pl5fq4.png","id":"3912"},"image_size":"custom","image_custom_dimension":{"width":"200","height":"150"}},"elements":[],"isInner":false,"widgetType":"image","elType":"widget"}],"isInner":"","elType":"column"},{"id":"6aeb44ca","settings":{"_column_size":"20","_inline_size_tablet":"20","_inline_size_mobile":"100"},"elements":[{"id":"299f554f","settings":{"image":{"url":"http:\/\/sitefacilitado.com.br\/membros\/wp-content\/uploads\/2020\/03\/client1-o8x6lgrskzjhl3x58di2dysz8v8duhfh4dvn9r9m8s.png","id":"3913"},"image_size":"custom","image_custom_dimension":{"width":"200","height":"150"}},"elements":[],"isInner":false,"widgetType":"image","elType":"widget"}],"isInner":"","elType":"column"}],"isInner":"","elType":"section"},{"id":"1ea2cd74","settings":{"background_background":"classic","background_position":"center center","background_size":"cover","background_overlay_background":"classic","background_overlay_color":"rgba(0,33,48,0.86)","background_overlay_opacity":{"unit":"px","size":"0.95","sizes":[]},"padding":{"unit":"em","top":"8","right":"0","bottom":"8","left":"0","isLinked":""},"background_video_fallback":{"url":"http:\/\/sitefacilitado.com.br\/membros\/wp-content\/uploads\/2020\/03\/andre-medvedev-vNH9b4LpUGw-unsplash-kit.jpg","id":"3886"},"background_attachment":"fixed","background_repeat":"no-repeat","background_video_link":"https:\/\/www.youtube.com\/watch?v=DyYKuOtiBrk","background_image":{"url":"http:\/\/sitefacilitado.com.br\/membros\/wp-content\/uploads\/2020\/03\/chris-liverani-HUJDz6CJEaM-unsplash-bg.jpg","id":"3925"},"custom_height":{"unit":"vh","size":"100","sizes":[]},"background_video_start":"1","padding_mobile":{"unit":"em","top":"3","right":"0","bottom":"3","left":"0","isLinked":""}},"elements":[{"id":"938c42a","settings":{"_column_size":"100","_inline_size_tablet":"100","padding":{"unit":"em","top":"1","right":"1","bottom":"1","left":"1","isLinked":"1"},"space_between_widgets":"10"},"elements":[{"id":"f77052f","settings":{"title":"New Work Experience Placements","title_color":"#ffffff","typography_typography":"custom","typography_font_family":"Muli","typography_font_size":{"unit":"em","size":"1.8","sizes":[]},"typography_font_weight":"600","align":"center","typography_text_transform":"capitalize","typography_line_height":{"unit":"em","size":"1","sizes":[]}},"elements":[],"isInner":false,"widgetType":"heading","elType":"widget"},{"id":"3a2d4ab8","settings":{"title":"Join Our Team","title_color":"#5ea9c4","typography_typography":"custom","typography_font_family":"Muli","typography_font_size":{"unit":"em","size":"1.1","sizes":[]},"typography_font_weight":"600","align":"center","typography_text_transform":"capitalize","typography_line_height":{"unit":"em","size":"1","sizes":[]}},"elements":[],"isInner":false,"widgetType":"heading","elType":"widget"},{"id":"4bbf50e2","settings":{"content_width":{"unit":"px","size":"665","sizes":[]}},"elements":[{"id":"4a3a984c","settings":{"_column_size":"100","space_between_widgets":"0"},"elements":[{"id":"4198c3c1","settings":{"view":"inline","icon_list":[{"text":"+ (44) 555 -555 - 555 ","icon":"fa fa-phone-square","_id":"abe827b","link":{"url":"#","is_external":"","nofollow":""},"selected_icon":{"value":"fas fa-check","library":"fa-solid"}},{"text":"workexp@example.com","icon":"fa fa-key","_id":"079664d","link":{"url":"#","is_external":"","nofollow":""},"selected_icon":{"value":"fas fa-check","library":"fa-solid"}}],"icon_align":"center","icon_color":"#5ea9c4","icon_size":{"unit":"px","size":"20","sizes":[]},"icon_size_mobile":{"unit":"px","size":"28","sizes":[]},"text_color":"#ffffff","icon_typography_typography":"custom","icon_typography_font_family":"Muli","icon_typography_font_size":{"unit":"em","size":"0.9","sizes":[]},"icon_typography_font_size_mobile":{"unit":"px","size":"14","sizes":[]},"icon_align_tablet":"center","icon_align_mobile":"center","icon_typography_font_weight":"600","icon_typography_line_height":{"unit":"em","size":"1","sizes":[]}},"elements":[],"isInner":false,"widgetType":"icon-list","elType":"widget"},{"id":"2306522","settings":{"editor":"<p>Lorem ipsum dolor sit amet, consectetur adipiscing elit. Fusce eget sagittis erat. Nunc, enim ac consequat facilisis, nibh tortor sagittis nibh, eget blandit sem odio sed justo.<\/p>","typography_typography":"custom","typography_font_size":{"unit":"em","size":"0.85"},"typography_font_weight":"600","typography_line_height":{"unit":"em","size":"1.5"},"align":"center","text_color":"#ffffff","typography_font_family":"Muli","align_tablet":"center","align_mobile":"center","typography_font_size_mobile":{"unit":"rem","size":"0.9"},"_margin":{"unit":"px","top":"0","right":"0","bottom":"0","left":"0","isLinked":"1"},"_padding":{"unit":"px","top":"0","right":"0","bottom":"0","left":"0","isLinked":"1"}},"elements":[],"isInner":false,"widgetType":"text-editor","elType":"widget"},{"id":"1f5646b2","settings":{"view":"inline","icon_list":[{"text":"Requirements","icon":"fa fa-dot-circle-o","_id":"abe827b","link":{"url":"#","is_external":"","nofollow":""},"selected_icon":{"value":"fas fa-check","library":"fa-solid"}}],"icon_align_tablet":"center","icon_size":{"unit":"px","size":"20","sizes":[]},"icon_typography_typography":"custom","icon_typography_font_family":"Muli","icon_align":"center","icon_align_mobile":"center","icon_size_mobile":{"unit":"px","size":"28","sizes":[]},"text_color":"#ffffff","icon_typography_font_size":{"unit":"em","size":"0.9","sizes":[]},"icon_typography_font_size_mobile":{"unit":"px","size":"14","sizes":[]},"icon_typography_font_weight":"600","icon_typography_line_height":{"unit":"em","size":"1","sizes":[]},"icon_color":"#5ea9c4","text_indent":{"unit":"px","size":"8","sizes":[]},"_margin":{"unit":"px","top":"20","right":"0","bottom":"0","left":"0","isLinked":""}},"elements":[],"isInner":false,"widgetType":"icon-list","elType":"widget"}],"isInner":"1","elType":"column"}],"isInner":"1","elType":"section"}],"isInner":"","elType":"column"}],"isInner":"","elType":"section"}]}