{"version":"0.4","title":"eventos 3","type":"page","content":[{"id":"734d748f","settings":{"custom_height":{"unit":"vh","size":"70","sizes":[]},"background_background":"classic","background_color":"#ffffff","background_position":"center center","background_repeat":"no-repeat","background_size":"cover","background_overlay_color":"#ffffff","background_overlay_position":"center center","background_overlay_repeat":"no-repeat","background_overlay_size":"cover","background_overlay_opacity":{"unit":"px","size":"1","sizes":[]},"css_filters_contrast":{"unit":"px","size":"0","sizes":[]},"padding":{"unit":"em","top":"0","right":"0","bottom":"0","left":"0","isLinked":""},"custom_height_tablet":{"unit":"vh","size":"46","sizes":[]},"padding_tablet":{"unit":"em","top":"3","right":"0","bottom":"0","left":"0","isLinked":""},"padding_mobile":{"unit":"em","top":"7","right":"1","bottom":"0","left":"1","isLinked":""},"background_color_b":"#892af7","background_gradient_angle":{"unit":"deg","size":"250","sizes":[]},"background_overlay_color_b":"rgba(255,255,255,0.86)","background_overlay_gradient_angle":{"unit":"deg","size":"0","sizes":[]},"height":"min-height","background_image":{"url":"http:\/\/sitefacilitado.com.br\/wp-content\/uploads\/2020\/02\/photo-1505373877841-8d25f7d46678-1.jpeg","id":"718"},"background_overlay_background":"gradient","column_position":"bottom"},"elements":[{"id":"1c047d8f","settings":{"_column_size":"100","content_position":"center","padding":{"unit":"em","top":"07","right":"0","bottom":"0","left":"0","isLinked":""},"padding_tablet":{"unit":"em","top":"0","right":"0","bottom":"0","left":"0","isLinked":""}},"elements":[{"id":"334976b1","settings":{"title":"From Education & Work, To Spirituality & Citizenry. Decades of experience.","header_size":"h3","align":"center","title_color":"#657182","typography_typography":"custom","typography_font_family":"Barlow Condensed","typography_font_size":{"unit":"em","size":"0.8","sizes":[]},"typography_font_weight":"200","typography_text_transform":"uppercase","typography_line_height":{"unit":"em","size":"1","sizes":[]},"typography_letter_spacing":{"unit":"px","size":"4","sizes":[]},"_padding":{"unit":"em","top":"0","right":"0","bottom":"0","left":"0","isLinked":""},"typography_font_size_tablet":{"unit":"px","size":"13","sizes":[]},"typography_font_size_mobile":{"unit":"em","size":"1","sizes":[]},"typography_line_height_mobile":{"unit":"em","size":"1.5","sizes":[]},"typography_letter_spacing_mobile":{"unit":"px","size":"2","sizes":[]}},"elements":[],"isInner":false,"widgetType":"heading","elType":"widget"},{"id":"592d14ec","settings":{"title":"Discover You.","align":"center","title_color":"#212529","typography_typography":"custom","typography_font_family":"Barlow Condensed","typography_font_size":{"unit":"em","size":"8.4","sizes":[]},"typography_font_weight":"500","typography_text_transform":"uppercase","typography_line_height":{"unit":"em","size":"1.1","sizes":[]},"typography_letter_spacing":{"unit":"px","size":"2","sizes":[]},"typography_font_size_tablet":{"unit":"em","size":"4.8","sizes":[]},"typography_font_size_mobile":{"unit":"em","size":"4.6","sizes":[]},"typography_letter_spacing_tablet":{"unit":"px","size":"4","sizes":[]},"typography_letter_spacing_mobile":{"unit":"px","size":"2","sizes":[]},"_padding":{"unit":"em","top":"0","right":"0","bottom":"2","left":"0","isLinked":""},"header_size":"h1"},"elements":[],"isInner":false,"widgetType":"heading","elType":"widget"},{"id":"6138064b","settings":{"text":"Start Here Now","size":"md","typography_typography":"custom","typography_font_family":"Barlow Condensed","typography_font_size":{"unit":"em","size":"1","sizes":[]},"typography_font_weight":"400","typography_text_transform":"uppercase","typography_line_height":{"unit":"em","size":"1.6","sizes":[]},"typography_letter_spacing":{"unit":"px","size":"1.7","sizes":[]},"button_text_color":"#ffffff","background_color":"#91a5ff","border_width":{"unit":"px","top":"2","right":"2","bottom":"2","left":"2","isLinked":"1"},"border_color":"#4f6df5","border_radius":{"unit":"px","top":"100","right":"100","bottom":"100","left":"100","isLinked":"1"},"text_padding":{"unit":"em","top":"0.9","right":"2.8","bottom":"1","left":"2.8","isLinked":""},"_padding":{"unit":"em","top":"1","right":"0","bottom":"2","left":"0","isLinked":""},"align_tablet":"center","align":"center","hover_color":"#ffffff","button_background_hover_color":"#3a5cf4","hover_animation":"float"},"elements":[],"isInner":false,"widgetType":"button","elType":"widget"},{"id":"73da9df5","settings":{"title":"Top Awarded speaker","header_size":"h3","align":"center","title_color":"rgba(255,255,255,0.73)","typography_typography":"custom","typography_font_family":"Barlow Condensed","typography_font_size":{"unit":"em","size":"0.7","sizes":[]},"typography_font_weight":"400","typography_text_transform":"uppercase","typography_line_height":{"unit":"em","size":"1","sizes":[]},"typography_letter_spacing":{"unit":"px","size":"3","sizes":[]},"_padding":{"unit":"em","top":"","right":"","bottom":"","left":"","isLinked":"1"},"align_mobile":"center","link":{"url":"#","is_external":"","nofollow":""}},"elements":[],"isInner":false,"widgetType":"heading","elType":"widget"}],"isInner":"","elType":"column"}],"isInner":"","elType":"section"},{"id":"59048307","settings":{"padding":{"unit":"em","top":"1.6","right":"0","bottom":"2","left":"0","isLinked":""},"background_background":"classic","background_color":"#ffffff","padding_mobile":{"unit":"em","top":"4","right":"0","bottom":"4","left":"0","isLinked":""}},"elements":[{"id":"529d1183","settings":{"_column_size":"100","padding":{"unit":"em","top":"","right":"","bottom":"","left":"","isLinked":"1"},"_inline_size_tablet":"100","padding_mobile":{"unit":"em","top":"1","right":"1","bottom":"1","left":"1","isLinked":"1"}},"elements":[{"id":"739b2532","settings":{"background_background":"classic","background_color":"#ffffff","content_width":{"unit":"px","size":"820","sizes":[]},"padding":{"unit":"em","top":"0","right":"0","bottom":"0","left":"0","isLinked":""}},"elements":[{"id":"25d6c866","settings":{"_column_size":"100","space_between_widgets":"0","padding":{"unit":"em","top":"1","right":"1","bottom":"1","left":"1","isLinked":""},"padding_mobile":{"unit":"em","top":"1","right":"1","bottom":"1","left":"1","isLinked":"1"}},"elements":[{"id":"291730bb","settings":{"title":"Featured IN","header_size":"h3","align":"center","title_color":"#657182","typography_typography":"custom","typography_font_family":"Barlow Condensed","typography_font_size":{"unit":"em","size":"1","sizes":[]},"typography_font_weight":"400","typography_text_transform":"uppercase","typography_line_height":{"unit":"em","size":"1","sizes":[]},"typography_letter_spacing":{"unit":"px","size":"3","sizes":[]},"_padding":{"unit":"em","top":"0","right":"0","bottom":"0","left":"0","isLinked":""},"align_mobile":"center"},"elements":[],"isInner":false,"widgetType":"heading","elType":"widget"}],"isInner":"1","elType":"column"}],"isInner":"1","elType":"section"},{"id":"3060b11f","settings":{"structure":"50","background_background":"classic","background_color":"#ffffff"},"elements":[{"id":"4026c418","settings":{"_column_size":"20","_inline_size_mobile":"50"},"elements":[{"id":"5def2388","settings":{"image":{"url":"http:\/\/sitefacilitado.com.br\/wp-content\/uploads\/2020\/02\/client4.png","id":"720"},"image_size":"custom","image_custom_dimension":{"width":"200","height":"100"},"opacity":{"unit":"px","size":"0.85","sizes":[]}},"elements":[],"isInner":false,"widgetType":"image","elType":"widget"}],"isInner":"1","elType":"column"},{"id":"37e237a5","settings":{"_column_size":"20","_inline_size_mobile":"50"},"elements":[{"id":"e848d9e","settings":{"image":{"url":"http:\/\/sitefacilitado.com.br\/wp-content\/uploads\/2020\/02\/client3.png","id":"721"},"image_size":"custom","image_custom_dimension":{"width":"200","height":"100"},"opacity":{"unit":"px","size":"0.85","sizes":[]}},"elements":[],"isInner":false,"widgetType":"image","elType":"widget"}],"isInner":"1","elType":"column"},{"id":"278edcff","settings":{"_column_size":"20","_inline_size_mobile":"50"},"elements":[{"id":"1246922b","settings":{"image":{"url":"http:\/\/sitefacilitado.com.br\/wp-content\/uploads\/2020\/02\/client05-1.png","id":"722"},"image_size":"custom","image_custom_dimension":{"width":"200","height":"100"},"opacity":{"unit":"px","size":"0.85","sizes":[]}},"elements":[],"isInner":false,"widgetType":"image","elType":"widget"}],"isInner":"1","elType":"column"},{"id":"2a1ae5b3","settings":{"_column_size":"20","_inline_size_mobile":"50"},"elements":[{"id":"52aae84e","settings":{"image":{"url":"http:\/\/sitefacilitado.com.br\/wp-content\/uploads\/2020\/02\/client01.png","id":"723"},"image_size":"custom","image_custom_dimension":{"width":"200","height":"100"},"opacity":{"unit":"px","size":"0.85","sizes":[]}},"elements":[],"isInner":false,"widgetType":"image","elType":"widget"}],"isInner":"1","elType":"column"},{"id":"72e6e719","settings":{"_column_size":"20"},"elements":[{"id":"1ef26cfe","settings":{"image":{"url":"http:\/\/sitefacilitado.com.br\/wp-content\/uploads\/2020\/02\/client2.png","id":"724"},"image_size":"custom","image_custom_dimension":{"width":"200","height":"100"},"opacity":{"unit":"px","size":"0.85","sizes":[]}},"elements":[],"isInner":false,"widgetType":"image","elType":"widget"}],"isInner":"1","elType":"column"}],"isInner":"1","elType":"section"}],"isInner":"","elType":"column"}],"isInner":"","elType":"section"},{"id":"283af754","settings":{"padding":{"unit":"em","top":"6","right":"0","bottom":"6","left":"0","isLinked":""},"gap":"wider","background_background":"classic","background_color":"#f9fbfd","padding_mobile":{"unit":"em","top":"05","right":"0","bottom":"06","left":"0","isLinked":""}},"elements":[{"id":"61a9b513","settings":{"_column_size":"100","padding":{"unit":"em","top":"1","right":"1","bottom":"1","left":"2","isLinked":""},"_inline_size_tablet":"100","padding_mobile":{"unit":"em","top":"1","right":"1","bottom":"1","left":"1","isLinked":"1"}},"elements":[{"id":"47a66426","settings":{"background_background":"classic","background_color":"#f9fbfd","padding":{"unit":"em","top":"0","right":"0","bottom":"1","left":"0","isLinked":""},"content_width":{"unit":"px","size":"639","sizes":[]}},"elements":[{"id":"108d570c","settings":{"_column_size":"100","content_position":"center","space_between_widgets":"0"},"elements":[{"id":"190067a1","settings":{"title":"Have a totally different life.","header_size":"h3","align":"center","title_color":"#333333","typography_typography":"custom","typography_font_family":"Barlow Condensed","typography_font_size":{"unit":"em","size":"0.9","sizes":[]},"typography_font_weight":"300","typography_text_transform":"uppercase","typography_line_height":{"unit":"em","size":"1","sizes":[]},"typography_letter_spacing":{"unit":"px","size":"4","sizes":[]},"_padding":{"unit":"em","top":"0","right":"0","bottom":"1.5","left":"0","isLinked":""}},"elements":[],"isInner":false,"widgetType":"heading","elType":"widget"},{"id":"fae2d2b","settings":{"title":"John's Programs","align":"center","title_color":"#212529","typography_typography":"custom","typography_font_family":"Barlow Condensed","typography_font_size":{"unit":"em","size":"3.6","sizes":[]},"typography_font_weight":"500","typography_text_transform":"uppercase","typography_line_height":{"unit":"em","size":"1.1","sizes":[]},"typography_letter_spacing":{"unit":"px","size":"2","sizes":[]},"typography_font_size_tablet":{"unit":"em","size":"3.6","sizes":[]},"typography_font_size_mobile":{"unit":"em","size":"2.5","sizes":[]},"typography_letter_spacing_tablet":{"unit":"px","size":"2","sizes":[]},"typography_letter_spacing_mobile":{"unit":"px","size":"2","sizes":[]},"_padding":{"unit":"em","top":"0","right":"0","bottom":"0","left":"0","isLinked":""}},"elements":[],"isInner":false,"widgetType":"heading","elType":"widget"},{"id":"53c74c5b","settings":{"color":"#91a5ff","width":{"unit":"px","size":"80","sizes":[]},"align":"center","gap":{"unit":"px","size":"2","sizes":[]},"_padding":{"unit":"px","top":"26","right":"0","bottom":"0","left":"0","isLinked":""},"text":"Divisor"},"elements":[],"isInner":false,"widgetType":"divider","elType":"widget"},{"id":"6b33938b","settings":{"title":"John's speaches are based on <i>5 key areas<\/i> of life","align":"center","title_color":"#212529","typography_typography":"custom","typography_font_family":"Barlow Condensed","typography_font_size":{"unit":"em","size":"1.2","sizes":[]},"typography_font_weight":"500","typography_text_transform":"uppercase","typography_line_height":{"unit":"em","size":"1.3","sizes":[]},"typography_letter_spacing":{"unit":"px","size":"2","sizes":[]},"typography_font_size_tablet":{"unit":"em","size":"1.1","sizes":[]},"typography_font_size_mobile":{"unit":"em","size":"1.1","sizes":[]},"typography_letter_spacing_tablet":{"unit":"px","size":"2","sizes":[]},"typography_letter_spacing_mobile":{"unit":"px","size":"1","sizes":[]},"_padding":{"unit":"em","top":"1.5","right":"0","bottom":"01.5","left":"0","isLinked":""},"header_size":"h3","typography_line_height_mobile":{"unit":"em","size":"1.5","sizes":[]}},"elements":[],"isInner":false,"widgetType":"heading","elType":"widget"}],"isInner":"1","elType":"column"}],"isInner":"1","elType":"section"},{"id":"128588e7","settings":{"structure":"30"},"elements":[{"id":"bd7d26","settings":{"_column_size":"33","space_between_widgets":"0","background_background":"classic","background_color":"#ffffff","border_radius":{"unit":"px","top":"10","right":"10","bottom":"10","left":"10","isLinked":"1"},"box_shadow_box_shadow":{"horizontal":"0","vertical":"11","blur":"30","spread":"0","color":"rgba(0,17,58,0.05)"},"margin":{"unit":"px","top":"15","right":"15","bottom":"15","left":"15","isLinked":"1"},"padding":{"unit":"px","top":"50","right":"55","bottom":"46","left":"55","isLinked":""},"content_position":"center","border_border":"solid","border_width":{"unit":"px","top":"1","right":"1","bottom":"1","left":"1","isLinked":"1"},"border_color":"rgba(233,236,239,0.5)","_inline_size_tablet":"50"},"elements":[{"id":"2d49a765","settings":{"title":"Wisi flagcllls proveniens ut usus cras hosticum, ExceSsivos id arcui ut virtutis est septima humilime consurgunt.","header_size":"h3","title_color":"#657182","typography_typography":"custom","typography_font_family":"Barlow Condensed","typography_font_size":{"unit":"em","size":"1","sizes":[]},"typography_font_weight":"400","typography_text_transform":"uppercase","typography_line_height":{"unit":"em","size":"1.6","sizes":[]},"_padding":{"unit":"em","top":"0","right":"0","bottom":"1.6","left":"0","isLinked":""},"align":"center"},"elements":[],"isInner":false,"widgetType":"heading","elType":"widget"},{"id":"492740e5","settings":{"title":"Career & Influence","header_size":"h3","title_color":"#212529","typography_typography":"custom","typography_font_family":"Barlow Condensed","typography_font_size":{"unit":"em","size":"1","sizes":[]},"typography_font_weight":"600","typography_text_transform":"uppercase","typography_line_height":{"unit":"em","size":"2.1","sizes":[]},"typography_letter_spacing":{"unit":"px","size":"1.2","sizes":[]},"_padding":{"unit":"em","top":"0","right":"0","bottom":"0","left":"0","isLinked":""},"align_mobile":"center","align":"center"},"elements":[],"isInner":false,"widgetType":"heading","elType":"widget"},{"id":"51ba9313","settings":{"title":"Learn More","header_size":"h3","title_color":"#4040e8","typography_typography":"custom","typography_font_family":"Open Sans","typography_font_size":{"unit":"em","size":"0.85","sizes":[]},"typography_font_weight":"300","typography_line_height":{"unit":"em","size":"1.2","sizes":[]},"_padding":{"unit":"em","top":"0","right":"0","bottom":"0","left":"0","isLinked":""},"align_mobile":"center","align":"center","link":{"url":"#","is_external":"","nofollow":""}},"elements":[],"isInner":false,"widgetType":"heading","elType":"widget"}],"isInner":"1","elType":"column"},{"id":"3618785c","settings":{"_column_size":"33","space_between_widgets":"0","background_background":"classic","background_color":"#ffffff","border_radius":{"unit":"px","top":"10","right":"10","bottom":"10","left":"10","isLinked":"1"},"box_shadow_box_shadow":{"horizontal":"0","vertical":"11","blur":"30","spread":"0","color":"rgba(0,17,58,0.05)"},"margin":{"unit":"px","top":"15","right":"15","bottom":"15","left":"15","isLinked":"1"},"padding":{"unit":"px","top":"50","right":"55","bottom":"46","left":"55","isLinked":""},"content_position":"center","border_border":"solid","border_width":{"unit":"px","top":"1","right":"1","bottom":"1","left":"1","isLinked":"1"},"border_color":"rgba(233,236,239,0.5)","_inline_size_tablet":"50"},"elements":[{"id":"fbb236d","settings":{"title":"Lius amititiae concernunt te nemo quae dominant, CharYbdium si class id facilius dui videtur eleifend laborandum.","header_size":"h3","title_color":"#657182","typography_typography":"custom","typography_font_family":"Barlow Condensed","typography_font_size":{"unit":"em","size":"1","sizes":[]},"typography_font_weight":"400","typography_text_transform":"uppercase","typography_line_height":{"unit":"em","size":"1.6","sizes":[]},"_padding":{"unit":"em","top":"0","right":"0","bottom":"1.6","left":"0","isLinked":""},"align":"center"},"elements":[],"isInner":false,"widgetType":"heading","elType":"widget"},{"id":"1bcbd0fd","settings":{"title":"Lifestyle & Productivity","header_size":"h3","title_color":"#212529","typography_typography":"custom","typography_font_family":"Barlow Condensed","typography_font_size":{"unit":"em","size":"1","sizes":[]},"typography_font_weight":"600","typography_text_transform":"uppercase","typography_line_height":{"unit":"em","size":"2.1","sizes":[]},"typography_letter_spacing":{"unit":"px","size":"1.2","sizes":[]},"_padding":{"unit":"em","top":"0","right":"0","bottom":"0","left":"0","isLinked":""},"align_mobile":"center","align":"center"},"elements":[],"isInner":false,"widgetType":"heading","elType":"widget"},{"id":"3e7d7248","settings":{"title":"Learn More","header_size":"h3","title_color":"#4040e8","typography_typography":"custom","typography_font_family":"Open Sans","typography_font_size":{"unit":"em","size":"0.85","sizes":[]},"typography_font_weight":"300","typography_line_height":{"unit":"em","size":"1.2","sizes":[]},"_padding":{"unit":"em","top":"0","right":"0","bottom":"0","left":"0","isLinked":""},"align_mobile":"center","align":"center","link":{"url":"#","is_external":"","nofollow":""}},"elements":[],"isInner":false,"widgetType":"heading","elType":"widget"}],"isInner":"1","elType":"column"},{"id":"e51b60d","settings":{"_column_size":"33","space_between_widgets":"0","background_background":"classic","background_color":"#ffffff","border_radius":{"unit":"px","top":"10","right":"10","bottom":"10","left":"10","isLinked":"1"},"box_shadow_box_shadow":{"horizontal":"0","vertical":"11","blur":"30","spread":"0","color":"rgba(0,17,58,0.05)"},"margin":{"unit":"px","top":"15","right":"15","bottom":"15","left":"15","isLinked":"1"},"padding":{"unit":"px","top":"50","right":"55","bottom":"46","left":"55","isLinked":""},"content_position":"center","border_border":"solid","border_width":{"unit":"px","top":"1","right":"1","bottom":"1","left":"1","isLinked":"1"},"border_color":"rgba(233,236,239,0.5)","_inline_size_tablet":"100"},"elements":[{"id":"605c6322","settings":{"title":"Nibh feliciori aspernatur et cras pede gloriose, HibeRnorum mi fusce at politius dui origine promisti charybdium.","header_size":"h3","title_color":"#657182","typography_typography":"custom","typography_font_family":"Barlow Condensed","typography_font_size":{"unit":"em","size":"1","sizes":[]},"typography_font_weight":"400","typography_text_transform":"uppercase","typography_line_height":{"unit":"em","size":"1.6","sizes":[]},"_padding":{"unit":"em","top":"0","right":"0","bottom":"1.6","left":"0","isLinked":""},"align":"center"},"elements":[],"isInner":false,"widgetType":"heading","elType":"widget"},{"id":"73275452","settings":{"title":"Mind & Spirit","header_size":"h3","title_color":"#212529","typography_typography":"custom","typography_font_family":"Barlow Condensed","typography_font_size":{"unit":"em","size":"1","sizes":[]},"typography_font_weight":"600","typography_text_transform":"uppercase","typography_line_height":{"unit":"em","size":"2.1","sizes":[]},"typography_letter_spacing":{"unit":"px","size":"1.2","sizes":[]},"_padding":{"unit":"em","top":"0","right":"0","bottom":"0","left":"0","isLinked":""},"align_mobile":"center","align":"center"},"elements":[],"isInner":false,"widgetType":"heading","elType":"widget"},{"id":"641272c","settings":{"title":"Learn More","header_size":"h3","title_color":"#4040e8","typography_typography":"custom","typography_font_family":"Open Sans","typography_font_size":{"unit":"em","size":"0.85","sizes":[]},"typography_font_weight":"300","typography_line_height":{"unit":"em","size":"1.2","sizes":[]},"_padding":{"unit":"em","top":"0","right":"0","bottom":"0","left":"0","isLinked":""},"align_mobile":"center","align":"center","link":{"url":"#","is_external":"","nofollow":""}},"elements":[],"isInner":false,"widgetType":"heading","elType":"widget"}],"isInner":"1","elType":"column"}],"isInner":"1","elType":"section"},{"id":"5f6b797","settings":{"structure":"30"},"elements":[{"id":"2031ed15","settings":{"_column_size":"33","space_between_widgets":"0","background_background":"classic","background_color":"#ffffff","border_radius":{"unit":"px","top":"10","right":"10","bottom":"10","left":"10","isLinked":"1"},"box_shadow_box_shadow":{"horizontal":"0","vertical":"11","blur":"30","spread":"0","color":"rgba(0,17,58,0.05)"},"margin":{"unit":"px","top":"15","right":"15","bottom":"15","left":"15","isLinked":"1"},"padding":{"unit":"px","top":"50","right":"55","bottom":"46","left":"55","isLinked":""},"content_position":"center","border_border":"solid","border_width":{"unit":"px","top":"1","right":"1","bottom":"1","left":"1","isLinked":"1"},"border_color":"rgba(233,236,239,0.5)","_inline_size_tablet":"50"},"elements":[{"id":"7d34cffb","settings":{"title":"Ipsa statuitis cognominum si modo modo parietes, DoloRemque si metus at malitiae dui frustra insultum pronunciam.","header_size":"h3","title_color":"#657182","typography_typography":"custom","typography_font_family":"Barlow Condensed","typography_font_size":{"unit":"em","size":"1","sizes":[]},"typography_font_weight":"400","typography_text_transform":"uppercase","typography_line_height":{"unit":"em","size":"1.6","sizes":[]},"_padding":{"unit":"em","top":"0","right":"0","bottom":"1.6","left":"0","isLinked":""},"align":"center"},"elements":[],"isInner":false,"widgetType":"heading","elType":"widget"},{"id":"23760266","settings":{"title":"Health & Fitness","header_size":"h3","title_color":"#212529","typography_typography":"custom","typography_font_family":"Barlow Condensed","typography_font_size":{"unit":"em","size":"1","sizes":[]},"typography_font_weight":"600","typography_text_transform":"uppercase","typography_line_height":{"unit":"em","size":"2.1","sizes":[]},"typography_letter_spacing":{"unit":"px","size":"1.2","sizes":[]},"_padding":{"unit":"em","top":"0","right":"0","bottom":"0","left":"0","isLinked":""},"align_mobile":"center","align":"center"},"elements":[],"isInner":false,"widgetType":"heading","elType":"widget"},{"id":"7024b1b1","settings":{"title":"Learn More","header_size":"h3","title_color":"#4040e8","typography_typography":"custom","typography_font_family":"Open Sans","typography_font_size":{"unit":"em","size":"0.85","sizes":[]},"typography_font_weight":"300","typography_line_height":{"unit":"em","size":"1.2","sizes":[]},"_padding":{"unit":"em","top":"0","right":"0","bottom":"0","left":"0","isLinked":""},"align_mobile":"center","align":"center","link":{"url":"#","is_external":"","nofollow":""}},"elements":[],"isInner":false,"widgetType":"heading","elType":"widget"}],"isInner":"1","elType":"column"},{"id":"22ff86af","settings":{"_column_size":"33","space_between_widgets":"0","background_background":"classic","background_color":"#ffffff","border_radius":{"unit":"px","top":"10","right":"10","bottom":"10","left":"10","isLinked":"1"},"box_shadow_box_shadow":{"horizontal":"0","vertical":"11","blur":"30","spread":"0","color":"rgba(0,17,58,0.05)"},"margin":{"unit":"px","top":"15","right":"15","bottom":"15","left":"15","isLinked":"1"},"padding":{"unit":"px","top":"50","right":"55","bottom":"46","left":"55","isLinked":""},"content_position":"center","border_border":"solid","border_width":{"unit":"px","top":"1","right":"1","bottom":"1","left":"1","isLinked":"1"},"border_color":"rgba(233,236,239,0.5)","_inline_size_tablet":"50"},"elements":[{"id":"2c70b9db","settings":{"title":"Vero mollitiem apostrophe in arcu quae expedita, AspeRiores si magni si ministri vel patriae repellat haeredissa.","header_size":"h3","title_color":"#657182","typography_typography":"custom","typography_font_family":"Barlow Condensed","typography_font_size":{"unit":"em","size":"1","sizes":[]},"typography_font_weight":"400","typography_text_transform":"uppercase","typography_line_height":{"unit":"em","size":"1.6","sizes":[]},"_padding":{"unit":"em","top":"0","right":"0","bottom":"1.6","left":"0","isLinked":""},"align":"center"},"elements":[],"isInner":false,"widgetType":"heading","elType":"widget"},{"id":"331749bf","settings":{"title":"Love & Relationships","header_size":"h3","title_color":"#212529","typography_typography":"custom","typography_font_family":"Barlow Condensed","typography_font_size":{"unit":"em","size":"1","sizes":[]},"typography_font_weight":"600","typography_text_transform":"uppercase","typography_line_height":{"unit":"em","size":"2.1","sizes":[]},"typography_letter_spacing":{"unit":"px","size":"1.2","sizes":[]},"_padding":{"unit":"em","top":"0","right":"0","bottom":"0","left":"0","isLinked":""},"align_mobile":"center","align":"center"},"elements":[],"isInner":false,"widgetType":"heading","elType":"widget"},{"id":"1bb4a5aa","settings":{"title":"Learn More","header_size":"h3","title_color":"#4040e8","typography_typography":"custom","typography_font_family":"Open Sans","typography_font_size":{"unit":"em","size":"0.85","sizes":[]},"typography_font_weight":"300","typography_line_height":{"unit":"em","size":"1.2","sizes":[]},"_padding":{"unit":"em","top":"0","right":"0","bottom":"0","left":"0","isLinked":""},"align_mobile":"center","align":"center","link":{"url":"#","is_external":"","nofollow":""}},"elements":[],"isInner":false,"widgetType":"heading","elType":"widget"}],"isInner":"1","elType":"column"},{"id":"2e7e9cb1","settings":{"_column_size":"33","space_between_widgets":"0","background_color":"#ffffff","border_radius":{"unit":"px","top":"10","right":"10","bottom":"10","left":"10","isLinked":"1"},"box_shadow_box_shadow":{"horizontal":"0","vertical":"11","blur":"30","spread":"0","color":"rgba(0,17,58,0.05)"},"margin":{"unit":"px","top":"15","right":"15","bottom":"15","left":"15","isLinked":"1"},"padding":{"unit":"px","top":"50","right":"55","bottom":"46","left":"55","isLinked":""},"content_position":"center","border_width":{"unit":"px","top":"1","right":"1","bottom":"1","left":"1","isLinked":"1"},"border_color":"rgba(233,236,239,0.5)","_inline_size_tablet":"100","padding_mobile":{"unit":"px","top":"1","right":"1","bottom":"1","left":"1","isLinked":"1"}},"elements":[{"id":"660dd377","settings":{"title":"Discover more john's programs","header_size":"h3","align":"center","title_color":"#252930","typography_typography":"custom","typography_font_family":"Barlow Condensed","typography_font_size":{"unit":"em","size":"1.2","sizes":[]},"typography_font_weight":"500","typography_text_transform":"uppercase","typography_line_height":{"unit":"em","size":"1.7","sizes":[]},"typography_letter_spacing":{"unit":"px","size":"1.5","sizes":[]},"_padding":{"unit":"em","top":"0","right":"0","bottom":"0","left":"0","isLinked":""},"align_mobile":"center"},"elements":[],"isInner":false,"widgetType":"heading","elType":"widget"},{"id":"3a96a31d","settings":{"text":"More Programs","size":"md","typography_typography":"custom","typography_font_family":"Barlow Condensed","typography_font_size":{"unit":"em","size":"1","sizes":[]},"typography_font_weight":"400","typography_text_transform":"uppercase","typography_line_height":{"unit":"em","size":"1.6","sizes":[]},"typography_letter_spacing":{"unit":"px","size":"1.7","sizes":[]},"button_text_color":"#ffffff","background_color":"#91a5ff","border_width":{"unit":"px","top":"2","right":"2","bottom":"2","left":"2","isLinked":"1"},"border_color":"#4f6df5","border_radius":{"unit":"px","top":"100","right":"100","bottom":"100","left":"100","isLinked":"1"},"text_padding":{"unit":"em","top":"0.95","right":"2.8","bottom":"0.95","left":"2.8","isLinked":""},"_padding":{"unit":"em","top":"2","right":"0","bottom":"0","left":"0","isLinked":""},"align_tablet":"center","align":"center","hover_color":"#ffffff","button_background_hover_color":"#3a5cf4","hover_animation":"float"},"elements":[],"isInner":false,"widgetType":"button","elType":"widget"}],"isInner":"1","elType":"column"}],"isInner":"1","elType":"section"}],"isInner":"","elType":"column"}],"isInner":"","elType":"section"},{"id":"28697a49","settings":{"padding":{"unit":"em","top":"6","right":"0","bottom":"6","left":"0","isLinked":""},"gap":"wider","background_background":"classic","background_color":"#ffffff","padding_mobile":{"unit":"em","top":"05","right":"0","bottom":"06","left":"0","isLinked":""}},"elements":[{"id":"2aea5497","settings":{"_column_size":"100","padding":{"unit":"em","top":"1","right":"1","bottom":"1","left":"2","isLinked":""},"_inline_size_tablet":"100","padding_mobile":{"unit":"em","top":"1","right":"1","bottom":"1","left":"1","isLinked":"1"}},"elements":[{"id":"12056056","settings":{"background_background":"classic","background_color":"#ffffff","padding":{"unit":"em","top":"0","right":"0","bottom":"1","left":"0","isLinked":""},"content_width":{"unit":"px","size":"695","sizes":[]}},"elements":[{"id":"d3eaf64","settings":{"_column_size":"100","content_position":"center","space_between_widgets":"0"},"elements":[{"id":"2766f066","settings":{"title":"LIFE-CHANGING EXPERIENCES","header_size":"h3","align":"center","title_color":"#333333","typography_typography":"custom","typography_font_family":"Barlow Condensed","typography_font_size":{"unit":"em","size":"0.9","sizes":[]},"typography_font_weight":"300","typography_text_transform":"uppercase","typography_line_height":{"unit":"em","size":"1","sizes":[]},"typography_letter_spacing":{"unit":"px","size":"4","sizes":[]},"_padding":{"unit":"em","top":"0","right":"0","bottom":"1.5","left":"0","isLinked":""}},"elements":[],"isInner":false,"widgetType":"heading","elType":"widget"},{"id":"1b59c23d","settings":{"title":"Bring John into your school or business","align":"center","title_color":"#212529","typography_typography":"custom","typography_font_family":"Barlow Condensed","typography_font_size":{"unit":"em","size":"3.6","sizes":[]},"typography_font_weight":"500","typography_text_transform":"uppercase","typography_line_height":{"unit":"em","size":"1.1","sizes":[]},"typography_letter_spacing":{"unit":"px","size":"2","sizes":[]},"typography_font_size_tablet":{"unit":"em","size":"3.6","sizes":[]},"typography_font_size_mobile":{"unit":"em","size":"2.4","sizes":[]},"typography_letter_spacing_tablet":{"unit":"px","size":"2","sizes":[]},"typography_letter_spacing_mobile":{"unit":"px","size":"2","sizes":[]},"_padding":{"unit":"em","top":"0","right":"0","bottom":"0","left":"0","isLinked":""}},"elements":[],"isInner":false,"widgetType":"heading","elType":"widget"},{"id":"4fafd667","settings":{"color":"#91a5ff","width":{"unit":"px","size":"80","sizes":[]},"align":"center","gap":{"unit":"px","size":"2","sizes":[]},"_padding":{"unit":"px","top":"26","right":"0","bottom":"0","left":"0","isLinked":""},"text":"Divisor"},"elements":[],"isInner":false,"widgetType":"divider","elType":"widget"},{"id":"43afd776","settings":{"editor":"<p><span style=\"font-size: 1.05em; letter-spacing: 0px;\">Sed ut perspiciatis unde omnis iste natus error sit voluptatem accusantium doloremque la<\/span>\u00a0qsuas wisi d rationes contestationibus eius. Stupore eos amet mi libere. Netus et explere wisi proin possimus mus nobis lacus merentur Orbare.<\/p>","text_color":"#657182","typography_typography":"custom","typography_font_family":"Open Sans","typography_font_size":{"unit":"em","size":"1.05","sizes":[]},"typography_font_weight":"300","typography_line_height":{"unit":"em","size":"1.75","sizes":[]},"typography_letter_spacing":{"unit":"px","size":"0","sizes":[]},"align_mobile":"center","align":"center","_padding":{"unit":"em","top":"0","right":"0","bottom":"1","left":"0","isLinked":""}},"elements":[],"isInner":false,"widgetType":"text-editor","elType":"widget"}],"isInner":"1","elType":"column"}],"isInner":"1","elType":"section"},{"id":"31243e61","settings":{"structure":"20","background_background":"classic","background_color":"#ffffff"},"elements":[{"id":"3787ff19","settings":{"_column_size":"50","space_between_widgets":"0","background_background":"classic","background_color":"#ffffff","border_radius":{"unit":"px","top":"10","right":"10","bottom":"10","left":"10","isLinked":"1"},"box_shadow_box_shadow":{"horizontal":"0","vertical":"11","blur":"30","spread":"0","color":"rgba(0,17,58,0.05)"},"margin":{"unit":"px","top":"15","right":"15","bottom":"15","left":"15","isLinked":"1"},"padding":{"unit":"px","top":"50","right":"55","bottom":"46","left":"55","isLinked":""},"content_position":"center","background_image":{"url":"http:\/\/sitefacilitado.com.br\/wp-content\/uploads\/2020\/02\/photo-1512573314-17727dcdf45c-lr.jpg","id":"719"},"background_position":"center center","background_repeat":"no-repeat","background_size":"cover","background_overlay_background":"classic","background_overlay_color":"#4f6df5","background_overlay_opacity":{"unit":"px","size":"0.26","sizes":[]},"border_border":"solid","border_width":{"unit":"px","top":"1","right":"1","bottom":"1","left":"1","isLinked":"1"},"border_color":"rgba(233,236,239,0.5)","padding_tablet":{"unit":"px","top":"46","right":"0","bottom":"46","left":"0","isLinked":""},"padding_mobile":{"unit":"px","top":"46","right":"10","bottom":"46","left":"10","isLinked":""}},"elements":[{"id":"563f0693","settings":{"title":"for","header_size":"h3","align":"center","title_color":"#ffffff","typography_typography":"custom","typography_font_family":"Barlow Condensed","typography_font_size":{"unit":"em","size":"1.1","sizes":[]},"typography_font_weight":"300","typography_text_transform":"uppercase","typography_line_height":{"unit":"em","size":"1","sizes":[]},"typography_letter_spacing":{"unit":"px","size":"4","sizes":[]},"_padding":{"unit":"em","top":"0.5","right":"0","bottom":"0.5","left":"0","isLinked":""}},"elements":[],"isInner":false,"widgetType":"heading","elType":"widget"},{"id":"50d2e081","settings":{"title":"Schools","header_size":"h3","align":"center","title_color":"#ffffff","typography_typography":"custom","typography_font_family":"Barlow Condensed","typography_font_size":{"unit":"em","size":"2.6","sizes":[]},"typography_font_weight":"600","typography_text_transform":"uppercase","typography_line_height":{"unit":"em","size":"1","sizes":[]},"typography_letter_spacing":{"unit":"px","size":"4","sizes":[]},"_padding":{"unit":"em","top":"0","right":"0","bottom":"0","left":"0","isLinked":""},"align_mobile":"center"},"elements":[],"isInner":false,"widgetType":"heading","elType":"widget"},{"id":"81a71d3","settings":{"title":"Stricte Iste-Provocatus: W Tyriis Directe.","header_size":"h3","align":"center","title_color":"rgba(255,255,255,0.76)","typography_typography":"custom","typography_font_family":"Open Sans","typography_font_size":{"unit":"em","size":"0.9","sizes":[]},"typography_font_weight":"300","typography_line_height":{"unit":"em","size":"1.7","sizes":[]},"typography_letter_spacing":{"unit":"px","size":"0","sizes":[]},"_padding":{"unit":"em","top":"0.5","right":"0","bottom":"0.5","left":"0","isLinked":""},"align_mobile":"center"},"elements":[],"isInner":false,"widgetType":"heading","elType":"widget"},{"id":"236cdd4f","settings":{"text":"Find out more","size":"md","typography_typography":"custom","typography_font_family":"Barlow Condensed","typography_font_size":{"unit":"em","size":"1","sizes":[]},"typography_font_weight":"400","typography_text_transform":"uppercase","typography_line_height":{"unit":"em","size":"1.6","sizes":[]},"typography_letter_spacing":{"unit":"px","size":"1.7","sizes":[]},"button_text_color":"#ffffff","background_color":"#91a5ff","border_width":{"unit":"px","top":"2","right":"2","bottom":"2","left":"2","isLinked":"1"},"border_color":"#4f6df5","border_radius":{"unit":"px","top":"100","right":"100","bottom":"100","left":"100","isLinked":"1"},"text_padding":{"unit":"em","top":"0.9","right":"2.8","bottom":"1","left":"2.8","isLinked":""},"_padding":{"unit":"em","top":"1","right":"0","bottom":"0","left":"0","isLinked":""},"align_tablet":"center","align":"center","hover_color":"#ffffff","button_background_hover_color":"#3a5cf4","hover_animation":"float"},"elements":[],"isInner":false,"widgetType":"button","elType":"widget"}],"isInner":"1","elType":"column"},{"id":"7b23a0d","settings":{"_column_size":"50","space_between_widgets":"0","background_background":"classic","background_color":"#ffffff","border_radius":{"unit":"px","top":"10","right":"10","bottom":"10","left":"10","isLinked":"1"},"box_shadow_box_shadow":{"horizontal":"0","vertical":"11","blur":"30","spread":"0","color":"rgba(0,17,58,0.05)"},"margin":{"unit":"px","top":"15","right":"15","bottom":"15","left":"15","isLinked":"1"},"padding":{"unit":"px","top":"50","right":"55","bottom":"46","left":"55","isLinked":""},"content_position":"center","background_image":{"url":"http:\/\/sitefacilitado.com.br\/wp-content\/uploads\/2020\/02\/photo-1505373877841-8d25f7d46678-1.jpeg","id":"718"},"background_position":"center center","background_repeat":"no-repeat","background_size":"cover","background_overlay_background":"classic","background_overlay_color":"#4f6df5","background_overlay_opacity":{"unit":"px","size":"0.26","sizes":[]},"border_border":"solid","border_width":{"unit":"px","top":"1","right":"1","bottom":"1","left":"1","isLinked":"1"},"border_color":"rgba(233,236,239,0.5)","padding_tablet":{"unit":"px","top":"46","right":"0","bottom":"46","left":"0","isLinked":""},"padding_mobile":{"unit":"px","top":"46","right":"10","bottom":"46","left":"10","isLinked":""}},"elements":[{"id":"6cff2eb7","settings":{"title":"for","header_size":"h3","align":"center","title_color":"#ffffff","typography_typography":"custom","typography_font_family":"Barlow Condensed","typography_font_size":{"unit":"em","size":"1.1","sizes":[]},"typography_font_weight":"300","typography_text_transform":"uppercase","typography_line_height":{"unit":"em","size":"1","sizes":[]},"typography_letter_spacing":{"unit":"px","size":"4","sizes":[]},"_padding":{"unit":"em","top":"0.5","right":"0","bottom":"0.5","left":"0","isLinked":""}},"elements":[],"isInner":false,"widgetType":"heading","elType":"widget"},{"id":"243728a9","settings":{"title":"Organization","header_size":"h3","align":"center","title_color":"#ffffff","typography_typography":"custom","typography_font_family":"Barlow Condensed","typography_font_size":{"unit":"em","size":"2.6","sizes":[]},"typography_font_weight":"600","typography_text_transform":"uppercase","typography_line_height":{"unit":"em","size":"1","sizes":[]},"typography_letter_spacing":{"unit":"px","size":"4","sizes":[]},"_padding":{"unit":"em","top":"0","right":"0","bottom":"0","left":"0","isLinked":""},"align_mobile":"center"},"elements":[],"isInner":false,"widgetType":"heading","elType":"widget"},{"id":"8e257e9","settings":{"title":"Stricte Iste-Provocatus: W Tyriis Directe.","header_size":"h3","align":"center","title_color":"rgba(255,255,255,0.76)","typography_typography":"custom","typography_font_family":"Open Sans","typography_font_size":{"unit":"em","size":"0.9","sizes":[]},"typography_font_weight":"300","typography_line_height":{"unit":"em","size":"1.7","sizes":[]},"typography_letter_spacing":{"unit":"px","size":"0","sizes":[]},"_padding":{"unit":"em","top":"0.5","right":"0","bottom":"0.5","left":"0","isLinked":""},"align_mobile":"center"},"elements":[],"isInner":false,"widgetType":"heading","elType":"widget"},{"id":"47f87782","settings":{"text":"Find out more","size":"md","typography_typography":"custom","typography_font_family":"Barlow Condensed","typography_font_size":{"unit":"em","size":"1","sizes":[]},"typography_font_weight":"400","typography_text_transform":"uppercase","typography_line_height":{"unit":"em","size":"1.6","sizes":[]},"typography_letter_spacing":{"unit":"px","size":"1.7","sizes":[]},"button_text_color":"#ffffff","background_color":"#91a5ff","border_width":{"unit":"px","top":"2","right":"2","bottom":"2","left":"2","isLinked":"1"},"border_color":"#4f6df5","border_radius":{"unit":"px","top":"100","right":"100","bottom":"100","left":"100","isLinked":"1"},"text_padding":{"unit":"em","top":"0.9","right":"2.8","bottom":"1","left":"2.8","isLinked":""},"_padding":{"unit":"em","top":"1","right":"0","bottom":"0","left":"0","isLinked":""},"align_tablet":"center","align":"center","hover_color":"#ffffff","button_background_hover_color":"#3a5cf4","hover_animation":"float"},"elements":[],"isInner":false,"widgetType":"button","elType":"widget"}],"isInner":"1","elType":"column"}],"isInner":"1","elType":"section"}],"isInner":"","elType":"column"}],"isInner":"","elType":"section"},{"id":"464ead8a","settings":{"custom_height":{"unit":"vh","size":"50","sizes":[]},"background_background":"classic","background_color":"#212329","background_position":"center center","background_repeat":"no-repeat","background_size":"cover","background_overlay_color":"#2b9dd9","background_overlay_position":"center center","background_overlay_repeat":"no-repeat","background_overlay_size":"cover","background_overlay_opacity":{"unit":"px","size":"0.76","sizes":[]},"css_filters_contrast":{"unit":"px","size":"0","sizes":[]},"overlay_blend_mode":"multiply","padding":{"unit":"em","top":"6","right":"0","bottom":"6","left":"0","isLinked":""},"custom_height_tablet":{"unit":"vh","size":"46","sizes":[]},"padding_tablet":{"unit":"em","top":"5","right":"0","bottom":"6","left":"0","isLinked":""},"padding_mobile":{"unit":"em","top":"6","right":"1","bottom":"5","left":"1","isLinked":""},"background_color_b":"#892af7","background_gradient_angle":{"unit":"deg","size":"250","sizes":[]},"background_overlay_color_b":"#892af7","background_overlay_gradient_angle":{"unit":"deg","size":"300","sizes":[]}},"elements":[{"id":"46688f54","settings":{"_column_size":"100","content_position":"center","space_between_widgets":"10","align":"center"},"elements":[{"id":"6e7d8e86","settings":{"content_width":{"unit":"px","size":"600","sizes":[]},"padding":{"unit":"em","top":"0","right":"0","bottom":"1","left":"0","isLinked":""}},"elements":[{"id":"134df688","settings":{"_column_size":"100","space_between_widgets":"10"},"elements":[{"id":"e37a9d7","settings":{"title":"What they say","header_size":"h3","align":"center","title_color":"rgba(255,255,255,0.55)","typography_typography":"custom","typography_font_family":"Barlow Condensed","typography_font_size":{"unit":"em","size":"0.9","sizes":[]},"typography_font_weight":"300","typography_text_transform":"uppercase","typography_line_height":{"unit":"em","size":"1","sizes":[]},"typography_letter_spacing":{"unit":"px","size":"4","sizes":[]},"_padding":{"unit":"em","top":"0","right":"0","bottom":"0","left":"0","isLinked":""}},"elements":[],"isInner":false,"widgetType":"heading","elType":"widget"},{"id":"27c16913","settings":{"title":"Success stories","align":"center","title_color":"#ffffff","typography_typography":"custom","typography_font_family":"Barlow Condensed","typography_font_size":{"unit":"em","size":"3.5","sizes":[]},"typography_font_weight":"500","typography_text_transform":"uppercase","typography_line_height":{"unit":"em","size":"1.3","sizes":[]},"typography_letter_spacing":{"unit":"px","size":"2","sizes":[]},"typography_font_size_tablet":{"unit":"em","size":"3.8","sizes":[]},"typography_font_size_mobile":{"unit":"em","size":"2.3","sizes":[]},"typography_letter_spacing_tablet":{"unit":"px","size":"2","sizes":[]},"typography_letter_spacing_mobile":{"unit":"px","size":"2","sizes":[]},"_padding":{"unit":"em","top":"0.5","right":"0","bottom":"1","left":"0","isLinked":""}},"elements":[],"isInner":false,"widgetType":"heading","elType":"widget"},{"id":"4210c773","settings":{"color":"#91a5ff","width":{"unit":"px","size":"80","sizes":[]},"gap":{"unit":"px","size":"2","sizes":[]},"align":"center","_padding":{"unit":"em","top":"0","right":"0","bottom":"0","left":"0","isLinked":""},"text":"Divisor"},"elements":[],"isInner":false,"widgetType":"divider","elType":"widget"}],"isInner":"1","elType":"column"}],"isInner":"1","elType":"section"},{"id":"466b0a23","settings":{"background_background":"classic","background_color":"#212329","padding":{"unit":"em","top":"0","right":"0","bottom":"0","left":"0","isLinked":""},"structure":"30","z_index":"999"},"elements":[{"id":"750cf01e","settings":{"_column_size":"33","space_between_widgets":"5","border_border":"solid","border_width":{"unit":"px","top":"1","right":"1","bottom":"1","left":"1","isLinked":"1"},"border_color":"rgba(233,236,239,0.5)","border_radius":{"unit":"px","top":"10","right":"10","bottom":"10","left":"10","isLinked":"1"},"box_shadow_box_shadow":{"horizontal":"0","vertical":"20","blur":"30","spread":"0","color":"rgba(233,236,239,0.2)"},"margin":{"unit":"px","top":"15","right":"15","bottom":"15","left":"15","isLinked":"1"},"padding":{"unit":"em","top":"3","right":"2","bottom":"3","left":"2","isLinked":""},"_inline_size_tablet":"50","background_background":"classic","background_color":"#ffffff"},"elements":[{"id":"544bbac2","settings":{"image":{"url":"http:\/\/sitefacilitado.com.br\/wp-content\/uploads\/2020\/02\/quote-2.png","id":"725"},"image_size":"custom","image_custom_dimension":{"width":"208","height":"145"},"align":"center","width":{"unit":"px","size":"56","sizes":[]},"space":{"unit":"%","size":"100","sizes":[]},"opacity":{"unit":"px","size":"0.3","sizes":[]},"_padding":{"unit":"em","top":"0","right":"0","bottom":"0","left":"0","isLinked":""}},"elements":[],"isInner":false,"widgetType":"image","elType":"widget"},{"id":"1e3c5621","settings":{"editor":"<p>\"Sed ut perspiciatis unde omnis iste natus error sit voluptatem accusantium doloremque laudantium, totam rem aperiam, eaque ipsa.\"<\/p>","text_color":"#657182","typography_typography":"custom","typography_font_family":"Open Sans","typography_font_size":{"unit":"em","size":"1","sizes":[]},"typography_font_weight":"300","typography_line_height":{"unit":"em","size":"1.75","sizes":[]},"typography_letter_spacing":{"unit":"px","size":"0","sizes":[]},"align_mobile":"center","align":"center"},"elements":[],"isInner":false,"widgetType":"text-editor","elType":"widget"},{"id":"6d6c7d38","settings":{"image":{"url":"http:\/\/sitefacilitado.com.br\/wp-content\/uploads\/2020\/02\/photo-1534528741775-53994a69daeb.jpg","id":"726"},"image_size":"custom","image_custom_dimension":{"width":"100","height":"100"},"width":{"unit":"px","size":"66","sizes":[]},"space":{"unit":"%","size":"100","sizes":[]},"opacity":{"unit":"px","size":"1","sizes":[]},"image_border_radius":{"unit":"px","top":"100","right":"100","bottom":"100","left":"100","isLinked":"1"},"_padding":{"unit":"em","top":"0","right":"0","bottom":"1","left":"0","isLinked":""}},"elements":[],"isInner":false,"widgetType":"image","elType":"widget"},{"id":"6e37bdc3","settings":{"title":"Emma Johanson","header_size":"h3","align":"center","title_color":"#212529","typography_typography":"custom","typography_font_family":"Barlow Condensed","typography_font_size":{"unit":"em","size":"1","sizes":[]},"typography_font_weight":"600","typography_text_transform":"uppercase","typography_line_height":{"unit":"em","size":"1","sizes":[]},"typography_letter_spacing":{"unit":"px","size":"3","sizes":[]},"_padding":{"unit":"em","top":"","right":"","bottom":"","left":"","isLinked":"1"},"align_mobile":"center"},"elements":[],"isInner":false,"widgetType":"heading","elType":"widget"},{"id":"3c1c5f5f","settings":{"title":"Actress & TV Host","header_size":"h4","align":"center","align_mobile":"center","title_color":"#657182","typography_typography":"custom","typography_font_family":"Open Sans","typography_font_size":{"unit":"em","size":"0.86","sizes":[]},"typography_font_weight":"300","typography_line_height":{"unit":"em","size":"1.75","sizes":[]},"typography_letter_spacing":{"unit":"px","size":"0.2","sizes":[]}},"elements":[],"isInner":false,"widgetType":"heading","elType":"widget"}],"isInner":"1","elType":"column"},{"id":"707ddd62","settings":{"_column_size":"33","space_between_widgets":"5","border_border":"solid","border_width":{"unit":"px","top":"1","right":"1","bottom":"1","left":"1","isLinked":"1"},"border_color":"rgba(233,236,239,0.5)","border_radius":{"unit":"px","top":"10","right":"10","bottom":"10","left":"10","isLinked":"1"},"box_shadow_box_shadow":{"horizontal":"0","vertical":"20","blur":"30","spread":"0","color":"rgba(233,236,239,0.2)"},"margin":{"unit":"px","top":"15","right":"15","bottom":"15","left":"15","isLinked":"1"},"padding":{"unit":"em","top":"3","right":"2","bottom":"3","left":"2","isLinked":""},"_inline_size_tablet":"50","background_background":"classic","background_color":"#ffffff"},"elements":[{"id":"41d7df40","settings":{"image":{"url":"http:\/\/sitefacilitado.com.br\/wp-content\/uploads\/2020\/02\/quote-2.png","id":"725"},"image_size":"custom","image_custom_dimension":{"width":"208","height":"145"},"align":"center","width":{"unit":"px","size":"56","sizes":[]},"space":{"unit":"%","size":"100","sizes":[]},"opacity":{"unit":"px","size":"0.3","sizes":[]},"_padding":{"unit":"em","top":"0","right":"0","bottom":"0","left":"0","isLinked":""}},"elements":[],"isInner":false,"widgetType":"image","elType":"widget"},{"id":"3daa6e50","settings":{"editor":"<p>\"Sem mi abdicationis quae ipsum sint dolor eodem sit cvictiones emolumentum necessaria adulterium, clari nec vestram, error enim.\"<\/p>","text_color":"#657182","typography_typography":"custom","typography_font_family":"Open Sans","typography_font_size":{"unit":"em","size":"1","sizes":[]},"typography_font_weight":"300","typography_line_height":{"unit":"em","size":"1.75","sizes":[]},"typography_letter_spacing":{"unit":"px","size":"0","sizes":[]},"align_mobile":"center","align":"center"},"elements":[],"isInner":false,"widgetType":"text-editor","elType":"widget"},{"id":"76fa4b2e","settings":{"image":{"url":"http:\/\/sitefacilitado.com.br\/wp-content\/uploads\/2020\/02\/photo-1551110649-ac472a979f69.jpg","id":"727"},"image_size":"custom","image_custom_dimension":{"width":"100","height":"100"},"width":{"unit":"px","size":"66","sizes":[]},"space":{"unit":"%","size":"100","sizes":[]},"opacity":{"unit":"px","size":"1","sizes":[]},"image_border_radius":{"unit":"px","top":"100","right":"100","bottom":"100","left":"100","isLinked":"1"},"_padding":{"unit":"em","top":"0","right":"0","bottom":"1","left":"0","isLinked":""}},"elements":[],"isInner":false,"widgetType":"image","elType":"widget"},{"id":"25f0b1db","settings":{"title":"M\u00e5rten Lindberg","header_size":"h3","align":"center","title_color":"#212529","typography_typography":"custom","typography_font_family":"Barlow Condensed","typography_font_size":{"unit":"em","size":"1","sizes":[]},"typography_font_weight":"600","typography_text_transform":"uppercase","typography_line_height":{"unit":"em","size":"1","sizes":[]},"typography_letter_spacing":{"unit":"px","size":"3","sizes":[]},"_padding":{"unit":"em","top":"","right":"","bottom":"","left":"","isLinked":"1"},"align_mobile":"center"},"elements":[],"isInner":false,"widgetType":"heading","elType":"widget"},{"id":"55f1bfa","settings":{"title":"Integration Strategist","header_size":"h4","align":"center","align_mobile":"center","title_color":"#657182","typography_typography":"custom","typography_font_family":"Open Sans","typography_font_size":{"unit":"em","size":"0.86","sizes":[]},"typography_font_weight":"300","typography_line_height":{"unit":"em","size":"1.75","sizes":[]},"typography_letter_spacing":{"unit":"px","size":"0.2","sizes":[]}},"elements":[],"isInner":false,"widgetType":"heading","elType":"widget"}],"isInner":"1","elType":"column"},{"id":"489017e4","settings":{"_column_size":"33","space_between_widgets":"5","border_border":"solid","border_width":{"unit":"px","top":"1","right":"1","bottom":"1","left":"1","isLinked":"1"},"border_color":"rgba(233,236,239,0.5)","border_radius":{"unit":"px","top":"10","right":"10","bottom":"10","left":"10","isLinked":"1"},"box_shadow_box_shadow":{"horizontal":"0","vertical":"20","blur":"30","spread":"0","color":"rgba(233,236,239,0.2)"},"margin":{"unit":"px","top":"15","right":"15","bottom":"15","left":"15","isLinked":"1"},"padding":{"unit":"em","top":"3","right":"2","bottom":"3","left":"2","isLinked":""},"_inline_size_tablet":"100","background_background":"classic","background_color":"#ffffff"},"elements":[{"id":"3de88816","settings":{"image":{"url":"http:\/\/sitefacilitado.com.br\/wp-content\/uploads\/2020\/02\/quote-2.png","id":"725"},"image_size":"custom","image_custom_dimension":{"width":"208","height":"145"},"align":"center","width":{"unit":"px","size":"56","sizes":[]},"space":{"unit":"%","size":"100","sizes":[]},"opacity":{"unit":"px","size":"0.3","sizes":[]},"_padding":{"unit":"em","top":"0","right":"0","bottom":"0","left":"0","isLinked":""}},"elements":[],"isInner":false,"widgetType":"image","elType":"widget"},{"id":"38c76a7f","settings":{"editor":"<p>\"Per te antichristus cras lacus odit morbi error sit resipiscet interregnum praevenire potissimum, animi rem utraque, donec quia.\"<\/p>","text_color":"#657182","typography_typography":"custom","typography_font_family":"Open Sans","typography_font_size":{"unit":"em","size":"1","sizes":[]},"typography_font_weight":"300","typography_line_height":{"unit":"em","size":"1.75","sizes":[]},"typography_letter_spacing":{"unit":"px","size":"0","sizes":[]},"align_mobile":"center","align":"center"},"elements":[],"isInner":false,"widgetType":"text-editor","elType":"widget"},{"id":"36d3f4da","settings":{"image":{"url":"http:\/\/sitefacilitado.com.br\/wp-content\/uploads\/2020\/02\/photo-1490143142353-f77c4884518e.jpg","id":"728"},"image_size":"custom","image_custom_dimension":{"width":"100","height":"100"},"width":{"unit":"px","size":"66","sizes":[]},"space":{"unit":"%","size":"100","sizes":[]},"opacity":{"unit":"px","size":"1","sizes":[]},"image_border_radius":{"unit":"px","top":"100","right":"100","bottom":"100","left":"100","isLinked":"1"},"_padding":{"unit":"em","top":"0","right":"0","bottom":"1","left":"0","isLinked":""}},"elements":[],"isInner":false,"widgetType":"image","elType":"widget"},{"id":"40cbbc32","settings":{"title":"Adela Fransson","header_size":"h3","align":"center","title_color":"#212529","typography_typography":"custom","typography_font_family":"Barlow Condensed","typography_font_size":{"unit":"em","size":"1","sizes":[]},"typography_font_weight":"600","typography_text_transform":"uppercase","typography_line_height":{"unit":"em","size":"1","sizes":[]},"typography_letter_spacing":{"unit":"px","size":"3","sizes":[]},"_padding":{"unit":"em","top":"","right":"","bottom":"","left":"","isLinked":"1"},"align_mobile":"center"},"elements":[],"isInner":false,"widgetType":"heading","elType":"widget"},{"id":"6aa1182e","settings":{"title":"Research Assistant","header_size":"h4","align":"center","align_mobile":"center","title_color":"#657182","typography_typography":"custom","typography_font_family":"Open Sans","typography_font_size":{"unit":"em","size":"0.86","sizes":[]},"typography_font_weight":"300","typography_line_height":{"unit":"em","size":"1.75","sizes":[]},"typography_letter_spacing":{"unit":"px","size":"0.2","sizes":[]}},"elements":[],"isInner":false,"widgetType":"heading","elType":"widget"}],"isInner":"1","elType":"column"}],"isInner":"1","elType":"section"},{"id":"4aeec824","settings":{"text":"See More Stories","size":"md","typography_typography":"custom","typography_font_family":"Barlow Condensed","typography_font_size":{"unit":"em","size":"1","sizes":[]},"typography_font_weight":"400","typography_text_transform":"uppercase","typography_line_height":{"unit":"em","size":"1.6","sizes":[]},"typography_letter_spacing":{"unit":"px","size":"1.7","sizes":[]},"button_text_color":"#ffffff","background_color":"#91a5ff","border_width":{"unit":"px","top":"2","right":"2","bottom":"2","left":"2","isLinked":"1"},"border_color":"#4f6df5","border_radius":{"unit":"px","top":"100","right":"100","bottom":"100","left":"100","isLinked":"1"},"text_padding":{"unit":"em","top":"0.9","right":"2.8","bottom":"1","left":"2.8","isLinked":""},"_padding":{"unit":"em","top":"2.5","right":"0","bottom":"0","left":"0","isLinked":""},"align_tablet":"center","align":"center","hover_color":"#ffffff","button_background_hover_color":"#3a5cf4","hover_animation":"float"},"elements":[],"isInner":false,"widgetType":"button","elType":"widget"},{"id":"12458ab8","settings":{"title":"Top Awarded speaker","header_size":"h3","align":"center","title_color":"rgba(255,255,255,0.73)","typography_typography":"custom","typography_font_family":"Barlow Condensed","typography_font_size":{"unit":"em","size":"0.7","sizes":[]},"typography_font_weight":"400","typography_text_transform":"uppercase","typography_line_height":{"unit":"em","size":"1","sizes":[]},"typography_letter_spacing":{"unit":"px","size":"3","sizes":[]},"_padding":{"unit":"em","top":"","right":"","bottom":"","left":"","isLinked":"1"},"align_mobile":"center","link":{"url":"#","is_external":"","nofollow":""}},"elements":[],"isInner":false,"widgetType":"heading","elType":"widget"}],"isInner":"","elType":"column"}],"isInner":"","elType":"section"},{"id":"10ce7c32","settings":{"padding":{"unit":"em","top":"6","right":"0","bottom":"6","left":"0","isLinked":""},"background_background":"classic","background_color":"#ffffff","padding_mobile":{"unit":"em","top":"05","right":"0","bottom":"06","left":"0","isLinked":""}},"elements":[{"id":"50b01d5b","settings":{"_column_size":"100","padding":{"unit":"em","top":"1","right":"1","bottom":"1","left":"2","isLinked":""},"_inline_size_tablet":"100","padding_mobile":{"unit":"em","top":"1","right":"1","bottom":"1","left":"1","isLinked":"1"},"space_between_widgets":"0"},"elements":[{"id":"499fe7a8","settings":{"background_background":"classic","background_color":"#ffffff","padding":{"unit":"em","top":"0","right":"0","bottom":"1","left":"0","isLinked":""},"content_width":{"unit":"px","size":"639","sizes":[]}},"elements":[{"id":"4a437d65","settings":{"_column_size":"100","content_position":"center","space_between_widgets":"0"},"elements":[{"id":"74bbbb8f","settings":{"title":"LIFE-CHANGING EXPERIENCES","header_size":"h3","align":"center","title_color":"#333333","typography_typography":"custom","typography_font_family":"Barlow Condensed","typography_font_size":{"unit":"em","size":"0.9","sizes":[]},"typography_font_weight":"300","typography_text_transform":"uppercase","typography_line_height":{"unit":"em","size":"1","sizes":[]},"typography_letter_spacing":{"unit":"px","size":"4","sizes":[]},"_padding":{"unit":"em","top":"0","right":"0","bottom":"1.5","left":"0","isLinked":""}},"elements":[],"isInner":false,"widgetType":"heading","elType":"widget"},{"id":"11bdd378","settings":{"title":"Upcoming events","align":"center","title_color":"#212529","typography_typography":"custom","typography_font_family":"Barlow Condensed","typography_font_size":{"unit":"em","size":"3.6","sizes":[]},"typography_font_weight":"500","typography_text_transform":"uppercase","typography_line_height":{"unit":"em","size":"1.1","sizes":[]},"typography_letter_spacing":{"unit":"px","size":"2","sizes":[]},"typography_font_size_tablet":{"unit":"em","size":"4.2","sizes":[]},"typography_font_size_mobile":{"unit":"em","size":"2.5","sizes":[]},"typography_letter_spacing_tablet":{"unit":"px","size":"2","sizes":[]},"typography_letter_spacing_mobile":{"unit":"px","size":"2","sizes":[]},"_padding":{"unit":"em","top":"0","right":"0","bottom":"0","left":"0","isLinked":""}},"elements":[],"isInner":false,"widgetType":"heading","elType":"widget"},{"id":"6df86ab3","settings":{"color":"#91a5ff","width":{"unit":"px","size":"80","sizes":[]},"align":"center","gap":{"unit":"px","size":"2","sizes":[]},"_padding":{"unit":"px","top":"26","right":"0","bottom":"0","left":"0","isLinked":""},"text":"Divisor"},"elements":[],"isInner":false,"widgetType":"divider","elType":"widget"},{"id":"2b7d95a5","settings":{"editor":"<p>Sed ut perspiciatis unde omnis iste natus error sit voluptatem accusantium doloremque laudantium, totam rem aperiam, eaque ipsa.<\/p>","text_color":"#657182","typography_typography":"custom","typography_font_family":"Open Sans","typography_font_size":{"unit":"em","size":"1.1","sizes":[]},"typography_font_weight":"300","typography_line_height":{"unit":"em","size":"1.75","sizes":[]},"typography_letter_spacing":{"unit":"px","size":"0","sizes":[]},"align_mobile":"center","align":"center"},"elements":[],"isInner":false,"widgetType":"text-editor","elType":"widget"},{"id":"3a70aa21","settings":{"title":"Tickets available on tickrs.com","header_size":"h3","align":"center","title_color":"#4040e8","typography_typography":"custom","typography_font_family":"Barlow Condensed","typography_font_size":{"unit":"em","size":"0.7","sizes":[]},"typography_font_weight":"400","typography_text_transform":"uppercase","typography_line_height":{"unit":"em","size":"1","sizes":[]},"typography_letter_spacing":{"unit":"px","size":"3","sizes":[]},"_padding":{"unit":"em","top":"1","right":"0","bottom":"2","left":"0","isLinked":""},"align_mobile":"center","link":{"url":"#","is_external":"","nofollow":""}},"elements":[],"isInner":false,"widgetType":"heading","elType":"widget"}],"isInner":"1","elType":"column"}],"isInner":"1","elType":"section"},{"id":"263fe99e","settings":{"structure":"40","background_background":"classic","background_color":"#ffffff","background_image":{"url":"http:\/\/sitefacilitado.com.br\/wp-content\/uploads\/2020\/02\/round.png","id":"729"},"background_position":"top left","background_repeat":"repeat","background_size":"auto","background_overlay_background":"classic","background_overlay_color":"#ffffff","background_overlay_opacity":{"unit":"px","size":"0.39","sizes":[]},"border_border":"solid","border_width":{"unit":"px","top":"1","right":"1","bottom":"1","left":"1","isLinked":"1"},"border_color":"#f1f4f8","padding":{"unit":"em","top":"2","right":"3","bottom":"2","left":"1","isLinked":""},"padding_tablet":{"unit":"em","top":"2","right":"1","bottom":"2","left":"1","isLinked":""},"padding_mobile":{"unit":"em","top":"2","right":"1","bottom":"2","left":"1","isLinked":""}},"elements":[{"id":"482b1add","settings":{"_column_size":"25","_inline_size":"14.23","space_between_widgets":"0","_inline_size_tablet":"100"},"elements":[{"id":"7a04b35c","settings":{"title":"Aug","header_size":"h3","align":"center","title_color":"#657182","typography_typography":"custom","typography_font_family":"Barlow Condensed","typography_font_size":{"unit":"em","size":"1","sizes":[]},"typography_font_weight":"400","typography_text_transform":"uppercase","typography_line_height":{"unit":"em","size":"1","sizes":[]},"typography_letter_spacing":{"unit":"px","size":"9.5","sizes":[]},"_padding":{"unit":"em","top":"","right":"","bottom":"","left":"","isLinked":"1"},"align_mobile":"center"},"elements":[],"isInner":false,"widgetType":"heading","elType":"widget"},{"id":"611efa90","settings":{"title":"21","header_size":"h1","align":"center","title_color":"#212529","typography_typography":"custom","typography_font_family":"Barlow Condensed","typography_font_size":{"unit":"em","size":"5","sizes":[]},"typography_font_weight":"500","typography_text_transform":"uppercase","typography_line_height":{"unit":"em","size":"1","sizes":[]},"typography_letter_spacing":{"unit":"px","size":"10","sizes":[]},"align_tablet":"center","typography_font_size_mobile":{"unit":"em","size":"4.9","sizes":[]},"typography_letter_spacing_mobile":{"unit":"px","size":"8","sizes":[]},"_padding_tablet":{"unit":"em","top":"0","right":"0","bottom":"0","left":"0","isLinked":""}},"elements":[],"isInner":false,"widgetType":"heading","elType":"widget"},{"id":"7bbc7065","settings":{"title":"2019","header_size":"h3","align":"center","title_color":"#657182","typography_typography":"custom","typography_font_family":"Barlow Condensed","typography_font_size":{"unit":"em","size":"1","sizes":[]},"typography_font_weight":"400","typography_text_transform":"uppercase","typography_line_height":{"unit":"em","size":"1","sizes":[]},"typography_letter_spacing":{"unit":"px","size":"9.5","sizes":[]},"_padding":{"unit":"em","top":"0.4","right":"0","bottom":"0","left":"0","isLinked":""},"align_mobile":"center"},"elements":[],"isInner":false,"widgetType":"heading","elType":"widget"}],"isInner":"1","elType":"column"},{"id":"433b618b","settings":{"_column_size":"25","_inline_size":"47.563","content_position":"center","space_between_widgets":"0","_inline_size_tablet":"100"},"elements":[{"id":"3cfd21f4","settings":{"title":"Mindful Self-Compassion: A Silent Retreat","header_size":"h3","align":"left","title_color":"#212529","typography_typography":"custom","typography_font_family":"Barlow Condensed","typography_font_size":{"unit":"em","size":"1","sizes":[]},"typography_font_weight":"600","typography_text_transform":"uppercase","typography_line_height":{"unit":"em","size":"1","sizes":[]},"typography_letter_spacing":{"unit":"px","size":"4","sizes":[]},"_padding":{"unit":"em","top":"","right":"","bottom":"","left":"","isLinked":"1"},"align_mobile":"center","align_tablet":"center","typography_line_height_mobile":{"unit":"em","size":"1.5","sizes":[]}},"elements":[],"isInner":false,"widgetType":"heading","elType":"widget"},{"id":"45b47a85","settings":{"editor":"<p>UBC - University of British Columbia<\/p>","text_color":"#657182","typography_typography":"custom","typography_font_family":"Hind","typography_font_size":{"unit":"em","size":"1","sizes":[]},"typography_font_weight":"300","typography_line_height":{"unit":"em","size":"1.5","sizes":[]},"typography_letter_spacing":{"unit":"px","size":"0","sizes":[]},"align_mobile":"center","align_tablet":"center"},"elements":[],"isInner":false,"widgetType":"text-editor","elType":"widget"},{"id":"61aa79c0","settings":{"title":"Vancouver, CAN","header_size":"h3","title_color":"#212529","typography_typography":"custom","typography_font_family":"Barlow Condensed","typography_font_size":{"unit":"em","size":"0.7","sizes":[]},"typography_font_weight":"400","typography_text_transform":"uppercase","typography_line_height":{"unit":"em","size":"1","sizes":[]},"typography_letter_spacing":{"unit":"px","size":"3","sizes":[]},"_padding":{"unit":"em","top":"","right":"","bottom":"","left":"","isLinked":"1"},"align_mobile":"center","align_tablet":"center"},"elements":[],"isInner":false,"widgetType":"heading","elType":"widget"}],"isInner":"1","elType":"column"},{"id":"7e42f927","settings":{"_column_size":"25","_inline_size":"15.4","content_position":"center","align":"center","_inline_size_tablet":"100"},"elements":[{"id":"425d2004","settings":{"title":"9:00am","header_size":"h3","align":"center","title_color":"#252930","typography_typography":"custom","typography_font_family":"Barlow Condensed","typography_font_size":{"unit":"em","size":"1","sizes":[]},"typography_font_weight":"600","typography_text_transform":"uppercase","typography_line_height":{"unit":"em","size":"1","sizes":[]},"typography_letter_spacing":{"unit":"px","size":"4","sizes":[]},"_padding":{"unit":"em","top":"","right":"","bottom":"","left":"","isLinked":"1"},"align_mobile":"center"},"elements":[],"isInner":false,"widgetType":"heading","elType":"widget"}],"isInner":"1","elType":"column"},{"id":"1a2c30e6","settings":{"_column_size":"25","_inline_size":"22.807","content_position":"center","_inline_size_tablet":"100"},"elements":[{"id":"3cb7c038","settings":{"text":"buy tickets","align":"right","size":"md","typography_typography":"custom","typography_font_family":"Barlow Condensed","typography_font_size":{"unit":"em","size":"1","sizes":[]},"typography_font_weight":"400","typography_text_transform":"uppercase","typography_line_height":{"unit":"em","size":"1.6","sizes":[]},"typography_letter_spacing":{"unit":"px","size":"1.7","sizes":[]},"button_text_color":"#4040e8","background_color":"#ffffff","border_width":{"unit":"px","top":"2","right":"2","bottom":"2","left":"2","isLinked":"1"},"border_color":"#f4f4f4","border_radius":{"unit":"px","top":"100","right":"100","bottom":"100","left":"100","isLinked":"1"},"text_padding":{"unit":"em","top":"0.9","right":"2.8","bottom":"0.95","left":"2.8","isLinked":""},"_padding":{"unit":"em","top":"","right":"","bottom":"","left":"","isLinked":"1"},"align_tablet":"center","hover_color":"#ffffff","button_background_hover_color":"#4040e8","border_border":"solid"},"elements":[],"isInner":false,"widgetType":"button","elType":"widget"}],"isInner":"1","elType":"column"}],"isInner":"1","elType":"section"},{"id":"45a34ef6","settings":{"space":{"unit":"px","size":"20","sizes":[]}},"elements":[],"isInner":false,"widgetType":"spacer","elType":"widget"},{"id":"1860e56a","settings":{"structure":"40","background_background":"classic","background_color":"#ffffff","background_image":{"url":"http:\/\/sitefacilitado.com.br\/wp-content\/uploads\/2020\/02\/round.png","id":"729"},"background_position":"top left","background_repeat":"repeat","background_size":"auto","background_overlay_background":"classic","background_overlay_color":"#ffffff","background_overlay_opacity":{"unit":"px","size":"0.39","sizes":[]},"border_border":"solid","border_width":{"unit":"px","top":"1","right":"1","bottom":"1","left":"1","isLinked":"1"},"border_color":"#f1f4f8","padding":{"unit":"em","top":"2","right":"3","bottom":"2","left":"1","isLinked":""},"padding_tablet":{"unit":"em","top":"2","right":"1","bottom":"2","left":"1","isLinked":""},"padding_mobile":{"unit":"em","top":"2","right":"1","bottom":"2","left":"1","isLinked":""}},"elements":[{"id":"7527aa82","settings":{"_column_size":"25","_inline_size":"14.23","space_between_widgets":"0","_inline_size_tablet":"100"},"elements":[{"id":"705c0410","settings":{"title":"Sep","header_size":"h3","align":"center","title_color":"#657182","typography_typography":"custom","typography_font_family":"Barlow Condensed","typography_font_size":{"unit":"em","size":"1","sizes":[]},"typography_font_weight":"400","typography_text_transform":"uppercase","typography_line_height":{"unit":"em","size":"1","sizes":[]},"typography_letter_spacing":{"unit":"px","size":"9.5","sizes":[]},"_padding":{"unit":"em","top":"","right":"","bottom":"","left":"","isLinked":"1"},"align_mobile":"center"},"elements":[],"isInner":false,"widgetType":"heading","elType":"widget"},{"id":"31070f98","settings":{"title":"30","header_size":"h1","align":"center","title_color":"#212529","typography_typography":"custom","typography_font_family":"Barlow Condensed","typography_font_size":{"unit":"em","size":"5","sizes":[]},"typography_font_weight":"500","typography_text_transform":"uppercase","typography_line_height":{"unit":"em","size":"1","sizes":[]},"typography_letter_spacing":{"unit":"px","size":"10","sizes":[]},"align_tablet":"center","typography_font_size_mobile":{"unit":"em","size":"4.9","sizes":[]},"typography_letter_spacing_mobile":{"unit":"px","size":"8","sizes":[]},"_padding_tablet":{"unit":"em","top":"0","right":"0","bottom":"0","left":"0","isLinked":""}},"elements":[],"isInner":false,"widgetType":"heading","elType":"widget"},{"id":"73144df1","settings":{"title":"2019","header_size":"h3","align":"center","title_color":"#657182","typography_typography":"custom","typography_font_family":"Barlow Condensed","typography_font_size":{"unit":"em","size":"1","sizes":[]},"typography_font_weight":"400","typography_text_transform":"uppercase","typography_line_height":{"unit":"em","size":"1","sizes":[]},"typography_letter_spacing":{"unit":"px","size":"9.5","sizes":[]},"_padding":{"unit":"em","top":"0.4","right":"0","bottom":"0","left":"0","isLinked":""},"align_mobile":"center"},"elements":[],"isInner":false,"widgetType":"heading","elType":"widget"}],"isInner":"1","elType":"column"},{"id":"2ce677bb","settings":{"_column_size":"25","_inline_size":"47.563","content_position":"center","space_between_widgets":"0","_inline_size_tablet":"100"},"elements":[{"id":"4c14981b","settings":{"title":"MOTIVATION TO MOVE FORWARD\u200b","header_size":"h3","align":"left","title_color":"#212529","typography_typography":"custom","typography_font_family":"Barlow Condensed","typography_font_size":{"unit":"em","size":"1","sizes":[]},"typography_font_weight":"600","typography_text_transform":"uppercase","typography_line_height":{"unit":"em","size":"1","sizes":[]},"typography_letter_spacing":{"unit":"px","size":"4","sizes":[]},"_padding":{"unit":"em","top":"","right":"","bottom":"","left":"","isLinked":"1"},"align_mobile":"center","align_tablet":"center","typography_line_height_mobile":{"unit":"em","size":"1.5","sizes":[]}},"elements":[],"isInner":false,"widgetType":"heading","elType":"widget"},{"id":"4fd9c7fa","settings":{"editor":"<p>University of Toronto Sciences<\/p>","text_color":"#657182","typography_typography":"custom","typography_font_family":"Hind","typography_font_size":{"unit":"em","size":"1","sizes":[]},"typography_font_weight":"300","typography_line_height":{"unit":"em","size":"1.5","sizes":[]},"typography_letter_spacing":{"unit":"px","size":"0","sizes":[]},"align_mobile":"center","align_tablet":"center"},"elements":[],"isInner":false,"widgetType":"text-editor","elType":"widget"},{"id":"68f055d9","settings":{"title":"Toronto, CAN","header_size":"h3","title_color":"#252930","typography_typography":"custom","typography_font_family":"Barlow Condensed","typography_font_size":{"unit":"em","size":"0.7","sizes":[]},"typography_font_weight":"400","typography_text_transform":"uppercase","typography_line_height":{"unit":"em","size":"1","sizes":[]},"typography_letter_spacing":{"unit":"px","size":"3","sizes":[]},"_padding":{"unit":"em","top":"","right":"","bottom":"","left":"","isLinked":"1"},"align_mobile":"center","align_tablet":"center"},"elements":[],"isInner":false,"widgetType":"heading","elType":"widget"}],"isInner":"1","elType":"column"},{"id":"625dea84","settings":{"_column_size":"25","_inline_size":"15.4","content_position":"center","align":"center","_inline_size_tablet":"100"},"elements":[{"id":"24e4521","settings":{"title":"8:30am","header_size":"h3","align":"center","title_color":"#252930","typography_typography":"custom","typography_font_family":"Barlow Condensed","typography_font_size":{"unit":"em","size":"1","sizes":[]},"typography_font_weight":"600","typography_text_transform":"uppercase","typography_line_height":{"unit":"em","size":"1","sizes":[]},"typography_letter_spacing":{"unit":"px","size":"4","sizes":[]},"_padding":{"unit":"em","top":"","right":"","bottom":"","left":"","isLinked":"1"},"align_mobile":"center"},"elements":[],"isInner":false,"widgetType":"heading","elType":"widget"}],"isInner":"1","elType":"column"},{"id":"374aebe8","settings":{"_column_size":"25","_inline_size":"22.807","content_position":"center","_inline_size_tablet":"100"},"elements":[{"id":"2a441ad1","settings":{"text":"buy tickets","align":"right","size":"md","typography_typography":"custom","typography_font_family":"Barlow Condensed","typography_font_size":{"unit":"em","size":"1","sizes":[]},"typography_font_weight":"400","typography_text_transform":"uppercase","typography_line_height":{"unit":"em","size":"1.6","sizes":[]},"typography_letter_spacing":{"unit":"px","size":"1.7","sizes":[]},"button_text_color":"#4040e8","background_color":"#ffffff","border_width":{"unit":"px","top":"2","right":"2","bottom":"2","left":"2","isLinked":"1"},"border_color":"#f4f4f4","border_radius":{"unit":"px","top":"100","right":"100","bottom":"100","left":"100","isLinked":"1"},"text_padding":{"unit":"em","top":"0.9","right":"2.8","bottom":"0.95","left":"2.8","isLinked":""},"_padding":{"unit":"em","top":"","right":"","bottom":"","left":"","isLinked":"1"},"align_tablet":"center","hover_color":"#ffffff","button_background_hover_color":"#4040e8","border_border":"solid"},"elements":[],"isInner":false,"widgetType":"button","elType":"widget"}],"isInner":"1","elType":"column"}],"isInner":"1","elType":"section"},{"id":"425826c7","settings":{"space":{"unit":"px","size":"20","sizes":[]}},"elements":[],"isInner":false,"widgetType":"spacer","elType":"widget"},{"id":"14f26c6a","settings":{"text":"See all events","size":"md","typography_typography":"custom","typography_font_family":"Barlow Condensed","typography_font_size":{"unit":"em","size":"1","sizes":[]},"typography_font_weight":"400","typography_text_transform":"uppercase","typography_line_height":{"unit":"em","size":"1.6","sizes":[]},"typography_letter_spacing":{"unit":"px","size":"1.7","sizes":[]},"button_text_color":"#ffffff","background_color":"#91a5ff","border_width":{"unit":"px","top":"2","right":"2","bottom":"2","left":"2","isLinked":"1"},"border_color":"#4f6df5","border_radius":{"unit":"px","top":"100","right":"100","bottom":"100","left":"100","isLinked":"1"},"text_padding":{"unit":"em","top":"0.95","right":"2.8","bottom":"1","left":"2.8","isLinked":""},"_padding":{"unit":"em","top":"2","right":"0","bottom":"0","left":"0","isLinked":""},"align_tablet":"center","align":"center"},"elements":[],"isInner":false,"widgetType":"button","elType":"widget"}],"isInner":"","elType":"column"}],"isInner":"","elType":"section"},{"id":"7854089a","settings":{"padding":{"unit":"em","top":"6","right":"0","bottom":"6","left":"0","isLinked":""},"background_background":"classic","background_color":"#f9fbfd","padding_mobile":{"unit":"em","top":"05","right":"0","bottom":"06","left":"0","isLinked":""},"background_overlay_background":"classic","background_overlay_image":{"url":"http:\/\/sitefacilitado.com.br\/wp-content\/uploads\/2020\/02\/round.png","id":"729"},"background_overlay_position":"center center","background_overlay_repeat":"repeat","background_overlay_size":"auto","background_overlay_opacity":{"unit":"px","size":"0.19","sizes":[]},"overlay_blend_mode":"multiply"},"elements":[{"id":"59cfa772","settings":{"_column_size":"100","padding":{"unit":"em","top":"1","right":"1","bottom":"1","left":"2","isLinked":""},"_inline_size_tablet":"100","padding_mobile":{"unit":"em","top":"1","right":"1","bottom":"1","left":"1","isLinked":"1"},"space_between_widgets":"0","align":"center"},"elements":[{"id":"711751f3","settings":{"background_background":"classic","background_color":"#f9fbfd","padding":{"unit":"em","top":"0","right":"0","bottom":"2","left":"0","isLinked":""},"content_width":{"unit":"px","size":"639","sizes":[]}},"elements":[{"id":"1932b85a","settings":{"_column_size":"100","content_position":"center","space_between_widgets":"0"},"elements":[{"id":"2e4759c3","settings":{"title":"LIFE-CHANGING EXPERIENCES","header_size":"h3","align":"center","title_color":"#333333","typography_typography":"custom","typography_font_family":"Barlow Condensed","typography_font_size":{"unit":"em","size":"0.9","sizes":[]},"typography_font_weight":"300","typography_text_transform":"uppercase","typography_line_height":{"unit":"em","size":"1","sizes":[]},"typography_letter_spacing":{"unit":"px","size":"4","sizes":[]},"_padding":{"unit":"em","top":"0","right":"0","bottom":"1.5","left":"0","isLinked":""}},"elements":[],"isInner":false,"widgetType":"heading","elType":"widget"},{"id":"2e053aed","settings":{"title":"Listen, Read & Watch John Harris","align":"center","title_color":"#212529","typography_typography":"custom","typography_font_family":"Barlow Condensed","typography_font_size":{"unit":"em","size":"2.6","sizes":[]},"typography_font_weight":"500","typography_text_transform":"uppercase","typography_line_height":{"unit":"em","size":"1.1","sizes":[]},"typography_letter_spacing":{"unit":"px","size":"2","sizes":[]},"typography_font_size_tablet":{"unit":"em","size":"2.3","sizes":[]},"typography_font_size_mobile":{"unit":"em","size":"1.9","sizes":[]},"typography_letter_spacing_tablet":{"unit":"px","size":"2","sizes":[]},"typography_letter_spacing_mobile":{"unit":"px","size":"2","sizes":[]},"_padding":{"unit":"em","top":"0","right":"0","bottom":"0","left":"0","isLinked":""}},"elements":[],"isInner":false,"widgetType":"heading","elType":"widget"}],"isInner":"1","elType":"column"}],"isInner":"1","elType":"section"},{"id":"17df380a","settings":{"text":"Podcast","align":"center","size":"md","typography_typography":"custom","typography_font_family":"Barlow Condensed","typography_font_size":{"unit":"em","size":"1","sizes":[]},"typography_font_weight":"400","typography_text_transform":"uppercase","typography_line_height":{"unit":"em","size":"1.6","sizes":[]},"typography_letter_spacing":{"unit":"px","size":"1.7","sizes":[]},"button_text_color":"#ffffff","background_color":"#91a5ff","border_width":{"unit":"px","top":"2","right":"2","bottom":"2","left":"2","isLinked":"1"},"border_color":"#4f6df5","border_radius":{"unit":"px","top":"100","right":"100","bottom":"100","left":"100","isLinked":"1"},"text_padding":{"unit":"em","top":"0.5","right":"2","bottom":"0.5","left":"2","isLinked":""},"_padding":{"unit":"em","top":"1","right":"0","bottom":"0","left":"0","isLinked":""},"align_tablet":"center","icon":"fa fa-spotify","hover_color":"#ffffff","button_background_hover_color":"#ed3838","hover_animation":"float","_margin":{"unit":"px","top":"0","right":"10","bottom":"0","left":"10","isLinked":""},"_element_width":"auto","_animation":"fadeIn","_animation_delay":"400","selected_icon":{"value":"fab fa-spotify","library":"fa-brands"}},"elements":[],"isInner":false,"widgetType":"button","elType":"widget"},{"id":"fe771d5","settings":{"text":"Watch now","align":"center","size":"md","typography_typography":"custom","typography_font_family":"Barlow Condensed","typography_font_size":{"unit":"em","size":"1","sizes":[]},"typography_font_weight":"400","typography_text_transform":"uppercase","typography_line_height":{"unit":"em","size":"1.6","sizes":[]},"typography_letter_spacing":{"unit":"px","size":"1.7","sizes":[]},"button_text_color":"#ffffff","background_color":"#ed3160","border_width":{"unit":"px","top":"2","right":"2","bottom":"2","left":"2","isLinked":"1"},"border_color":"#4f6df5","border_radius":{"unit":"px","top":"100","right":"100","bottom":"100","left":"100","isLinked":"1"},"text_padding":{"unit":"em","top":"0.5","right":"2","bottom":"0.5","left":"2","isLinked":""},"_padding":{"unit":"em","top":"1","right":"0","bottom":"0","left":"0","isLinked":""},"align_tablet":"center","icon":"fa fa-youtube-play","hover_color":"#ffffff","button_background_hover_color":"#ed3838","hover_animation":"float","_margin":{"unit":"px","top":"0","right":"10","bottom":"0","left":"10","isLinked":""},"_element_width":"auto","_animation":"fadeIn","_animation_delay":"400","selected_icon":{"value":"fab fa-youtube","library":"fa-brands"}},"elements":[],"isInner":false,"widgetType":"button","elType":"widget"},{"id":"6bcf9f09","settings":{"text":"Instagram","align":"center","size":"md","typography_typography":"custom","typography_font_family":"Barlow Condensed","typography_font_size":{"unit":"em","size":"1","sizes":[]},"typography_font_weight":"400","typography_text_transform":"uppercase","typography_line_height":{"unit":"em","size":"1.6","sizes":[]},"typography_letter_spacing":{"unit":"px","size":"1.7","sizes":[]},"button_text_color":"#ffffff","background_color":"#4c30e8","border_width":{"unit":"px","top":"2","right":"2","bottom":"2","left":"2","isLinked":"1"},"border_color":"#4f6df5","border_radius":{"unit":"px","top":"100","right":"100","bottom":"100","left":"100","isLinked":"1"},"text_padding":{"unit":"em","top":"0.5","right":"2","bottom":"0.5","left":"2","isLinked":""},"_padding":{"unit":"em","top":"1","right":"0","bottom":"0","left":"0","isLinked":""},"align_tablet":"center","icon":"fa fa-instagram","hover_color":"#ffffff","button_background_hover_color":"#ed3838","hover_animation":"float","_margin":{"unit":"px","top":"0","right":"10","bottom":"0","left":"10","isLinked":""},"_element_width":"auto","_animation":"fadeIn","_animation_delay":"400","selected_icon":{"value":"fab fa-instagram","library":"fa-brands"}},"elements":[],"isInner":false,"widgetType":"button","elType":"widget"},{"id":"71ddc3bf","settings":{"text":"Twitter","align":"center","size":"md","typography_typography":"custom","typography_font_family":"Barlow Condensed","typography_font_size":{"unit":"em","size":"1","sizes":[]},"typography_font_weight":"400","typography_text_transform":"uppercase","typography_line_height":{"unit":"em","size":"1.6","sizes":[]},"typography_letter_spacing":{"unit":"px","size":"1.7","sizes":[]},"button_text_color":"#ffffff","background_color":"#317ced","border_width":{"unit":"px","top":"2","right":"2","bottom":"2","left":"2","isLinked":"1"},"border_color":"#4f6df5","border_radius":{"unit":"px","top":"100","right":"100","bottom":"100","left":"100","isLinked":"1"},"text_padding":{"unit":"em","top":"0.5","right":"2","bottom":"0.5","left":"2","isLinked":""},"_padding":{"unit":"em","top":"1","right":"0","bottom":"0","left":"0","isLinked":""},"align_tablet":"center","icon":"fa fa-twitter","hover_color":"#ffffff","button_background_hover_color":"#ed3838","hover_animation":"float","_margin":{"unit":"px","top":"0","right":"10","bottom":"0","left":"10","isLinked":""},"_element_width":"auto","_animation":"fadeIn","_animation_delay":"400","selected_icon":{"value":"fab fa-twitter","library":"fa-brands"}},"elements":[],"isInner":false,"widgetType":"button","elType":"widget"}],"isInner":"","elType":"column"}],"isInner":"","elType":"section"},{"id":"2953dbcd","settings":{"custom_height":{"unit":"vh","size":"50","sizes":[]},"background_background":"gradient","background_color":"#2b9dd9","background_position":"center center","background_repeat":"no-repeat","background_size":"cover","background_overlay_color":"#2b9dd9","background_overlay_position":"center center","background_overlay_repeat":"no-repeat","background_overlay_size":"cover","background_overlay_opacity":{"unit":"px","size":"0.76","sizes":[]},"css_filters_contrast":{"unit":"px","size":"0","sizes":[]},"overlay_blend_mode":"multiply","padding":{"unit":"em","top":"6","right":"0","bottom":"03","left":"0","isLinked":""},"custom_height_tablet":{"unit":"vh","size":"46","sizes":[]},"padding_tablet":{"unit":"em","top":"4","right":"0","bottom":"3","left":"0","isLinked":""},"padding_mobile":{"unit":"em","top":"6","right":"1","bottom":"5","left":"1","isLinked":""},"background_color_b":"#892af7","background_gradient_angle":{"unit":"deg","size":"250","sizes":[]},"background_overlay_color_b":"#892af7","background_overlay_gradient_angle":{"unit":"deg","size":"300","sizes":[]},"content_width":{"unit":"px","size":"600","sizes":[]},"height":"min-height","background_image":{"url":"https:\/\/wp.envatoextensions.com\/kit-108\/wp-content\/uploads\/sites\/111\/2019\/06\/photo-1554260570-9140fd3b7614.jpeg","id":"185"},"background_overlay_background":"classic","background_overlay_image":{"url":"http:\/\/sitefacilitado.com.br\/wp-content\/uploads\/2020\/02\/photo-1505373877841-8d25f7d46678-1.jpeg","id":"718"}},"elements":[{"id":"2afc0e9f","settings":{"_column_size":"100","content_position":"center","space_between_widgets":"10","align":"center"},"elements":[{"id":"b15b793","settings":{"content_width":{"unit":"px","size":"600","sizes":[]},"padding":{"unit":"em","top":"0","right":"0","bottom":"1","left":"0","isLinked":""}},"elements":[{"id":"47eed22","settings":{"_column_size":"100","space_between_widgets":"10"},"elements":[{"id":"9fe40f4","settings":{"title":" Unleash the Power Within ","header_size":"h3","align":"center","title_color":"rgba(255,255,255,0.55)","typography_typography":"custom","typography_font_family":"Barlow Condensed","typography_font_size":{"unit":"em","size":"0.9","sizes":[]},"typography_font_weight":"300","typography_text_transform":"uppercase","typography_line_height":{"unit":"em","size":"1","sizes":[]},"typography_letter_spacing":{"unit":"px","size":"4","sizes":[]},"_padding":{"unit":"em","top":"0","right":"0","bottom":"0","left":"0","isLinked":""}},"elements":[],"isInner":false,"widgetType":"heading","elType":"widget"},{"id":"32095b15","settings":{"title":"START LIVING THE LIFE OF YOUR DREAMS","align":"center","title_color":"#ffffff","typography_typography":"custom","typography_font_family":"Barlow Condensed","typography_font_size":{"unit":"em","size":"3.5","sizes":[]},"typography_font_weight":"500","typography_text_transform":"uppercase","typography_line_height":{"unit":"em","size":"1.3","sizes":[]},"typography_letter_spacing":{"unit":"px","size":"2","sizes":[]},"typography_font_size_tablet":{"unit":"em","size":"3.8","sizes":[]},"typography_font_size_mobile":{"unit":"em","size":"2.7","sizes":[]},"typography_letter_spacing_tablet":{"unit":"px","size":"2","sizes":[]},"typography_letter_spacing_mobile":{"unit":"px","size":"2","sizes":[]},"_padding":{"unit":"em","top":"0.5","right":"0","bottom":"1","left":"0","isLinked":""}},"elements":[],"isInner":false,"widgetType":"heading","elType":"widget"},{"id":"6f515439","settings":{"color":"#91a5ff","width":{"unit":"px","size":"80","sizes":[]},"gap":{"unit":"px","size":"2","sizes":[]},"align":"center","_padding":{"unit":"em","top":"0","right":"0","bottom":"1","left":"0","isLinked":""},"text":"Divisor"},"elements":[],"isInner":false,"widgetType":"divider","elType":"widget"},{"id":"32fdd229","settings":{"text":"Start here now","size":"md","typography_typography":"custom","typography_font_family":"Barlow Condensed","typography_font_size":{"unit":"em","size":"1","sizes":[]},"typography_font_weight":"400","typography_text_transform":"uppercase","typography_line_height":{"unit":"em","size":"1.6","sizes":[]},"typography_letter_spacing":{"unit":"px","size":"1.7","sizes":[]},"button_text_color":"#ffffff","background_color":"#91a5ff","border_width":{"unit":"px","top":"2","right":"2","bottom":"2","left":"2","isLinked":"1"},"border_color":"#4f6df5","border_radius":{"unit":"px","top":"100","right":"100","bottom":"100","left":"100","isLinked":"1"},"text_padding":{"unit":"em","top":"0.9","right":"2.8","bottom":"1","left":"2.8","isLinked":""},"_padding":{"unit":"em","top":"1","right":"0","bottom":"00.3","left":"0","isLinked":""},"align_tablet":"center","align":"center","hover_color":"#ffffff","button_background_hover_color":"#3a5cf4","hover_animation":"float"},"elements":[],"isInner":false,"widgetType":"button","elType":"widget"},{"id":"bb41ae6","settings":{"title":"top Awarded speaker","header_size":"h3","align":"center","title_color":"rgba(255,255,255,0.73)","typography_typography":"custom","typography_font_family":"Barlow Condensed","typography_font_size":{"unit":"em","size":"0.7","sizes":[]},"typography_font_weight":"400","typography_text_transform":"uppercase","typography_line_height":{"unit":"em","size":"1","sizes":[]},"typography_letter_spacing":{"unit":"px","size":"3","sizes":[]},"_padding":{"unit":"em","top":"","right":"","bottom":"","left":"","isLinked":"1"},"align_mobile":"center","link":{"url":"#","is_external":"","nofollow":""}},"elements":[],"isInner":false,"widgetType":"heading","elType":"widget"}],"isInner":"1","elType":"column"}],"isInner":"1","elType":"section"}],"isInner":"","elType":"column"}],"isInner":"","elType":"section"}]}