{"version":"0.4","title":"Eventos 20","type":"page","content":[{"id":"2384b082","settings":{"height":"min-height","custom_height":{"unit":"vh","size":"100","sizes":[]},"background_background":"gradient","background_color":"#2b9dd9","background_image":{"url":"https:\/\/wp.envatoextensions.com\/kit-108\/wp-content\/uploads\/sites\/111\/2019\/06\/photo-1554260570-9140fd3b7614.jpeg","id":"185"},"background_position":"center center","background_repeat":"no-repeat","background_size":"cover","background_overlay_background":"classic","background_overlay_color":"#2b9dd9","background_overlay_position":"center center","background_overlay_repeat":"no-repeat","background_overlay_size":"cover","background_overlay_opacity":{"unit":"px","size":"0.76","sizes":[]},"css_filters_contrast":{"unit":"px","size":"0","sizes":[]},"overlay_blend_mode":"multiply","padding":{"unit":"em","top":"","right":"","bottom":"","left":"","isLinked":"1"},"custom_height_tablet":{"unit":"vh","size":"100","sizes":[]},"padding_tablet":{"unit":"em","top":"3","right":"0","bottom":"0","left":"0","isLinked":""},"padding_mobile":{"unit":"em","top":"6","right":"1","bottom":"5","left":"1","isLinked":""},"background_color_b":"#892af7","background_gradient_angle":{"unit":"deg","size":"250","sizes":[]},"background_overlay_color_b":"#892af7","background_overlay_gradient_angle":{"unit":"deg","size":"300","sizes":[]},"background_overlay_image":{"url":"http:\/\/sitefacilitado.com.br\/wp-content\/uploads\/2020\/02\/photo-1512573314-17727dcdf45c.jpg","id":"730"}},"elements":[{"id":"3a00ee5a","settings":{"_column_size":"100","_inline_size":"52.807","_inline_size_tablet":"100"},"elements":[{"id":"3d06f3ab","settings":{"title":"John Harris","header_size":"h3","align":"left","title_color":"#ffffff","typography_typography":"custom","typography_font_family":"Barlow Condensed","typography_font_size":{"unit":"em","size":"0.9","sizes":[]},"typography_font_weight":"300","typography_text_transform":"uppercase","typography_line_height":{"unit":"em","size":"1","sizes":[]},"typography_letter_spacing":{"unit":"px","size":"4","sizes":[]},"_padding":{"unit":"em","top":"0","right":"0","bottom":"0","left":"0","isLinked":""},"align_tablet":"center"},"elements":[],"isInner":false,"widgetType":"heading","elType":"widget"},{"id":"75a3b639","settings":{"title":"Coming Soon","header_size":"h1","align":"left","title_color":"#ffffff","typography_typography":"custom","typography_font_family":"Barlow Condensed","typography_font_size":{"unit":"em","size":"5.5","sizes":[]},"typography_font_weight":"500","typography_text_transform":"uppercase","typography_line_height":{"unit":"em","size":"1.3","sizes":[]},"typography_letter_spacing":{"unit":"px","size":"10","sizes":[]},"typography_font_size_tablet":{"unit":"em","size":"3.8","sizes":[]},"typography_font_size_mobile":{"unit":"em","size":"2.6","sizes":[]},"typography_letter_spacing_tablet":{"unit":"px","size":"7","sizes":[]},"typography_letter_spacing_mobile":{"unit":"px","size":"6","sizes":[]},"align_tablet":"center"},"elements":[],"isInner":false,"widgetType":"heading","elType":"widget"},{"id":"40f4775f","settings":{"title":"Top Motivational Speker","header_size":"h3","align":"left","title_color":"#ffffff","typography_typography":"custom","typography_font_family":"Barlow Condensed","typography_font_size":{"unit":"em","size":"0.9","sizes":[]},"typography_font_weight":"300","typography_text_transform":"uppercase","typography_line_height":{"unit":"em","size":"1","sizes":[]},"typography_letter_spacing":{"unit":"px","size":"17","sizes":[]},"_padding":{"unit":"em","top":"0","right":"0","bottom":"0","left":"0","isLinked":""},"align_tablet":"center","typography_letter_spacing_tablet":{"unit":"px","size":"9.6","sizes":[]},"typography_letter_spacing_mobile":{"unit":"px","size":"5.8","sizes":[]}},"elements":[],"isInner":false,"widgetType":"heading","elType":"widget"},{"id":"410e3ebe","settings":{"text":"Follow me on twitter","size":"md","typography_typography":"custom","typography_font_family":"Barlow Condensed","typography_font_size":{"unit":"em","size":"1","sizes":[]},"typography_font_weight":"400","typography_text_transform":"uppercase","typography_line_height":{"unit":"em","size":"1.7","sizes":[]},"typography_letter_spacing":{"unit":"px","size":"1.7","sizes":[]},"button_text_color":"#ffffff","background_color":"#91a5ff","border_width":{"unit":"px","top":"2","right":"2","bottom":"2","left":"2","isLinked":"1"},"border_color":"#4f6df5","border_radius":{"unit":"px","top":"100","right":"100","bottom":"100","left":"100","isLinked":"1"},"text_padding":{"unit":"em","top":"0.95","right":"2.8","bottom":"1","left":"2.8","isLinked":""},"_padding":{"unit":"em","top":"2","right":"0","bottom":"0","left":"0","isLinked":""},"align_tablet":"center"},"elements":[],"isInner":false,"widgetType":"button","elType":"widget"},{"id":"7bef8ef6","settings":{"social_icon_list":[{"social":"fa fa-youtube","link":{"url":"","is_external":"true","nofollow":""},"_id":"28ba356","social_icon":{"value":"fab fa-wordpress","library":"fa-brands"},"item_icon_color":"default","item_icon_primary_color":"","item_icon_secondary_color":""},{"social":"fa fa-facebook","_id":"ae482ac","link":{"url":"","is_external":"true","nofollow":""},"social_icon":{"value":"fab fa-wordpress","library":"fa-brands"},"item_icon_color":"default","item_icon_primary_color":"","item_icon_secondary_color":""},{"social":"fa fa-twitter","_id":"6dc08df","link":{"url":"","is_external":"true","nofollow":""},"social_icon":{"value":"fab fa-wordpress","library":"fa-brands"},"item_icon_color":"default","item_icon_primary_color":"","item_icon_secondary_color":""},{"social":"fa fa-instagram","link":{"url":"","is_external":"true","nofollow":""},"_id":"5d5755b","social_icon":{"value":"fab fa-wordpress","library":"fa-brands"},"item_icon_color":"default","item_icon_primary_color":"","item_icon_secondary_color":""},{"social":"fa fa-pinterest","link":{"url":"","is_external":"true","nofollow":""},"_id":"9141e3f","social_icon":{"value":"fab fa-wordpress","library":"fa-brands"},"item_icon_color":"default","item_icon_primary_color":"","item_icon_secondary_color":""}],"icon_color":"custom","icon_primary_color":"rgba(79,109,245,0.08)","icon_secondary_color":"#ffffff","icon_size":{"unit":"px","size":"15","sizes":[]},"icon_padding":{"unit":"em","size":"0.9","sizes":[]},"icon_spacing":{"unit":"px","size":"9","sizes":[]},"border_radius":{"unit":"px","top":"100","right":"100","bottom":"100","left":"100","isLinked":"1"},"hover_primary_color":"#4f6df5","hover_secondary_color":"#ffffff","hover_animation":"grow","icon_size_tablet":{"unit":"px","size":"15","sizes":[]},"icon_size_mobile":{"unit":"px","size":"12","sizes":[]},"_padding":{"unit":"em","top":"0.5","right":"0","bottom":"0.5","left":"0","isLinked":""},"align_tablet":"center","align":""},"elements":[],"isInner":false,"widgetType":"social-icons","elType":"widget"}],"isInner":"","elType":"column"},{"id":"266efea6","settings":{"_column_size":"100","_inline_size":"7.895","_inline_size_tablet":"100"},"elements":[],"isInner":"","elType":"column"},{"id":"f159d1e","settings":{"_column_size":"100","_inline_size":"40.791","_inline_size_tablet":"100","content_position":"center","padding_tablet":{"unit":"em","top":"0","right":"6","bottom":"0","left":"6","isLinked":""},"padding_mobile":{"unit":"em","top":"0","right":"0","bottom":"0","left":"0","isLinked":"1"}},"elements":[{"id":"464244fe","settings":{"due_date":"2020-02-07 13:13","show_seconds":"","label_days":"Days","label_hours":"Hours","label_minutes":"Minutes","label_seconds":"Seconds","container_width":{"unit":"%","size":"55","sizes":[]},"box_background_color":"rgba(0,0,0,0)","box_spacing":{"unit":"px","size":"12","sizes":[]},"box_padding":{"unit":"px","top":"0","right":"0","bottom":"0","left":"0","isLinked":"1"},"digits_color":"#ffffff","digits_typography_typography":"custom","digits_typography_font_family":"Barlow Condensed","digits_typography_font_size":{"unit":"em","size":"2","sizes":[]},"digits_typography_font_weight":"400","digits_typography_letter_spacing":{"unit":"px","size":"1","sizes":[]},"label_color":"rgba(255,255,255,0.62)","label_typography_typography":"custom","label_typography_font_family":"Barlow Condensed","label_typography_font_size":{"unit":"em","size":"0.7","sizes":[]},"label_typography_font_weight":"300","label_typography_text_transform":"uppercase","label_typography_letter_spacing":{"unit":"px","size":"2","sizes":[]}},"elements":[],"isInner":false,"widgetType":"countdown","elType":"widget"},{"id":"3f1fdc8f","settings":{"form_name":"New Form","form_fields":[{"custom_id":"email","field_type":"email","required":"true","field_label":"Email","placeholder":"   Don't miss the launch! Enter email.","width":"80","_id":"c2bf358","field_options":"","allow_multiple":"","select_size":"","inline_list":"","field_html":"","width_tablet":"","width_mobile":"80","rows":"4","recaptcha_size":"normal","recaptcha_style":"light","css_classes":"","field_value":"","recaptcha_badge":"bottomright"}],"input_size":"md","button_text":"","button_size":"md","email_content":"[all-fields]","email_content_2":"[all-fields]","success_message":"The form was sent successfully.","error_message":"An error occured.","required_field_message":"This field is required.","invalid_message":"There's something wrong. The form is invalid.","column_gap":{"unit":"px","size":"0","sizes":[]},"row_gap":{"unit":"px","size":"0","sizes":[]},"label_color":"#161c2d","label_typography_typography":"custom","label_typography_font_family":"Barlow","label_typography_font_size":{"unit":"em","size":"1","sizes":[]},"label_typography_font_weight":"400","label_typography_line_height":{"unit":"em","size":"1.8","sizes":[]},"field_text_color":"#ffffff","field_typography_typography":"custom","field_typography_font_family":"Hind","field_typography_font_size":{"unit":"em","size":"1","sizes":[]},"field_typography_font_weight":"300","field_typography_line_height":{"unit":"em","size":"2.7","sizes":[]},"field_typography_letter_spacing":{"unit":"px","size":"0","sizes":[]},"field_border_color":"rgba(79,109,245,0.08)","field_border_radius":{"unit":"px","top":"100","right":"0","bottom":"0","left":"100","isLinked":""},"button_background_color":"#91a5ff","button_text_color":"#ffffff","button_typography_typography":"custom","button_typography_font_family":"Barlow Condensed","button_typography_font_size":{"unit":"em","size":"1.2","sizes":[]},"button_typography_font_weight":"400","button_typography_text_transform":"uppercase","button_typography_line_height":{"unit":"em","size":"1.8","sizes":[]},"button_typography_letter_spacing":{"unit":"px","size":"3.6","sizes":[]},"button_border_radius":{"unit":"px","top":"0","right":"100","bottom":"100","left":"0","isLinked":""},"show_labels":"","button_text_padding":{"unit":"em","top":"0.6","right":"1","bottom":"0.6","left":"1.6","isLinked":""},"button_width":"20","button_icon":"fa fa-angle-right","field_background_color":"rgba(79,109,245,0.08)","button_width_mobile":"20"},"elements":[],"isInner":false,"widgetType":"form","elType":"widget"}],"isInner":"","elType":"column"}],"isInner":"","elType":"section"}]}