{"version":"0.4","title":"eventos 9","type":"page","content":[{"id":"420a9a34","settings":{"padding":{"unit":"em","top":"7","right":"0","bottom":"7","left":"0","isLinked":""},"gap":"wider","background_background":"classic","background_color":"#f9fbfd","padding_mobile":{"unit":"em","top":"05","right":"0","bottom":"06","left":"0","isLinked":""}},"elements":[{"id":"309b941d","settings":{"_column_size":"100","padding":{"unit":"em","top":"1","right":"1","bottom":"1","left":"2","isLinked":""},"_inline_size_tablet":"100","padding_mobile":{"unit":"em","top":"1","right":"1","bottom":"1","left":"1","isLinked":"1"}},"elements":[{"id":"3af8c227","settings":{"content_width":{"unit":"px","size":"645","sizes":[]},"background_background":"classic","background_color":"#f9fbfd","padding":{"unit":"em","top":"0","right":"0","bottom":"3","left":"0","isLinked":""}},"elements":[{"id":"23b0854f","settings":{"_column_size":"100"},"elements":[{"id":"73773a2f","settings":{"title":"Have a totally different life.","header_size":"h3","align":"center","title_color":"#657182","typography_typography":"custom","typography_font_family":"Barlow Condensed","typography_font_size":{"unit":"em","size":"0.9","sizes":[]},"typography_font_weight":"300","typography_text_transform":"uppercase","typography_line_height":{"unit":"em","size":"1","sizes":[]},"typography_letter_spacing":{"unit":"px","size":"4","sizes":[]},"_padding":{"unit":"em","top":"0","right":"0","bottom":"0","left":"0","isLinked":""}},"elements":[],"isInner":false,"widgetType":"heading","elType":"widget"},{"id":"3fefd5c7","settings":{"title":"John's Programs","align":"center","title_color":"#212529","typography_typography":"custom","typography_font_family":"Barlow Condensed","typography_font_size":{"unit":"em","size":"5.8","sizes":[]},"typography_font_weight":"500","typography_text_transform":"uppercase","typography_line_height":{"unit":"em","size":"1.1","sizes":[]},"typography_letter_spacing":{"unit":"px","size":"2","sizes":[]},"typography_font_size_tablet":{"unit":"em","size":"3.8","sizes":[]},"typography_font_size_mobile":{"unit":"em","size":"3.6","sizes":[]},"typography_letter_spacing_tablet":{"unit":"px","size":"2","sizes":[]},"typography_letter_spacing_mobile":{"unit":"px","size":"6","sizes":[]},"_padding":{"unit":"em","top":"0.5","right":"0","bottom":"1","left":"0","isLinked":""},"header_size":"h1"},"elements":[],"isInner":false,"widgetType":"heading","elType":"widget"},{"id":"6fd09e99","settings":{"color":"#91a5ff","width":{"unit":"px","size":"80","sizes":[]},"gap":{"unit":"px","size":"2","sizes":[]},"align":"center","_padding":{"unit":"em","top":"0","right":"0","bottom":"0","left":"0","isLinked":""},"text":"Divisor"},"elements":[],"isInner":false,"widgetType":"divider","elType":"widget"},{"id":"4b5d105d","settings":{"title":"John's speaches are based on <i>5 key areas<\/i> of life","align":"center","title_color":"#212529","typography_typography":"custom","typography_font_family":"Barlow Condensed","typography_font_size":{"unit":"em","size":"1.4","sizes":[]},"typography_font_weight":"500","typography_text_transform":"uppercase","typography_line_height":{"unit":"em","size":"1.3","sizes":[]},"typography_letter_spacing":{"unit":"px","size":"1","sizes":[]},"typography_font_size_tablet":{"unit":"em","size":"1.1","sizes":[]},"typography_font_size_mobile":{"unit":"em","size":"1.1","sizes":[]},"typography_letter_spacing_tablet":{"unit":"px","size":"2","sizes":[]},"typography_letter_spacing_mobile":{"unit":"px","size":"1","sizes":[]},"_padding":{"unit":"em","top":"0.5","right":"0","bottom":"0","left":"0","isLinked":""},"header_size":"h3","typography_line_height_mobile":{"unit":"em","size":"1.5","sizes":[]}},"elements":[],"isInner":false,"widgetType":"heading","elType":"widget"}],"isInner":"1","elType":"column"}],"isInner":"1","elType":"section"},{"id":"2c889936","settings":{"structure":"30"},"elements":[{"id":"fab4e","settings":{"_column_size":"33","space_between_widgets":"0","background_background":"classic","background_color":"#ffffff","border_radius":{"unit":"px","top":"10","right":"10","bottom":"10","left":"10","isLinked":"1"},"box_shadow_box_shadow":{"horizontal":"0","vertical":"11","blur":"30","spread":"0","color":"rgba(0,17,58,0.05)"},"margin":{"unit":"px","top":"15","right":"15","bottom":"15","left":"15","isLinked":"1"},"padding":{"unit":"px","top":"50","right":"55","bottom":"46","left":"55","isLinked":""},"content_position":"center","border_border":"solid","border_width":{"unit":"px","top":"1","right":"1","bottom":"1","left":"1","isLinked":"1"},"border_color":"rgba(233,236,239,0.5)","_inline_size_tablet":"50"},"elements":[{"id":"7f383f1c","settings":{"title":"Wisi flagcllls proveniens ut usus cras hosticum, ExceSsivos id arcui ut virtutis est septima humilime consurgunt.","header_size":"h3","title_color":"#657182","typography_typography":"custom","typography_font_family":"Barlow Condensed","typography_font_size":{"unit":"em","size":"1","sizes":[]},"typography_font_weight":"400","typography_text_transform":"uppercase","typography_line_height":{"unit":"em","size":"1.6","sizes":[]},"_padding":{"unit":"em","top":"0","right":"0","bottom":"1.6","left":"0","isLinked":""},"align":"center"},"elements":[],"isInner":false,"widgetType":"heading","elType":"widget"},{"id":"30d75fb5","settings":{"title":"Career & Influence","header_size":"h3","title_color":"#212529","typography_typography":"custom","typography_font_family":"Barlow Condensed","typography_font_size":{"unit":"em","size":"1","sizes":[]},"typography_font_weight":"600","typography_text_transform":"uppercase","typography_line_height":{"unit":"em","size":"2.1","sizes":[]},"typography_letter_spacing":{"unit":"px","size":"1.2","sizes":[]},"_padding":{"unit":"em","top":"0","right":"0","bottom":"0","left":"0","isLinked":""},"align_mobile":"center","align":"center"},"elements":[],"isInner":false,"widgetType":"heading","elType":"widget"},{"id":"133c9ccd","settings":{"title":"Learn More","header_size":"h3","title_color":"#4040e8","typography_typography":"custom","typography_font_family":"Open Sans","typography_font_size":{"unit":"em","size":"0.85","sizes":[]},"typography_font_weight":"300","typography_line_height":{"unit":"em","size":"1.2","sizes":[]},"_padding":{"unit":"em","top":"0","right":"0","bottom":"0","left":"0","isLinked":""},"align_mobile":"center","align":"center","link":{"url":"#","is_external":"","nofollow":""}},"elements":[],"isInner":false,"widgetType":"heading","elType":"widget"}],"isInner":"1","elType":"column"},{"id":"6168aeed","settings":{"_column_size":"33","space_between_widgets":"0","background_background":"classic","background_color":"#ffffff","border_radius":{"unit":"px","top":"10","right":"10","bottom":"10","left":"10","isLinked":"1"},"box_shadow_box_shadow":{"horizontal":"0","vertical":"11","blur":"30","spread":"0","color":"rgba(0,17,58,0.05)"},"margin":{"unit":"px","top":"15","right":"15","bottom":"15","left":"15","isLinked":"1"},"padding":{"unit":"px","top":"50","right":"55","bottom":"46","left":"55","isLinked":""},"content_position":"center","border_border":"solid","border_width":{"unit":"px","top":"1","right":"1","bottom":"1","left":"1","isLinked":"1"},"border_color":"rgba(233,236,239,0.5)","_inline_size_tablet":"50"},"elements":[{"id":"abcf5f1","settings":{"title":"Lius amititiae concernunt te nemo quae dominant, CharYbdium si class id facilius dui videtur eleifend laborandum.","header_size":"h3","title_color":"#657182","typography_typography":"custom","typography_font_family":"Barlow Condensed","typography_font_size":{"unit":"em","size":"1","sizes":[]},"typography_font_weight":"400","typography_text_transform":"uppercase","typography_line_height":{"unit":"em","size":"1.6","sizes":[]},"_padding":{"unit":"em","top":"0","right":"0","bottom":"1.6","left":"0","isLinked":""},"align":"center"},"elements":[],"isInner":false,"widgetType":"heading","elType":"widget"},{"id":"7a9a881b","settings":{"title":"Lifestyle & Productivity","header_size":"h3","title_color":"#212529","typography_typography":"custom","typography_font_family":"Barlow Condensed","typography_font_size":{"unit":"em","size":"1","sizes":[]},"typography_font_weight":"600","typography_text_transform":"uppercase","typography_line_height":{"unit":"em","size":"2.1","sizes":[]},"typography_letter_spacing":{"unit":"px","size":"1.2","sizes":[]},"_padding":{"unit":"em","top":"0","right":"0","bottom":"0","left":"0","isLinked":""},"align_mobile":"center","align":"center"},"elements":[],"isInner":false,"widgetType":"heading","elType":"widget"},{"id":"6990b842","settings":{"title":"Learn More","header_size":"h3","title_color":"#4040e8","typography_typography":"custom","typography_font_family":"Open Sans","typography_font_size":{"unit":"em","size":"0.85","sizes":[]},"typography_font_weight":"300","typography_line_height":{"unit":"em","size":"1.2","sizes":[]},"_padding":{"unit":"em","top":"0","right":"0","bottom":"0","left":"0","isLinked":""},"align_mobile":"center","align":"center","link":{"url":"#","is_external":"","nofollow":""}},"elements":[],"isInner":false,"widgetType":"heading","elType":"widget"}],"isInner":"1","elType":"column"},{"id":"31842d62","settings":{"_column_size":"33","space_between_widgets":"0","background_background":"classic","background_color":"#ffffff","border_radius":{"unit":"px","top":"10","right":"10","bottom":"10","left":"10","isLinked":"1"},"box_shadow_box_shadow":{"horizontal":"0","vertical":"11","blur":"30","spread":"0","color":"rgba(0,17,58,0.05)"},"margin":{"unit":"px","top":"15","right":"15","bottom":"15","left":"15","isLinked":"1"},"padding":{"unit":"px","top":"50","right":"55","bottom":"46","left":"55","isLinked":""},"content_position":"center","border_border":"solid","border_width":{"unit":"px","top":"1","right":"1","bottom":"1","left":"1","isLinked":"1"},"border_color":"rgba(233,236,239,0.5)","_inline_size_tablet":"100"},"elements":[{"id":"607acc74","settings":{"title":"Nibh feliciori aspernatur et cras pede gloriose, HibeRnorum mi fusce at politius dui origine promisti charybdium.","header_size":"h3","title_color":"#657182","typography_typography":"custom","typography_font_family":"Barlow Condensed","typography_font_size":{"unit":"em","size":"1","sizes":[]},"typography_font_weight":"400","typography_text_transform":"uppercase","typography_line_height":{"unit":"em","size":"1.6","sizes":[]},"_padding":{"unit":"em","top":"0","right":"0","bottom":"1.6","left":"0","isLinked":""},"align":"center"},"elements":[],"isInner":false,"widgetType":"heading","elType":"widget"},{"id":"1bd38aeb","settings":{"title":"Mind & Spirit","header_size":"h3","title_color":"#212529","typography_typography":"custom","typography_font_family":"Barlow Condensed","typography_font_size":{"unit":"em","size":"1","sizes":[]},"typography_font_weight":"600","typography_text_transform":"uppercase","typography_line_height":{"unit":"em","size":"2.1","sizes":[]},"typography_letter_spacing":{"unit":"px","size":"1.2","sizes":[]},"_padding":{"unit":"em","top":"0","right":"0","bottom":"0","left":"0","isLinked":""},"align_mobile":"center","align":"center"},"elements":[],"isInner":false,"widgetType":"heading","elType":"widget"},{"id":"6be94963","settings":{"title":"Learn More","header_size":"h3","title_color":"#4040e8","typography_typography":"custom","typography_font_family":"Open Sans","typography_font_size":{"unit":"em","size":"0.85","sizes":[]},"typography_font_weight":"300","typography_line_height":{"unit":"em","size":"1.2","sizes":[]},"_padding":{"unit":"em","top":"0","right":"0","bottom":"0","left":"0","isLinked":""},"align_mobile":"center","align":"center","link":{"url":"#","is_external":"","nofollow":""}},"elements":[],"isInner":false,"widgetType":"heading","elType":"widget"}],"isInner":"1","elType":"column"}],"isInner":"1","elType":"section"},{"id":"36af322e","settings":{"structure":"30"},"elements":[{"id":"3b660fdf","settings":{"_column_size":"33","space_between_widgets":"0","background_background":"classic","background_color":"#ffffff","border_radius":{"unit":"px","top":"10","right":"10","bottom":"10","left":"10","isLinked":"1"},"box_shadow_box_shadow":{"horizontal":"0","vertical":"11","blur":"30","spread":"0","color":"rgba(0,17,58,0.05)"},"margin":{"unit":"px","top":"15","right":"15","bottom":"15","left":"15","isLinked":"1"},"padding":{"unit":"px","top":"50","right":"55","bottom":"46","left":"55","isLinked":""},"content_position":"center","border_border":"solid","border_width":{"unit":"px","top":"1","right":"1","bottom":"1","left":"1","isLinked":"1"},"border_color":"rgba(233,236,239,0.5)","_inline_size_tablet":"50"},"elements":[{"id":"16012e8c","settings":{"title":"Ipsa statuitis cognominum si modo modo parietes, DoloRemque si metus at malitiae dui frustra insultum pronunciam.","header_size":"h3","title_color":"#657182","typography_typography":"custom","typography_font_family":"Barlow Condensed","typography_font_size":{"unit":"em","size":"1","sizes":[]},"typography_font_weight":"400","typography_text_transform":"uppercase","typography_line_height":{"unit":"em","size":"1.6","sizes":[]},"_padding":{"unit":"em","top":"0","right":"0","bottom":"1.6","left":"0","isLinked":""},"align":"center"},"elements":[],"isInner":false,"widgetType":"heading","elType":"widget"},{"id":"2e230a27","settings":{"title":"Health & Fitness","header_size":"h3","title_color":"#212529","typography_typography":"custom","typography_font_family":"Barlow Condensed","typography_font_size":{"unit":"em","size":"1","sizes":[]},"typography_font_weight":"600","typography_text_transform":"uppercase","typography_line_height":{"unit":"em","size":"2.1","sizes":[]},"typography_letter_spacing":{"unit":"px","size":"1.2","sizes":[]},"_padding":{"unit":"em","top":"0","right":"0","bottom":"0","left":"0","isLinked":""},"align_mobile":"center","align":"center"},"elements":[],"isInner":false,"widgetType":"heading","elType":"widget"},{"id":"5e8d547c","settings":{"title":"Learn More","header_size":"h3","title_color":"#4040e8","typography_typography":"custom","typography_font_family":"Open Sans","typography_font_size":{"unit":"em","size":"0.85","sizes":[]},"typography_font_weight":"300","typography_line_height":{"unit":"em","size":"1.2","sizes":[]},"_padding":{"unit":"em","top":"0","right":"0","bottom":"0","left":"0","isLinked":""},"align_mobile":"center","align":"center","link":{"url":"#","is_external":"","nofollow":""}},"elements":[],"isInner":false,"widgetType":"heading","elType":"widget"}],"isInner":"1","elType":"column"},{"id":"4232f9f5","settings":{"_column_size":"33","space_between_widgets":"0","background_background":"classic","background_color":"#ffffff","border_radius":{"unit":"px","top":"10","right":"10","bottom":"10","left":"10","isLinked":"1"},"box_shadow_box_shadow":{"horizontal":"0","vertical":"11","blur":"30","spread":"0","color":"rgba(0,17,58,0.05)"},"margin":{"unit":"px","top":"15","right":"15","bottom":"15","left":"15","isLinked":"1"},"padding":{"unit":"px","top":"50","right":"55","bottom":"46","left":"55","isLinked":""},"content_position":"center","border_border":"solid","border_width":{"unit":"px","top":"1","right":"1","bottom":"1","left":"1","isLinked":"1"},"border_color":"rgba(233,236,239,0.5)","_inline_size_tablet":"50"},"elements":[{"id":"5605806b","settings":{"title":"Vero mollitiem apostrophe in arcu quae expedita, AspeRiores si magni si ministri vel patriae repellat haeredissa.","header_size":"h3","title_color":"#657182","typography_typography":"custom","typography_font_family":"Barlow Condensed","typography_font_size":{"unit":"em","size":"1","sizes":[]},"typography_font_weight":"400","typography_text_transform":"uppercase","typography_line_height":{"unit":"em","size":"1.6","sizes":[]},"_padding":{"unit":"em","top":"0","right":"0","bottom":"1.6","left":"0","isLinked":""},"align":"center"},"elements":[],"isInner":false,"widgetType":"heading","elType":"widget"},{"id":"75e013ae","settings":{"title":"Love & Relationships","header_size":"h3","title_color":"#212529","typography_typography":"custom","typography_font_family":"Barlow Condensed","typography_font_size":{"unit":"em","size":"1","sizes":[]},"typography_font_weight":"600","typography_text_transform":"uppercase","typography_line_height":{"unit":"em","size":"2.1","sizes":[]},"typography_letter_spacing":{"unit":"px","size":"1.2","sizes":[]},"_padding":{"unit":"em","top":"0","right":"0","bottom":"0","left":"0","isLinked":""},"align_mobile":"center","align":"center"},"elements":[],"isInner":false,"widgetType":"heading","elType":"widget"},{"id":"5ad1ac46","settings":{"title":"Learn More","header_size":"h3","title_color":"#4040e8","typography_typography":"custom","typography_font_family":"Open Sans","typography_font_size":{"unit":"em","size":"0.85","sizes":[]},"typography_font_weight":"300","typography_line_height":{"unit":"em","size":"1.2","sizes":[]},"_padding":{"unit":"em","top":"0","right":"0","bottom":"0","left":"0","isLinked":""},"align_mobile":"center","align":"center","link":{"url":"#","is_external":"","nofollow":""}},"elements":[],"isInner":false,"widgetType":"heading","elType":"widget"}],"isInner":"1","elType":"column"},{"id":"335543e2","settings":{"_column_size":"33","space_between_widgets":"0","background_color":"#ffffff","border_radius":{"unit":"px","top":"10","right":"10","bottom":"10","left":"10","isLinked":"1"},"box_shadow_box_shadow":{"horizontal":"0","vertical":"11","blur":"30","spread":"0","color":"rgba(0,17,58,0.05)"},"margin":{"unit":"px","top":"15","right":"15","bottom":"15","left":"15","isLinked":"1"},"padding":{"unit":"px","top":"50","right":"55","bottom":"46","left":"55","isLinked":""},"content_position":"center","border_width":{"unit":"px","top":"1","right":"1","bottom":"1","left":"1","isLinked":"1"},"border_color":"rgba(233,236,239,0.5)","_inline_size_tablet":"100","padding_mobile":{"unit":"px","top":"1","right":"1","bottom":"1","left":"1","isLinked":"1"}},"elements":[{"id":"330d0a94","settings":{"title":"Discover more john's programs","header_size":"h3","align":"center","title_color":"#252930","typography_typography":"custom","typography_font_family":"Barlow Condensed","typography_font_size":{"unit":"em","size":"1.2","sizes":[]},"typography_font_weight":"500","typography_text_transform":"uppercase","typography_line_height":{"unit":"em","size":"1.7","sizes":[]},"typography_letter_spacing":{"unit":"px","size":"1.5","sizes":[]},"_padding":{"unit":"em","top":"0","right":"0","bottom":"0","left":"0","isLinked":""},"align_mobile":"center"},"elements":[],"isInner":false,"widgetType":"heading","elType":"widget"},{"id":"5df435f2","settings":{"text":"More Programs","size":"md","typography_typography":"custom","typography_font_family":"Barlow Condensed","typography_font_size":{"unit":"em","size":"1","sizes":[]},"typography_font_weight":"400","typography_text_transform":"uppercase","typography_line_height":{"unit":"em","size":"1.6","sizes":[]},"typography_letter_spacing":{"unit":"px","size":"1.7","sizes":[]},"button_text_color":"#ffffff","background_color":"#91a5ff","border_width":{"unit":"px","top":"2","right":"2","bottom":"2","left":"2","isLinked":"1"},"border_color":"#4f6df5","border_radius":{"unit":"px","top":"100","right":"100","bottom":"100","left":"100","isLinked":"1"},"text_padding":{"unit":"em","top":"0.95","right":"2.8","bottom":"0.95","left":"2.8","isLinked":""},"_padding":{"unit":"em","top":"2","right":"0","bottom":"0","left":"0","isLinked":""},"align_tablet":"center","align":"center","hover_color":"#ffffff","button_background_hover_color":"#3a5cf4","hover_animation":"float"},"elements":[],"isInner":false,"widgetType":"button","elType":"widget"}],"isInner":"1","elType":"column"}],"isInner":"1","elType":"section"},{"id":"4f8da35e","settings":{"padding":{"unit":"em","top":"5","right":"0","bottom":"0","left":"0","isLinked":""},"background_background":"classic","background_color":"#f9fbfd"},"elements":[{"id":"62fc5c10","settings":{"_column_size":"100"},"elements":[{"id":"586d5814","settings":{"title":"Trusted by over 200 of the world\u2019s leading companies","align":"center","title_color":"#212529","typography_typography":"custom","typography_font_family":"Barlow Condensed","typography_font_size":{"unit":"em","size":"1.4","sizes":[]},"typography_font_weight":"500","typography_text_transform":"uppercase","typography_line_height":{"unit":"em","size":"1.3","sizes":[]},"typography_letter_spacing":{"unit":"px","size":"1","sizes":[]},"typography_font_size_tablet":{"unit":"em","size":"1.1","sizes":[]},"typography_font_size_mobile":{"unit":"em","size":"1.1","sizes":[]},"typography_letter_spacing_tablet":{"unit":"px","size":"2","sizes":[]},"typography_letter_spacing_mobile":{"unit":"px","size":"1","sizes":[]},"_padding":{"unit":"em","top":"0.5","right":"0","bottom":"0","left":"0","isLinked":""},"header_size":"h3","typography_line_height_mobile":{"unit":"em","size":"1.5","sizes":[]}},"elements":[],"isInner":false,"widgetType":"heading","elType":"widget"}],"isInner":"1","elType":"column"}],"isInner":"1","elType":"section"},{"id":"340ae8f5","settings":{"structure":"50","background_background":"classic","background_color":"#f9fbfd","padding":{"unit":"em","top":"2","right":"0","bottom":"0","left":"0","isLinked":""},"content_width":{"unit":"px","size":"908","sizes":[]}},"elements":[{"id":"45ca464f","settings":{"_column_size":"20","_inline_size_mobile":"50"},"elements":[{"id":"451165a6","settings":{"image":{"url":"http:\/\/sitefacilitado.com.br\/wp-content\/uploads\/2020\/02\/client4.png","id":"720"},"image_size":"custom","image_custom_dimension":{"width":"200","height":"100"},"opacity":{"unit":"px","size":"0.75","sizes":[]}},"elements":[],"isInner":false,"widgetType":"image","elType":"widget"}],"isInner":"1","elType":"column"},{"id":"5d908263","settings":{"_column_size":"20","_inline_size_mobile":"50"},"elements":[{"id":"23be8bd6","settings":{"image":{"url":"http:\/\/sitefacilitado.com.br\/wp-content\/uploads\/2020\/02\/client3.png","id":"721"},"image_size":"custom","image_custom_dimension":{"width":"200","height":"100"},"opacity":{"unit":"px","size":"0.75","sizes":[]}},"elements":[],"isInner":false,"widgetType":"image","elType":"widget"}],"isInner":"1","elType":"column"},{"id":"37866104","settings":{"_column_size":"20","_inline_size_mobile":"50"},"elements":[{"id":"5b6d95ae","settings":{"image":{"url":"http:\/\/sitefacilitado.com.br\/wp-content\/uploads\/2020\/02\/client05-1.png","id":"722"},"image_size":"custom","image_custom_dimension":{"width":"200","height":"100"},"opacity":{"unit":"px","size":"0.75","sizes":[]}},"elements":[],"isInner":false,"widgetType":"image","elType":"widget"}],"isInner":"1","elType":"column"},{"id":"4cc4fdff","settings":{"_column_size":"20","_inline_size_mobile":"50"},"elements":[{"id":"17c3f8d4","settings":{"image":{"url":"http:\/\/sitefacilitado.com.br\/wp-content\/uploads\/2020\/02\/client01.png","id":"723"},"image_size":"custom","image_custom_dimension":{"width":"200","height":"100"},"opacity":{"unit":"px","size":"0.75","sizes":[]}},"elements":[],"isInner":false,"widgetType":"image","elType":"widget"}],"isInner":"1","elType":"column"},{"id":"49d6cad6","settings":{"_column_size":"20"},"elements":[{"id":"6e2dac21","settings":{"image":{"url":"http:\/\/sitefacilitado.com.br\/wp-content\/uploads\/2020\/02\/client2.png","id":"724"},"image_size":"custom","image_custom_dimension":{"width":"200","height":"100"},"opacity":{"unit":"px","size":"0.75","sizes":[]}},"elements":[],"isInner":false,"widgetType":"image","elType":"widget"}],"isInner":"1","elType":"column"}],"isInner":"1","elType":"section"},{"id":"3ec97680","settings":{"padding":{"unit":"em","top":"3","right":"0","bottom":"0","left":"0","isLinked":""},"background_background":"classic","background_color":"#f9fbfd","content_width":{"unit":"px","size":"761","sizes":[]}},"elements":[{"id":"370423b9","settings":{"_column_size":"100","space_between_widgets":"5"},"elements":[{"id":"68e52f30","settings":{"title":"Bring John into your school or business","align":"center","title_color":"#212529","typography_typography":"custom","typography_font_family":"Barlow Condensed","typography_font_size":{"unit":"em","size":"2.7","sizes":[]},"typography_font_weight":"500","typography_text_transform":"uppercase","typography_line_height":{"unit":"em","size":"1.3","sizes":[]},"typography_letter_spacing":{"unit":"px","size":"1","sizes":[]},"typography_font_size_tablet":{"unit":"em","size":"2.5","sizes":[]},"typography_font_size_mobile":{"unit":"em","size":"2.2","sizes":[]},"typography_letter_spacing_tablet":{"unit":"px","size":"2","sizes":[]},"typography_letter_spacing_mobile":{"unit":"px","size":"2","sizes":[]},"_padding":{"unit":"em","top":"0","right":"8","bottom":"0","left":"8","isLinked":""},"header_size":"h3","_padding_mobile":{"unit":"em","top":"0","right":"0","bottom":"0","left":"0","isLinked":""}},"elements":[],"isInner":false,"widgetType":"heading","elType":"widget"},{"id":"615b548d","settings":{"color":"#91a5ff","width":{"unit":"px","size":"80","sizes":[]},"gap":{"unit":"px","size":"2","sizes":[]},"align":"center","_padding":{"unit":"em","top":"1.2","right":"0","bottom":"0","left":"0","isLinked":""},"text":"Divisor"},"elements":[],"isInner":false,"widgetType":"divider","elType":"widget"},{"id":"2302a1e","settings":{"editor":"<p><span style=\"font-size: 1.05em; letter-spacing: 0px;\">Sed ut perspiciatis unde omnis iste natus error sit voluptatem accusantium doloremque la<\/span>\u00a0qsuas wisi d rationes contestationibus eius. Stupore eos amet mi libere. Netus et explere wisi proin possimus mus nobis lacus merentur Orbare.<\/p>","text_color":"#657182","typography_typography":"custom","typography_font_family":"Open Sans","typography_font_size":{"unit":"em","size":"1.05","sizes":[]},"typography_font_weight":"300","typography_line_height":{"unit":"em","size":"1.75","sizes":[]},"typography_letter_spacing":{"unit":"px","size":"0","sizes":[]},"align_mobile":"center","align":"center"},"elements":[],"isInner":false,"widgetType":"text-editor","elType":"widget"}],"isInner":"1","elType":"column"}],"isInner":"1","elType":"section"},{"id":"78904a10","settings":{"structure":"20"},"elements":[{"id":"a4e5a1a","settings":{"_column_size":"50","space_between_widgets":"0","background_background":"classic","background_color":"#ffffff","border_radius":{"unit":"px","top":"10","right":"10","bottom":"10","left":"10","isLinked":"1"},"box_shadow_box_shadow":{"horizontal":"0","vertical":"11","blur":"30","spread":"0","color":"rgba(0,17,58,0.05)"},"margin":{"unit":"px","top":"15","right":"15","bottom":"15","left":"15","isLinked":"1"},"padding":{"unit":"px","top":"50","right":"55","bottom":"46","left":"55","isLinked":""},"content_position":"center","background_image":{"url":"http:\/\/sitefacilitado.com.br\/wp-content\/uploads\/2020\/02\/photo-1512573314-17727dcdf45c-lr.jpg","id":"719"},"background_position":"center center","background_repeat":"no-repeat","background_size":"cover","background_overlay_background":"classic","background_overlay_color":"#4f6df5","background_overlay_opacity":{"unit":"px","size":"0.26","sizes":[]},"border_border":"solid","border_width":{"unit":"px","top":"1","right":"1","bottom":"1","left":"1","isLinked":"1"},"border_color":"rgba(233,236,239,0.5)","padding_tablet":{"unit":"px","top":"46","right":"0","bottom":"46","left":"0","isLinked":""},"padding_mobile":{"unit":"px","top":"46","right":"10","bottom":"46","left":"10","isLinked":""}},"elements":[{"id":"62c3a5b0","settings":{"title":"for","header_size":"h3","align":"center","title_color":"#ffffff","typography_typography":"custom","typography_font_family":"Barlow Condensed","typography_font_size":{"unit":"em","size":"1.1","sizes":[]},"typography_font_weight":"300","typography_text_transform":"uppercase","typography_line_height":{"unit":"em","size":"1","sizes":[]},"typography_letter_spacing":{"unit":"px","size":"4","sizes":[]},"_padding":{"unit":"em","top":"0","right":"0","bottom":"0.5","left":"0","isLinked":""}},"elements":[],"isInner":false,"widgetType":"heading","elType":"widget"},{"id":"5306ba06","settings":{"title":"Schools","header_size":"h3","align":"center","title_color":"#ffffff","typography_typography":"custom","typography_font_family":"Barlow Condensed","typography_font_size":{"unit":"em","size":"2.6","sizes":[]},"typography_font_weight":"600","typography_text_transform":"uppercase","typography_line_height":{"unit":"em","size":"1","sizes":[]},"typography_letter_spacing":{"unit":"px","size":"4","sizes":[]},"_padding":{"unit":"em","top":"0","right":"0","bottom":"0","left":"0","isLinked":""},"align_mobile":"center"},"elements":[],"isInner":false,"widgetType":"heading","elType":"widget"},{"id":"2cc90622","settings":{"editor":"<p>Stricte Iste-Provocatus: W Tyriis Directe.<\/p>","text_color":"rgba(255,255,255,0.76)","typography_typography":"custom","typography_font_family":"Open Sans","typography_font_size":{"unit":"em","size":"0.96","sizes":[]},"typography_font_weight":"300","typography_line_height":{"unit":"em","size":"1.7","sizes":[]},"typography_letter_spacing":{"unit":"px","size":"0","sizes":[]},"align_mobile":"center","align":"center"},"elements":[],"isInner":false,"widgetType":"text-editor","elType":"widget"},{"id":"1007e7a0","settings":{"text":"Find out more","size":"md","typography_typography":"custom","typography_font_family":"Barlow Condensed","typography_font_size":{"unit":"em","size":"1","sizes":[]},"typography_font_weight":"400","typography_text_transform":"uppercase","typography_line_height":{"unit":"em","size":"1.6","sizes":[]},"typography_letter_spacing":{"unit":"px","size":"1.7","sizes":[]},"button_text_color":"#ffffff","background_color":"#91a5ff","border_width":{"unit":"px","top":"2","right":"2","bottom":"2","left":"2","isLinked":"1"},"border_color":"#4f6df5","border_radius":{"unit":"px","top":"100","right":"100","bottom":"100","left":"100","isLinked":"1"},"text_padding":{"unit":"em","top":"0.9","right":"2.8","bottom":"1","left":"2.8","isLinked":""},"_padding":{"unit":"em","top":"1","right":"0","bottom":"0","left":"0","isLinked":""},"align_tablet":"center","align":"center","hover_color":"#ffffff","button_background_hover_color":"#3a5cf4","hover_animation":"float"},"elements":[],"isInner":false,"widgetType":"button","elType":"widget"}],"isInner":"1","elType":"column"},{"id":"42fd3b4f","settings":{"_column_size":"50","space_between_widgets":"0","background_background":"classic","background_color":"#ffffff","border_radius":{"unit":"px","top":"10","right":"10","bottom":"10","left":"10","isLinked":"1"},"box_shadow_box_shadow":{"horizontal":"0","vertical":"11","blur":"30","spread":"0","color":"rgba(0,17,58,0.05)"},"margin":{"unit":"px","top":"15","right":"15","bottom":"15","left":"15","isLinked":"1"},"padding":{"unit":"px","top":"50","right":"55","bottom":"46","left":"55","isLinked":""},"content_position":"center","background_image":{"url":"http:\/\/sitefacilitado.com.br\/wp-content\/uploads\/2020\/02\/photo-1505373877841-8d25f7d46678-1.jpeg","id":"718"},"background_position":"center center","background_repeat":"no-repeat","background_size":"cover","background_overlay_background":"classic","background_overlay_color":"#4f6df5","background_overlay_opacity":{"unit":"px","size":"0.26","sizes":[]},"border_border":"solid","border_width":{"unit":"px","top":"1","right":"1","bottom":"1","left":"1","isLinked":"1"},"border_color":"rgba(233,236,239,0.5)","padding_tablet":{"unit":"px","top":"46","right":"0","bottom":"46","left":"0","isLinked":""},"padding_mobile":{"unit":"px","top":"46","right":"10","bottom":"46","left":"10","isLinked":""}},"elements":[{"id":"46d55568","settings":{"title":"for","header_size":"h3","align":"center","title_color":"#ffffff","typography_typography":"custom","typography_font_family":"Barlow Condensed","typography_font_size":{"unit":"em","size":"1.1","sizes":[]},"typography_font_weight":"300","typography_text_transform":"uppercase","typography_line_height":{"unit":"em","size":"1","sizes":[]},"typography_letter_spacing":{"unit":"px","size":"4","sizes":[]},"_padding":{"unit":"em","top":"0","right":"0","bottom":"0.5","left":"0","isLinked":""}},"elements":[],"isInner":false,"widgetType":"heading","elType":"widget"},{"id":"2b2fa532","settings":{"title":"Organization","header_size":"h3","align":"center","title_color":"#ffffff","typography_typography":"custom","typography_font_family":"Barlow Condensed","typography_font_size":{"unit":"em","size":"2.6","sizes":[]},"typography_font_weight":"600","typography_text_transform":"uppercase","typography_line_height":{"unit":"em","size":"1","sizes":[]},"typography_letter_spacing":{"unit":"px","size":"4","sizes":[]},"_padding":{"unit":"em","top":"0","right":"0","bottom":"0","left":"0","isLinked":""},"align_mobile":"center"},"elements":[],"isInner":false,"widgetType":"heading","elType":"widget"},{"id":"35c8972","settings":{"editor":"<p>Stricte Iste-Provocatus: W Tyriis Directe.<\/p>","text_color":"rgba(255,255,255,0.76)","typography_typography":"custom","typography_font_family":"Open Sans","typography_font_size":{"unit":"em","size":"0.96","sizes":[]},"typography_font_weight":"300","typography_line_height":{"unit":"em","size":"1.7","sizes":[]},"typography_letter_spacing":{"unit":"px","size":"0","sizes":[]},"align_mobile":"center","align":"center"},"elements":[],"isInner":false,"widgetType":"text-editor","elType":"widget"},{"id":"5d918c67","settings":{"text":"Find out more","size":"md","typography_typography":"custom","typography_font_family":"Barlow Condensed","typography_font_size":{"unit":"em","size":"1","sizes":[]},"typography_font_weight":"400","typography_text_transform":"uppercase","typography_line_height":{"unit":"em","size":"1.6","sizes":[]},"typography_letter_spacing":{"unit":"px","size":"1.7","sizes":[]},"button_text_color":"#ffffff","background_color":"#91a5ff","border_width":{"unit":"px","top":"2","right":"2","bottom":"2","left":"2","isLinked":"1"},"border_color":"#4f6df5","border_radius":{"unit":"px","top":"100","right":"100","bottom":"100","left":"100","isLinked":"1"},"text_padding":{"unit":"em","top":"0.9","right":"2.8","bottom":"1","left":"2.8","isLinked":""},"_padding":{"unit":"em","top":"1","right":"0","bottom":"0","left":"0","isLinked":""},"align_tablet":"center","align":"center","hover_color":"#ffffff","button_background_hover_color":"#3a5cf4","hover_animation":"float"},"elements":[],"isInner":false,"widgetType":"button","elType":"widget"}],"isInner":"1","elType":"column"}],"isInner":"1","elType":"section"}],"isInner":"","elType":"column"}],"isInner":"","elType":"section"},{"id":"7e275af","settings":{"custom_height":{"unit":"vh","size":"50","sizes":[]},"background_background":"gradient","background_color":"#2b9dd9","background_position":"center center","background_repeat":"no-repeat","background_size":"cover","background_overlay_color":"#2b9dd9","background_overlay_position":"center center","background_overlay_repeat":"no-repeat","background_overlay_size":"cover","background_overlay_opacity":{"unit":"px","size":"0.76","sizes":[]},"css_filters_contrast":{"unit":"px","size":"0","sizes":[]},"overlay_blend_mode":"multiply","padding":{"unit":"em","top":"6","right":"0","bottom":"03","left":"0","isLinked":""},"custom_height_tablet":{"unit":"vh","size":"46","sizes":[]},"padding_tablet":{"unit":"em","top":"3","right":"0","bottom":"0","left":"0","isLinked":""},"padding_mobile":{"unit":"em","top":"6","right":"1","bottom":"5","left":"1","isLinked":""},"background_color_b":"#892af7","background_gradient_angle":{"unit":"deg","size":"250","sizes":[]},"background_overlay_color_b":"#892af7","background_overlay_gradient_angle":{"unit":"deg","size":"300","sizes":[]},"height":"min-height","background_image":{"url":"https:\/\/wp.envatoextensions.com\/kit-108\/wp-content\/uploads\/sites\/111\/2019\/06\/photo-1554260570-9140fd3b7614.jpeg","id":"185"},"background_overlay_background":"classic","background_overlay_image":{"url":"http:\/\/sitefacilitado.com.br\/wp-content\/uploads\/2020\/02\/photo-1505373877841-8d25f7d46678-1.jpeg","id":"718"},"content_width":{"unit":"px","size":"600","sizes":[]}},"elements":[{"id":"62b87d5d","settings":{"_column_size":"100","content_position":"center"},"elements":[{"id":"3794c94b","settings":{"title":"John's speaches","header_size":"h3","align":"center","title_color":"rgba(255,255,255,0.55)","typography_typography":"custom","typography_font_family":"Barlow Condensed","typography_font_size":{"unit":"em","size":"0.9","sizes":[]},"typography_font_weight":"300","typography_text_transform":"uppercase","typography_line_height":{"unit":"em","size":"1","sizes":[]},"typography_letter_spacing":{"unit":"px","size":"4","sizes":[]},"_padding":{"unit":"em","top":"0","right":"0","bottom":"0","left":"0","isLinked":""}},"elements":[],"isInner":false,"widgetType":"heading","elType":"widget"},{"id":"7d21600d","settings":{"title":"See John on stage","align":"center","title_color":"#ffffff","typography_typography":"custom","typography_font_family":"Barlow Condensed","typography_font_size":{"unit":"em","size":"5.8","sizes":[]},"typography_font_weight":"500","typography_text_transform":"uppercase","typography_line_height":{"unit":"em","size":"1.1","sizes":[]},"typography_letter_spacing":{"unit":"px","size":"2","sizes":[]},"typography_font_size_tablet":{"unit":"em","size":"3.8","sizes":[]},"typography_font_size_mobile":{"unit":"em","size":"2.6","sizes":[]},"typography_letter_spacing_tablet":{"unit":"px","size":"7","sizes":[]},"typography_letter_spacing_mobile":{"unit":"px","size":"6","sizes":[]},"_padding":{"unit":"em","top":"0.5","right":"0","bottom":"1","left":"0","isLinked":""}},"elements":[],"isInner":false,"widgetType":"heading","elType":"widget"},{"id":"5bb195bb","settings":{"text":"See John's speeches","size":"md","typography_typography":"custom","typography_font_family":"Barlow Condensed","typography_font_size":{"unit":"em","size":"1","sizes":[]},"typography_font_weight":"400","typography_text_transform":"uppercase","typography_line_height":{"unit":"em","size":"1.6","sizes":[]},"typography_letter_spacing":{"unit":"px","size":"1.7","sizes":[]},"button_text_color":"#ffffff","background_color":"#91a5ff","border_width":{"unit":"px","top":"2","right":"2","bottom":"2","left":"2","isLinked":"1"},"border_color":"#4f6df5","border_radius":{"unit":"px","top":"100","right":"100","bottom":"100","left":"100","isLinked":"1"},"text_padding":{"unit":"em","top":"0.9","right":"2.8","bottom":"1","left":"2.8","isLinked":""},"_padding":{"unit":"em","top":"1","right":"0","bottom":"0","left":"0","isLinked":""},"align_tablet":"center","align":"center","hover_color":"#ffffff","button_background_hover_color":"#3a5cf4","hover_animation":"float"},"elements":[],"isInner":false,"widgetType":"button","elType":"widget"},{"id":"6c184d82","settings":{"title":"Awarded speaker - 2019","header_size":"h3","align":"center","title_color":"rgba(255,255,255,0.73)","typography_typography":"custom","typography_font_family":"Barlow Condensed","typography_font_size":{"unit":"em","size":"0.7","sizes":[]},"typography_font_weight":"400","typography_text_transform":"uppercase","typography_line_height":{"unit":"em","size":"1","sizes":[]},"typography_letter_spacing":{"unit":"px","size":"3","sizes":[]},"_padding":{"unit":"em","top":"","right":"","bottom":"","left":"","isLinked":"1"},"align_mobile":"center","link":{"url":"#","is_external":"","nofollow":""}},"elements":[],"isInner":false,"widgetType":"heading","elType":"widget"}],"isInner":"","elType":"column"}],"isInner":"","elType":"section"}]}