{"version":"0.4","title":"Eventos 18","type":"page","content":[{"id":"5f98641a","settings":{"content_width":{"unit":"px","size":"900","sizes":[]},"height":"min-height","custom_height":{"unit":"vh","size":"55","sizes":[]},"background_background":"gradient","background_color":"#2b9dd9","background_image":{"url":"https:\/\/wp.envatoextensions.com\/kit-108\/wp-content\/uploads\/sites\/111\/2019\/06\/photo-1554260570-9140fd3b7614.jpeg","id":"185"},"background_position":"center center","background_repeat":"no-repeat","background_size":"cover","background_overlay_background":"classic","background_overlay_color":"#2b9dd9","background_overlay_position":"center center","background_overlay_repeat":"no-repeat","background_overlay_size":"cover","background_overlay_opacity":{"unit":"px","size":"0.76","sizes":[]},"css_filters_contrast":{"unit":"px","size":"0","sizes":[]},"overlay_blend_mode":"multiply","padding":{"unit":"em","top":"6","right":"0","bottom":"03","left":"0","isLinked":""},"custom_height_tablet":{"unit":"vh","size":"46","sizes":[]},"padding_tablet":{"unit":"em","top":"3","right":"0","bottom":"0","left":"0","isLinked":""},"padding_mobile":{"unit":"em","top":"6","right":"1","bottom":"5","left":"1","isLinked":""},"background_color_b":"#892af7","background_gradient_angle":{"unit":"deg","size":"250","sizes":[]},"background_overlay_color_b":"#892af7","background_overlay_gradient_angle":{"unit":"deg","size":"300","sizes":[]},"background_overlay_image":{"url":"http:\/\/sitefacilitado.com.br\/wp-content\/uploads\/2020\/02\/photo-151257asd3314-17727dcdf45c.jpg","id":"736"}},"elements":[{"id":"3b3ac636","settings":{"_column_size":"100"},"elements":[{"id":"28a59166","settings":{"title":"Book john today","header_size":"h3","align":"center","title_color":"#ffffff","typography_typography":"custom","typography_font_family":"Barlow Condensed","typography_font_size":{"unit":"em","size":"0.9","sizes":[]},"typography_font_weight":"300","typography_text_transform":"uppercase","typography_line_height":{"unit":"em","size":"1","sizes":[]},"typography_letter_spacing":{"unit":"px","size":"4","sizes":[]},"_padding":{"unit":"em","top":"0","right":"0","bottom":"0.8","left":"0","isLinked":""}},"elements":[],"isInner":false,"widgetType":"heading","elType":"widget"},{"id":"64c6d468","settings":{"title":"book John for your next event.","header_size":"h1","align":"center","title_color":"#ffffff","typography_typography":"custom","typography_font_family":"Barlow Condensed","typography_font_size":{"unit":"em","size":"5.4","sizes":[]},"typography_font_weight":"500","typography_text_transform":"uppercase","typography_line_height":{"unit":"em","size":"1.3","sizes":[]},"typography_letter_spacing":{"unit":"px","size":"8","sizes":[]},"typography_font_size_tablet":{"unit":"em","size":"4.6","sizes":[]},"typography_font_size_mobile":{"unit":"em","size":"2.8","sizes":[]},"typography_letter_spacing_tablet":{"unit":"px","size":"2","sizes":[]},"typography_letter_spacing_mobile":{"unit":"px","size":"2","sizes":[]}},"elements":[],"isInner":false,"widgetType":"heading","elType":"widget"},{"id":"1dca67f8","settings":{"text":"Fill the form below","size":"md","typography_typography":"custom","typography_font_family":"Barlow Condensed","typography_font_size":{"unit":"em","size":"1","sizes":[]},"typography_font_weight":"400","typography_text_transform":"uppercase","typography_line_height":{"unit":"em","size":"1.6","sizes":[]},"typography_letter_spacing":{"unit":"px","size":"1.7","sizes":[]},"button_text_color":"#ffffff","background_color":"#91a5ff","border_width":{"unit":"px","top":"2","right":"2","bottom":"2","left":"2","isLinked":"1"},"border_color":"#4f6df5","border_radius":{"unit":"px","top":"100","right":"100","bottom":"100","left":"100","isLinked":"1"},"text_padding":{"unit":"em","top":"0.9","right":"2.8","bottom":"1","left":"2.8","isLinked":""},"_padding":{"unit":"em","top":"1","right":"0","bottom":"0","left":"0","isLinked":""},"align_tablet":"center","align":"center","hover_color":"#ffffff","button_background_hover_color":"#4040e8","hover_animation":"float","_animation":"fadeIn","_animation_delay":"400"},"elements":[],"isInner":false,"widgetType":"button","elType":"widget"},{"id":"3383c9af","settings":{"title":"or call us at +(66) 664-3605","header_size":"h3","align":"center","title_color":"rgba(255,255,255,0.65)","typography_typography":"custom","typography_font_family":"Barlow Condensed","typography_font_size":{"unit":"em","size":"0.7","sizes":[]},"typography_font_weight":"300","typography_text_transform":"uppercase","typography_line_height":{"unit":"em","size":"1.3","sizes":[]},"typography_letter_spacing":{"unit":"px","size":"1","sizes":[]},"_padding":{"unit":"em","top":"","right":"","bottom":"","left":"","isLinked":"1"},"typography_font_size_tablet":{"unit":"em","size":"0.6","sizes":[]},"typography_font_size_mobile":{"unit":"em","size":"0.7","sizes":[]},"typography_letter_spacing_tablet":{"unit":"px","size":"1","sizes":[]},"typography_letter_spacing_mobile":{"unit":"px","size":"1","sizes":[]},"_margin":{"unit":"px","top":"-5","right":"0","bottom":"0","left":"0","isLinked":""}},"elements":[],"isInner":false,"widgetType":"heading","elType":"widget"}],"isInner":"","elType":"column"}],"isInner":"","elType":"section"},{"id":"29173c70","settings":{"structure":"20","padding":{"unit":"em","top":"7","right":"0","bottom":"7","left":"0","isLinked":""},"gap":"wider","background_background":"classic","background_color":"#ffffff","padding_mobile":{"unit":"em","top":"05","right":"0","bottom":"06","left":"0","isLinked":""}},"elements":[{"id":"7d616762","settings":{"_column_size":"50","_inline_size":"26.404","space_between_widgets":"0","padding":{"unit":"em","top":"1","right":"2","bottom":"1","left":"1","isLinked":""},"_inline_size_tablet":"30"},"elements":[{"id":"1e0b0587","settings":{"padding":{"unit":"em","top":"0","right":"0","bottom":"0","left":"0","isLinked":""}},"elements":[{"id":"9a53eb0","settings":{"_column_size":"100","space_between_widgets":"0"},"elements":[{"id":"114f1c13","settings":{"title":"PRESS INQUIRIES","header_size":"h3","align":"left","title_color":"#212529","typography_typography":"custom","typography_font_family":"Barlow Condensed","typography_font_size":{"unit":"em","size":"1.3","sizes":[]},"typography_font_weight":"500","typography_text_transform":"uppercase","typography_line_height":{"unit":"em","size":"1.3","sizes":[]},"typography_letter_spacing":{"unit":"px","size":"1","sizes":[]},"_padding":{"unit":"em","top":"","right":"","bottom":"","left":"","isLinked":"1"},"typography_font_size_tablet":{"unit":"em","size":"1","sizes":[]},"typography_font_size_mobile":{"unit":"em","size":"1","sizes":[]},"typography_letter_spacing_tablet":{"unit":"px","size":"2","sizes":[]},"typography_letter_spacing_mobile":{"unit":"px","size":"2","sizes":[]},"align_mobile":"center"},"elements":[],"isInner":false,"widgetType":"heading","elType":"widget"},{"id":"772b03b6","settings":{"editor":"<p>press@johnspeaker.co<\/p>","text_color":"#657182","typography_typography":"custom","typography_font_family":"Hind","typography_font_size":{"unit":"em","size":"1","sizes":[]},"typography_font_weight":"300","typography_line_height":{"unit":"em","size":"1.5","sizes":[]},"typography_letter_spacing":{"unit":"px","size":"0","sizes":[]},"align_mobile":"center"},"elements":[],"isInner":false,"widgetType":"text-editor","elType":"widget"}],"isInner":"1","elType":"column"}],"isInner":"1","elType":"section"},{"id":"6bcee10","settings":{"space":{"unit":"px","size":"20","sizes":[]}},"elements":[],"isInner":false,"widgetType":"spacer","elType":"widget"},{"id":"101dc605","settings":{"padding":{"unit":"em","top":"0","right":"0","bottom":"0","left":"0","isLinked":""}},"elements":[{"id":"4c918c9a","settings":{"_column_size":"100","space_between_widgets":"0"},"elements":[{"id":"66924cb7","settings":{"title":"BOOKING MANAGER","header_size":"h3","align":"left","title_color":"#212529","typography_typography":"custom","typography_font_family":"Barlow Condensed","typography_font_size":{"unit":"em","size":"1.3","sizes":[]},"typography_font_weight":"500","typography_text_transform":"uppercase","typography_line_height":{"unit":"em","size":"1.3","sizes":[]},"typography_letter_spacing":{"unit":"px","size":"1","sizes":[]},"_padding":{"unit":"em","top":"","right":"","bottom":"","left":"","isLinked":"1"},"typography_font_size_tablet":{"unit":"em","size":"1","sizes":[]},"typography_font_size_mobile":{"unit":"em","size":"1","sizes":[]},"typography_letter_spacing_tablet":{"unit":"px","size":"2","sizes":[]},"typography_letter_spacing_mobile":{"unit":"px","size":"2","sizes":[]},"align_mobile":"center"},"elements":[],"isInner":false,"widgetType":"heading","elType":"widget"},{"id":"5b68eea6","settings":{"editor":"<p>manager@johnspeaker.co<br \/>+(66) 664-3605<\/p>","text_color":"#657182","typography_typography":"custom","typography_font_family":"Hind","typography_font_size":{"unit":"em","size":"1","sizes":[]},"typography_font_weight":"300","typography_line_height":{"unit":"em","size":"1.5","sizes":[]},"typography_letter_spacing":{"unit":"px","size":"0","sizes":[]},"align_mobile":"center"},"elements":[],"isInner":false,"widgetType":"text-editor","elType":"widget"}],"isInner":"1","elType":"column"}],"isInner":"1","elType":"section"},{"id":"54dde8c9","settings":{"space":{"unit":"px","size":"20","sizes":[]}},"elements":[],"isInner":false,"widgetType":"spacer","elType":"widget"},{"id":"2344c857","settings":{"padding":{"unit":"em","top":"0","right":"0","bottom":"0","left":"0","isLinked":""}},"elements":[{"id":"3b142aa2","settings":{"_column_size":"100","space_between_widgets":"0"},"elements":[{"id":"5fbaae5f","settings":{"title":"Visit office","header_size":"h3","align":"left","title_color":"#212529","typography_typography":"custom","typography_font_family":"Barlow Condensed","typography_font_size":{"unit":"em","size":"1.3","sizes":[]},"typography_font_weight":"500","typography_text_transform":"uppercase","typography_line_height":{"unit":"em","size":"1.3","sizes":[]},"typography_letter_spacing":{"unit":"px","size":"1","sizes":[]},"_padding":{"unit":"em","top":"","right":"","bottom":"","left":"","isLinked":"1"},"typography_font_size_tablet":{"unit":"em","size":"1","sizes":[]},"typography_font_size_mobile":{"unit":"em","size":"1","sizes":[]},"typography_letter_spacing_tablet":{"unit":"px","size":"2","sizes":[]},"typography_letter_spacing_mobile":{"unit":"px","size":"2","sizes":[]},"align_mobile":"center"},"elements":[],"isInner":false,"widgetType":"heading","elType":"widget"},{"id":"5294da96","settings":{"editor":"<p>Mon - Fri, 9am - 5pm<br \/>By Appointment Only<\/p><p>264 Riverview Drive<br \/>Bear Lake, LA, 71040<br \/>Los Angeles<\/p>","text_color":"#657182","typography_typography":"custom","typography_font_family":"Hind","typography_font_size":{"unit":"em","size":"1","sizes":[]},"typography_font_weight":"300","typography_line_height":{"unit":"em","size":"1.5","sizes":[]},"typography_letter_spacing":{"unit":"px","size":"0","sizes":[]},"align_mobile":"center"},"elements":[],"isInner":false,"widgetType":"text-editor","elType":"widget"}],"isInner":"1","elType":"column"}],"isInner":"1","elType":"section"}],"isInner":"","elType":"column"},{"id":"10636285","settings":{"_column_size":"50","_inline_size":"73.596","padding":{"unit":"em","top":"1","right":"1","bottom":"1","left":"2","isLinked":""},"_inline_size_tablet":"70","padding_mobile":{"unit":"em","top":"1","right":"1","bottom":"1","left":"1","isLinked":"1"}},"elements":[{"id":"7792b408","settings":{"form_name":"New Form","form_fields":[{"custom_id":"name","field_type":"text","field_label":"First name","placeholder":"First name","width":"50","_id":"cfd05f7","required":"true","field_options":"","allow_multiple":"","select_size":"","inline_list":"","field_html":"","width_tablet":"","width_mobile":"","rows":"4","recaptcha_size":"normal","recaptcha_style":"light","css_classes":"","field_value":"","recaptcha_badge":"bottomright"},{"custom_id":"field_1","field_type":"text","field_label":"Last name","placeholder":"Last name","width":"50","_id":"fc4f577","required":"true","field_options":"","allow_multiple":"","select_size":"","inline_list":"","field_html":"","width_tablet":"","width_mobile":"","rows":"4","recaptcha_size":"normal","recaptcha_style":"light","css_classes":"","field_value":"","recaptcha_badge":"bottomright"},{"custom_id":"field_2","field_type":"text","field_label":"Name of Organization","placeholder":"Name of Organization","width":"100","_id":"cf9aafe","required":"true","field_options":"","allow_multiple":"","select_size":"","inline_list":"","field_html":"","width_tablet":"","width_mobile":"","rows":"4","recaptcha_size":"normal","recaptcha_style":"light","css_classes":"","field_value":"","recaptcha_badge":"bottomright"},{"custom_id":"email","field_type":"email","required":"true","field_label":"Email","placeholder":"Contact Email","width":"50","_id":"c2bf358","field_options":"","allow_multiple":"","select_size":"","inline_list":"","field_html":"","width_tablet":"","width_mobile":"","rows":"4","recaptcha_size":"normal","recaptcha_style":"light","css_classes":"","field_value":"","recaptcha_badge":"bottomright"},{"custom_id":"field_3","field_type":"tel","required":"true","field_label":"Contact Phone Number","placeholder":"Contact Phone Number","width":"50","_id":"a7e4af2","field_options":"","allow_multiple":"","select_size":"","inline_list":"","field_html":"","width_tablet":"","width_mobile":"","rows":"4","recaptcha_size":"normal","recaptcha_style":"light","css_classes":"","field_value":"","recaptcha_badge":"bottomright"},{"custom_id":"message","field_type":"textarea","field_label":"Purpose of the Event","placeholder":"Purpose of the Event","width":"100","_id":"f54903f","required":"","field_options":"","allow_multiple":"","select_size":"","inline_list":"","field_html":"","width_tablet":"","width_mobile":"","rows":"4","recaptcha_size":"normal","recaptcha_style":"light","css_classes":"","field_value":"","recaptcha_badge":"bottomright"}],"input_size":"md","button_text":"Submit message","button_size":"md","email_content":"[all-fields]","email_content_2":"[all-fields]","success_message":"The form was sent successfully.","error_message":"An error occured.","required_field_message":"This field is required.","invalid_message":"There's something wrong. The form is invalid.","column_gap":{"unit":"px","size":"12","sizes":[]},"row_gap":{"unit":"px","size":"17","sizes":[]},"label_spacing":{"unit":"px","size":"6","sizes":[]},"label_color":"#161c2d","label_typography_typography":"custom","label_typography_font_family":"Barlow","label_typography_font_size":{"unit":"em","size":"1","sizes":[]},"label_typography_font_weight":"400","label_typography_line_height":{"unit":"em","size":"1.8","sizes":[]},"field_text_color":"#657182","field_typography_typography":"custom","field_typography_font_family":"Open Sans","field_typography_font_size":{"unit":"em","size":"0.9","sizes":[]},"field_typography_font_weight":"300","field_typography_line_height":{"unit":"em","size":"2.7","sizes":[]},"field_typography_letter_spacing":{"unit":"px","size":"0","sizes":[]},"field_border_color":"#f1f4f8","field_border_radius":{"unit":"px","top":"0","right":"0","bottom":"0","left":"0","isLinked":"1"},"button_background_color":"#91a5ff","button_text_color":"#ffffff","button_typography_typography":"custom","button_typography_font_family":"Barlow Condensed","button_typography_font_size":{"unit":"em","size":"0.96","sizes":[]},"button_typography_font_weight":"400","button_typography_text_transform":"uppercase","button_typography_line_height":{"unit":"em","size":"1.6","sizes":[]},"button_typography_letter_spacing":{"unit":"px","size":"3","sizes":[]},"button_border_radius":{"unit":"px","top":"100","right":"100","bottom":"100","left":"100","isLinked":"1"},"show_labels":"","button_text_padding":{"unit":"em","top":"1","right":"1","bottom":"1","left":"1","isLinked":"1"},"button_background_hover_color":"#3a5cf4","button_hover_color":"#ffffff","button_hover_animation":"sink","_padding":{"unit":"em","top":"1","right":"0","bottom":"0","left":"0","isLinked":""}},"elements":[],"isInner":false,"widgetType":"form","elType":"widget"}],"isInner":"","elType":"column"}],"isInner":"","elType":"section"},{"id":"6b006e63","settings":{"custom_height":{"unit":"vh","size":"50","sizes":[]},"background_background":"classic","background_color":"#212329","background_position":"center center","background_repeat":"no-repeat","background_size":"cover","background_overlay_color":"#2b9dd9","background_overlay_position":"center center","background_overlay_repeat":"no-repeat","background_overlay_size":"cover","background_overlay_opacity":{"unit":"px","size":"0.76","sizes":[]},"css_filters_contrast":{"unit":"px","size":"0","sizes":[]},"overlay_blend_mode":"multiply","padding":{"unit":"em","top":"7","right":"0","bottom":"6","left":"0","isLinked":""},"custom_height_tablet":{"unit":"vh","size":"46","sizes":[]},"padding_tablet":{"unit":"em","top":"4","right":"0","bottom":"3.5","left":"0","isLinked":""},"padding_mobile":{"unit":"em","top":"6","right":"1","bottom":"5","left":"1","isLinked":""},"background_color_b":"#892af7","background_gradient_angle":{"unit":"deg","size":"250","sizes":[]},"background_overlay_color_b":"#892af7","background_overlay_gradient_angle":{"unit":"deg","size":"300","sizes":[]},"structure":"20"},"elements":[{"id":"60756ac8","settings":{"_column_size":"50","_inline_size":"51.667","content_position":"center","space_between_widgets":"10"},"elements":[{"id":"2f0d23af","settings":{"title":"Sign up for newsletter","header_size":"h3","title_color":"rgba(255,255,255,0.55)","typography_typography":"custom","typography_font_family":"Barlow Condensed","typography_font_size":{"unit":"em","size":"0.9","sizes":[]},"typography_font_weight":"300","typography_text_transform":"uppercase","typography_line_height":{"unit":"em","size":"1","sizes":[]},"typography_letter_spacing":{"unit":"px","size":"4","sizes":[]},"_padding":{"unit":"em","top":"0","right":"0","bottom":"0","left":"0","isLinked":""},"align_mobile":"center"},"elements":[],"isInner":false,"widgetType":"heading","elType":"widget"},{"id":"545c22fc","settings":{"title":"Upcoming Events","title_color":"#ffffff","typography_typography":"custom","typography_font_family":"Barlow Condensed","typography_font_size":{"unit":"em","size":"3.5","sizes":[]},"typography_font_weight":"500","typography_text_transform":"uppercase","typography_line_height":{"unit":"em","size":"1.3","sizes":[]},"typography_letter_spacing":{"unit":"px","size":"1","sizes":[]},"typography_font_size_tablet":{"unit":"em","size":"3.1","sizes":[]},"typography_font_size_mobile":{"unit":"em","size":"2.6","sizes":[]},"typography_letter_spacing_tablet":{"unit":"px","size":"2","sizes":[]},"typography_letter_spacing_mobile":{"unit":"px","size":"6","sizes":[]},"_padding":{"unit":"em","top":"0.5","right":"0","bottom":"1","left":"0","isLinked":""},"align_mobile":"center"},"elements":[],"isInner":false,"widgetType":"heading","elType":"widget"}],"isInner":"","elType":"column"},{"id":"cabc807","settings":{"_column_size":"50","_inline_size":"48.333","content_position":"center"},"elements":[{"id":"1be02664","settings":{"text":"See all events","align":"right","size":"md","typography_typography":"custom","typography_font_family":"Barlow Condensed","typography_font_size":{"unit":"em","size":"1","sizes":[]},"typography_font_weight":"400","typography_text_transform":"uppercase","typography_line_height":{"unit":"em","size":"1.6","sizes":[]},"typography_letter_spacing":{"unit":"px","size":"1.7","sizes":[]},"button_text_color":"#ffffff","background_color":"#91a5ff","border_width":{"unit":"px","top":"2","right":"2","bottom":"2","left":"2","isLinked":"1"},"border_color":"#4f6df5","border_radius":{"unit":"px","top":"100","right":"100","bottom":"100","left":"100","isLinked":"1"},"text_padding":{"unit":"em","top":"0.9","right":"2.8","bottom":"1","left":"2.8","isLinked":""},"_padding":{"unit":"em","top":"1","right":"0","bottom":"0","left":"0","isLinked":""},"align_tablet":"center","hover_color":"#ffffff","button_background_hover_color":"#4040e8","hover_animation":"float","_animation":"fadeIn","_animation_delay":"400"},"elements":[],"isInner":false,"widgetType":"button","elType":"widget"}],"isInner":"","elType":"column"}],"isInner":"","elType":"section"}]}