{"version":"0.4","title":"eventos 1","type":"page","content":[{"id":"13ad4e34","settings":{"custom_height":{"unit":"vh","size":"80","sizes":[]},"background_background":"gradient","background_color":"#2b9dd9","background_position":"center center","background_repeat":"no-repeat","background_size":"cover","background_overlay_color":"#2b9dd9","background_overlay_position":"center center","background_overlay_repeat":"no-repeat","background_overlay_size":"cover","background_overlay_opacity":{"unit":"px","size":"0.76","sizes":[]},"css_filters_contrast":{"unit":"px","size":"0","sizes":[]},"overlay_blend_mode":"multiply","padding":{"unit":"em","top":"0","right":"0","bottom":"0","left":"0","isLinked":""},"custom_height_tablet":{"unit":"vh","size":"53","sizes":[]},"padding_tablet":{"unit":"em","top":"3","right":"0","bottom":"0","left":"0","isLinked":""},"padding_mobile":{"unit":"em","top":"6","right":"1","bottom":"5","left":"1","isLinked":""},"background_color_b":"#892af7","background_gradient_angle":{"unit":"deg","size":"250","sizes":[]},"background_overlay_color_b":"#892af7","background_overlay_gradient_angle":{"unit":"deg","size":"300","sizes":[]},"height":"min-height","background_image":{"url":"https:\/\/wp.envatoextensions.com\/kit-108\/wp-content\/uploads\/sites\/111\/2019\/06\/photo-1554260570-9140fd3b7614.jpeg","id":"185"},"background_overlay_background":"classic","background_overlay_image":{"url":"http:\/\/sitefacilitado.com.br\/wp-content\/uploads\/2020\/02\/photo-1505373877841-8d25f7d46678-1.jpeg","id":"718"},"column_position":"stretch","animation":"zoomIn"},"elements":[{"id":"79f85e2","settings":{"_column_size":"100","content_position":"center","padding":{"unit":"em","top":"07","right":"0","bottom":"0","left":"0","isLinked":""},"padding_tablet":{"unit":"em","top":"3","right":"0","bottom":"0","left":"0","isLinked":""}},"elements":[{"id":"56dcb473","settings":{"title":"From Education & Work, To Spirituality & Citizenry. Decades of experience.","header_size":"h3","align":"center","title_color":"#ffffff","typography_typography":"custom","typography_font_family":"Barlow Condensed","typography_font_size":{"unit":"em","size":"1.2","sizes":[]},"typography_font_weight":"400","typography_text_transform":"uppercase","typography_line_height":{"unit":"em","size":"1","sizes":[]},"typography_letter_spacing":{"unit":"px","size":"4","sizes":[]},"_padding":{"unit":"em","top":"0","right":"0","bottom":"0","left":"0","isLinked":""},"typography_font_size_tablet":{"unit":"px","size":"13","sizes":[]},"typography_font_size_mobile":{"unit":"em","size":"1","sizes":[]},"typography_line_height_mobile":{"unit":"em","size":"1.5","sizes":[]},"typography_letter_spacing_mobile":{"unit":"px","size":"2","sizes":[]}},"elements":[],"isInner":false,"widgetType":"heading","elType":"widget"},{"id":"9c7d07f","settings":{"title":"TRANSFORM YOUR LIFE","align":"center","title_color":"#ffffff","typography_typography":"custom","typography_font_family":"Barlow Condensed","typography_font_size":{"unit":"em","size":"8.4","sizes":[]},"typography_font_weight":"500","typography_text_transform":"uppercase","typography_line_height":{"unit":"em","size":"1.1","sizes":[]},"typography_letter_spacing":{"unit":"px","size":"2","sizes":[]},"typography_font_size_tablet":{"unit":"em","size":"4.8","sizes":[]},"typography_font_size_mobile":{"unit":"em","size":"3.9","sizes":[]},"typography_letter_spacing_tablet":{"unit":"px","size":"4","sizes":[]},"typography_letter_spacing_mobile":{"unit":"px","size":"2","sizes":[]},"_padding":{"unit":"em","top":"0","right":"0","bottom":"2","left":"0","isLinked":""},"header_size":"h1","_animation":"zoomIn","animation_duration":"fast","_animation_delay":"200"},"elements":[],"isInner":false,"widgetType":"heading","elType":"widget"},{"id":"7a32bb71","settings":{"text":"Start Here Now","size":"md","typography_typography":"custom","typography_font_family":"Barlow Condensed","typography_font_size":{"unit":"em","size":"1","sizes":[]},"typography_font_weight":"400","typography_text_transform":"uppercase","typography_line_height":{"unit":"em","size":"1.6","sizes":[]},"typography_letter_spacing":{"unit":"px","size":"1.7","sizes":[]},"button_text_color":"#ffffff","background_color":"#91a5ff","border_width":{"unit":"px","top":"2","right":"2","bottom":"2","left":"2","isLinked":"1"},"border_color":"#4f6df5","border_radius":{"unit":"px","top":"100","right":"100","bottom":"100","left":"100","isLinked":"1"},"text_padding":{"unit":"em","top":"0.9","right":"2.8","bottom":"1","left":"2.8","isLinked":""},"_padding":{"unit":"em","top":"1","right":"0","bottom":"0","left":"0","isLinked":""},"align_tablet":"center","align":"center","hover_color":"#ffffff","button_background_hover_color":"#4040e8","hover_animation":"float","_animation":"fadeIn","_animation_delay":"400","link":{"url":"#programs","is_external":"","nofollow":""}},"elements":[],"isInner":false,"widgetType":"button","elType":"widget"},{"id":"60d7f70e","settings":{"title":"Top Awarded speaker","header_size":"h3","align":"center","title_color":"rgba(255,255,255,0.73)","typography_typography":"custom","typography_font_family":"Barlow Condensed","typography_font_size":{"unit":"em","size":"0.7","sizes":[]},"typography_font_weight":"400","typography_text_transform":"uppercase","typography_line_height":{"unit":"em","size":"1","sizes":[]},"typography_letter_spacing":{"unit":"px","size":"3","sizes":[]},"_padding":{"unit":"em","top":"","right":"","bottom":"","left":"","isLinked":"1"},"align_mobile":"center","link":{"url":"#","is_external":"","nofollow":""}},"elements":[],"isInner":false,"widgetType":"heading","elType":"widget"}],"isInner":"","elType":"column"}],"isInner":"","elType":"section"},{"id":"54afad88","settings":{"padding":{"unit":"em","top":"6","right":"0","bottom":"6","left":"0","isLinked":""},"gap":"wider","background_background":"classic","background_color":"#ffffff","padding_mobile":{"unit":"em","top":"05","right":"0","bottom":"06","left":"0","isLinked":""}},"elements":[{"id":"fd20b8e","settings":{"_column_size":"100","padding":{"unit":"em","top":"1","right":"1","bottom":"1","left":"2","isLinked":""},"_inline_size_tablet":"100","padding_mobile":{"unit":"em","top":"1","right":"1","bottom":"1","left":"1","isLinked":"1"}},"elements":[{"id":"1d32b7c6","settings":{"background_background":"classic","background_color":"#ffffff","padding":{"unit":"em","top":"0","right":"0","bottom":"1","left":"0","isLinked":""},"content_width":{"unit":"px","size":"695","sizes":[]},"animation":"fadeIn"},"elements":[{"id":"1e41cfbc","settings":{"_column_size":"100","content_position":"center","space_between_widgets":"0"},"elements":[{"id":"5ec5c95a","settings":{"title":"LIFE-CHANGING EXPERIENCES","header_size":"h3","align":"center","title_color":"#333333","typography_typography":"custom","typography_font_family":"Barlow Condensed","typography_font_size":{"unit":"em","size":"0.9","sizes":[]},"typography_font_weight":"500","typography_text_transform":"uppercase","typography_line_height":{"unit":"em","size":"1","sizes":[]},"typography_letter_spacing":{"unit":"px","size":"4","sizes":[]},"_padding":{"unit":"em","top":"0","right":"0","bottom":"1.5","left":"0","isLinked":""}},"elements":[],"isInner":false,"widgetType":"heading","elType":"widget"},{"id":"53a595a1","settings":{"title":"Bring John into your school or business","align":"center","title_color":"#212529","typography_typography":"custom","typography_font_family":"Barlow Condensed","typography_font_size":{"unit":"em","size":"3.6","sizes":[]},"typography_font_weight":"500","typography_text_transform":"uppercase","typography_line_height":{"unit":"em","size":"1.1","sizes":[]},"typography_letter_spacing":{"unit":"px","size":"2","sizes":[]},"typography_font_size_tablet":{"unit":"em","size":"3.6","sizes":[]},"typography_font_size_mobile":{"unit":"em","size":"2.4","sizes":[]},"typography_letter_spacing_tablet":{"unit":"px","size":"2","sizes":[]},"typography_letter_spacing_mobile":{"unit":"px","size":"2","sizes":[]},"_padding":{"unit":"em","top":"0","right":"0","bottom":"0","left":"0","isLinked":""}},"elements":[],"isInner":false,"widgetType":"heading","elType":"widget"},{"id":"4b9aca39","settings":{"color":"#91a5ff","width":{"unit":"px","size":"80","sizes":[]},"align":"center","gap":{"unit":"px","size":"2","sizes":[]},"_padding":{"unit":"px","top":"26","right":"0","bottom":"0","left":"0","isLinked":""},"text":"Divisor"},"elements":[],"isInner":false,"widgetType":"divider","elType":"widget"},{"id":"65e807da","settings":{"editor":"<p><span style=\"font-size: 1.05em; letter-spacing: 0px;\">Sed ut perspiciatis unde omnis iste natus error sit voluptatem accusantium doloremque la<\/span>\u00a0qsuas wisi d rationes contestationibus eius. Stupore eos amet mi libere. Netus et explere wisi proin possimus mus nobis lacus merentur Orbare.<\/p>","text_color":"#657182","typography_typography":"custom","typography_font_family":"Open Sans","typography_font_size":{"unit":"em","size":"1.05","sizes":[]},"typography_font_weight":"300","typography_line_height":{"unit":"em","size":"1.75","sizes":[]},"typography_letter_spacing":{"unit":"px","size":"0","sizes":[]},"align_mobile":"center","align":"center","_padding":{"unit":"em","top":"0","right":"0","bottom":"1","left":"0","isLinked":""}},"elements":[],"isInner":false,"widgetType":"text-editor","elType":"widget"}],"isInner":"1","elType":"column"}],"isInner":"1","elType":"section"},{"id":"386163bc","settings":{"structure":"20","background_background":"classic","background_color":"#ffffff"},"elements":[{"id":"6eb8bc64","settings":{"_column_size":"50","space_between_widgets":"0","background_background":"classic","background_color":"#ffffff","border_radius":{"unit":"px","top":"10","right":"10","bottom":"10","left":"10","isLinked":"1"},"box_shadow_box_shadow":{"horizontal":"0","vertical":"11","blur":"30","spread":"0","color":"rgba(0,17,58,0.05)"},"margin":{"unit":"px","top":"15","right":"15","bottom":"15","left":"15","isLinked":"1"},"padding":{"unit":"px","top":"50","right":"55","bottom":"46","left":"55","isLinked":""},"content_position":"center","background_image":{"url":"http:\/\/sitefacilitado.com.br\/wp-content\/uploads\/2020\/02\/photo-1512573314-17727dcdf45c-lr.jpg","id":"719"},"background_position":"center center","background_repeat":"no-repeat","background_size":"cover","background_overlay_background":"classic","background_overlay_color":"#4f6df5","background_overlay_opacity":{"unit":"px","size":"0.26","sizes":[]},"border_border":"solid","border_width":{"unit":"px","top":"1","right":"1","bottom":"1","left":"1","isLinked":"1"},"border_color":"rgba(233,236,239,0.5)","padding_tablet":{"unit":"px","top":"46","right":"0","bottom":"46","left":"0","isLinked":""},"padding_mobile":{"unit":"px","top":"46","right":"10","bottom":"46","left":"10","isLinked":""},"animation":"zoomIn"},"elements":[{"id":"4cf806ab","settings":{"title":"for","header_size":"h3","align":"center","title_color":"#ffffff","typography_typography":"custom","typography_font_family":"Barlow Condensed","typography_font_size":{"unit":"em","size":"1.1","sizes":[]},"typography_font_weight":"300","typography_text_transform":"uppercase","typography_line_height":{"unit":"em","size":"1","sizes":[]},"typography_letter_spacing":{"unit":"px","size":"4","sizes":[]},"_padding":{"unit":"em","top":"0.5","right":"0","bottom":"0.5","left":"0","isLinked":""}},"elements":[],"isInner":false,"widgetType":"heading","elType":"widget"},{"id":"5d62e034","settings":{"title":"Schools","header_size":"h3","align":"center","title_color":"#ffffff","typography_typography":"custom","typography_font_family":"Barlow Condensed","typography_font_size":{"unit":"em","size":"2.6","sizes":[]},"typography_font_weight":"600","typography_text_transform":"uppercase","typography_line_height":{"unit":"em","size":"1","sizes":[]},"typography_letter_spacing":{"unit":"px","size":"4","sizes":[]},"_padding":{"unit":"em","top":"0","right":"0","bottom":"0","left":"0","isLinked":""},"align_mobile":"center"},"elements":[],"isInner":false,"widgetType":"heading","elType":"widget"},{"id":"7b62d1b2","settings":{"title":"Stricte Iste-Provocatus: W Tyriis Directe.","header_size":"h3","align":"center","title_color":"#ffffff","typography_typography":"custom","typography_font_family":"Open Sans","typography_font_size":{"unit":"em","size":"0.9","sizes":[]},"typography_font_weight":"300","typography_line_height":{"unit":"em","size":"1.7","sizes":[]},"typography_letter_spacing":{"unit":"px","size":"0","sizes":[]},"_padding":{"unit":"em","top":"0.5","right":"0","bottom":"0.5","left":"0","isLinked":""},"align_mobile":"center"},"elements":[],"isInner":false,"widgetType":"heading","elType":"widget"},{"id":"631c38dc","settings":{"text":"Find out more","size":"md","typography_typography":"custom","typography_font_family":"Barlow Condensed","typography_font_size":{"unit":"em","size":"1","sizes":[]},"typography_font_weight":"400","typography_text_transform":"uppercase","typography_line_height":{"unit":"em","size":"1.6","sizes":[]},"typography_letter_spacing":{"unit":"px","size":"1.7","sizes":[]},"button_text_color":"#ffffff","background_color":"#91a5ff","border_width":{"unit":"px","top":"2","right":"2","bottom":"2","left":"2","isLinked":"1"},"border_color":"#4f6df5","border_radius":{"unit":"px","top":"100","right":"100","bottom":"100","left":"100","isLinked":"1"},"text_padding":{"unit":"em","top":"0.9","right":"2.8","bottom":"1","left":"2.8","isLinked":""},"_padding":{"unit":"em","top":"1","right":"0","bottom":"0","left":"0","isLinked":""},"align_tablet":"center","align":"center","hover_color":"#ffffff","button_background_hover_color":"#4040e8","hover_animation":"float","_animation":"fadeIn","_animation_delay":"400"},"elements":[],"isInner":false,"widgetType":"button","elType":"widget"}],"isInner":"1","elType":"column"},{"id":"70f731c9","settings":{"_column_size":"50","space_between_widgets":"0","background_background":"classic","background_color":"#ffffff","border_radius":{"unit":"px","top":"10","right":"10","bottom":"10","left":"10","isLinked":"1"},"box_shadow_box_shadow":{"horizontal":"0","vertical":"11","blur":"30","spread":"0","color":"rgba(0,17,58,0.05)"},"margin":{"unit":"px","top":"15","right":"15","bottom":"15","left":"15","isLinked":"1"},"padding":{"unit":"px","top":"50","right":"55","bottom":"46","left":"55","isLinked":""},"content_position":"center","background_image":{"url":"http:\/\/sitefacilitado.com.br\/wp-content\/uploads\/2020\/02\/photo-1505373877841-8d25f7d46678-1.jpeg","id":"718"},"background_position":"center center","background_repeat":"no-repeat","background_size":"cover","background_overlay_background":"classic","background_overlay_color":"#4f6df5","background_overlay_opacity":{"unit":"px","size":"0.26","sizes":[]},"border_border":"solid","border_width":{"unit":"px","top":"1","right":"1","bottom":"1","left":"1","isLinked":"1"},"border_color":"rgba(233,236,239,0.5)","padding_tablet":{"unit":"px","top":"46","right":"0","bottom":"46","left":"0","isLinked":""},"padding_mobile":{"unit":"px","top":"46","right":"10","bottom":"46","left":"10","isLinked":""},"animation":"zoomIn","animation_delay":"0"},"elements":[{"id":"77abff51","settings":{"title":"for","header_size":"h3","align":"center","title_color":"#ffffff","typography_typography":"custom","typography_font_family":"Barlow Condensed","typography_font_size":{"unit":"em","size":"1.1","sizes":[]},"typography_font_weight":"300","typography_text_transform":"uppercase","typography_line_height":{"unit":"em","size":"1","sizes":[]},"typography_letter_spacing":{"unit":"px","size":"4","sizes":[]},"_padding":{"unit":"em","top":"0.5","right":"0","bottom":"0.5","left":"0","isLinked":""}},"elements":[],"isInner":false,"widgetType":"heading","elType":"widget"},{"id":"6ef2dd13","settings":{"title":"Organization","header_size":"h3","align":"center","title_color":"#ffffff","typography_typography":"custom","typography_font_family":"Barlow Condensed","typography_font_size":{"unit":"em","size":"2.6","sizes":[]},"typography_font_weight":"600","typography_text_transform":"uppercase","typography_line_height":{"unit":"em","size":"1","sizes":[]},"typography_letter_spacing":{"unit":"px","size":"4","sizes":[]},"_padding":{"unit":"em","top":"0","right":"0","bottom":"0","left":"0","isLinked":""},"align_mobile":"center"},"elements":[],"isInner":false,"widgetType":"heading","elType":"widget"},{"id":"7e0eb2a1","settings":{"title":"Stricte Iste-Provocatus: W Tyriis Directe.","header_size":"h3","align":"center","title_color":"#ffffff","typography_typography":"custom","typography_font_family":"Open Sans","typography_font_size":{"unit":"em","size":"0.9","sizes":[]},"typography_font_weight":"300","typography_line_height":{"unit":"em","size":"1.7","sizes":[]},"typography_letter_spacing":{"unit":"px","size":"0","sizes":[]},"_padding":{"unit":"em","top":"0.5","right":"0","bottom":"0.5","left":"0","isLinked":""},"align_mobile":"center"},"elements":[],"isInner":false,"widgetType":"heading","elType":"widget"},{"id":"6ecb6c3e","settings":{"text":"Find out more","size":"md","typography_typography":"custom","typography_font_family":"Barlow Condensed","typography_font_size":{"unit":"em","size":"1","sizes":[]},"typography_font_weight":"400","typography_text_transform":"uppercase","typography_line_height":{"unit":"em","size":"1.6","sizes":[]},"typography_letter_spacing":{"unit":"px","size":"1.7","sizes":[]},"button_text_color":"#ffffff","background_color":"#91a5ff","border_width":{"unit":"px","top":"2","right":"2","bottom":"2","left":"2","isLinked":"1"},"border_color":"#4f6df5","border_radius":{"unit":"px","top":"100","right":"100","bottom":"100","left":"100","isLinked":"1"},"text_padding":{"unit":"em","top":"0.9","right":"2.8","bottom":"1","left":"2.8","isLinked":""},"_padding":{"unit":"em","top":"1","right":"0","bottom":"0","left":"0","isLinked":""},"align_tablet":"center","align":"center","hover_color":"#ffffff","button_background_hover_color":"#4040e8","hover_animation":"float","_animation":"fadeIn","_animation_delay":"400"},"elements":[],"isInner":false,"widgetType":"button","elType":"widget"}],"isInner":"1","elType":"column"}],"isInner":"1","elType":"section"}],"isInner":"","elType":"column"}],"isInner":"","elType":"section"},{"id":"4ca03d9a","settings":{"padding":{"unit":"em","top":"6","right":"0","bottom":"6","left":"0","isLinked":""},"gap":"wider","background_background":"classic","background_color":"#f9fbfd","padding_mobile":{"unit":"em","top":"05","right":"0","bottom":"06","left":"0","isLinked":""},"_element_id":"programs"},"elements":[{"id":"7102c36f","settings":{"_column_size":"100","padding":{"unit":"em","top":"1","right":"1","bottom":"1","left":"2","isLinked":""},"_inline_size_tablet":"100","padding_mobile":{"unit":"em","top":"1","right":"1","bottom":"1","left":"1","isLinked":"1"}},"elements":[{"id":"53b3c1fd","settings":{"background_background":"classic","background_color":"#f9fbfd","padding":{"unit":"em","top":"0","right":"0","bottom":"1","left":"0","isLinked":""},"content_width":{"unit":"px","size":"639","sizes":[]},"animation":"fadeIn"},"elements":[{"id":"7b4a0dd3","settings":{"_column_size":"100","content_position":"center","space_between_widgets":"0"},"elements":[{"id":"1d4ff8f9","settings":{"title":"Have a totally different life.","header_size":"h3","align":"center","title_color":"#333333","typography_typography":"custom","typography_font_family":"Barlow Condensed","typography_font_size":{"unit":"em","size":"0.9","sizes":[]},"typography_font_weight":"500","typography_text_transform":"uppercase","typography_line_height":{"unit":"em","size":"1","sizes":[]},"typography_letter_spacing":{"unit":"px","size":"4","sizes":[]},"_padding":{"unit":"em","top":"0","right":"0","bottom":"1.5","left":"0","isLinked":""}},"elements":[],"isInner":false,"widgetType":"heading","elType":"widget"},{"id":"684bcb15","settings":{"title":"John's Programs","align":"center","title_color":"#212529","typography_typography":"custom","typography_font_family":"Barlow Condensed","typography_font_size":{"unit":"em","size":"3.6","sizes":[]},"typography_font_weight":"500","typography_text_transform":"uppercase","typography_line_height":{"unit":"em","size":"1.1","sizes":[]},"typography_letter_spacing":{"unit":"px","size":"2","sizes":[]},"typography_font_size_tablet":{"unit":"em","size":"3.6","sizes":[]},"typography_font_size_mobile":{"unit":"em","size":"2.5","sizes":[]},"typography_letter_spacing_tablet":{"unit":"px","size":"2","sizes":[]},"typography_letter_spacing_mobile":{"unit":"px","size":"2","sizes":[]},"_padding":{"unit":"em","top":"0","right":"0","bottom":"0","left":"0","isLinked":""}},"elements":[],"isInner":false,"widgetType":"heading","elType":"widget"},{"id":"4238c0a3","settings":{"color":"#91a5ff","width":{"unit":"px","size":"80","sizes":[]},"align":"center","gap":{"unit":"px","size":"2","sizes":[]},"_padding":{"unit":"px","top":"26","right":"0","bottom":"0","left":"0","isLinked":""},"text":"Divisor"},"elements":[],"isInner":false,"widgetType":"divider","elType":"widget"},{"id":"1e9250cb","settings":{"title":"John's speaches are based on <i>5 key areas<\/i> of life","align":"center","title_color":"#212529","typography_typography":"custom","typography_font_family":"Barlow Condensed","typography_font_size":{"unit":"em","size":"1.2","sizes":[]},"typography_font_weight":"500","typography_text_transform":"uppercase","typography_line_height":{"unit":"em","size":"1.3","sizes":[]},"typography_letter_spacing":{"unit":"px","size":"2","sizes":[]},"typography_font_size_tablet":{"unit":"em","size":"1.1","sizes":[]},"typography_font_size_mobile":{"unit":"em","size":"1.1","sizes":[]},"typography_letter_spacing_tablet":{"unit":"px","size":"2","sizes":[]},"typography_letter_spacing_mobile":{"unit":"px","size":"1","sizes":[]},"_padding":{"unit":"em","top":"1.5","right":"0","bottom":"01.5","left":"0","isLinked":""},"header_size":"h3","typography_line_height_mobile":{"unit":"em","size":"1.5","sizes":[]}},"elements":[],"isInner":false,"widgetType":"heading","elType":"widget"}],"isInner":"1","elType":"column"}],"isInner":"1","elType":"section"},{"id":"162c943","settings":{"structure":"30"},"elements":[{"id":"1db1dac6","settings":{"_column_size":"33","space_between_widgets":"0","background_background":"classic","background_color":"#ffffff","border_radius":{"unit":"px","top":"10","right":"10","bottom":"10","left":"10","isLinked":"1"},"box_shadow_box_shadow":{"horizontal":"0","vertical":"11","blur":"30","spread":"0","color":"rgba(0,17,58,0.05)"},"margin":{"unit":"px","top":"15","right":"15","bottom":"15","left":"15","isLinked":"1"},"padding":{"unit":"px","top":"50","right":"55","bottom":"46","left":"55","isLinked":""},"content_position":"center","border_border":"solid","border_width":{"unit":"px","top":"1","right":"1","bottom":"1","left":"1","isLinked":"1"},"border_color":"rgba(233,236,239,0.5)","_inline_size_tablet":"50","animation":"fadeIn","animation_delay":"100"},"elements":[{"id":"3eeaf1b5","settings":{"title":"Wisi flagcllls proveniens ut usus cras hosticum, ExceSsivos id arcui ut virtutis est septima humilime consurgunt.","header_size":"h3","title_color":"#657182","typography_typography":"custom","typography_font_family":"Barlow Condensed","typography_font_size":{"unit":"em","size":"1","sizes":[]},"typography_font_weight":"400","typography_text_transform":"uppercase","typography_line_height":{"unit":"em","size":"1.6","sizes":[]},"_padding":{"unit":"em","top":"0","right":"0","bottom":"1.6","left":"0","isLinked":""},"align":"center"},"elements":[],"isInner":false,"widgetType":"heading","elType":"widget"},{"id":"2c653e9e","settings":{"title":"Career & Influence","header_size":"h3","title_color":"#212529","typography_typography":"custom","typography_font_family":"Barlow Condensed","typography_font_size":{"unit":"em","size":"1","sizes":[]},"typography_font_weight":"600","typography_text_transform":"uppercase","typography_line_height":{"unit":"em","size":"2.1","sizes":[]},"typography_letter_spacing":{"unit":"px","size":"1.2","sizes":[]},"_padding":{"unit":"em","top":"0","right":"0","bottom":"0","left":"0","isLinked":""},"align_mobile":"center","align":"center"},"elements":[],"isInner":false,"widgetType":"heading","elType":"widget"},{"id":"7c843b6","settings":{"title":"Learn More","header_size":"h3","title_color":"#4040e8","typography_typography":"custom","typography_font_family":"Open Sans","typography_font_size":{"unit":"em","size":"0.85","sizes":[]},"typography_font_weight":"300","typography_line_height":{"unit":"em","size":"1.2","sizes":[]},"_padding":{"unit":"em","top":"0","right":"0","bottom":"0","left":"0","isLinked":""},"align_mobile":"center","align":"center","link":{"url":"#","is_external":"","nofollow":""}},"elements":[],"isInner":false,"widgetType":"heading","elType":"widget"}],"isInner":"1","elType":"column"},{"id":"36fa1f25","settings":{"_column_size":"33","space_between_widgets":"0","background_background":"classic","background_color":"#ffffff","border_radius":{"unit":"px","top":"10","right":"10","bottom":"10","left":"10","isLinked":"1"},"box_shadow_box_shadow":{"horizontal":"0","vertical":"11","blur":"30","spread":"0","color":"rgba(0,17,58,0.05)"},"margin":{"unit":"px","top":"15","right":"15","bottom":"15","left":"15","isLinked":"1"},"padding":{"unit":"px","top":"50","right":"55","bottom":"46","left":"55","isLinked":""},"content_position":"center","border_border":"solid","border_width":{"unit":"px","top":"1","right":"1","bottom":"1","left":"1","isLinked":"1"},"border_color":"rgba(233,236,239,0.5)","_inline_size_tablet":"50","animation":"fadeIn","animation_delay":"200"},"elements":[{"id":"14902c27","settings":{"title":"Lius amititiae concernunt te nemo quae dominant, CharYbdium si class id facilius dui videtur eleifend laborandum.","header_size":"h3","title_color":"#657182","typography_typography":"custom","typography_font_family":"Barlow Condensed","typography_font_size":{"unit":"em","size":"1","sizes":[]},"typography_font_weight":"400","typography_text_transform":"uppercase","typography_line_height":{"unit":"em","size":"1.6","sizes":[]},"_padding":{"unit":"em","top":"0","right":"0","bottom":"1.6","left":"0","isLinked":""},"align":"center"},"elements":[],"isInner":false,"widgetType":"heading","elType":"widget"},{"id":"2b9e650f","settings":{"title":"Lifestyle & Productivity","header_size":"h3","title_color":"#212529","typography_typography":"custom","typography_font_family":"Barlow Condensed","typography_font_size":{"unit":"em","size":"1","sizes":[]},"typography_font_weight":"600","typography_text_transform":"uppercase","typography_line_height":{"unit":"em","size":"2.1","sizes":[]},"typography_letter_spacing":{"unit":"px","size":"1.2","sizes":[]},"_padding":{"unit":"em","top":"0","right":"0","bottom":"0","left":"0","isLinked":""},"align_mobile":"center","align":"center"},"elements":[],"isInner":false,"widgetType":"heading","elType":"widget"},{"id":"43bf8c8a","settings":{"title":"Learn More","header_size":"h3","title_color":"#4040e8","typography_typography":"custom","typography_font_family":"Open Sans","typography_font_size":{"unit":"em","size":"0.85","sizes":[]},"typography_font_weight":"300","typography_line_height":{"unit":"em","size":"1.2","sizes":[]},"_padding":{"unit":"em","top":"0","right":"0","bottom":"0","left":"0","isLinked":""},"align_mobile":"center","align":"center","link":{"url":"#","is_external":"","nofollow":""}},"elements":[],"isInner":false,"widgetType":"heading","elType":"widget"}],"isInner":"1","elType":"column"},{"id":"282ff4ac","settings":{"_column_size":"33","space_between_widgets":"0","background_background":"classic","background_color":"#ffffff","border_radius":{"unit":"px","top":"10","right":"10","bottom":"10","left":"10","isLinked":"1"},"box_shadow_box_shadow":{"horizontal":"0","vertical":"11","blur":"30","spread":"0","color":"rgba(0,17,58,0.05)"},"margin":{"unit":"px","top":"15","right":"15","bottom":"15","left":"15","isLinked":"1"},"padding":{"unit":"px","top":"50","right":"55","bottom":"46","left":"55","isLinked":""},"content_position":"center","border_border":"solid","border_width":{"unit":"px","top":"1","right":"1","bottom":"1","left":"1","isLinked":"1"},"border_color":"rgba(233,236,239,0.5)","_inline_size_tablet":"100","animation":"fadeIn","animation_delay":"300"},"elements":[{"id":"5dca89d","settings":{"title":"Nibh feliciori aspernatur et cras pede gloriose, HibeRnorum mi fusce at politius dui origine promisti charybdium.","header_size":"h3","title_color":"#657182","typography_typography":"custom","typography_font_family":"Barlow Condensed","typography_font_size":{"unit":"em","size":"1","sizes":[]},"typography_font_weight":"400","typography_text_transform":"uppercase","typography_line_height":{"unit":"em","size":"1.6","sizes":[]},"_padding":{"unit":"em","top":"0","right":"0","bottom":"1.6","left":"0","isLinked":""},"align":"center"},"elements":[],"isInner":false,"widgetType":"heading","elType":"widget"},{"id":"7d3357e2","settings":{"title":"Mind & Spirit","header_size":"h3","title_color":"#212529","typography_typography":"custom","typography_font_family":"Barlow Condensed","typography_font_size":{"unit":"em","size":"1","sizes":[]},"typography_font_weight":"600","typography_text_transform":"uppercase","typography_line_height":{"unit":"em","size":"2.1","sizes":[]},"typography_letter_spacing":{"unit":"px","size":"1.2","sizes":[]},"_padding":{"unit":"em","top":"0","right":"0","bottom":"0","left":"0","isLinked":""},"align_mobile":"center","align":"center"},"elements":[],"isInner":false,"widgetType":"heading","elType":"widget"},{"id":"1f4e6eae","settings":{"title":"Learn More","header_size":"h3","title_color":"#4040e8","typography_typography":"custom","typography_font_family":"Open Sans","typography_font_size":{"unit":"em","size":"0.85","sizes":[]},"typography_font_weight":"300","typography_line_height":{"unit":"em","size":"1.2","sizes":[]},"_padding":{"unit":"em","top":"0","right":"0","bottom":"0","left":"0","isLinked":""},"align_mobile":"center","align":"center","link":{"url":"#","is_external":"","nofollow":""}},"elements":[],"isInner":false,"widgetType":"heading","elType":"widget"}],"isInner":"1","elType":"column"}],"isInner":"1","elType":"section"},{"id":"4efdc000","settings":{"structure":"30","animation":"fadeIn"},"elements":[{"id":"3f9ed8c2","settings":{"_column_size":"33","space_between_widgets":"0","background_background":"classic","background_color":"#ffffff","border_radius":{"unit":"px","top":"10","right":"10","bottom":"10","left":"10","isLinked":"1"},"box_shadow_box_shadow":{"horizontal":"0","vertical":"11","blur":"30","spread":"0","color":"rgba(0,17,58,0.05)"},"margin":{"unit":"px","top":"15","right":"15","bottom":"15","left":"15","isLinked":"1"},"padding":{"unit":"px","top":"50","right":"55","bottom":"46","left":"55","isLinked":""},"content_position":"center","border_border":"solid","border_width":{"unit":"px","top":"1","right":"1","bottom":"1","left":"1","isLinked":"1"},"border_color":"rgba(233,236,239,0.5)","_inline_size_tablet":"50"},"elements":[{"id":"15d35ac5","settings":{"title":"Ipsa statuitis cognominum si modo modo parietes, DoloRemque si metus at malitiae dui frustra insultum pronunciam.","header_size":"h3","title_color":"#657182","typography_typography":"custom","typography_font_family":"Barlow Condensed","typography_font_size":{"unit":"em","size":"1","sizes":[]},"typography_font_weight":"400","typography_text_transform":"uppercase","typography_line_height":{"unit":"em","size":"1.6","sizes":[]},"_padding":{"unit":"em","top":"0","right":"0","bottom":"1.6","left":"0","isLinked":""},"align":"center"},"elements":[],"isInner":false,"widgetType":"heading","elType":"widget"},{"id":"2d90e610","settings":{"title":"Health & Fitness","header_size":"h3","title_color":"#212529","typography_typography":"custom","typography_font_family":"Barlow Condensed","typography_font_size":{"unit":"em","size":"1","sizes":[]},"typography_font_weight":"600","typography_text_transform":"uppercase","typography_line_height":{"unit":"em","size":"2.1","sizes":[]},"typography_letter_spacing":{"unit":"px","size":"1.2","sizes":[]},"_padding":{"unit":"em","top":"0","right":"0","bottom":"0","left":"0","isLinked":""},"align_mobile":"center","align":"center"},"elements":[],"isInner":false,"widgetType":"heading","elType":"widget"},{"id":"2c38d68a","settings":{"title":"Learn More","header_size":"h3","title_color":"#4040e8","typography_typography":"custom","typography_font_family":"Open Sans","typography_font_size":{"unit":"em","size":"0.85","sizes":[]},"typography_font_weight":"300","typography_line_height":{"unit":"em","size":"1.2","sizes":[]},"_padding":{"unit":"em","top":"0","right":"0","bottom":"0","left":"0","isLinked":""},"align_mobile":"center","align":"center","link":{"url":"#","is_external":"","nofollow":""}},"elements":[],"isInner":false,"widgetType":"heading","elType":"widget"}],"isInner":"1","elType":"column"},{"id":"6f23ad95","settings":{"_column_size":"33","space_between_widgets":"0","background_background":"classic","background_color":"#ffffff","border_radius":{"unit":"px","top":"10","right":"10","bottom":"10","left":"10","isLinked":"1"},"box_shadow_box_shadow":{"horizontal":"0","vertical":"11","blur":"30","spread":"0","color":"rgba(0,17,58,0.05)"},"margin":{"unit":"px","top":"15","right":"15","bottom":"15","left":"15","isLinked":"1"},"padding":{"unit":"px","top":"50","right":"55","bottom":"46","left":"55","isLinked":""},"content_position":"center","border_border":"solid","border_width":{"unit":"px","top":"1","right":"1","bottom":"1","left":"1","isLinked":"1"},"border_color":"rgba(233,236,239,0.5)","_inline_size_tablet":"50"},"elements":[{"id":"41f935b4","settings":{"title":"Vero mollitiem apostrophe in arcu quae expedita, AspeRiores si magni si ministri vel patriae repellat haeredissa.","header_size":"h3","title_color":"#657182","typography_typography":"custom","typography_font_family":"Barlow Condensed","typography_font_size":{"unit":"em","size":"1","sizes":[]},"typography_font_weight":"400","typography_text_transform":"uppercase","typography_line_height":{"unit":"em","size":"1.6","sizes":[]},"_padding":{"unit":"em","top":"0","right":"0","bottom":"1.6","left":"0","isLinked":""},"align":"center"},"elements":[],"isInner":false,"widgetType":"heading","elType":"widget"},{"id":"2ba7f012","settings":{"title":"Love & Relationships","header_size":"h3","title_color":"#212529","typography_typography":"custom","typography_font_family":"Barlow Condensed","typography_font_size":{"unit":"em","size":"1","sizes":[]},"typography_font_weight":"600","typography_text_transform":"uppercase","typography_line_height":{"unit":"em","size":"2.1","sizes":[]},"typography_letter_spacing":{"unit":"px","size":"1.2","sizes":[]},"_padding":{"unit":"em","top":"0","right":"0","bottom":"0","left":"0","isLinked":""},"align_mobile":"center","align":"center"},"elements":[],"isInner":false,"widgetType":"heading","elType":"widget"},{"id":"12d05fcf","settings":{"title":"Learn More","header_size":"h3","title_color":"#4040e8","typography_typography":"custom","typography_font_family":"Open Sans","typography_font_size":{"unit":"em","size":"0.85","sizes":[]},"typography_font_weight":"300","typography_line_height":{"unit":"em","size":"1.2","sizes":[]},"_padding":{"unit":"em","top":"0","right":"0","bottom":"0","left":"0","isLinked":""},"align_mobile":"center","align":"center","link":{"url":"#","is_external":"","nofollow":""}},"elements":[],"isInner":false,"widgetType":"heading","elType":"widget"}],"isInner":"1","elType":"column"},{"id":"6855ba99","settings":{"_column_size":"33","space_between_widgets":"0","background_color":"#ffffff","border_radius":{"unit":"px","top":"10","right":"10","bottom":"10","left":"10","isLinked":"1"},"box_shadow_box_shadow":{"horizontal":"0","vertical":"11","blur":"30","spread":"0","color":"rgba(0,17,58,0.05)"},"margin":{"unit":"px","top":"15","right":"15","bottom":"15","left":"15","isLinked":"1"},"padding":{"unit":"px","top":"50","right":"55","bottom":"46","left":"55","isLinked":""},"content_position":"center","border_width":{"unit":"px","top":"1","right":"1","bottom":"1","left":"1","isLinked":"1"},"border_color":"rgba(233,236,239,0.5)","_inline_size_tablet":"100","padding_mobile":{"unit":"px","top":"1","right":"1","bottom":"1","left":"1","isLinked":"1"}},"elements":[{"id":"303a2dd7","settings":{"title":"Discover more john's programs","header_size":"h3","align":"center","title_color":"#252930","typography_typography":"custom","typography_font_family":"Barlow Condensed","typography_font_size":{"unit":"em","size":"1.2","sizes":[]},"typography_font_weight":"500","typography_text_transform":"uppercase","typography_line_height":{"unit":"em","size":"1.7","sizes":[]},"typography_letter_spacing":{"unit":"px","size":"1.5","sizes":[]},"_padding":{"unit":"em","top":"0","right":"0","bottom":"0","left":"0","isLinked":""},"align_mobile":"center"},"elements":[],"isInner":false,"widgetType":"heading","elType":"widget"},{"id":"1cdc18b6","settings":{"text":"More Programs","size":"md","typography_typography":"custom","typography_font_family":"Barlow Condensed","typography_font_size":{"unit":"em","size":"1","sizes":[]},"typography_font_weight":"400","typography_text_transform":"uppercase","typography_line_height":{"unit":"em","size":"1.6","sizes":[]},"typography_letter_spacing":{"unit":"px","size":"1.7","sizes":[]},"button_text_color":"#ffffff","background_color":"#91a5ff","border_width":{"unit":"px","top":"2","right":"2","bottom":"2","left":"2","isLinked":"1"},"border_color":"#4f6df5","border_radius":{"unit":"px","top":"100","right":"100","bottom":"100","left":"100","isLinked":"1"},"text_padding":{"unit":"em","top":"0.9","right":"2.8","bottom":"1","left":"2.8","isLinked":""},"_padding":{"unit":"em","top":"1","right":"0","bottom":"0","left":"0","isLinked":""},"align_tablet":"center","align":"center","hover_color":"#ffffff","button_background_hover_color":"#4040e8","hover_animation":"float","_margin":{"unit":"px","top":"30","right":"0","bottom":"0","left":"0","isLinked":""},"_animation":"fadeIn","_animation_delay":"400"},"elements":[],"isInner":false,"widgetType":"button","elType":"widget"}],"isInner":"1","elType":"column"}],"isInner":"1","elType":"section"}],"isInner":"","elType":"column"}],"isInner":"","elType":"section"},{"id":"4dbf90ad","settings":{"padding":{"unit":"em","top":"1.6","right":"0","bottom":"2","left":"0","isLinked":""},"background_background":"classic","background_color":"#ffffff","padding_mobile":{"unit":"em","top":"05","right":"0","bottom":"06","left":"0","isLinked":""}},"elements":[{"id":"4d4a4531","settings":{"_column_size":"100","padding":{"unit":"em","top":"","right":"","bottom":"","left":"","isLinked":"1"},"_inline_size_tablet":"100","padding_mobile":{"unit":"em","top":"1","right":"1","bottom":"1","left":"1","isLinked":"1"}},"elements":[{"id":"37e43edd","settings":{"background_background":"classic","background_color":"#ffffff","content_width":{"unit":"px","size":"820","sizes":[]},"padding":{"unit":"em","top":"0","right":"0","bottom":"0","left":"0","isLinked":""}},"elements":[{"id":"2796a21d","settings":{"_column_size":"100","space_between_widgets":"0","padding":{"unit":"em","top":"1","right":"1","bottom":"1","left":"1","isLinked":""},"padding_mobile":{"unit":"em","top":"1","right":"1","bottom":"1","left":"1","isLinked":"1"}},"elements":[{"id":"8d13f92","settings":{"title":"Featured IN","header_size":"h3","align":"center","title_color":"#333333","typography_typography":"custom","typography_font_family":"Barlow Condensed","typography_font_size":{"unit":"em","size":"0.9","sizes":[]},"typography_font_weight":"500","typography_text_transform":"uppercase","typography_line_height":{"unit":"em","size":"1","sizes":[]},"typography_letter_spacing":{"unit":"px","size":"4","sizes":[]},"_padding":{"unit":"em","top":"0","right":"0","bottom":"1.5","left":"0","isLinked":""}},"elements":[],"isInner":false,"widgetType":"heading","elType":"widget"}],"isInner":"1","elType":"column"}],"isInner":"1","elType":"section"},{"id":"6b20a04e","settings":{"structure":"50","background_background":"classic","background_color":"#ffffff"},"elements":[{"id":"7e551d4a","settings":{"_column_size":"20","_inline_size_mobile":"50"},"elements":[{"id":"420e96c4","settings":{"image":{"url":"http:\/\/sitefacilitado.com.br\/wp-content\/uploads\/2020\/02\/client4.png","id":"720"},"image_size":"custom","image_custom_dimension":{"width":"200","height":"100"},"opacity":{"unit":"px","size":"0.85","sizes":[]}},"elements":[],"isInner":false,"widgetType":"image","elType":"widget"}],"isInner":"1","elType":"column"},{"id":"523ed120","settings":{"_column_size":"20","_inline_size_mobile":"50"},"elements":[{"id":"36731749","settings":{"image":{"url":"http:\/\/sitefacilitado.com.br\/wp-content\/uploads\/2020\/02\/client3.png","id":"721"},"image_size":"custom","image_custom_dimension":{"width":"200","height":"100"},"opacity":{"unit":"px","size":"0.85","sizes":[]}},"elements":[],"isInner":false,"widgetType":"image","elType":"widget"}],"isInner":"1","elType":"column"},{"id":"53b4f6ff","settings":{"_column_size":"20","_inline_size_mobile":"50"},"elements":[{"id":"12254738","settings":{"image":{"url":"http:\/\/sitefacilitado.com.br\/wp-content\/uploads\/2020\/02\/client05-1.png","id":"722"},"image_size":"custom","image_custom_dimension":{"width":"200","height":"100"},"opacity":{"unit":"px","size":"0.85","sizes":[]}},"elements":[],"isInner":false,"widgetType":"image","elType":"widget"}],"isInner":"1","elType":"column"},{"id":"6c7a4724","settings":{"_column_size":"20","_inline_size_mobile":"50"},"elements":[{"id":"99c1ffc","settings":{"image":{"url":"http:\/\/sitefacilitado.com.br\/wp-content\/uploads\/2020\/02\/client01.png","id":"723"},"image_size":"custom","image_custom_dimension":{"width":"200","height":"100"},"opacity":{"unit":"px","size":"0.85","sizes":[]}},"elements":[],"isInner":false,"widgetType":"image","elType":"widget"}],"isInner":"1","elType":"column"},{"id":"77878763","settings":{"_column_size":"20"},"elements":[{"id":"75e5c134","settings":{"image":{"url":"http:\/\/sitefacilitado.com.br\/wp-content\/uploads\/2020\/02\/client2.png","id":"724"},"image_size":"custom","image_custom_dimension":{"width":"200","height":"100"},"opacity":{"unit":"px","size":"0.85","sizes":[]}},"elements":[],"isInner":false,"widgetType":"image","elType":"widget"}],"isInner":"1","elType":"column"}],"isInner":"1","elType":"section"}],"isInner":"","elType":"column"}],"isInner":"","elType":"section"},{"id":"3d5a0b09","settings":{"custom_height":{"unit":"vh","size":"50","sizes":[]},"background_background":"gradient","background_color":"#2b9dd9","background_position":"center center","background_repeat":"no-repeat","background_size":"cover","background_overlay_color":"#2b9dd9","background_overlay_position":"center center","background_overlay_repeat":"no-repeat","background_overlay_size":"cover","background_overlay_opacity":{"unit":"px","size":"0.76","sizes":[]},"css_filters_contrast":{"unit":"px","size":"0","sizes":[]},"overlay_blend_mode":"multiply","padding":{"unit":"em","top":"6","right":"0","bottom":"03","left":"0","isLinked":""},"custom_height_tablet":{"unit":"vh","size":"46","sizes":[]},"padding_tablet":{"unit":"em","top":"5","right":"0","bottom":"5","left":"0","isLinked":""},"padding_mobile":{"unit":"em","top":"5","right":"1","bottom":"5","left":"1","isLinked":""},"background_color_b":"#892af7","background_gradient_angle":{"unit":"deg","size":"250","sizes":[]},"background_overlay_color_b":"#892af7","background_overlay_gradient_angle":{"unit":"deg","size":"300","sizes":[]},"height":"min-height","background_image":{"url":"https:\/\/wp.envatoextensions.com\/kit-108\/wp-content\/uploads\/sites\/111\/2019\/06\/photo-1554260570-9140fd3b7614.jpeg","id":"185"},"background_overlay_background":"classic","background_overlay_image":{"url":"http:\/\/sitefacilitado.com.br\/wp-content\/uploads\/2020\/02\/photo-1505373877841-8d25f7d46678-1.jpeg","id":"718"}},"elements":[{"id":"7b8ac20a","settings":{"_column_size":"100","content_position":"center","space_between_widgets":"10","align":"center"},"elements":[{"id":"50542b57","settings":{"content_width":{"unit":"px","size":"600","sizes":[]},"padding":{"unit":"em","top":"0","right":"0","bottom":"1","left":"0","isLinked":""}},"elements":[{"id":"577953f1","settings":{"_column_size":"100","space_between_widgets":"10"},"elements":[{"id":"369c82b4","settings":{"title":"What they say","header_size":"h3","align":"center","title_color":"#ffffff","typography_typography":"custom","typography_font_family":"Barlow Condensed","typography_font_size":{"unit":"em","size":"0.9","sizes":[]},"typography_font_weight":"500","typography_text_transform":"uppercase","typography_line_height":{"unit":"em","size":"1","sizes":[]},"typography_letter_spacing":{"unit":"px","size":"4","sizes":[]},"_padding":{"unit":"em","top":"0","right":"0","bottom":"0","left":"0","isLinked":""}},"elements":[],"isInner":false,"widgetType":"heading","elType":"widget"},{"id":"53127441","settings":{"title":"Success stories","align":"center","title_color":"#ffffff","typography_typography":"custom","typography_font_family":"Barlow Condensed","typography_font_size":{"unit":"em","size":"3.5","sizes":[]},"typography_font_weight":"500","typography_text_transform":"uppercase","typography_line_height":{"unit":"em","size":"1.3","sizes":[]},"typography_letter_spacing":{"unit":"px","size":"2","sizes":[]},"typography_font_size_tablet":{"unit":"em","size":"3.8","sizes":[]},"typography_font_size_mobile":{"unit":"em","size":"2.3","sizes":[]},"typography_letter_spacing_tablet":{"unit":"px","size":"2","sizes":[]},"typography_letter_spacing_mobile":{"unit":"px","size":"2","sizes":[]},"_padding":{"unit":"em","top":"0.5","right":"0","bottom":"1","left":"0","isLinked":""}},"elements":[],"isInner":false,"widgetType":"heading","elType":"widget"},{"id":"34560080","settings":{"color":"#91a5ff","width":{"unit":"px","size":"80","sizes":[]},"gap":{"unit":"px","size":"2","sizes":[]},"align":"center","_padding":{"unit":"em","top":"0","right":"0","bottom":"0","left":"0","isLinked":""},"text":"Divisor"},"elements":[],"isInner":false,"widgetType":"divider","elType":"widget"}],"isInner":"1","elType":"column"}],"isInner":"1","elType":"section"},{"id":"27359271","settings":{"background_background":"classic","background_color":"rgba(33,35,41,0)","padding":{"unit":"em","top":"0","right":"0","bottom":"0","left":"0","isLinked":""},"structure":"30","z_index":"999"},"elements":[{"id":"13994276","settings":{"_column_size":"33","space_between_widgets":"5","border_border":"solid","border_width":{"unit":"px","top":"1","right":"1","bottom":"1","left":"1","isLinked":"1"},"border_color":"rgba(233,236,239,0.5)","border_radius":{"unit":"px","top":"10","right":"10","bottom":"10","left":"10","isLinked":"1"},"box_shadow_box_shadow":{"horizontal":"0","vertical":"20","blur":"30","spread":"0","color":"rgba(233,236,239,0.2)"},"margin":{"unit":"px","top":"15","right":"15","bottom":"15","left":"15","isLinked":"1"},"padding":{"unit":"em","top":"3","right":"2","bottom":"3","left":"2","isLinked":""},"_inline_size_tablet":"50","background_background":"classic","background_color":"#ffffff"},"elements":[{"id":"110f8334","settings":{"image":{"url":"http:\/\/sitefacilitado.com.br\/wp-content\/uploads\/2020\/02\/quote-2.png","id":"725"},"image_size":"custom","image_custom_dimension":{"width":"208","height":"145"},"align":"center","width":{"unit":"px","size":"51","sizes":[]},"space":{"unit":"%","size":"100","sizes":[]},"opacity":{"unit":"px","size":"1","sizes":[]},"_padding":{"unit":"em","top":"0","right":"0","bottom":"0","left":"0","isLinked":""}},"elements":[],"isInner":false,"widgetType":"image","elType":"widget"},{"id":"276c233a","settings":{"editor":"<p>\"Sed ut perspiciatis unde omnis iste natus error sit voluptatem accusantium doloremque laudantium, totam rem aperiam, eaque ipsa.\"<\/p>","text_color":"#657182","typography_typography":"custom","typography_font_family":"Open Sans","typography_font_size":{"unit":"em","size":"1","sizes":[]},"typography_font_weight":"300","typography_line_height":{"unit":"em","size":"1.75","sizes":[]},"typography_letter_spacing":{"unit":"px","size":"0","sizes":[]},"align_mobile":"center","align":"center"},"elements":[],"isInner":false,"widgetType":"text-editor","elType":"widget"},{"id":"6419e4da","settings":{"image":{"url":"http:\/\/sitefacilitado.com.br\/wp-content\/uploads\/2020\/02\/photo-1534528741775-53994a69daeb.jpg","id":"726"},"image_size":"custom","image_custom_dimension":{"width":"100","height":"100"},"width":{"unit":"px","size":"66","sizes":[]},"space":{"unit":"%","size":"100","sizes":[]},"opacity":{"unit":"px","size":"1","sizes":[]},"image_border_radius":{"unit":"px","top":"100","right":"100","bottom":"100","left":"100","isLinked":"1"},"_padding":{"unit":"em","top":"0","right":"0","bottom":"1","left":"0","isLinked":""}},"elements":[],"isInner":false,"widgetType":"image","elType":"widget"},{"id":"36c7e9e3","settings":{"title":"Emma Johanson","header_size":"h3","align":"center","title_color":"#212529","typography_typography":"custom","typography_font_family":"Barlow Condensed","typography_font_size":{"unit":"em","size":"1","sizes":[]},"typography_font_weight":"600","typography_text_transform":"uppercase","typography_line_height":{"unit":"em","size":"1","sizes":[]},"typography_letter_spacing":{"unit":"px","size":"3","sizes":[]},"_padding":{"unit":"em","top":"","right":"","bottom":"","left":"","isLinked":"1"},"align_mobile":"center"},"elements":[],"isInner":false,"widgetType":"heading","elType":"widget"},{"id":"19ca0c9e","settings":{"title":"Actress & TV Host","header_size":"h4","align":"center","align_mobile":"center","title_color":"#657182","typography_typography":"custom","typography_font_family":"Open Sans","typography_font_size":{"unit":"em","size":"0.86","sizes":[]},"typography_font_weight":"300","typography_line_height":{"unit":"em","size":"1.75","sizes":[]},"typography_letter_spacing":{"unit":"px","size":"0.2","sizes":[]}},"elements":[],"isInner":false,"widgetType":"heading","elType":"widget"}],"isInner":"1","elType":"column"},{"id":"3825debb","settings":{"_column_size":"33","space_between_widgets":"5","border_border":"solid","border_width":{"unit":"px","top":"1","right":"1","bottom":"1","left":"1","isLinked":"1"},"border_color":"rgba(233,236,239,0.5)","border_radius":{"unit":"px","top":"10","right":"10","bottom":"10","left":"10","isLinked":"1"},"box_shadow_box_shadow":{"horizontal":"0","vertical":"20","blur":"30","spread":"0","color":"rgba(233,236,239,0.2)"},"margin":{"unit":"px","top":"15","right":"15","bottom":"15","left":"15","isLinked":"1"},"padding":{"unit":"em","top":"3","right":"2","bottom":"3","left":"2","isLinked":""},"_inline_size_tablet":"50","background_background":"classic","background_color":"#ffffff"},"elements":[{"id":"5d5f41c","settings":{"image":{"url":"http:\/\/sitefacilitado.com.br\/wp-content\/uploads\/2020\/02\/quote-2.png","id":"725"},"image_size":"custom","image_custom_dimension":{"width":"208","height":"145"},"align":"center","width":{"unit":"px","size":"51","sizes":[]},"space":{"unit":"%","size":"100","sizes":[]},"opacity":{"unit":"px","size":"1","sizes":[]},"_padding":{"unit":"em","top":"0","right":"0","bottom":"0","left":"0","isLinked":""}},"elements":[],"isInner":false,"widgetType":"image","elType":"widget"},{"id":"1443b8d3","settings":{"editor":"<p>\"Sem mi abdicationis quae ipsum sint dolor eodem sit cvictiones emolumentum necessaria adulterium, clari nec vestram, error enim.\"<\/p>","text_color":"#657182","typography_typography":"custom","typography_font_family":"Open Sans","typography_font_size":{"unit":"em","size":"1","sizes":[]},"typography_font_weight":"300","typography_line_height":{"unit":"em","size":"1.75","sizes":[]},"typography_letter_spacing":{"unit":"px","size":"0","sizes":[]},"align_mobile":"center","align":"center"},"elements":[],"isInner":false,"widgetType":"text-editor","elType":"widget"},{"id":"31da500e","settings":{"image":{"url":"http:\/\/sitefacilitado.com.br\/wp-content\/uploads\/2020\/02\/photo-1551110649-ac472a979f69.jpg","id":"727"},"image_size":"custom","image_custom_dimension":{"width":"100","height":"100"},"width":{"unit":"px","size":"66","sizes":[]},"space":{"unit":"%","size":"100","sizes":[]},"opacity":{"unit":"px","size":"1","sizes":[]},"image_border_radius":{"unit":"px","top":"100","right":"100","bottom":"100","left":"100","isLinked":"1"},"_padding":{"unit":"em","top":"0","right":"0","bottom":"1","left":"0","isLinked":""}},"elements":[],"isInner":false,"widgetType":"image","elType":"widget"},{"id":"206e3009","settings":{"title":"M\u00e5rten Lindberg","header_size":"h3","align":"center","title_color":"#212529","typography_typography":"custom","typography_font_family":"Barlow Condensed","typography_font_size":{"unit":"em","size":"1","sizes":[]},"typography_font_weight":"600","typography_text_transform":"uppercase","typography_line_height":{"unit":"em","size":"1","sizes":[]},"typography_letter_spacing":{"unit":"px","size":"3","sizes":[]},"_padding":{"unit":"em","top":"","right":"","bottom":"","left":"","isLinked":"1"},"align_mobile":"center"},"elements":[],"isInner":false,"widgetType":"heading","elType":"widget"},{"id":"69bc3f40","settings":{"title":"Integration Strategist","header_size":"h4","align":"center","align_mobile":"center","title_color":"#657182","typography_typography":"custom","typography_font_family":"Open Sans","typography_font_size":{"unit":"em","size":"0.86","sizes":[]},"typography_font_weight":"300","typography_line_height":{"unit":"em","size":"1.75","sizes":[]},"typography_letter_spacing":{"unit":"px","size":"0.2","sizes":[]}},"elements":[],"isInner":false,"widgetType":"heading","elType":"widget"}],"isInner":"1","elType":"column"},{"id":"18c3fe27","settings":{"_column_size":"33","space_between_widgets":"5","border_border":"solid","border_width":{"unit":"px","top":"1","right":"1","bottom":"1","left":"1","isLinked":"1"},"border_color":"rgba(233,236,239,0.5)","border_radius":{"unit":"px","top":"10","right":"10","bottom":"10","left":"10","isLinked":"1"},"box_shadow_box_shadow":{"horizontal":"0","vertical":"20","blur":"30","spread":"0","color":"rgba(233,236,239,0.2)"},"margin":{"unit":"px","top":"15","right":"15","bottom":"15","left":"15","isLinked":"1"},"padding":{"unit":"em","top":"3","right":"2","bottom":"3","left":"2","isLinked":""},"_inline_size_tablet":"100","background_background":"classic","background_color":"#ffffff"},"elements":[{"id":"6e9bb771","settings":{"image":{"url":"http:\/\/sitefacilitado.com.br\/wp-content\/uploads\/2020\/02\/quote-2.png","id":"725"},"image_size":"custom","image_custom_dimension":{"width":"208","height":"145"},"align":"center","width":{"unit":"px","size":"51","sizes":[]},"space":{"unit":"%","size":"100","sizes":[]},"opacity":{"unit":"px","size":"1","sizes":[]},"_padding":{"unit":"em","top":"0","right":"0","bottom":"0","left":"0","isLinked":""}},"elements":[],"isInner":false,"widgetType":"image","elType":"widget"},{"id":"1b46954f","settings":{"editor":"<p>\"Per te antichristus cras lacus odit morbi error sit resipiscet interregnum praevenire potissimum, animi rem utraque, donec quia.\"<\/p>","text_color":"#657182","typography_typography":"custom","typography_font_family":"Open Sans","typography_font_size":{"unit":"em","size":"1","sizes":[]},"typography_font_weight":"300","typography_line_height":{"unit":"em","size":"1.75","sizes":[]},"typography_letter_spacing":{"unit":"px","size":"0","sizes":[]},"align_mobile":"center","align":"center"},"elements":[],"isInner":false,"widgetType":"text-editor","elType":"widget"},{"id":"97c9fd8","settings":{"image":{"url":"http:\/\/sitefacilitado.com.br\/wp-content\/uploads\/2020\/02\/photo-1490143142353-f77c4884518e.jpg","id":"728"},"image_size":"custom","image_custom_dimension":{"width":"100","height":"100"},"width":{"unit":"px","size":"66","sizes":[]},"space":{"unit":"%","size":"100","sizes":[]},"opacity":{"unit":"px","size":"1","sizes":[]},"image_border_radius":{"unit":"px","top":"100","right":"100","bottom":"100","left":"100","isLinked":"1"},"_padding":{"unit":"em","top":"0","right":"0","bottom":"1","left":"0","isLinked":""}},"elements":[],"isInner":false,"widgetType":"image","elType":"widget"},{"id":"5267b73","settings":{"title":"Adela Fransson","header_size":"h3","align":"center","title_color":"#212529","typography_typography":"custom","typography_font_family":"Barlow Condensed","typography_font_size":{"unit":"em","size":"1","sizes":[]},"typography_font_weight":"600","typography_text_transform":"uppercase","typography_line_height":{"unit":"em","size":"1","sizes":[]},"typography_letter_spacing":{"unit":"px","size":"3","sizes":[]},"_padding":{"unit":"em","top":"","right":"","bottom":"","left":"","isLinked":"1"},"align_mobile":"center"},"elements":[],"isInner":false,"widgetType":"heading","elType":"widget"},{"id":"7d2d8618","settings":{"title":"Research Assistant","header_size":"h4","align":"center","align_mobile":"center","title_color":"#657182","typography_typography":"custom","typography_font_family":"Open Sans","typography_font_size":{"unit":"em","size":"0.86","sizes":[]},"typography_font_weight":"300","typography_line_height":{"unit":"em","size":"1.75","sizes":[]},"typography_letter_spacing":{"unit":"px","size":"0.2","sizes":[]}},"elements":[],"isInner":false,"widgetType":"heading","elType":"widget"}],"isInner":"1","elType":"column"}],"isInner":"1","elType":"section"},{"id":"19fc659c","settings":{"text":"See More Stories","size":"md","typography_typography":"custom","typography_font_family":"Barlow Condensed","typography_font_size":{"unit":"em","size":"1","sizes":[]},"typography_font_weight":"400","typography_text_transform":"uppercase","typography_line_height":{"unit":"em","size":"1.6","sizes":[]},"typography_letter_spacing":{"unit":"px","size":"1.7","sizes":[]},"button_text_color":"#ffffff","background_color":"#91a5ff","border_width":{"unit":"px","top":"2","right":"2","bottom":"2","left":"2","isLinked":"1"},"border_color":"#4f6df5","border_radius":{"unit":"px","top":"100","right":"100","bottom":"100","left":"100","isLinked":"1"},"text_padding":{"unit":"em","top":"0.9","right":"2.8","bottom":"1","left":"2.8","isLinked":""},"_padding":{"unit":"em","top":"1","right":"0","bottom":"0","left":"0","isLinked":""},"align_tablet":"center","align":"center","hover_color":"#ffffff","button_background_hover_color":"#4040e8","hover_animation":"float","_margin":{"unit":"px","top":"30","right":"0","bottom":"0","left":"0","isLinked":""},"_animation":"fadeIn","_animation_delay":"400"},"elements":[],"isInner":false,"widgetType":"button","elType":"widget"},{"id":"76f27719","settings":{"title":"Top Awarded speaker","header_size":"h3","align":"center","title_color":"rgba(255,255,255,0.73)","typography_typography":"custom","typography_font_family":"Barlow Condensed","typography_font_size":{"unit":"em","size":"0.7","sizes":[]},"typography_font_weight":"400","typography_text_transform":"uppercase","typography_line_height":{"unit":"em","size":"1","sizes":[]},"typography_letter_spacing":{"unit":"px","size":"3","sizes":[]},"_padding":{"unit":"em","top":"","right":"","bottom":"","left":"","isLinked":"1"},"align_mobile":"center","link":{"url":"#","is_external":"","nofollow":""}},"elements":[],"isInner":false,"widgetType":"heading","elType":"widget"}],"isInner":"","elType":"column"}],"isInner":"","elType":"section"},{"id":"f6e1fd3","settings":{"padding":{"unit":"em","top":"6","right":"0","bottom":"6","left":"0","isLinked":""},"background_background":"classic","background_color":"#ffffff","padding_mobile":{"unit":"em","top":"05","right":"0","bottom":"06","left":"0","isLinked":""}},"elements":[{"id":"6e729739","settings":{"_column_size":"100","padding":{"unit":"em","top":"1","right":"1","bottom":"1","left":"2","isLinked":""},"_inline_size_tablet":"100","padding_mobile":{"unit":"em","top":"1","right":"1","bottom":"1","left":"1","isLinked":"1"},"space_between_widgets":"0"},"elements":[{"id":"20b8730a","settings":{"background_background":"classic","background_color":"#ffffff","padding":{"unit":"em","top":"0","right":"0","bottom":"1","left":"0","isLinked":""},"content_width":{"unit":"px","size":"639","sizes":[]}},"elements":[{"id":"704841d0","settings":{"_column_size":"100","content_position":"center","space_between_widgets":"0"},"elements":[{"id":"4c3aa3e6","settings":{"title":"LIFE-CHANGING EXPERIENCES","header_size":"h3","align":"center","title_color":"#333333","typography_typography":"custom","typography_font_family":"Barlow Condensed","typography_font_size":{"unit":"em","size":"0.9","sizes":[]},"typography_font_weight":"500","typography_text_transform":"uppercase","typography_line_height":{"unit":"em","size":"1","sizes":[]},"typography_letter_spacing":{"unit":"px","size":"4","sizes":[]},"_padding":{"unit":"em","top":"0","right":"0","bottom":"1.5","left":"0","isLinked":""}},"elements":[],"isInner":false,"widgetType":"heading","elType":"widget"},{"id":"3a47b2cf","settings":{"title":"Upcoming events","align":"center","title_color":"#212529","typography_typography":"custom","typography_font_family":"Barlow Condensed","typography_font_size":{"unit":"em","size":"3.6","sizes":[]},"typography_font_weight":"500","typography_text_transform":"uppercase","typography_line_height":{"unit":"em","size":"1.1","sizes":[]},"typography_letter_spacing":{"unit":"px","size":"2","sizes":[]},"typography_font_size_tablet":{"unit":"em","size":"4.2","sizes":[]},"typography_font_size_mobile":{"unit":"em","size":"2.5","sizes":[]},"typography_letter_spacing_tablet":{"unit":"px","size":"2","sizes":[]},"typography_letter_spacing_mobile":{"unit":"px","size":"2","sizes":[]},"_padding":{"unit":"em","top":"0","right":"0","bottom":"0","left":"0","isLinked":""}},"elements":[],"isInner":false,"widgetType":"heading","elType":"widget"},{"id":"34edf151","settings":{"color":"#91a5ff","width":{"unit":"px","size":"80","sizes":[]},"align":"center","gap":{"unit":"px","size":"2","sizes":[]},"_padding":{"unit":"px","top":"26","right":"0","bottom":"0","left":"0","isLinked":""},"text":"Divisor"},"elements":[],"isInner":false,"widgetType":"divider","elType":"widget"},{"id":"7408c16a","settings":{"editor":"<p>Sed ut perspiciatis unde omnis iste natus error sit voluptatem accusantium doloremque laudantium, totam rem aperiam, eaque ipsa.<\/p>","text_color":"#657182","typography_typography":"custom","typography_font_family":"Open Sans","typography_font_size":{"unit":"em","size":"1.1","sizes":[]},"typography_font_weight":"300","typography_line_height":{"unit":"em","size":"1.75","sizes":[]},"typography_letter_spacing":{"unit":"px","size":"0","sizes":[]},"align_mobile":"center","align":"center"},"elements":[],"isInner":false,"widgetType":"text-editor","elType":"widget"},{"id":"f36b152","settings":{"title":"Tickets available on tickrs.com","header_size":"h3","align":"center","title_color":"#4040e8","typography_typography":"custom","typography_font_family":"Barlow Condensed","typography_font_size":{"unit":"em","size":"0.9","sizes":[]},"typography_font_weight":"600","typography_text_transform":"uppercase","typography_line_height":{"unit":"em","size":"1","sizes":[]},"typography_letter_spacing":{"unit":"px","size":"3","sizes":[]},"_padding":{"unit":"em","top":"1","right":"0","bottom":"2","left":"0","isLinked":""},"align_mobile":"center","link":{"url":"#","is_external":"","nofollow":""}},"elements":[],"isInner":false,"widgetType":"heading","elType":"widget"}],"isInner":"1","elType":"column"}],"isInner":"1","elType":"section"},{"id":"49abc205","settings":{"structure":"40","background_background":"classic","background_color":"#ffffff","background_image":{"url":"http:\/\/sitefacilitado.com.br\/wp-content\/uploads\/2020\/02\/round.png","id":"729"},"background_position":"top left","background_repeat":"repeat","background_size":"auto","background_overlay_background":"classic","background_overlay_color":"#ffffff","background_overlay_opacity":{"unit":"px","size":"0.39","sizes":[]},"border_border":"solid","border_width":{"unit":"px","top":"1","right":"1","bottom":"1","left":"1","isLinked":"1"},"border_color":"#f1f4f8","padding":{"unit":"em","top":"2","right":"3","bottom":"2","left":"1","isLinked":""},"padding_tablet":{"unit":"em","top":"2","right":"1","bottom":"2","left":"1","isLinked":""},"padding_mobile":{"unit":"em","top":"2","right":"1","bottom":"2","left":"1","isLinked":""}},"elements":[{"id":"1a598b2a","settings":{"_column_size":"25","_inline_size":"14.23","space_between_widgets":"0","_inline_size_tablet":"100"},"elements":[{"id":"70fc3080","settings":{"title":"Aug","header_size":"h3","align":"center","title_color":"#657182","typography_typography":"custom","typography_font_family":"Barlow Condensed","typography_font_size":{"unit":"em","size":"1","sizes":[]},"typography_font_weight":"400","typography_text_transform":"uppercase","typography_line_height":{"unit":"em","size":"1","sizes":[]},"typography_letter_spacing":{"unit":"px","size":"9.5","sizes":[]},"_padding":{"unit":"em","top":"","right":"","bottom":"","left":"","isLinked":"1"},"align_mobile":"center"},"elements":[],"isInner":false,"widgetType":"heading","elType":"widget"},{"id":"7fa5cf7d","settings":{"title":"21","header_size":"h1","align":"center","title_color":"#212529","typography_typography":"custom","typography_font_family":"Barlow Condensed","typography_font_size":{"unit":"em","size":"5","sizes":[]},"typography_font_weight":"500","typography_text_transform":"uppercase","typography_line_height":{"unit":"em","size":"1","sizes":[]},"typography_letter_spacing":{"unit":"px","size":"10","sizes":[]},"align_tablet":"center","typography_font_size_mobile":{"unit":"em","size":"4.9","sizes":[]},"typography_letter_spacing_mobile":{"unit":"px","size":"8","sizes":[]},"_padding_tablet":{"unit":"em","top":"0","right":"0","bottom":"0","left":"0","isLinked":""}},"elements":[],"isInner":false,"widgetType":"heading","elType":"widget"},{"id":"38344e9e","settings":{"title":"2019","header_size":"h3","align":"center","title_color":"#657182","typography_typography":"custom","typography_font_family":"Barlow Condensed","typography_font_size":{"unit":"em","size":"1","sizes":[]},"typography_font_weight":"400","typography_text_transform":"uppercase","typography_line_height":{"unit":"em","size":"1","sizes":[]},"typography_letter_spacing":{"unit":"px","size":"9.5","sizes":[]},"_padding":{"unit":"em","top":"0.4","right":"0","bottom":"0","left":"0","isLinked":""},"align_mobile":"center"},"elements":[],"isInner":false,"widgetType":"heading","elType":"widget"}],"isInner":"1","elType":"column"},{"id":"76e9394e","settings":{"_column_size":"25","_inline_size":"47.563","content_position":"center","space_between_widgets":"0","_inline_size_tablet":"100"},"elements":[{"id":"2e8583c4","settings":{"title":"Mindful Self-Compassion: A Silent Retreat","header_size":"h3","align":"left","title_color":"#212529","typography_typography":"custom","typography_font_family":"Barlow Condensed","typography_font_size":{"unit":"em","size":"1","sizes":[]},"typography_font_weight":"600","typography_text_transform":"uppercase","typography_line_height":{"unit":"em","size":"1","sizes":[]},"typography_letter_spacing":{"unit":"px","size":"4","sizes":[]},"_padding":{"unit":"em","top":"","right":"","bottom":"","left":"","isLinked":"1"},"align_mobile":"center","align_tablet":"center","typography_line_height_mobile":{"unit":"em","size":"1.5","sizes":[]}},"elements":[],"isInner":false,"widgetType":"heading","elType":"widget"},{"id":"5f08d032","settings":{"editor":"<p>UBC - University of British Columbia<\/p>","text_color":"#657182","typography_typography":"custom","typography_font_family":"Hind","typography_font_size":{"unit":"em","size":"1","sizes":[]},"typography_font_weight":"300","typography_line_height":{"unit":"em","size":"1.5","sizes":[]},"typography_letter_spacing":{"unit":"px","size":"0","sizes":[]},"align_mobile":"center","align_tablet":"center"},"elements":[],"isInner":false,"widgetType":"text-editor","elType":"widget"},{"id":"9a16123","settings":{"title":"Vancouver, CAN","header_size":"h3","title_color":"#212529","typography_typography":"custom","typography_font_family":"Barlow Condensed","typography_font_size":{"unit":"em","size":"0.7","sizes":[]},"typography_font_weight":"400","typography_text_transform":"uppercase","typography_line_height":{"unit":"em","size":"1","sizes":[]},"typography_letter_spacing":{"unit":"px","size":"3","sizes":[]},"_padding":{"unit":"em","top":"","right":"","bottom":"","left":"","isLinked":"1"},"align_mobile":"center","align_tablet":"center"},"elements":[],"isInner":false,"widgetType":"heading","elType":"widget"}],"isInner":"1","elType":"column"},{"id":"55d663f4","settings":{"_column_size":"25","_inline_size":"15.4","content_position":"center","align":"center","_inline_size_tablet":"100"},"elements":[{"id":"b792121","settings":{"title":"9:00am","header_size":"h3","align":"center","title_color":"#252930","typography_typography":"custom","typography_font_family":"Barlow Condensed","typography_font_size":{"unit":"em","size":"1","sizes":[]},"typography_font_weight":"600","typography_text_transform":"uppercase","typography_line_height":{"unit":"em","size":"1","sizes":[]},"typography_letter_spacing":{"unit":"px","size":"4","sizes":[]},"_padding":{"unit":"em","top":"","right":"","bottom":"","left":"","isLinked":"1"},"align_mobile":"center"},"elements":[],"isInner":false,"widgetType":"heading","elType":"widget"}],"isInner":"1","elType":"column"},{"id":"69a73c2f","settings":{"_column_size":"25","_inline_size":"22.807","content_position":"center","_inline_size_tablet":"100"},"elements":[{"id":"3038488d","settings":{"text":"buy tickets","align":"right","size":"md","typography_typography":"custom","typography_font_family":"Barlow Condensed","typography_font_size":{"unit":"em","size":"1","sizes":[]},"typography_font_weight":"400","typography_text_transform":"uppercase","typography_line_height":{"unit":"em","size":"1.6","sizes":[]},"typography_letter_spacing":{"unit":"px","size":"1.7","sizes":[]},"button_text_color":"#4040e8","background_color":"#ffffff","border_width":{"unit":"px","top":"2","right":"2","bottom":"2","left":"2","isLinked":"1"},"border_color":"#f4f4f4","border_radius":{"unit":"px","top":"100","right":"100","bottom":"100","left":"100","isLinked":"1"},"text_padding":{"unit":"em","top":"0.9","right":"2.8","bottom":"0.95","left":"2.8","isLinked":""},"_padding":{"unit":"em","top":"","right":"","bottom":"","left":"","isLinked":"1"},"align_tablet":"center","hover_color":"#ffffff","button_background_hover_color":"#4040e8","border_border":"solid"},"elements":[],"isInner":false,"widgetType":"button","elType":"widget"}],"isInner":"1","elType":"column"}],"isInner":"1","elType":"section"},{"id":"2792eb8f","settings":{"space":{"unit":"px","size":"20","sizes":[]}},"elements":[],"isInner":false,"widgetType":"spacer","elType":"widget"},{"id":"7a2b2d78","settings":{"structure":"40","background_background":"classic","background_color":"#ffffff","background_image":{"url":"http:\/\/sitefacilitado.com.br\/wp-content\/uploads\/2020\/02\/round.png","id":"729"},"background_position":"top left","background_repeat":"repeat","background_size":"auto","background_overlay_background":"classic","background_overlay_color":"#ffffff","background_overlay_opacity":{"unit":"px","size":"0.39","sizes":[]},"border_border":"solid","border_width":{"unit":"px","top":"1","right":"1","bottom":"1","left":"1","isLinked":"1"},"border_color":"#f1f4f8","padding":{"unit":"em","top":"2","right":"3","bottom":"2","left":"1","isLinked":""},"padding_tablet":{"unit":"em","top":"2","right":"1","bottom":"2","left":"1","isLinked":""},"padding_mobile":{"unit":"em","top":"2","right":"1","bottom":"2","left":"1","isLinked":""}},"elements":[{"id":"26508964","settings":{"_column_size":"25","_inline_size":"14.23","space_between_widgets":"0","_inline_size_tablet":"100"},"elements":[{"id":"113facde","settings":{"title":"Sep","header_size":"h3","align":"center","title_color":"#657182","typography_typography":"custom","typography_font_family":"Barlow Condensed","typography_font_size":{"unit":"em","size":"1","sizes":[]},"typography_font_weight":"400","typography_text_transform":"uppercase","typography_line_height":{"unit":"em","size":"1","sizes":[]},"typography_letter_spacing":{"unit":"px","size":"9.5","sizes":[]},"_padding":{"unit":"em","top":"","right":"","bottom":"","left":"","isLinked":"1"},"align_mobile":"center"},"elements":[],"isInner":false,"widgetType":"heading","elType":"widget"},{"id":"7c927767","settings":{"title":"30","header_size":"h1","align":"center","title_color":"#212529","typography_typography":"custom","typography_font_family":"Barlow Condensed","typography_font_size":{"unit":"em","size":"5","sizes":[]},"typography_font_weight":"500","typography_text_transform":"uppercase","typography_line_height":{"unit":"em","size":"1","sizes":[]},"typography_letter_spacing":{"unit":"px","size":"10","sizes":[]},"align_tablet":"center","typography_font_size_mobile":{"unit":"em","size":"4.9","sizes":[]},"typography_letter_spacing_mobile":{"unit":"px","size":"8","sizes":[]},"_padding_tablet":{"unit":"em","top":"0","right":"0","bottom":"0","left":"0","isLinked":""}},"elements":[],"isInner":false,"widgetType":"heading","elType":"widget"},{"id":"7aa0ddbc","settings":{"title":"2019","header_size":"h3","align":"center","title_color":"#657182","typography_typography":"custom","typography_font_family":"Barlow Condensed","typography_font_size":{"unit":"em","size":"1","sizes":[]},"typography_font_weight":"400","typography_text_transform":"uppercase","typography_line_height":{"unit":"em","size":"1","sizes":[]},"typography_letter_spacing":{"unit":"px","size":"9.5","sizes":[]},"_padding":{"unit":"em","top":"0.4","right":"0","bottom":"0","left":"0","isLinked":""},"align_mobile":"center"},"elements":[],"isInner":false,"widgetType":"heading","elType":"widget"}],"isInner":"1","elType":"column"},{"id":"76b2643e","settings":{"_column_size":"25","_inline_size":"47.563","content_position":"center","space_between_widgets":"0","_inline_size_tablet":"100"},"elements":[{"id":"12d086cf","settings":{"title":"MOTIVATION TO MOVE FORWARD\u200b","header_size":"h3","align":"left","title_color":"#212529","typography_typography":"custom","typography_font_family":"Barlow Condensed","typography_font_size":{"unit":"em","size":"1","sizes":[]},"typography_font_weight":"600","typography_text_transform":"uppercase","typography_line_height":{"unit":"em","size":"1","sizes":[]},"typography_letter_spacing":{"unit":"px","size":"4","sizes":[]},"_padding":{"unit":"em","top":"","right":"","bottom":"","left":"","isLinked":"1"},"align_mobile":"center","align_tablet":"center","typography_line_height_mobile":{"unit":"em","size":"1.5","sizes":[]}},"elements":[],"isInner":false,"widgetType":"heading","elType":"widget"},{"id":"1b5ba885","settings":{"editor":"<p>University of Toronto Sciences<\/p>","text_color":"#657182","typography_typography":"custom","typography_font_family":"Hind","typography_font_size":{"unit":"em","size":"1","sizes":[]},"typography_font_weight":"300","typography_line_height":{"unit":"em","size":"1.5","sizes":[]},"typography_letter_spacing":{"unit":"px","size":"0","sizes":[]},"align_mobile":"center","align_tablet":"center"},"elements":[],"isInner":false,"widgetType":"text-editor","elType":"widget"},{"id":"29e1ee87","settings":{"title":"Toronto, CAN","header_size":"h3","title_color":"#252930","typography_typography":"custom","typography_font_family":"Barlow Condensed","typography_font_size":{"unit":"em","size":"0.7","sizes":[]},"typography_font_weight":"400","typography_text_transform":"uppercase","typography_line_height":{"unit":"em","size":"1","sizes":[]},"typography_letter_spacing":{"unit":"px","size":"3","sizes":[]},"_padding":{"unit":"em","top":"","right":"","bottom":"","left":"","isLinked":"1"},"align_mobile":"center","align_tablet":"center"},"elements":[],"isInner":false,"widgetType":"heading","elType":"widget"}],"isInner":"1","elType":"column"},{"id":"6b20c237","settings":{"_column_size":"25","_inline_size":"15.4","content_position":"center","align":"center","_inline_size_tablet":"100"},"elements":[{"id":"67d293fa","settings":{"title":"8:30am","header_size":"h3","align":"center","title_color":"#252930","typography_typography":"custom","typography_font_family":"Barlow Condensed","typography_font_size":{"unit":"em","size":"1","sizes":[]},"typography_font_weight":"600","typography_text_transform":"uppercase","typography_line_height":{"unit":"em","size":"1","sizes":[]},"typography_letter_spacing":{"unit":"px","size":"4","sizes":[]},"_padding":{"unit":"em","top":"","right":"","bottom":"","left":"","isLinked":"1"},"align_mobile":"center"},"elements":[],"isInner":false,"widgetType":"heading","elType":"widget"}],"isInner":"1","elType":"column"},{"id":"2704d51c","settings":{"_column_size":"25","_inline_size":"22.807","content_position":"center","_inline_size_tablet":"100"},"elements":[{"id":"70ad772f","settings":{"text":"buy tickets","align":"right","size":"md","typography_typography":"custom","typography_font_family":"Barlow Condensed","typography_font_size":{"unit":"em","size":"1","sizes":[]},"typography_font_weight":"400","typography_text_transform":"uppercase","typography_line_height":{"unit":"em","size":"1.6","sizes":[]},"typography_letter_spacing":{"unit":"px","size":"1.7","sizes":[]},"button_text_color":"#4040e8","background_color":"#ffffff","border_width":{"unit":"px","top":"2","right":"2","bottom":"2","left":"2","isLinked":"1"},"border_color":"#f4f4f4","border_radius":{"unit":"px","top":"100","right":"100","bottom":"100","left":"100","isLinked":"1"},"text_padding":{"unit":"em","top":"0.9","right":"2.8","bottom":"0.95","left":"2.8","isLinked":""},"_padding":{"unit":"em","top":"","right":"","bottom":"","left":"","isLinked":"1"},"align_tablet":"center","hover_color":"#ffffff","button_background_hover_color":"#4040e8","border_border":"solid"},"elements":[],"isInner":false,"widgetType":"button","elType":"widget"}],"isInner":"1","elType":"column"}],"isInner":"1","elType":"section"},{"id":"2874915c","settings":{"space":{"unit":"px","size":"20","sizes":[]}},"elements":[],"isInner":false,"widgetType":"spacer","elType":"widget"},{"id":"1a70f305","settings":{"text":"See all events","size":"md","typography_typography":"custom","typography_font_family":"Barlow Condensed","typography_font_size":{"unit":"em","size":"1","sizes":[]},"typography_font_weight":"400","typography_text_transform":"uppercase","typography_line_height":{"unit":"em","size":"1.6","sizes":[]},"typography_letter_spacing":{"unit":"px","size":"1.7","sizes":[]},"button_text_color":"#ffffff","background_color":"#91a5ff","border_width":{"unit":"px","top":"2","right":"2","bottom":"2","left":"2","isLinked":"1"},"border_color":"#4f6df5","border_radius":{"unit":"px","top":"100","right":"100","bottom":"100","left":"100","isLinked":"1"},"text_padding":{"unit":"em","top":"0.9","right":"2.8","bottom":"1","left":"2.8","isLinked":""},"_padding":{"unit":"em","top":"1","right":"0","bottom":"0","left":"0","isLinked":""},"align_tablet":"center","align":"center","hover_color":"#ffffff","button_background_hover_color":"#4040e8","hover_animation":"float","_animation":"fadeIn","_animation_delay":"400"},"elements":[],"isInner":false,"widgetType":"button","elType":"widget"}],"isInner":"","elType":"column"}],"isInner":"","elType":"section"},{"id":"5748a037","settings":{"padding":{"unit":"em","top":"6","right":"0","bottom":"6","left":"0","isLinked":""},"background_background":"classic","background_color":"#f9fbfd","padding_mobile":{"unit":"em","top":"05","right":"0","bottom":"06","left":"0","isLinked":""},"background_overlay_background":"classic","background_overlay_image":{"url":"http:\/\/sitefacilitado.com.br\/wp-content\/uploads\/2020\/02\/round.png","id":"729"},"background_overlay_position":"center center","background_overlay_repeat":"repeat","background_overlay_size":"auto","background_overlay_opacity":{"unit":"px","size":"0.19","sizes":[]},"overlay_blend_mode":"multiply"},"elements":[{"id":"30ec3970","settings":{"_column_size":"100","padding":{"unit":"em","top":"1","right":"1","bottom":"1","left":"2","isLinked":""},"_inline_size_tablet":"100","padding_mobile":{"unit":"em","top":"1","right":"1","bottom":"1","left":"1","isLinked":"1"},"space_between_widgets":"0","align":"center"},"elements":[{"id":"1ac812df","settings":{"background_background":"classic","background_color":"#f9fbfd","padding":{"unit":"em","top":"0","right":"0","bottom":"2","left":"0","isLinked":""},"content_width":{"unit":"px","size":"639","sizes":[]}},"elements":[{"id":"20f825fa","settings":{"_column_size":"100","content_position":"center","space_between_widgets":"0"},"elements":[{"id":"9d6e818","settings":{"title":"LIFE-CHANGING EXPERIENCES","header_size":"h3","align":"center","title_color":"#333333","typography_typography":"custom","typography_font_family":"Barlow Condensed","typography_font_size":{"unit":"em","size":"0.9","sizes":[]},"typography_font_weight":"500","typography_text_transform":"uppercase","typography_line_height":{"unit":"em","size":"1","sizes":[]},"typography_letter_spacing":{"unit":"px","size":"4","sizes":[]},"_padding":{"unit":"em","top":"0","right":"0","bottom":"1.5","left":"0","isLinked":""}},"elements":[],"isInner":false,"widgetType":"heading","elType":"widget"},{"id":"5f0716f","settings":{"title":"Listen, Read & Watch John Harris","align":"center","title_color":"#212529","typography_typography":"custom","typography_font_family":"Barlow Condensed","typography_font_size":{"unit":"em","size":"2.6","sizes":[]},"typography_font_weight":"500","typography_text_transform":"uppercase","typography_line_height":{"unit":"em","size":"1.1","sizes":[]},"typography_letter_spacing":{"unit":"px","size":"2","sizes":[]},"typography_font_size_tablet":{"unit":"em","size":"2.3","sizes":[]},"typography_font_size_mobile":{"unit":"em","size":"1.9","sizes":[]},"typography_letter_spacing_tablet":{"unit":"px","size":"2","sizes":[]},"typography_letter_spacing_mobile":{"unit":"px","size":"2","sizes":[]},"_padding":{"unit":"em","top":"0","right":"0","bottom":"0","left":"0","isLinked":""}},"elements":[],"isInner":false,"widgetType":"heading","elType":"widget"}],"isInner":"1","elType":"column"}],"isInner":"1","elType":"section"},{"id":"64620b5","settings":{"text":"Podcast","align":"center","size":"md","typography_typography":"custom","typography_font_family":"Barlow Condensed","typography_font_size":{"unit":"em","size":"1","sizes":[]},"typography_font_weight":"400","typography_text_transform":"uppercase","typography_line_height":{"unit":"em","size":"1.6","sizes":[]},"typography_letter_spacing":{"unit":"px","size":"1.7","sizes":[]},"button_text_color":"#ffffff","background_color":"#91a5ff","border_width":{"unit":"px","top":"2","right":"2","bottom":"2","left":"2","isLinked":"1"},"border_color":"#4f6df5","border_radius":{"unit":"px","top":"100","right":"100","bottom":"100","left":"100","isLinked":"1"},"text_padding":{"unit":"em","top":"0.5","right":"2","bottom":"0.5","left":"2","isLinked":""},"_padding":{"unit":"em","top":"1","right":"0","bottom":"0","left":"0","isLinked":""},"align_tablet":"center","icon":"fa fa-spotify","hover_color":"#ffffff","button_background_hover_color":"#ed3838","hover_animation":"float","_margin":{"unit":"px","top":"0","right":"10","bottom":"0","left":"10","isLinked":""},"_element_width":"auto","_animation":"fadeIn","_animation_delay":"400","selected_icon":{"value":"fab fa-spotify","library":"fa-brands"}},"elements":[],"isInner":false,"widgetType":"button","elType":"widget"},{"id":"1b681f38","settings":{"text":"Watch now","align":"center","size":"md","typography_typography":"custom","typography_font_family":"Barlow Condensed","typography_font_size":{"unit":"em","size":"1","sizes":[]},"typography_font_weight":"400","typography_text_transform":"uppercase","typography_line_height":{"unit":"em","size":"1.6","sizes":[]},"typography_letter_spacing":{"unit":"px","size":"1.7","sizes":[]},"button_text_color":"#ffffff","background_color":"#ed3160","border_width":{"unit":"px","top":"2","right":"2","bottom":"2","left":"2","isLinked":"1"},"border_color":"#4f6df5","border_radius":{"unit":"px","top":"100","right":"100","bottom":"100","left":"100","isLinked":"1"},"text_padding":{"unit":"em","top":"0.5","right":"2","bottom":"0.5","left":"2","isLinked":""},"_padding":{"unit":"em","top":"1","right":"0","bottom":"0","left":"0","isLinked":""},"align_tablet":"center","icon":"fa fa-youtube-play","hover_color":"#ffffff","button_background_hover_color":"#ed3838","hover_animation":"float","_margin":{"unit":"px","top":"0","right":"10","bottom":"0","left":"10","isLinked":""},"_element_width":"auto","_animation":"fadeIn","_animation_delay":"400","selected_icon":{"value":"fab fa-youtube","library":"fa-brands"}},"elements":[],"isInner":false,"widgetType":"button","elType":"widget"},{"id":"7baf0153","settings":{"text":"Instagram","align":"center","size":"md","typography_typography":"custom","typography_font_family":"Barlow Condensed","typography_font_size":{"unit":"em","size":"1","sizes":[]},"typography_font_weight":"400","typography_text_transform":"uppercase","typography_line_height":{"unit":"em","size":"1.6","sizes":[]},"typography_letter_spacing":{"unit":"px","size":"1.7","sizes":[]},"button_text_color":"#ffffff","background_color":"#4c30e8","border_width":{"unit":"px","top":"2","right":"2","bottom":"2","left":"2","isLinked":"1"},"border_color":"#4f6df5","border_radius":{"unit":"px","top":"100","right":"100","bottom":"100","left":"100","isLinked":"1"},"text_padding":{"unit":"em","top":"0.5","right":"2","bottom":"0.5","left":"2","isLinked":""},"_padding":{"unit":"em","top":"1","right":"0","bottom":"0","left":"0","isLinked":""},"align_tablet":"center","icon":"fa fa-instagram","hover_color":"#ffffff","button_background_hover_color":"#ed3838","hover_animation":"float","_margin":{"unit":"px","top":"0","right":"10","bottom":"0","left":"10","isLinked":""},"_element_width":"auto","_animation":"fadeIn","_animation_delay":"400","selected_icon":{"value":"fab fa-instagram","library":"fa-brands"}},"elements":[],"isInner":false,"widgetType":"button","elType":"widget"},{"id":"c3d0d49","settings":{"text":"Twitter","align":"center","size":"md","typography_typography":"custom","typography_font_family":"Barlow Condensed","typography_font_size":{"unit":"em","size":"1","sizes":[]},"typography_font_weight":"400","typography_text_transform":"uppercase","typography_line_height":{"unit":"em","size":"1.6","sizes":[]},"typography_letter_spacing":{"unit":"px","size":"1.7","sizes":[]},"button_text_color":"#ffffff","background_color":"#317ced","border_width":{"unit":"px","top":"2","right":"2","bottom":"2","left":"2","isLinked":"1"},"border_color":"#4f6df5","border_radius":{"unit":"px","top":"100","right":"100","bottom":"100","left":"100","isLinked":"1"},"text_padding":{"unit":"em","top":"0.5","right":"2","bottom":"0.5","left":"2","isLinked":""},"_padding":{"unit":"em","top":"1","right":"0","bottom":"0","left":"0","isLinked":""},"align_tablet":"center","icon":"fa fa-twitter","hover_color":"#ffffff","button_background_hover_color":"#ed3838","hover_animation":"float","_margin":{"unit":"px","top":"0","right":"10","bottom":"0","left":"10","isLinked":""},"_element_width":"auto","_animation":"fadeIn","_animation_delay":"400","selected_icon":{"value":"fab fa-twitter","library":"fa-brands"}},"elements":[],"isInner":false,"widgetType":"button","elType":"widget"}],"isInner":"","elType":"column"}],"isInner":"","elType":"section"},{"id":"16e8d1ec","settings":{"custom_height":{"unit":"vh","size":"50","sizes":[]},"background_background":"gradient","background_color":"#2b9dd9","background_position":"center center","background_repeat":"no-repeat","background_size":"cover","background_overlay_color":"#2b9dd9","background_overlay_position":"center center","background_overlay_repeat":"no-repeat","background_overlay_size":"cover","background_overlay_opacity":{"unit":"px","size":"0.76","sizes":[]},"css_filters_contrast":{"unit":"px","size":"0","sizes":[]},"overlay_blend_mode":"multiply","padding":{"unit":"em","top":"6","right":"0","bottom":"03","left":"0","isLinked":""},"custom_height_tablet":{"unit":"vh","size":"46","sizes":[]},"padding_tablet":{"unit":"em","top":"3","right":"0","bottom":"0","left":"0","isLinked":""},"padding_mobile":{"unit":"em","top":"6","right":"1","bottom":"5","left":"1","isLinked":""},"background_color_b":"#892af7","background_gradient_angle":{"unit":"deg","size":"250","sizes":[]},"background_overlay_color_b":"#892af7","background_overlay_gradient_angle":{"unit":"deg","size":"300","sizes":[]},"content_width":{"unit":"px","size":"600","sizes":[]},"height":"min-height","background_image":{"url":"https:\/\/wp.envatoextensions.com\/kit-108\/wp-content\/uploads\/sites\/111\/2019\/06\/photo-1554260570-9140fd3b7614.jpeg","id":"185"},"background_overlay_background":"classic","background_overlay_image":{"url":"http:\/\/sitefacilitado.com.br\/wp-content\/uploads\/2020\/02\/photo-1512573314-17727dcdf45c.jpg","id":"730"}},"elements":[{"id":"2a7b3218","settings":{"_column_size":"100","content_position":"center","space_between_widgets":"10","align":"center"},"elements":[{"id":"1520a006","settings":{"content_width":{"unit":"px","size":"600","sizes":[]},"padding":{"unit":"em","top":"0","right":"0","bottom":"1","left":"0","isLinked":""}},"elements":[{"id":"5e70110f","settings":{"_column_size":"100","space_between_widgets":"10"},"elements":[{"id":"1cb98ed8","settings":{"title":" Unleash the Power Within ","header_size":"h3","align":"center","title_color":"rgba(255,255,255,0.55)","typography_typography":"custom","typography_font_family":"Barlow Condensed","typography_font_size":{"unit":"em","size":"0.9","sizes":[]},"typography_font_weight":"500","typography_text_transform":"uppercase","typography_line_height":{"unit":"em","size":"1","sizes":[]},"typography_letter_spacing":{"unit":"px","size":"4","sizes":[]},"_padding":{"unit":"em","top":"0","right":"0","bottom":"0","left":"0","isLinked":""}},"elements":[],"isInner":false,"widgetType":"heading","elType":"widget"},{"id":"13670fe9","settings":{"title":"Book John for your next event.","align":"center","title_color":"#ffffff","typography_typography":"custom","typography_font_family":"Barlow Condensed","typography_font_size":{"unit":"em","size":"4.2","sizes":[]},"typography_font_weight":"500","typography_text_transform":"uppercase","typography_line_height":{"unit":"em","size":"1.3","sizes":[]},"typography_letter_spacing":{"unit":"px","size":"2","sizes":[]},"typography_font_size_tablet":{"unit":"em","size":"3.8","sizes":[]},"typography_font_size_mobile":{"unit":"em","size":"2.7","sizes":[]},"typography_letter_spacing_tablet":{"unit":"px","size":"2","sizes":[]},"typography_letter_spacing_mobile":{"unit":"px","size":"2","sizes":[]},"_padding":{"unit":"em","top":"0.5","right":"0","bottom":"1","left":"0","isLinked":""}},"elements":[],"isInner":false,"widgetType":"heading","elType":"widget"},{"id":"4af283bd","settings":{"color":"#91a5ff","width":{"unit":"px","size":"80","sizes":[]},"gap":{"unit":"px","size":"2","sizes":[]},"align":"center","_padding":{"unit":"em","top":"0","right":"0","bottom":"1","left":"0","isLinked":""},"text":"Divisor"},"elements":[],"isInner":false,"widgetType":"divider","elType":"widget"},{"id":"5538ab35","settings":{"text":"Book John now","size":"md","typography_typography":"custom","typography_font_family":"Barlow Condensed","typography_font_size":{"unit":"em","size":"1","sizes":[]},"typography_font_weight":"400","typography_text_transform":"uppercase","typography_line_height":{"unit":"em","size":"1.6","sizes":[]},"typography_letter_spacing":{"unit":"px","size":"1.7","sizes":[]},"button_text_color":"#ffffff","background_color":"#91a5ff","border_width":{"unit":"px","top":"2","right":"2","bottom":"2","left":"2","isLinked":"1"},"border_color":"#4f6df5","border_radius":{"unit":"px","top":"100","right":"100","bottom":"100","left":"100","isLinked":"1"},"text_padding":{"unit":"em","top":"0.9","right":"2.8","bottom":"1","left":"2.8","isLinked":""},"_padding":{"unit":"em","top":"1","right":"0","bottom":"0","left":"0","isLinked":""},"align_tablet":"center","align":"center","hover_color":"#ffffff","button_background_hover_color":"#4040e8","hover_animation":"float","_animation":"fadeIn","_animation_delay":"400"},"elements":[],"isInner":false,"widgetType":"button","elType":"widget"},{"id":"5bf38152","settings":{"title":"top Awarded speaker","header_size":"h3","align":"center","title_color":"rgba(255,255,255,0.73)","typography_typography":"custom","typography_font_family":"Barlow Condensed","typography_font_size":{"unit":"em","size":"0.7","sizes":[]},"typography_font_weight":"400","typography_text_transform":"uppercase","typography_line_height":{"unit":"em","size":"1","sizes":[]},"typography_letter_spacing":{"unit":"px","size":"3","sizes":[]},"_padding":{"unit":"em","top":"","right":"","bottom":"","left":"","isLinked":"1"},"align_mobile":"center","link":{"url":"#","is_external":"","nofollow":""}},"elements":[],"isInner":false,"widgetType":"heading","elType":"widget"}],"isInner":"1","elType":"column"}],"isInner":"1","elType":"section"}],"isInner":"","elType":"column"}],"isInner":"","elType":"section"}]}