{"version":"0.4","title":"eventos 5","type":"page","content":[{"id":"2535ba5c","settings":{"background_background":"classic","background_color":"#ffffff","padding":{"unit":"em","top":"6","right":"0","bottom":"6","left":"0","isLinked":""}},"elements":[{"id":"45314226","settings":{"_column_size":"100","space_between_widgets":"0"},"elements":[{"id":"7247cbc4","settings":{"content_width":{"unit":"px","size":"645","sizes":[]},"background_background":"classic","background_color":"#ffffff","padding":{"unit":"em","top":"0","right":"0","bottom":"1.5","left":"0","isLinked":""}},"elements":[{"id":"2ef95a26","settings":{"_column_size":"100","space_between_widgets":"0"},"elements":[{"id":"775affce","settings":{"title":"Hi, I\u2019m John Harris And Here's My Story","align":"center","title_color":"#212529","typography_typography":"custom","typography_font_family":"Barlow Condensed","typography_font_size":{"unit":"em","size":"3.5","sizes":[]},"typography_font_weight":"500","typography_text_transform":"uppercase","typography_line_height":{"unit":"em","size":"1.3","sizes":[]},"typography_letter_spacing":{"unit":"px","size":"1","sizes":[]},"typography_font_size_tablet":{"unit":"em","size":"3.8","sizes":[]},"typography_font_size_mobile":{"unit":"em","size":"2.6","sizes":[]},"typography_letter_spacing_tablet":{"unit":"px","size":"2","sizes":[]},"typography_letter_spacing_mobile":{"unit":"px","size":"1","sizes":[]},"_padding":{"unit":"em","top":"0","right":"0","bottom":"0","left":"0","isLinked":""},"header_size":"h1"},"elements":[],"isInner":false,"widgetType":"heading","elType":"widget"},{"id":"4818ddd8","settings":{"color":"#91a5ff","width":{"unit":"px","size":"80","sizes":[]},"gap":{"unit":"px","size":"2","sizes":[]},"align":"center","_padding":{"unit":"em","top":"1.5","right":"0","bottom":"0.2","left":"0","isLinked":""},"text":"Divisor"},"elements":[],"isInner":false,"widgetType":"divider","elType":"widget"},{"id":"367a5b77","settings":{"editor":"<p>Sed ut perspiciatis unde omnis iste natus error sit voluptatem accusantium doloremque laudantium, totam rem aperiam, eaque ipsa.<\/p>","text_color":"#657182","typography_typography":"custom","typography_font_family":"Open Sans","typography_font_size":{"unit":"em","size":"1.1","sizes":[]},"typography_font_weight":"300","typography_line_height":{"unit":"em","size":"1.75","sizes":[]},"typography_letter_spacing":{"unit":"px","size":"0","sizes":[]},"align_mobile":"center","align":"center"},"elements":[],"isInner":false,"widgetType":"text-editor","elType":"widget"}],"isInner":"1","elType":"column"}],"isInner":"1","elType":"section"},{"id":"7d034efe","settings":{"background_background":"classic","background_color":"#ffffff"},"elements":[{"id":"26ec429c","settings":{"_column_size":"100"},"elements":[{"id":"3d87d549","settings":{"image":{"url":"http:\/\/sitefacilitado.com.br\/wp-content\/uploads\/2020\/02\/photo-1512573314-17345727dcdf45c.jpg","id":"748"},"image_size":"custom","image_custom_dimension":{"width":"800","height":"500"},"image_border_radius":{"unit":"px","top":"10","right":"10","bottom":"10","left":"10","isLinked":"1"}},"elements":[],"isInner":false,"widgetType":"image","elType":"widget"}],"isInner":"1","elType":"column"}],"isInner":"1","elType":"section"},{"id":"42c082be","settings":{"gap":"wide","structure":"30","background_background":"classic","background_color":"#ffffff","padding":{"unit":"em","top":"3","right":"0","bottom":"0","left":"0","isLinked":""}},"elements":[{"id":"629f2c8e","settings":{"_column_size":"33","space_between_widgets":"0"},"elements":[{"id":"7c0e9c56","settings":{"icon":"fa fa-dot-circle-o","view":"stacked","align":"left","primary_color":"#f9fbfd","secondary_color":"#91a5ff","size":{"unit":"px","size":"13","sizes":[]},"icon_padding":{"unit":"px","size":"16","sizes":[]},"border_radius":{"unit":"px","top":"100","right":"100","bottom":"100","left":"100","isLinked":"1"},"_padding":{"unit":"em","top":"0","right":"0","bottom":"1","left":"0","isLinked":""},"align_mobile":"center"},"elements":[],"isInner":false,"widgetType":"icon","elType":"widget"},{"id":"632e5c8","settings":{"title":"A Speaker and Activist","align":"left","title_color":"#212529","typography_typography":"custom","typography_font_family":"Barlow Condensed","typography_font_size":{"unit":"em","size":"1.3","sizes":[]},"typography_font_weight":"500","typography_text_transform":"uppercase","typography_line_height":{"unit":"em","size":"1.3","sizes":[]},"typography_letter_spacing":{"unit":"px","size":"1","sizes":[]},"typography_font_size_tablet":{"unit":"em","size":"1","sizes":[]},"typography_font_size_mobile":{"unit":"em","size":"1","sizes":[]},"typography_letter_spacing_tablet":{"unit":"px","size":"1","sizes":[]},"typography_letter_spacing_mobile":{"unit":"px","size":"1","sizes":[]},"_padding":{"unit":"em","top":"","right":"","bottom":"","left":"","isLinked":"1"},"header_size":"h3","align_mobile":"center"},"elements":[],"isInner":false,"widgetType":"heading","elType":"widget"},{"id":"5579d976","settings":{"editor":"<p><span style=\"font-size: 1em; letter-spacing: 0px;\">Sed ut perspiciatis unde omnis iste natus error sit voluptatem accusantium.<\/span><\/p>","text_color":"#657182","typography_typography":"custom","typography_font_family":"Open Sans","typography_font_size":{"unit":"em","size":"1","sizes":[]},"typography_font_weight":"300","typography_line_height":{"unit":"em","size":"1.75","sizes":[]},"typography_letter_spacing":{"unit":"px","size":"0","sizes":[]},"align_mobile":"center"},"elements":[],"isInner":false,"widgetType":"text-editor","elType":"widget"}],"isInner":"1","elType":"column"},{"id":"5006783b","settings":{"_column_size":"33","space_between_widgets":"0"},"elements":[{"id":"68bf3657","settings":{"icon":"fa fa-dot-circle-o","view":"stacked","align":"left","primary_color":"#f9fbfd","secondary_color":"#91a5ff","size":{"unit":"px","size":"13","sizes":[]},"icon_padding":{"unit":"px","size":"16","sizes":[]},"border_radius":{"unit":"px","top":"100","right":"100","bottom":"100","left":"100","isLinked":"1"},"_padding":{"unit":"em","top":"0","right":"0","bottom":"1","left":"0","isLinked":""},"align_mobile":"center"},"elements":[],"isInner":false,"widgetType":"icon","elType":"widget"},{"id":"2b3b0fe3","settings":{"title":"Bestselling Author","align":"left","title_color":"#212529","typography_typography":"custom","typography_font_family":"Barlow Condensed","typography_font_size":{"unit":"em","size":"1.3","sizes":[]},"typography_font_weight":"500","typography_text_transform":"uppercase","typography_line_height":{"unit":"em","size":"1.3","sizes":[]},"typography_letter_spacing":{"unit":"px","size":"1","sizes":[]},"typography_font_size_tablet":{"unit":"em","size":"1","sizes":[]},"typography_font_size_mobile":{"unit":"em","size":"1","sizes":[]},"typography_letter_spacing_tablet":{"unit":"px","size":"1","sizes":[]},"typography_letter_spacing_mobile":{"unit":"px","size":"1","sizes":[]},"_padding":{"unit":"em","top":"","right":"","bottom":"","left":"","isLinked":"1"},"header_size":"h3","align_mobile":"center"},"elements":[],"isInner":false,"widgetType":"heading","elType":"widget"},{"id":"4edc4ede","settings":{"editor":"<p>Sed ut perspiciatis unde omnis iste natus error sit voluptatem accusantium.<\/p>","text_color":"#657182","typography_typography":"custom","typography_font_family":"Open Sans","typography_font_size":{"unit":"em","size":"1","sizes":[]},"typography_font_weight":"300","typography_line_height":{"unit":"em","size":"1.75","sizes":[]},"typography_letter_spacing":{"unit":"px","size":"0","sizes":[]},"align_mobile":"center"},"elements":[],"isInner":false,"widgetType":"text-editor","elType":"widget"}],"isInner":"1","elType":"column"},{"id":"4c474a32","settings":{"_column_size":"33","space_between_widgets":"0"},"elements":[{"id":"4f2b73f5","settings":{"icon":"fa fa-dot-circle-o","view":"stacked","align":"left","primary_color":"#f9fbfd","secondary_color":"#91a5ff","size":{"unit":"px","size":"13","sizes":[]},"icon_padding":{"unit":"px","size":"16","sizes":[]},"border_radius":{"unit":"px","top":"100","right":"100","bottom":"100","left":"100","isLinked":"1"},"_padding":{"unit":"em","top":"0","right":"0","bottom":"1","left":"0","isLinked":""},"align_mobile":"center"},"elements":[],"isInner":false,"widgetType":"icon","elType":"widget"},{"id":"4e4d778d","settings":{"title":"The Founder of Speakr","align":"left","title_color":"#212529","typography_typography":"custom","typography_font_family":"Barlow Condensed","typography_font_size":{"unit":"em","size":"1.3","sizes":[]},"typography_font_weight":"500","typography_text_transform":"uppercase","typography_line_height":{"unit":"em","size":"1.3","sizes":[]},"typography_letter_spacing":{"unit":"px","size":"1","sizes":[]},"typography_font_size_tablet":{"unit":"em","size":"1","sizes":[]},"typography_font_size_mobile":{"unit":"em","size":"1","sizes":[]},"typography_letter_spacing_tablet":{"unit":"px","size":"1","sizes":[]},"typography_letter_spacing_mobile":{"unit":"px","size":"1","sizes":[]},"_padding":{"unit":"em","top":"","right":"","bottom":"","left":"","isLinked":"1"},"header_size":"h3","align_mobile":"center"},"elements":[],"isInner":false,"widgetType":"heading","elType":"widget"},{"id":"44957490","settings":{"editor":"<p>Sed ut perspiciatis unde omnis iste natus error sit voluptatem accusantium.<\/p>","text_color":"#657182","typography_typography":"custom","typography_font_family":"Open Sans","typography_font_size":{"unit":"em","size":"1","sizes":[]},"typography_font_weight":"300","typography_line_height":{"unit":"em","size":"1.75","sizes":[]},"typography_letter_spacing":{"unit":"px","size":"0","sizes":[]},"align_mobile":"center"},"elements":[],"isInner":false,"widgetType":"text-editor","elType":"widget"}],"isInner":"1","elType":"column"}],"isInner":"1","elType":"section"},{"id":"519144c","settings":{"gap":"wide","structure":"30","background_background":"classic","background_color":"#ffffff","padding":{"unit":"em","top":"0","right":"0","bottom":"0","left":"0","isLinked":""}},"elements":[{"id":"6c29c26a","settings":{"_column_size":"33","space_between_widgets":"0"},"elements":[{"id":"6ab9a0ae","settings":{"icon":"fa fa-dot-circle-o","view":"stacked","align":"left","primary_color":"#f9fbfd","secondary_color":"#91a5ff","size":{"unit":"px","size":"13","sizes":[]},"icon_padding":{"unit":"px","size":"16","sizes":[]},"border_radius":{"unit":"px","top":"100","right":"100","bottom":"100","left":"100","isLinked":"1"},"_padding":{"unit":"em","top":"0","right":"0","bottom":"1","left":"0","isLinked":""},"align_mobile":"center"},"elements":[],"isInner":false,"widgetType":"icon","elType":"widget"},{"id":"13737820","settings":{"title":"Event experiences","align":"left","title_color":"#212529","typography_typography":"custom","typography_font_family":"Barlow Condensed","typography_font_size":{"unit":"em","size":"1.3","sizes":[]},"typography_font_weight":"500","typography_text_transform":"uppercase","typography_line_height":{"unit":"em","size":"1.3","sizes":[]},"typography_letter_spacing":{"unit":"px","size":"1","sizes":[]},"typography_font_size_tablet":{"unit":"em","size":"1","sizes":[]},"typography_font_size_mobile":{"unit":"em","size":"1","sizes":[]},"typography_letter_spacing_tablet":{"unit":"px","size":"1","sizes":[]},"typography_letter_spacing_mobile":{"unit":"px","size":"1","sizes":[]},"_padding":{"unit":"em","top":"","right":"","bottom":"","left":"","isLinked":"1"},"header_size":"h3","align_mobile":"center"},"elements":[],"isInner":false,"widgetType":"heading","elType":"widget"},{"id":"cca2b19","settings":{"editor":"<p><span style=\"font-size: 1em; letter-spacing: 0px;\">Sed ut perspiciatis unde omnis iste natus error sit voluptatem accusantium.<\/span><\/p>","text_color":"#657182","typography_typography":"custom","typography_font_family":"Open Sans","typography_font_size":{"unit":"em","size":"1","sizes":[]},"typography_font_weight":"300","typography_line_height":{"unit":"em","size":"1.75","sizes":[]},"typography_letter_spacing":{"unit":"px","size":"0","sizes":[]},"align_mobile":"center"},"elements":[],"isInner":false,"widgetType":"text-editor","elType":"widget"}],"isInner":"1","elType":"column"},{"id":"3fbbb5e2","settings":{"_column_size":"33","space_between_widgets":"0"},"elements":[{"id":"1adcd53d","settings":{"icon":"fa fa-dot-circle-o","view":"stacked","align":"left","primary_color":"#f9fbfd","secondary_color":"#91a5ff","size":{"unit":"px","size":"13","sizes":[]},"icon_padding":{"unit":"px","size":"16","sizes":[]},"border_radius":{"unit":"px","top":"100","right":"100","bottom":"100","left":"100","isLinked":"1"},"_padding":{"unit":"em","top":"0","right":"0","bottom":"1","left":"0","isLinked":""},"align_mobile":"center"},"elements":[],"isInner":false,"widgetType":"icon","elType":"widget"},{"id":"65c31c4a","settings":{"title":"Award-winning movement ","align":"left","title_color":"#212529","typography_typography":"custom","typography_font_family":"Barlow Condensed","typography_font_size":{"unit":"em","size":"1.3","sizes":[]},"typography_font_weight":"500","typography_text_transform":"uppercase","typography_line_height":{"unit":"em","size":"1.3","sizes":[]},"typography_letter_spacing":{"unit":"px","size":"1","sizes":[]},"typography_font_size_tablet":{"unit":"em","size":"1","sizes":[]},"typography_font_size_mobile":{"unit":"em","size":"1","sizes":[]},"typography_letter_spacing_tablet":{"unit":"px","size":"1","sizes":[]},"typography_letter_spacing_mobile":{"unit":"px","size":"1","sizes":[]},"_padding":{"unit":"em","top":"","right":"","bottom":"","left":"","isLinked":"1"},"header_size":"h3","align_mobile":"center"},"elements":[],"isInner":false,"widgetType":"heading","elType":"widget"},{"id":"54460dc3","settings":{"editor":"<p>Sed ut perspiciatis unde omnis iste natus error sit voluptatem accusantium.<\/p>","text_color":"#657182","typography_typography":"custom","typography_font_family":"Open Sans","typography_font_size":{"unit":"em","size":"1","sizes":[]},"typography_font_weight":"300","typography_line_height":{"unit":"em","size":"1.75","sizes":[]},"typography_letter_spacing":{"unit":"px","size":"0","sizes":[]},"align_mobile":"center"},"elements":[],"isInner":false,"widgetType":"text-editor","elType":"widget"}],"isInner":"1","elType":"column"},{"id":"566d6ac2","settings":{"_column_size":"33","space_between_widgets":"0"},"elements":[{"id":"12e039a9","settings":{"icon":"fa fa-dot-circle-o","view":"stacked","align":"left","primary_color":"#f9fbfd","secondary_color":"#91a5ff","size":{"unit":"px","size":"13","sizes":[]},"icon_padding":{"unit":"px","size":"16","sizes":[]},"border_radius":{"unit":"px","top":"100","right":"100","bottom":"100","left":"100","isLinked":"1"},"_padding":{"unit":"em","top":"0","right":"0","bottom":"1","left":"0","isLinked":""},"align_mobile":"center"},"elements":[],"isInner":false,"widgetType":"icon","elType":"widget"},{"id":"776c89ff","settings":{"title":"Shapeing lives","align":"left","title_color":"#212529","typography_typography":"custom","typography_font_family":"Barlow Condensed","typography_font_size":{"unit":"em","size":"1.3","sizes":[]},"typography_font_weight":"500","typography_text_transform":"uppercase","typography_line_height":{"unit":"em","size":"1.3","sizes":[]},"typography_letter_spacing":{"unit":"px","size":"1","sizes":[]},"typography_font_size_tablet":{"unit":"em","size":"1","sizes":[]},"typography_font_size_mobile":{"unit":"em","size":"1","sizes":[]},"typography_letter_spacing_tablet":{"unit":"px","size":"1","sizes":[]},"typography_letter_spacing_mobile":{"unit":"px","size":"1","sizes":[]},"_padding":{"unit":"em","top":"","right":"","bottom":"","left":"","isLinked":"1"},"header_size":"h3","align_mobile":"center"},"elements":[],"isInner":false,"widgetType":"heading","elType":"widget"},{"id":"3e148b4b","settings":{"editor":"<p>Sed ut perspiciatis unde omnis iste natus error sit voluptatem accusantium.<\/p>","text_color":"#657182","typography_typography":"custom","typography_font_family":"Open Sans","typography_font_size":{"unit":"em","size":"1","sizes":[]},"typography_font_weight":"300","typography_line_height":{"unit":"em","size":"1.75","sizes":[]},"typography_letter_spacing":{"unit":"px","size":"0","sizes":[]},"align_mobile":"center"},"elements":[],"isInner":false,"widgetType":"text-editor","elType":"widget"}],"isInner":"1","elType":"column"}],"isInner":"1","elType":"section"}],"isInner":"","elType":"column"}],"isInner":"","elType":"section"},{"id":"3a1d1923","settings":{"background_background":"classic","background_color":"#f9fbfd","padding":{"unit":"em","top":"5","right":"0","bottom":"3","left":"0","isLinked":""},"padding_tablet":{"unit":"em","top":"4","right":"0","bottom":"2.5","left":"0","isLinked":""}},"elements":[{"id":"7e9d694","settings":{"_column_size":"100","space_between_widgets":"5","content_position":"center"},"elements":[{"id":"4c2614fb","settings":{"title":"Trusted by clients like","align":"center","title_color":"#212529","typography_typography":"custom","typography_font_family":"Barlow Condensed","typography_font_size":{"unit":"em","size":"2.5","sizes":[]},"typography_font_weight":"500","typography_text_transform":"uppercase","typography_line_height":{"unit":"em","size":"1.3","sizes":[]},"typography_letter_spacing":{"unit":"px","size":"1","sizes":[]},"typography_font_size_tablet":{"unit":"em","size":"2.2","sizes":[]},"typography_font_size_mobile":{"unit":"em","size":"2","sizes":[]},"typography_letter_spacing_tablet":{"unit":"px","size":"2","sizes":[]},"typography_letter_spacing_mobile":{"unit":"px","size":"1","sizes":[]},"_padding":{"unit":"em","top":"0","right":"0","bottom":"0","left":"0","isLinked":""}},"elements":[],"isInner":false,"widgetType":"heading","elType":"widget"},{"id":"5f3a34b4","settings":{"color":"#91a5ff","width":{"unit":"px","size":"80","sizes":[]},"gap":{"unit":"px","size":"2","sizes":[]},"_padding":{"unit":"em","top":"1.5","right":"0","bottom":"0.2","left":"0","isLinked":""},"align":"center","text":"Divisor"},"elements":[],"isInner":false,"widgetType":"divider","elType":"widget"},{"id":"10ef0805","settings":{"structure":"50","background_background":"classic","background_color":"#f9fbfd"},"elements":[{"id":"1bbbdef5","settings":{"_column_size":"20","_inline_size_mobile":"50"},"elements":[{"id":"1a4193cd","settings":{"image":{"url":"http:\/\/sitefacilitado.com.br\/wp-content\/uploads\/2020\/02\/client4.png","id":"720"},"image_size":"custom","image_custom_dimension":{"width":"200","height":"100"},"opacity":{"unit":"px","size":"0.3","sizes":[]}},"elements":[],"isInner":false,"widgetType":"image","elType":"widget"}],"isInner":"1","elType":"column"},{"id":"d7584e3","settings":{"_column_size":"20","_inline_size_mobile":"50"},"elements":[{"id":"7b91624a","settings":{"image":{"url":"http:\/\/sitefacilitado.com.br\/wp-content\/uploads\/2020\/02\/client3.png","id":"721"},"image_size":"custom","image_custom_dimension":{"width":"200","height":"100"},"opacity":{"unit":"px","size":"0.3","sizes":[]}},"elements":[],"isInner":false,"widgetType":"image","elType":"widget"}],"isInner":"1","elType":"column"},{"id":"5a44d1db","settings":{"_column_size":"20","_inline_size_mobile":"33.333"},"elements":[{"id":"7c6b78b0","settings":{"image":{"url":"http:\/\/sitefacilitado.com.br\/wp-content\/uploads\/2020\/02\/client05-1.png","id":"722"},"image_size":"custom","image_custom_dimension":{"width":"200","height":"100"},"opacity":{"unit":"px","size":"0.3","sizes":[]}},"elements":[],"isInner":false,"widgetType":"image","elType":"widget"}],"isInner":"1","elType":"column"},{"id":"6a3beda","settings":{"_column_size":"20","_inline_size_mobile":"33.333"},"elements":[{"id":"6da7056d","settings":{"image":{"url":"http:\/\/sitefacilitado.com.br\/wp-content\/uploads\/2020\/02\/client01.png","id":"723"},"image_size":"custom","image_custom_dimension":{"width":"200","height":"100"},"opacity":{"unit":"px","size":"0.3","sizes":[]}},"elements":[],"isInner":false,"widgetType":"image","elType":"widget"}],"isInner":"1","elType":"column"},{"id":"13469f29","settings":{"_column_size":"20","_inline_size_mobile":"33.333"},"elements":[{"id":"6d3f28de","settings":{"image":{"url":"http:\/\/sitefacilitado.com.br\/wp-content\/uploads\/2020\/02\/client2.png","id":"724"},"image_size":"custom","image_custom_dimension":{"width":"200","height":"100"},"opacity":{"unit":"px","size":"0.3","sizes":[]}},"elements":[],"isInner":false,"widgetType":"image","elType":"widget"}],"isInner":"1","elType":"column"}],"isInner":"1","elType":"section"}],"isInner":"","elType":"column"}],"isInner":"","elType":"section"},{"id":"2da97dd7","settings":{"custom_height":{"unit":"vh","size":"50","sizes":[]},"background_background":"classic","background_color":"#212329","background_position":"center center","background_repeat":"no-repeat","background_size":"cover","background_overlay_color":"#2b9dd9","background_overlay_position":"center center","background_overlay_repeat":"no-repeat","background_overlay_size":"cover","background_overlay_opacity":{"unit":"px","size":"0.76","sizes":[]},"css_filters_contrast":{"unit":"px","size":"0","sizes":[]},"overlay_blend_mode":"multiply","padding":{"unit":"em","top":"7","right":"0","bottom":"6","left":"0","isLinked":""},"custom_height_tablet":{"unit":"vh","size":"46","sizes":[]},"padding_tablet":{"unit":"em","top":"7","right":"0","bottom":"5.5","left":"0","isLinked":""},"padding_mobile":{"unit":"em","top":"5","right":"1","bottom":"3.5","left":"1","isLinked":""},"background_color_b":"#892af7","background_gradient_angle":{"unit":"deg","size":"250","sizes":[]},"background_overlay_color_b":"#892af7","background_overlay_gradient_angle":{"unit":"deg","size":"300","sizes":[]},"content_width":{"unit":"px","size":"590","sizes":[]}},"elements":[{"id":"4999353c","settings":{"_column_size":"100","content_position":"center","space_between_widgets":"10"},"elements":[{"id":"53d2f106","settings":{"title":"Watch john's speech","header_size":"h3","align":"center","title_color":"rgba(255,255,255,0.55)","typography_typography":"custom","typography_font_family":"Barlow Condensed","typography_font_size":{"unit":"em","size":"0.9","sizes":[]},"typography_font_weight":"300","typography_text_transform":"uppercase","typography_line_height":{"unit":"em","size":"1","sizes":[]},"typography_letter_spacing":{"unit":"px","size":"4","sizes":[]},"_padding":{"unit":"em","top":"0","right":"0","bottom":"0","left":"0","isLinked":""}},"elements":[],"isInner":false,"widgetType":"heading","elType":"widget"},{"id":"6e361009","settings":{"title":"Watch how John INSPIRES CHANGE.","align":"center","title_color":"#ffffff","typography_typography":"custom","typography_font_family":"Barlow Condensed","typography_font_size":{"unit":"em","size":"3.5","sizes":[]},"typography_font_weight":"500","typography_text_transform":"uppercase","typography_line_height":{"unit":"em","size":"1.3","sizes":[]},"typography_letter_spacing":{"unit":"px","size":"1","sizes":[]},"typography_font_size_tablet":{"unit":"em","size":"3.8","sizes":[]},"typography_font_size_mobile":{"unit":"em","size":"1.8","sizes":[]},"typography_letter_spacing_tablet":{"unit":"px","size":"2","sizes":[]},"typography_letter_spacing_mobile":{"unit":"px","size":"6","sizes":[]},"_padding":{"unit":"em","top":"0.5","right":"0","bottom":"1","left":"0","isLinked":""}},"elements":[],"isInner":false,"widgetType":"heading","elType":"widget"},{"id":"1469ea9f","settings":{"icon":"fa fa-youtube-play","link":{"url":"https:\/\/youtube.com","is_external":"","nofollow":""},"primary_color":"#91a5ff","hover_primary_color":"#3f60f4","hover_animation":"grow","size":{"unit":"px","size":"80","sizes":[]}},"elements":[],"isInner":false,"widgetType":"icon","elType":"widget"}],"isInner":"","elType":"column"}],"isInner":"","elType":"section"}]}