{"content":[{"id":"1ca5031a","settings":{"height":"min-height","custom_height":{"unit":"vh","size":80},"background_background":"classic","background_image":{"id":"3930","url":"https:\/\/cliente.shazamlnv.com\/setasolar\/wp-content\/uploads\/2022\/04\/s84-pai-10032.jpg"},"background_position":"top center","background_overlay_background":"classic","background_overlay_color":"#F0DFBC","background_repeat":"no-repeat","shape_divider_bottom":"tilt","shape_divider_bottom_color":"#38789d","shape_divider_bottom_height":{"unit":"px","size":75},"padding":{"unit":"px","top":"30","right":"30","bottom":"30","left":"30","isLinked":true},"padding_mobile":{"unit":"px","top":"30","right":"0","bottom":"60","left":"0","isLinked":false},"background_overlay_opacity":{"unit":"px","size":0.2099999999999999922284388276239042170345783233642578125},"background_size":"cover","stretch_section":"section-stretched","structure":"20","background_overlay_color_b":"#38789d","background_overlay_color_b_stop":{"unit":"%","size":65},"background_overlay_gradient_angle":{"unit":"deg","size":140},"shape_divider_bottom_width":{"unit":"%","size":137},"background_overlay_color_stop":{"unit":"%","size":5},"css_filters_saturate":{"unit":"px","size":120},"css_classes":"envato-kit-45-background-fix","shape_divider_bottom_height_mobile":{"unit":"px","size":43},"overlay_blend_mode":"screen","__globals__":{"background_overlay_color":"","background_color":"globals\/colors?id=2cdc912"}},"elements":[{"id":"2e846d04","settings":{"_column_size":50,"background_background":"classic","_inline_size":null,"padding":{"unit":"%","top":"4","right":"33","bottom":"4","left":"0","isLinked":false}},"elements":[],"isInner":false,"elType":"column"},{"id":"30862736","settings":{"_column_size":50,"background_background":"classic","_inline_size":null,"padding":{"unit":"%","top":"4","right":"10","bottom":"4","left":"0","isLinked":false},"padding_mobile":{"unit":"px","top":"0","right":"0","bottom":"0","left":"0","isLinked":true}},"elements":[{"id":"35d8930c","settings":{"title":"Yoga &","align":"left","typography_typography":"custom","typography_font_family":"Montez","typography_font_size":{"unit":"rem","size":9.199999999999999289457264239899814128875732421875},"typography_font_size_tablet":{"unit":"px","size":55},"typography_font_size_mobile":{"unit":"rem","size":3},"typography_font_weight":"600","_animation":"fadeInDown","header_size":"h1","align_mobile":"center","text_shadow_text_shadow":{"horizontal":0,"vertical":0,"blur":10,"color":"rgba(56,120,157,0.23)"},"_margin":{"unit":"px","top":"0","right":"0","bottom":"-39","left":"0","isLinked":false},"_element_custom_width":{"unit":"px","size":341,"sizes":[]},"__globals__":{"title_color":"globals\/colors?id=f032f72"}},"elements":[],"isInner":false,"widgetType":"heading","elType":"widget"},{"id":"4064896c","settings":{"title":"MEDITATION","align":"left","typography_typography":"custom","typography_font_family":"Montserrat","typography_font_size":{"unit":"px","size":80},"typography_font_size_tablet":{"unit":"px","size":55},"typography_font_size_mobile":{"unit":"rem","size":3},"typography_font_weight":"600","_animation":"fadeInDown","header_size":"h1","align_mobile":"center","text_shadow_text_shadow":{"horizontal":0,"vertical":0,"blur":10,"color":"rgba(56,120,157,0.23)"},"_element_width":"initial","_element_custom_width":{"unit":"px","size":528,"sizes":[]},"__globals__":{"title_color":"globals\/colors?id=primary"}},"elements":[],"isInner":false,"widgetType":"heading","elType":"widget"},{"id":"4b95265a","settings":{"editor":"<p>Find Out What Is Possible<\/p>","align":"left","typography_typography":"custom","typography_font_family":"Montserrat","typography_font_size":{"unit":"px","size":25},"typography_font_size_tablet":{"unit":"px","size":20},"_animation":"fadeInDown","typography_font_size_mobile":{"unit":"px","size":15},"typography_line_height_mobile":{"unit":"px","size":32},"align_mobile":"center","typography_text_transform":"uppercase","__globals__":{"text_color":"globals\/colors?id=primary"}},"elements":[],"isInner":false,"widgetType":"text-editor","elType":"widget"},{"id":"2caa5e4d","settings":{"editor":"<p>Nam imperdiet ipsum sagittis nisi varius vestibulum.\u00a0<\/p>","align":"left","typography_typography":"custom","typography_font_family":"Montserrat","typography_font_size":{"unit":"px","size":17},"typography_font_weight":"300","typography_line_height":{"unit":"em","size":1.8000000000000000444089209850062616169452667236328125},"_margin":{"unit":"px","top":"30","right":"0","bottom":"0","left":"0","isLinked":false},"_padding":{"unit":"%","top":"","right":"","bottom":"","left":"","isLinked":false},"_padding_tablet":{"unit":"%","top":"","right":"","bottom":"","left":"","isLinked":false},"_padding_mobile":{"unit":"px","top":"0","right":"20","bottom":"0","left":"20","isLinked":false},"_animation":"fadeInUp","typography_font_size_mobile":{"unit":"px","size":14},"align_mobile":"center","__globals__":{"text_color":"globals\/colors?id=50a24d5a"}},"elements":[],"isInner":false,"widgetType":"text-editor","elType":"widget"},{"id":"1bb442ba","settings":{"text":"Get Started Today","align":"left","typography_typography":"custom","typography_font_family":"Karla","button_text_color":"#ffffff","border_radius":{"unit":"px","top":"100","right":"100","bottom":"100","left":"100","isLinked":true},"text_padding":{"unit":"px","top":"18","right":"35","bottom":"18","left":"35","isLinked":false},"_margin":{"unit":"px","top":"30","right":"0","bottom":"0","left":"0","isLinked":false},"_animation":"fadeInUp","typography_font_size":{"unit":"px","size":22},"typography_font_weight":"400","button_background_hover_color":"rgba(128,112,157,0)","align_mobile":"center","typography_font_size_mobile":{"unit":"rem","size":1.1999999999999999555910790149937383830547332763671875},"border_border":"solid","border_width":{"unit":"px","top":"3","right":"3","bottom":"3","left":"3","isLinked":true},"border_color":"#E59B76","__globals__":{"background_color":"globals\/colors?id=f032f72","hover_color":"globals\/colors?id=primary","button_hover_border_color":"globals\/colors?id=primary"},"selected_icon":{"value":"fas fa-om","library":"fa-solid"},"icon_indent":{"unit":"px","size":8,"sizes":[]}},"elements":[],"isInner":false,"widgetType":"button","elType":"widget"}],"isInner":false,"elType":"column"}],"isInner":false,"elType":"section"},{"id":"6324837e","settings":{"stretch_section":"section-stretched","structure":"40","shape_divider_bottom_color":"#ffffff","shape_divider_bottom_height":{"unit":"px","size":70},"shape_divider_bottom_above_content":"yes","margin":{"unit":"%","top":"0","right":0,"bottom":"0","left":0,"isLinked":false},"content_position":"top","background_background":"classic","background_color":"#38789d","padding":{"unit":"px","top":"10","right":"0","bottom":"20","left":"0","isLinked":false},"content_width":{"unit":"px","size":1240},"shape_divider_top_color":"#5d94af","shape_divider_top_height":{"unit":"px","size":121},"padding_mobile":{"unit":"em","top":"0","right":"1","bottom":"0","left":"1","isLinked":false}},"elements":[{"id":"17b7fe10","settings":{"_column_size":25,"_inline_size":null,"_inline_size_tablet":25,"content_position":"top","background_background":"classic","background_position":"center center","padding":{"unit":"%","top":"0","right":"0","bottom":"0","left":"0","isLinked":false},"padding_mobile":{"unit":"%","top":"","right":"","bottom":"","left":"","isLinked":false},"margin":{"unit":"%","top":"-30","right":"0","bottom":"0","left":"0","isLinked":false},"_inline_size_mobile":50,"animation":"fadeInLeft","margin_mobile":{"unit":"%","top":"-30","right":"0","bottom":"20","left":"0","isLinked":false}},"elements":[{"id":"2eddcd8b","settings":{"image":{"id":"3931","url":"https:\/\/cliente.shazamlnv.com\/setasolar\/wp-content\/uploads\/2022\/04\/11icon.png"},"image_size":"full","width":{"unit":"px","size":100,"sizes":[]},"image_border_border":"solid","image_border_radius":{"unit":"%","top":"100","right":"100","bottom":"100","left":"100","isLinked":true},"__globals__":{"image_border_color":"globals\/colors?id=primary"}},"elements":[],"isInner":false,"widgetType":"image","elType":"widget"},{"id":"28abebca","settings":{"title":"Body & Mind Balance","header_size":"h3","align":"center","title_color":"#ffffff","align_mobile":"center","typography_typography":"custom","typography_font_family":"Karla","typography_font_size_mobile":{"unit":"rem","size":0.8000000000000000444089209850062616169452667236328125},"typography_font_weight":"700"},"elements":[],"isInner":false,"widgetType":"heading","elType":"widget"}],"isInner":false,"elType":"column"},{"id":"2fb4ac67","settings":{"_column_size":25,"_inline_size":null,"_inline_size_tablet":25,"content_position":"top","background_background":"classic","background_position":"center center","padding":{"unit":"%","top":"0","right":"0","bottom":"0","left":"0","isLinked":false},"padding_mobile":{"unit":"%","top":"","right":"","bottom":"","left":"","isLinked":false},"margin":{"unit":"%","top":"-30","right":"0","bottom":"0","left":"0","isLinked":false},"_inline_size_mobile":50,"animation":"fadeInLeft","animation_delay":100},"elements":[{"id":"2ef0b9ab","settings":{"image":{"id":"3932","url":"https:\/\/cliente.shazamlnv.com\/setasolar\/wp-content\/uploads\/2022\/04\/1icon.png"},"image_size":"full","width":{"unit":"px","size":100,"sizes":[]},"image_border_border":"solid","image_border_radius":{"unit":"%","top":"100","right":"100","bottom":"100","left":"100","isLinked":true},"__globals__":{"image_border_color":"globals\/colors?id=primary"}},"elements":[],"isInner":false,"widgetType":"image","elType":"widget"},{"id":"5e11c2a6","settings":{"title":"Healthy Daily Life","header_size":"h3","align":"center","title_color":"#ffffff","align_mobile":"center","typography_typography":"custom","typography_font_family":"Karla","typography_font_size_mobile":{"unit":"rem","size":0.8000000000000000444089209850062616169452667236328125},"typography_font_weight":"700"},"elements":[],"isInner":false,"widgetType":"heading","elType":"widget"}],"isInner":false,"elType":"column"},{"id":"fce6026","settings":{"_column_size":25,"_inline_size":null,"_inline_size_tablet":25,"content_position":"top","background_background":"classic","background_position":"center center","padding":{"unit":"%","top":"0","right":"0","bottom":"0","left":"0","isLinked":false},"padding_mobile":{"unit":"%","top":"","right":"","bottom":"","left":"","isLinked":false},"margin":{"unit":"%","top":"-30","right":"0","bottom":"0","left":"0","isLinked":false},"_inline_size_mobile":50,"animation":"fadeInLeft","animation_delay":200,"margin_mobile":{"unit":"%","top":"0","right":"0","bottom":"10","left":"0","isLinked":false}},"elements":[{"id":"2e81d15a","settings":{"image":{"id":"3933","url":"https:\/\/cliente.shazamlnv.com\/setasolar\/wp-content\/uploads\/2022\/04\/7icon.png"},"image_size":"full","width":{"unit":"px","size":100,"sizes":[]},"image_border_border":"solid","image_border_radius":{"unit":"%","top":"100","right":"100","bottom":"100","left":"100","isLinked":true},"__globals__":{"image_border_color":"globals\/colors?id=primary"}},"elements":[],"isInner":false,"widgetType":"image","elType":"widget"},{"id":"7be93434","settings":{"title":"Meditation Practice\n","header_size":"h3","align":"center","title_color":"#ffffff","align_mobile":"center","typography_typography":"custom","typography_font_family":"Karla","typography_font_size_mobile":{"unit":"rem","size":0.8000000000000000444089209850062616169452667236328125},"typography_font_weight":"700"},"elements":[],"isInner":false,"widgetType":"heading","elType":"widget"}],"isInner":false,"elType":"column"},{"id":"4cc0c463","settings":{"_column_size":25,"_inline_size":null,"_inline_size_tablet":25,"content_position":"top","background_background":"classic","background_position":"center center","padding":{"unit":"%","top":"0","right":"0","bottom":"0","left":"0","isLinked":false},"padding_mobile":{"unit":"%","top":"","right":"","bottom":"","left":"","isLinked":false},"margin":{"unit":"%","top":"-30","right":"0","bottom":"0","left":"0","isLinked":false},"_inline_size_mobile":50,"animation":"fadeInLeft","animation_delay":300,"margin_mobile":{"unit":"px","top":"0","right":"0","bottom":"0","left":"0","isLinked":true}},"elements":[{"id":"296418c0","settings":{"image":{"id":"3934","url":"https:\/\/cliente.shazamlnv.com\/setasolar\/wp-content\/uploads\/2022\/04\/8icon.png"},"image_size":"full","width":{"unit":"px","size":100,"sizes":[]},"image_border_border":"solid","image_border_radius":{"unit":"%","top":"100","right":"100","bottom":"100","left":"100","isLinked":true},"__globals__":{"image_border_color":"globals\/colors?id=primary"}},"elements":[],"isInner":false,"widgetType":"image","elType":"widget"},{"id":"4feca052","settings":{"title":"Monthly Yoga Challenges","header_size":"h3","align":"center","title_color":"#ffffff","align_mobile":"center","typography_typography":"custom","typography_font_family":"Karla","typography_font_size_mobile":{"unit":"rem","size":0.8000000000000000444089209850062616169452667236328125},"typography_font_weight":"700"},"elements":[],"isInner":false,"widgetType":"heading","elType":"widget"}],"isInner":false,"elType":"column"}],"isInner":false,"elType":"section"},{"id":"3a137dd1","settings":{"gap":"wide","structure":"20","margin":{"unit":"px","top":"0","right":0,"bottom":"0","left":0,"isLinked":true},"padding_tablet":{"unit":"%","top":"0","right":"0","bottom":"0","left":"0","isLinked":false},"shape_divider_top":"tilt","shape_divider_top_color":"#38789d","shape_divider_top_height":{"unit":"px","size":70},"padding":{"unit":"em","top":"8","right":"0","bottom":"4","left":"0","isLinked":false},"stretch_section":"section-stretched","shape_divider_top_above_content":"yes"},"elements":[{"id":"35593849","settings":{"_column_size":50,"_inline_size":54.12299999999999755573298898525536060333251953125,"_inline_size_tablet":100,"animation":"fadeInLeft","margin_tablet":{"unit":"%","top":"0","right":"0","bottom":"0","left":"0","isLinked":false},"padding_tablet":{"unit":"px","top":"0","right":"0","bottom":"0","left":"0","isLinked":true},"content_position":"center","margin":{"unit":"em","top":"0","right":"0","bottom":"0","left":"0","isLinked":false}},"elements":[{"id":"217582db","settings":{"link":"https:\/\/youtu.be\/IloS_2cFRF8","vimeo_link":"https:\/\/vimeo.com\/235215203","show_image_overlay":"yes","image_overlay":{"id":"3935","url":"https:\/\/cliente.shazamlnv.com\/setasolar\/wp-content\/uploads\/2022\/04\/402-mckinsey-21a6397-eye.jpg"},"image_overlay_size":"large","lightbox":"yes","play_icon_size":{"unit":"px","size":80},"youtube_url":"https:\/\/www.youtube.com\/watch?v=bsuMjccUA4A","vimeo_url":"https:\/\/vimeo.com\/235215203","dailymotion_url":"https:\/\/www.dailymotion.com\/video\/x6koazf","modestbranding":"yes","yt_privacy":"yes","play_icon_color":"#f1f7f6","play_icon_text_shadow_text_shadow_type":"yes","lightbox_color":"#000000","lightbox_ui_color":"#ffffff","lightbox_ui_color_hover":"#f4b9b0"},"elements":[],"isInner":false,"widgetType":"video","elType":"widget"}],"isInner":false,"elType":"column"},{"id":"2cf4160b","settings":{"_column_size":50,"_inline_size":45.832999999999998408384271897375583648681640625,"_inline_size_tablet":100,"content_position":"center","animation":"fadeInRight","padding_tablet":{"unit":"%","top":"6","right":"6","bottom":"6","left":"6","isLinked":true}},"elements":[{"id":"5b7fb6f6","settings":{"title":"Why Do Yoga?","align":"left","title_color":"#38789d","typography_typography":"custom","typography_font_family":"Montserrat","typography_font_size":{"unit":"px","size":35},"typography_font_weight":"600","typography_font_size_mobile":{"unit":"px","size":30},"typography_line_height_mobile":{"unit":"px","size":35},"typography_text_transform":"capitalize","align_mobile":"left"},"elements":[],"isInner":false,"widgetType":"heading","elType":"widget"},{"id":"362b0322","settings":{"editor":"<p>Sed egestas, sapien a pellentesque euismod, odio nibh dignissim nulla, euismod lacinia arcu turpis gravida tortor. Donec tempor enim ut sollicitudin pulvinar. Nulla sit amet blandit lectus.<\/p>","align":"left","typography_typography":"custom","typography_font_family":"Montserrat","typography_font_size":{"unit":"px","size":15},"typography_font_weight":"400","typography_line_height":{"unit":"em","size":2.100000000000000088817841970012523233890533447265625},"align_mobile":"left","__globals__":{"text_color":"globals\/colors?id=50a24d5a"}},"elements":[],"isInner":false,"widgetType":"text-editor","elType":"widget"},{"id":"36dcacef","settings":{"icon_list":[{"text":"You can always control what goes on inside","icon":"fa fa-arrow-circle-right","_id":"08f7c55"},{"text":"Yoga is a practice of quieting the mind","icon":"fa fa-arrow-circle-right","_id":"77b3cb2"},{"text":"Yoga is a fountain of youth","icon":"fa fa-arrow-circle-right","_id":"60b4e95"}],"space_between":{"unit":"px","size":8},"icon_align":"left","icon_size":{"unit":"px","size":20},"text_color":"#6d6d6d","text_indent":{"unit":"px","size":10},"icon_typography_typography":"custom","icon_typography_font_family":"Montserrat","icon_typography_font_size":{"unit":"px","size":15},"icon_typography_font_weight":"400","icon_typography_line_height":{"unit":"em","size":2.100000000000000088817841970012523233890533447265625},"__globals__":{"icon_color":"globals\/colors?id=2cdc912"}},"elements":[],"isInner":false,"widgetType":"icon-list","elType":"widget"},{"id":"a79e57e","settings":{"text":"Read More","align":"left","typography_typography":"custom","typography_font_family":"Karla","typography_font_size":{"unit":"px","size":16},"typography_font_weight":"400","border_radius":{"unit":"px","top":"100","right":"100","bottom":"100","left":"100","isLinked":true},"text_padding":{"unit":"px","top":"15","right":"30","bottom":"15","left":"30","isLinked":false},"_margin":{"unit":"px","top":"30","right":"0","bottom":"0","left":"0","isLinked":false},"hover_color":"#ffffff","button_background_hover_color":"#d0846e","align_mobile":"center","typography_letter_spacing":{"unit":"px","size":1},"__globals__":{"background_color":"globals\/colors?id=43815ba","button_text_color":"globals\/colors?id=50a24d5a"}},"elements":[],"isInner":false,"widgetType":"button","elType":"widget"}],"isInner":false,"elType":"column"}],"isInner":false,"elType":"section"},{"id":"75f8f55b","settings":{"stretch_section":"section-stretched","background_background":"classic","background_color":"#f1f7f6","border_border":"solid","border_width":{"unit":"px","top":"1","right":"0","bottom":"1","left":"0","isLinked":false},"border_color":"#e6e6e6","padding":{"unit":"em","top":"8","right":"0","bottom":"4","left":"0","isLinked":false},"shape_divider_top":"tilt","shape_divider_top_color":"#ffffff","shape_divider_top_width":{"unit":"%","size":100},"shape_divider_top_height":{"unit":"px","size":70},"shape_divider_bottom_color":"#ffffff","shape_divider_bottom_height":{"unit":"px","size":0}},"elements":[{"id":"680dd1","settings":{"_column_size":100},"elements":[{"id":"4507f04b","settings":{"content_width":{"unit":"px","size":700},"animation":"zoomIn","margin":{"unit":"px","top":"0","right":0,"bottom":"40","left":0,"isLinked":false}},"elements":[{"id":"474f8af4","settings":{"_column_size":100,"_inline_size":null},"elements":[{"id":"1da21b6a","settings":{"icon":"fa fa-sun-o","primary_color":"#f4b9b0","size":{"unit":"px","size":18},"_animation":"rotateIn","selected_icon":{"value":"far fa-heart","library":"fa-regular"},"__fa4_migrated":{"selected_icon":true}},"elements":[],"isInner":false,"widgetType":"icon","elType":"widget"},{"id":"5791e68f","settings":{"title":"Try One of Our Series\n","align":"center","title_color":"#38789d","typography_typography":"custom","typography_font_family":"Montserrat","typography_font_size":{"unit":"px","size":35},"typography_font_weight":"600","typography_font_size_mobile":{"unit":"px","size":30},"typography_line_height_mobile":{"unit":"px","size":35},"typography_text_transform":"capitalize"},"elements":[],"isInner":false,"widgetType":"heading","elType":"widget"},{"id":"47a25bd0","settings":{"editor":"Sed egestas, sapien a pellentesque euismod, odio nibh dignissim nulla, euismod lacinia arcu turpis gravida tortor.","align":"center","typography_typography":"custom","typography_font_family":"Montserrat","typography_font_size":{"unit":"px","size":15},"typography_font_weight":"400","typography_line_height":{"unit":"em","size":2.100000000000000088817841970012523233890533447265625},"__globals__":{"text_color":"globals\/colors?id=50a24d5a"}},"elements":[],"isInner":false,"widgetType":"text-editor","elType":"widget"}],"isInner":true,"elType":"column"}],"isInner":true,"elType":"section"},{"id":"6910ccb4","settings":{"layout":"full_width","structure":"30","margin":{"unit":"px","top":"30","right":0,"bottom":"0","left":0,"isLinked":false}},"elements":[{"id":"1bf9b2bb","settings":{"_column_size":33,"_inline_size":null,"_inline_size_tablet":33,"background_background":"classic","border_width":{"unit":"px","top":"0","right":"0","bottom":"10","left":"0","isLinked":false},"border_color":"#d6d6d6","animation":"fadeIn","background_color":"#ffffff","margin":{"unit":"px","top":"10","right":"10","bottom":"10","left":"10","isLinked":true},"padding":{"unit":"px","top":"0","right":"0","bottom":"0","left":"0","isLinked":true}},"elements":[{"id":"35b7ffeb","settings":{"image":{"id":"3936","url":"https:\/\/cliente.shazamlnv.com\/setasolar\/wp-content\/uploads\/2022\/04\/371-mj-3703.jpg"},"title_text":"Beginners","description_text":"","link":{"url":"#","is_external":"","nofollow":""},"image_space":{"unit":"px","size":0},"image_size":{"unit":"%","size":100},"title_typography_typography":"custom","title_typography_font_family":"Montserrat","title_typography_font_size":{"unit":"px","size":20},"_border_border":"solid","_border_width":{"unit":"px","top":"0","right":"0","bottom":"5","left":"0","isLinked":false},"_border_color":"#e2e2e2","_border_hover_border":"solid","_border_hover_width":{"unit":"px","top":"0","right":"0","bottom":"5","left":"0","isLinked":false},"_border_hover_color":"#f4b9b0","title_typography_font_weight":"500","css_filters_contrast":{"unit":"px","size":99},"css_filters_saturate":{"unit":"px","size":42},"_padding":{"unit":"%","top":"0","right":"0","bottom":"0","left":"0","isLinked":true},"_box_shadow_box_shadow_type":"yes","_box_shadow_box_shadow":{"horizontal":6,"vertical":37,"blur":18,"spread":-22,"color":"rgba(109.14792798913044, 150.42456772340947, 157.5, 0.21)"},"css_filters_brightness":{"unit":"px","size":95},"thumbnail_size":"custom","thumbnail_custom_dimension":{"width":"500","height":"500"},"image_border_radius":{"unit":"px","size":8,"sizes":[]},"_border_radius":{"unit":"px","top":"8","right":"8","bottom":"8","left":"8","isLinked":true}},"elements":[],"isInner":false,"widgetType":"image-box","elType":"widget"}],"isInner":true,"elType":"column"},{"id":"45a9c523","settings":{"_column_size":33,"_inline_size":null,"_inline_size_tablet":33,"animation":"fadeIn","background_background":"classic","background_color":"#ffffff","border_width":{"unit":"px","top":"0","right":"0","bottom":"10","left":"0","isLinked":false},"border_color":"#d6d6d6","margin":{"unit":"px","top":"10","right":"10","bottom":"10","left":"10","isLinked":true},"padding":{"unit":"px","top":"0","right":"0","bottom":"0","left":"0","isLinked":true},"animation_delay":200},"elements":[{"id":"3ea361a2","settings":{"image":{"id":"3937","url":"https:\/\/cliente.shazamlnv.com\/setasolar\/wp-content\/uploads\/2022\/04\/yoga-img-63.jpg"},"title_text":"Weight Loss","description_text":"","link":{"url":"#","is_external":"","nofollow":""},"image_space":{"unit":"px","size":0},"image_size":{"unit":"%","size":100},"title_typography_typography":"custom","title_typography_font_family":"Montserrat","title_typography_font_size":{"unit":"px","size":20},"_border_border":"solid","_border_width":{"unit":"px","top":"0","right":"0","bottom":"5","left":"0","isLinked":false},"_border_color":"#e2e2e2","_border_hover_border":"solid","_border_hover_width":{"unit":"px","top":"0","right":"0","bottom":"5","left":"0","isLinked":false},"_border_hover_color":"#f4b9b0","title_typography_font_weight":"500","thumbnail_size":"custom","thumbnail_custom_dimension":{"width":"600","height":"600"},"_padding":{"unit":"%","top":"0","right":"0","bottom":"0","left":"0","isLinked":true},"_box_shadow_box_shadow_type":"yes","_box_shadow_box_shadow":{"horizontal":6,"vertical":37,"blur":18,"spread":-22,"color":"rgba(109.14792798913044, 150.42456772340947, 157.5, 0.21)"},"css_filters_brightness":{"unit":"px","size":95},"css_filters_contrast":{"unit":"px","size":99},"css_filters_saturate":{"unit":"px","size":42},"image_border_radius":{"unit":"px","size":8,"sizes":[]},"_border_radius":{"unit":"px","top":"8","right":"8","bottom":"8","left":"8","isLinked":true}},"elements":[],"isInner":false,"widgetType":"image-box","elType":"widget"}],"isInner":true,"elType":"column"},{"id":"7592640d","settings":{"_column_size":33,"_inline_size":null,"_inline_size_tablet":33,"animation":"fadeIn","background_background":"classic","background_color":"#ffffff","border_width":{"unit":"px","top":"0","right":"0","bottom":"10","left":"0","isLinked":false},"border_color":"#d6d6d6","margin":{"unit":"px","top":"10","right":"10","bottom":"10","left":"10","isLinked":true},"padding":{"unit":"px","top":"0","right":"0","bottom":"0","left":"0","isLinked":true},"animation_delay":400},"elements":[{"id":"40881379","settings":{"image":{"id":"3938","url":"https:\/\/cliente.shazamlnv.com\/setasolar\/wp-content\/uploads\/2022\/04\/402-felix-8090-eye.jpg"},"title_text":"Energy Balancing","description_text":"","link":{"url":"#","is_external":"","nofollow":""},"image_space":{"unit":"px","size":0},"image_size":{"unit":"%","size":100},"title_typography_typography":"custom","title_typography_font_family":"Montserrat","title_typography_font_size":{"unit":"px","size":20},"_border_border":"solid","_border_width":{"unit":"px","top":"0","right":"0","bottom":"5","left":"0","isLinked":false},"_border_color":"#e2e2e2","_border_hover_border":"solid","_border_hover_width":{"unit":"px","top":"0","right":"0","bottom":"5","left":"0","isLinked":false},"_border_hover_color":"#f4b9b0","title_typography_font_weight":"500","_padding":{"unit":"%","top":"0","right":"0","bottom":"0","left":"0","isLinked":true},"_box_shadow_box_shadow_type":"yes","_box_shadow_box_shadow":{"horizontal":6,"vertical":37,"blur":18,"spread":-22,"color":"rgba(109.14792798913044, 150.42456772340947, 157.5, 0.21)"},"css_filters_brightness":{"unit":"px","size":95},"css_filters_contrast":{"unit":"px","size":99},"css_filters_saturate":{"unit":"px","size":42},"thumbnail_size":"custom","thumbnail_custom_dimension":{"width":"600","height":"600"},"image_border_radius":{"unit":"px","size":8,"sizes":[]},"_border_radius":{"unit":"px","top":"8","right":"8","bottom":"8","left":"8","isLinked":true}},"elements":[],"isInner":false,"widgetType":"image-box","elType":"widget"}],"isInner":true,"elType":"column"}],"isInner":true,"elType":"section"},{"id":"3aacd115","settings":{"layout":"full_width","structure":"30","margin":{"unit":"px","top":"30","right":0,"bottom":"0","left":0,"isLinked":false}},"elements":[{"id":"2a44349c","settings":{"_column_size":33,"_inline_size":null,"_inline_size_tablet":33,"animation":"fadeIn","background_background":"classic","background_color":"#ffffff","border_width":{"unit":"px","top":"0","right":"0","bottom":"10","left":"0","isLinked":false},"border_color":"#d6d6d6","margin":{"unit":"px","top":"10","right":"10","bottom":"10","left":"10","isLinked":true},"padding":{"unit":"px","top":"0","right":"0","bottom":"0","left":"0","isLinked":true},"animation_delay":600},"elements":[{"id":"7295be9d","settings":{"image":{"id":"3939","url":"https:\/\/cliente.shazamlnv.com\/setasolar\/wp-content\/uploads\/2022\/04\/402-felix-8630.jpg"},"title_text":"Athlete Recovery","description_text":"","link":{"url":"#","is_external":"","nofollow":""},"image_space":{"unit":"px","size":0},"image_size":{"unit":"%","size":100},"title_typography_typography":"custom","title_typography_font_family":"Montserrat","title_typography_font_size":{"unit":"px","size":20},"_border_border":"solid","_border_width":{"unit":"px","top":"0","right":"0","bottom":"5","left":"0","isLinked":false},"_border_color":"#e2e2e2","_border_hover_border":"solid","_border_hover_width":{"unit":"px","top":"0","right":"0","bottom":"5","left":"0","isLinked":false},"_border_hover_color":"#f4b9b0","title_typography_font_weight":"500","css_filters_brightness":{"unit":"px","size":95},"css_filters_contrast":{"unit":"px","size":99},"css_filters_saturate":{"unit":"px","size":42},"_padding":{"unit":"%","top":"0","right":"0","bottom":"0","left":"0","isLinked":true},"_box_shadow_box_shadow_type":"yes","_box_shadow_box_shadow":{"horizontal":6,"vertical":37,"blur":18,"spread":-22,"color":"rgba(109.14792798913044, 150.42456772340947, 157.5, 0.21)"},"thumbnail_size":"custom","thumbnail_custom_dimension":{"width":"600","height":"600"},"image_border_radius":{"unit":"px","size":8,"sizes":[]},"_border_radius":{"unit":"px","top":"8","right":"8","bottom":"8","left":"8","isLinked":true}},"elements":[],"isInner":false,"widgetType":"image-box","elType":"widget"}],"isInner":true,"elType":"column"},{"id":"3822be5e","settings":{"_column_size":33,"_inline_size":null,"_inline_size_tablet":33,"animation":"fadeIn","background_background":"classic","background_color":"#ffffff","border_width":{"unit":"px","top":"0","right":"0","bottom":"10","left":"0","isLinked":false},"border_color":"#d6d6d6","margin":{"unit":"px","top":"10","right":"10","bottom":"10","left":"10","isLinked":true},"padding":{"unit":"px","top":"0","right":"0","bottom":"0","left":"0","isLinked":true},"animation_delay":800},"elements":[{"id":"668c6990","settings":{"image":{"id":"3935","url":"https:\/\/cliente.shazamlnv.com\/setasolar\/wp-content\/uploads\/2022\/04\/402-mckinsey-21a6397-eye.jpg"},"title_text":"Meditation","description_text":"","link":{"url":"#","is_external":"","nofollow":""},"image_space":{"unit":"px","size":0},"image_size":{"unit":"%","size":100},"title_typography_typography":"custom","title_typography_font_family":"Montserrat","title_typography_font_size":{"unit":"px","size":20},"_border_border":"solid","_border_width":{"unit":"px","top":"0","right":"0","bottom":"5","left":"0","isLinked":false},"_border_color":"#e2e2e2","_border_hover_border":"solid","_border_hover_width":{"unit":"px","top":"0","right":"0","bottom":"5","left":"0","isLinked":false},"_border_hover_color":"#f4b9b0","title_typography_font_weight":"500","thumbnail_size":"custom","thumbnail_custom_dimension":{"width":"700","height":"700"},"css_filters_contrast":{"unit":"px","size":99},"css_filters_saturate":{"unit":"px","size":42},"_padding":{"unit":"%","top":"0","right":"0","bottom":"0","left":"0","isLinked":true},"_box_shadow_box_shadow_type":"yes","_box_shadow_box_shadow":{"horizontal":6,"vertical":37,"blur":18,"spread":-22,"color":"rgba(109.14792798913044, 150.42456772340947, 157.5, 0.21)"},"css_filters_brightness":{"unit":"px","size":95},"image_border_radius":{"unit":"px","size":8,"sizes":[]},"_border_radius":{"unit":"px","top":"8","right":"8","bottom":"8","left":"8","isLinked":true}},"elements":[],"isInner":false,"widgetType":"image-box","elType":"widget"}],"isInner":true,"elType":"column"},{"id":"2b775d1a","settings":{"_column_size":33,"_inline_size":null,"_inline_size_tablet":33,"animation":"fadeIn","background_background":"classic","background_color":"#ffffff","border_width":{"unit":"px","top":"0","right":"0","bottom":"10","left":"0","isLinked":false},"border_color":"#d6d6d6","margin":{"unit":"px","top":"10","right":"10","bottom":"10","left":"10","isLinked":true},"padding":{"unit":"px","top":"0","right":"0","bottom":"0","left":"0","isLinked":true},"animation_delay":1000},"elements":[{"id":"561cea3f","settings":{"image":{"id":"3940","url":"https:\/\/cliente.shazamlnv.com\/setasolar\/wp-content\/uploads\/2022\/04\/402-mckinsey-21a6444-edit.jpg"},"title_text":"All Levels","description_text":"","link":{"url":"#","is_external":"","nofollow":""},"image_space":{"unit":"px","size":0},"image_size":{"unit":"%","size":100},"title_typography_typography":"custom","title_typography_font_family":"Montserrat","title_typography_font_size":{"unit":"px","size":20},"_border_border":"solid","_border_width":{"unit":"px","top":"0","right":"0","bottom":"5","left":"0","isLinked":false},"_border_color":"#e2e2e2","_border_hover_border":"solid","_border_hover_width":{"unit":"px","top":"0","right":"0","bottom":"5","left":"0","isLinked":false},"_border_hover_color":"#f4b9b0","title_typography_font_weight":"500","thumbnail_size":"custom","thumbnail_custom_dimension":{"width":"700","height":"700"},"_padding":{"unit":"%","top":"0","right":"0","bottom":"0","left":"0","isLinked":true},"_box_shadow_box_shadow_type":"yes","_box_shadow_box_shadow":{"horizontal":6,"vertical":37,"blur":18,"spread":-22,"color":"rgba(109.14792798913044, 150.42456772340947, 157.5, 0.21)"},"css_filters_brightness":{"unit":"px","size":95},"css_filters_contrast":{"unit":"px","size":99},"css_filters_saturate":{"unit":"px","size":42},"image_border_radius":{"unit":"px","size":8,"sizes":[]},"_border_radius":{"unit":"px","top":"8","right":"8","bottom":"8","left":"8","isLinked":true}},"elements":[],"isInner":false,"widgetType":"image-box","elType":"widget"}],"isInner":true,"elType":"column"}],"isInner":true,"elType":"section"}],"isInner":false,"elType":"column"}],"isInner":false,"elType":"section"},{"id":"19f02fbe","settings":{"background_background":"classic","background_image":{"id":"3941","url":"https:\/\/cliente.shazamlnv.com\/setasolar\/wp-content\/uploads\/2022\/04\/402-felix-8297-eye-a.jpg"},"background_position":"center right","background_attachment":"fixed","background_repeat":"no-repeat","background_size":"cover","background_overlay_background":"classic","background_overlay_opacity":{"unit":"px","size":0.320000000000000006661338147750939242541790008544921875},"padding":{"unit":"em","top":"4","right":"0","bottom":"4","left":"0","isLinked":false},"shape_divider_top":"tilt","shape_divider_top_color":"#f1f7f6","shape_divider_top_height":{"unit":"px","size":70},"shape_divider_bottom":"tilt","shape_divider_bottom_color":"#f1f7f6","shape_divider_bottom_height":{"unit":"px","size":70},"background_overlay_color_b":"#f4b9b0","background_overlay_color_b_stop":{"unit":"%","size":58},"background_overlay_gradient_angle":{"unit":"deg","size":170},"css_filters_css_filter":"custom","css_filters_contrast":{"unit":"px","size":116},"background_overlay_color_stop":{"unit":"%","size":26},"__globals__":{"background_overlay_color":"globals\/colors?id=43815ba"}},"elements":[{"id":"7393d9f2","settings":{"_column_size":100,"animation":"zoomIn","margin_tablet":{"unit":"px","top":"0","right":"0","bottom":"0","left":"0","isLinked":true},"padding":{"unit":"%","top":"4","right":"10","bottom":"4","left":"10","isLinked":false},"padding_tablet":{"unit":"px","top":"0","right":"0","bottom":"0","left":"0","isLinked":true}},"elements":[{"id":"5df5e555","settings":{"content_width":{"unit":"px","size":607,"sizes":[]}},"elements":[{"id":"3bce5b87","settings":{"_column_size":100,"_inline_size":null,"align":"center"},"elements":[{"id":"7f28846e","settings":{"title":"Get Started \n","align":"center","typography_typography":"custom","typography_font_family":"Montserrat","typography_font_size":{"unit":"px","size":55},"typography_font_weight":"600","typography_font_size_mobile":{"unit":"px","size":30},"typography_line_height_mobile":{"unit":"px","size":35},"typography_text_transform":"capitalize","text_shadow_text_shadow_type":"yes","text_shadow_text_shadow":{"horizontal":0,"vertical":0,"blur":1,"color":"rgba(0,0,0,0.3)"},"__globals__":{"title_color":"globals\/colors?id=f032f72"},"_margin":{"unit":"em","top":"0","right":"0","bottom":"0","left":"-6","isLinked":false},"_padding":{"unit":"em","top":"0","right":"3","bottom":"0","left":"0","isLinked":false},"_element_width":"auto"},"elements":[],"isInner":false,"widgetType":"heading","elType":"widget"},{"id":"7e576c07","settings":{"title":"Free","align":"center","typography_typography":"custom","typography_font_family":"Montez","typography_font_size":{"unit":"px","size":98},"typography_font_weight":"600","typography_font_size_mobile":{"unit":"px","size":30},"typography_line_height_mobile":{"unit":"px","size":35},"typography_text_transform":"capitalize","text_shadow_text_shadow_type":"yes","text_shadow_text_shadow":{"horizontal":0,"vertical":0,"blur":1,"color":"rgba(0,0,0,0.3)"},"__globals__":{"title_color":"globals\/colors?id=primary"},"_margin":{"unit":"em","top":"-3","right":"0","bottom":"0","left":"0","isLinked":false},"_padding":{"unit":"em","top":"0","right":"1","bottom":"0","left":"0","isLinked":false},"_element_width":"auto","_position":"absolute","_offset_orientation_h":"end","_offset_x_end":{"size":8,"unit":"%"},"_offset_y":{"unit":"px","size":23,"sizes":[]},"_offset_y_end":{"size":0.9499999999999999555910790149937383830547332763671875,"unit":"%"}},"elements":[],"isInner":false,"widgetType":"heading","elType":"widget"},{"id":"6227948b","settings":{"editor":"Sed egestas, sapien a pellentesque euismod, odio nibh dignissim nulla, euismod lacinia arcu turpis gravida tortor.","align":"center","typography_typography":"custom","typography_font_family":"Montserrat","typography_font_size":{"unit":"px","size":15},"typography_font_weight":"400","typography_line_height":{"unit":"em","size":2.100000000000000088817841970012523233890533447265625},"__globals__":{"text_color":"globals\/colors?id=50a24d5a"},"_margin":{"unit":"em","top":"2","right":"0","bottom":"0","left":"0","isLinked":false}},"elements":[],"isInner":false,"widgetType":"text-editor","elType":"widget"}],"isInner":true,"elType":"column"}],"isInner":true,"elType":"section"},{"id":"3e5ef12a","settings":[],"elements":[],"isInner":false,"widgetType":"spacer","elType":"widget"},{"id":"2cf9f344","settings":{"structure":"30","margin":{"unit":"px","top":"50","right":0,"bottom":"0","left":0,"isLinked":false}},"elements":[{"id":"6bbb352d","settings":{"_column_size":33,"_inline_size":null,"background_background":"classic","background_color":"#ffffff","margin":{"unit":"px","top":"10","right":"10","bottom":"10","left":"10","isLinked":true},"margin_mobile":{"unit":"px","top":"20","right":"0","bottom":"0","left":"0","isLinked":false},"padding":{"unit":"px","top":"0","right":"30","bottom":"60","left":"30","isLinked":false},"content_position":"top","margin_tablet":{"unit":"px","top":"10","right":"10","bottom":"10","left":"10","isLinked":true},"padding_tablet":{"unit":"px","top":"0","right":"10","bottom":"40","left":"10","isLinked":false},"border_radius":{"unit":"px","top":"8","right":"8","bottom":"8","left":"8","isLinked":true}},"elements":[{"id":"74a2a68b","settings":{"image":{"id":"3942","url":"https:\/\/cliente.shazamlnv.com\/setasolar\/wp-content\/uploads\/2022\/04\/3icon.png"},"width":{"unit":"%","size":34,"sizes":[]},"image_border_border":"solid","image_border_width":{"unit":"px","top":"3","right":"3","bottom":"3","left":"3","isLinked":true},"image_border_color":"#FFFFFF","image_border_radius":{"unit":"%","top":"100","right":"100","bottom":"100","left":"100","isLinked":true},"_margin":{"unit":"%","top":"-15","right":"0","bottom":"15","left":"0","isLinked":false}},"elements":[],"isInner":false,"widgetType":"image","elType":"widget"},{"id":"cf4f79b","settings":{"title":"Single<br>Classes\n","align":"center","align_mobile":"center","typography_typography":"custom","typography_font_family":"Montserrat","typography_font_size":{"unit":"px","size":25},"typography_font_size_mobile":{"unit":"px","size":20},"typography_font_weight":"600","_margin":{"unit":"px","top":"0","right":"0","bottom":"40","left":"0","isLinked":false},"typography_line_height_mobile":{"unit":"px","size":28},"typography_line_height_tablet":{"unit":"px","size":28}},"elements":[],"isInner":false,"widgetType":"heading","elType":"widget"},{"id":"4a614fde","settings":{"title":"$20","align":"center","align_mobile":"center","typography_typography":"custom","typography_font_family":"Montez","typography_font_size":{"unit":"px","size":60},"typography_font_size_mobile":{"unit":"px","size":35},"typography_font_weight":"900","typography_font_size_tablet":{"unit":"rem","size":3},"__globals__":{"title_color":"globals\/colors?id=f032f72"}},"elements":[],"isInner":false,"widgetType":"heading","elType":"widget"},{"id":"58fed5da","settings":{"title":"per class\n","align":"center","title_color":"#707070","typography_typography":"custom","typography_font_family":"Montserrat","typography_font_size":{"unit":"px","size":15},"typography_font_weight":"500"},"elements":[],"isInner":false,"widgetType":"heading","elType":"widget"}],"isInner":true,"elType":"column"},{"id":"6bd865f5","settings":{"_column_size":33,"_inline_size":null,"background_background":"classic","background_color":"#ffffff","margin":{"unit":"px","top":"10","right":"10","bottom":"10","left":"10","isLinked":true},"margin_mobile":{"unit":"px","top":"20","right":"0","bottom":"0","left":"0","isLinked":false},"padding":{"unit":"px","top":"0","right":"30","bottom":"60","left":"30","isLinked":false},"content_position":"top","margin_tablet":{"unit":"px","top":"10","right":"10","bottom":"10","left":"10","isLinked":true},"padding_tablet":{"unit":"px","top":"0","right":"10","bottom":"40","left":"10","isLinked":false},"border_radius":{"unit":"px","top":"8","right":"8","bottom":"8","left":"8","isLinked":true}},"elements":[{"id":"746d6ec6","settings":{"image":{"id":"3943","url":"https:\/\/cliente.shazamlnv.com\/setasolar\/wp-content\/uploads\/2022\/04\/6icon.png"},"width":{"unit":"%","size":34,"sizes":[]},"image_border_border":"solid","image_border_width":{"unit":"px","top":"3","right":"3","bottom":"3","left":"3","isLinked":true},"image_border_color":"#FFFFFF","image_border_radius":{"unit":"%","top":"100","right":"100","bottom":"100","left":"100","isLinked":true},"_margin":{"unit":"%","top":"-15","right":"0","bottom":"15","left":"0","isLinked":false}},"elements":[],"isInner":false,"widgetType":"image","elType":"widget"},{"id":"70f0f718","settings":{"title":"Monthly Membership\n","align":"center","align_mobile":"center","typography_typography":"custom","typography_font_family":"Montserrat","typography_font_size":{"unit":"px","size":25},"typography_font_size_mobile":{"unit":"px","size":20},"typography_font_weight":"600","_margin":{"unit":"px","top":"0","right":"0","bottom":"40","left":"0","isLinked":false},"typography_line_height_mobile":{"unit":"px","size":28},"typography_line_height_tablet":{"unit":"px","size":28}},"elements":[],"isInner":false,"widgetType":"heading","elType":"widget"},{"id":"33e4ff54","settings":{"title":"$80","align":"center","align_mobile":"center","typography_typography":"custom","typography_font_family":"Montez","typography_font_size":{"unit":"px","size":60},"typography_font_size_mobile":{"unit":"px","size":35},"typography_font_weight":"900","typography_font_size_tablet":{"unit":"rem","size":3},"__globals__":{"title_color":"globals\/colors?id=f032f72"}},"elements":[],"isInner":false,"widgetType":"heading","elType":"widget"},{"id":"4e6f9384","settings":{"title":"per month\n","align":"center","title_color":"#707070","typography_typography":"custom","typography_font_family":"Montserrat","typography_font_size":{"unit":"px","size":15},"typography_font_weight":"500"},"elements":[],"isInner":false,"widgetType":"heading","elType":"widget"}],"isInner":true,"elType":"column"},{"id":"342d2872","settings":{"_column_size":33,"_inline_size":null,"background_background":"classic","background_color":"#ffffff","margin":{"unit":"px","top":"10","right":"10","bottom":"10","left":"10","isLinked":true},"margin_mobile":{"unit":"px","top":"20","right":"0","bottom":"0","left":"0","isLinked":false},"padding":{"unit":"px","top":"0","right":"30","bottom":"60","left":"30","isLinked":false},"content_position":"top","margin_tablet":{"unit":"px","top":"10","right":"10","bottom":"10","left":"10","isLinked":true},"padding_tablet":{"unit":"px","top":"0","right":"10","bottom":"40","left":"10","isLinked":false},"border_radius":{"unit":"px","top":"8","right":"8","bottom":"8","left":"8","isLinked":true}},"elements":[{"id":"144c600e","settings":{"image":{"id":"3944","url":"https:\/\/cliente.shazamlnv.com\/setasolar\/wp-content\/uploads\/2022\/04\/5icon.png"},"width":{"unit":"%","size":34,"sizes":[]},"image_border_border":"solid","image_border_width":{"unit":"px","top":"3","right":"3","bottom":"3","left":"3","isLinked":true},"image_border_color":"#FFFFFF","image_border_radius":{"unit":"%","top":"100","right":"100","bottom":"100","left":"100","isLinked":true},"_margin":{"unit":"%","top":"-15","right":"0","bottom":"15","left":"0","isLinked":false}},"elements":[],"isInner":false,"widgetType":"image","elType":"widget"},{"id":"11125ce8","settings":{"title":"Yearly Membership\u200b","align":"center","align_mobile":"center","typography_typography":"custom","typography_font_family":"Montserrat","typography_font_size":{"unit":"px","size":25},"typography_font_size_mobile":{"unit":"px","size":20},"typography_font_weight":"600","_margin":{"unit":"px","top":"0","right":"0","bottom":"40","left":"0","isLinked":false},"typography_line_height_mobile":{"unit":"px","size":28},"typography_line_height_tablet":{"unit":"px","size":28}},"elements":[],"isInner":false,"widgetType":"heading","elType":"widget"},{"id":"60461c9b","settings":{"title":"$60","align":"center","typography_typography":"custom","typography_font_family":"Montez","typography_font_size":{"unit":"px","size":60},"typography_font_size_mobile":{"unit":"px","size":35},"typography_font_weight":"900","align_mobile":"center","typography_font_size_tablet":{"unit":"rem","size":3},"__globals__":{"title_color":"globals\/colors?id=f032f72"}},"elements":[],"isInner":false,"widgetType":"heading","elType":"widget"},{"id":"75f91642","settings":{"title":"per month (billed annually)\n","align":"center","title_color":"#707070","typography_typography":"custom","typography_font_family":"Montserrat","typography_font_size":{"unit":"px","size":15},"typography_font_weight":"500","typography_line_height_tablet":{"unit":"px","size":22}},"elements":[],"isInner":false,"widgetType":"heading","elType":"widget"}],"isInner":true,"elType":"column"}],"isInner":true,"elType":"section"},{"id":"431d3028","settings":{"text":"Start Free Trial","align":"center","typography_typography":"custom","typography_font_family":"Karla","typography_font_size":{"unit":"px","size":22},"typography_font_weight":"400","button_text_color":"#ffffff","border_radius":{"unit":"px","top":"100","right":"100","bottom":"100","left":"100","isLinked":true},"text_padding":{"unit":"px","top":"18","right":"35","bottom":"18","left":"35","isLinked":false},"_margin":{"unit":"px","top":"30","right":"0","bottom":"0","left":"0","isLinked":false},"button_background_hover_color":"rgba(128,112,157,0)","border_border":"solid","border_width":{"unit":"px","top":"3","right":"3","bottom":"3","left":"3","isLinked":true},"border_color":"#E59B76","_animation":"fadeInUp","align_mobile":"center","typography_font_size_mobile":{"unit":"rem","size":1.1999999999999999555910790149937383830547332763671875},"icon_indent":{"unit":"px","size":8,"sizes":[]},"__globals__":{"background_color":"globals\/colors?id=f032f72","hover_color":"globals\/colors?id=primary","button_hover_border_color":"globals\/colors?id=primary"}},"elements":[],"isInner":false,"widgetType":"button","elType":"widget"},{"id":"5562a51b","settings":{"editor":"<p><em>Cancel at any time. 100% money back guarantee.<\/em><\/p>","align":"center","typography_typography":"custom","typography_font_family":"Montserrat","typography_font_size":{"unit":"px","size":11},"typography_font_weight":"500","typography_line_height":{"unit":"em","size":2},"__globals__":{"text_color":"globals\/colors?id=615e289b"}},"elements":[],"isInner":false,"widgetType":"text-editor","elType":"widget"}],"isInner":false,"elType":"column"}],"isInner":false,"elType":"section"},{"id":"561158b6","settings":{"margin":{"unit":"%","top":"","right":0,"bottom":"","left":0,"isLinked":true},"padding_tablet":{"unit":"px","top":"0","right":"30","bottom":"0","left":"30","isLinked":false},"background_background":"classic","background_color":"#f1f7f6","padding":{"unit":"%","top":"4","right":"0","bottom":"4","left":"0","isLinked":false}},"elements":[{"id":"5ecb4c32","settings":{"_column_size":100},"elements":[{"id":"5d3238ce","settings":{"icon":"fa fa-sun-o","primary_color":"#f4b9b0","size":{"unit":"px","size":18},"_animation":"rotateIn","selected_icon":{"value":"fas fa-moon","library":"fa-solid"},"__fa4_migrated":{"selected_icon":true}},"elements":[],"isInner":false,"widgetType":"icon","elType":"widget"},{"id":"3e72cf3c","settings":{"title":"Our Partners","align":"center","typography_typography":"custom","typography_font_family":"Montserrat","typography_font_size":{"unit":"px","size":35},"typography_font_weight":"600","typography_font_size_mobile":{"unit":"px","size":30},"typography_line_height_mobile":{"unit":"px","size":35},"typography_text_transform":"capitalize","_animation":"fadeIn"},"elements":[],"isInner":false,"widgetType":"heading","elType":"widget"},{"id":"509eeea5","settings":{"carousel":[{"id":"3945","url":"https:\/\/cliente.shazamlnv.com\/setasolar\/wp-content\/uploads\/2022\/04\/darkside.png"},{"id":"3946","url":"https:\/\/cliente.shazamlnv.com\/setasolar\/wp-content\/uploads\/2022\/04\/zusman.png"},{"id":"3947","url":"https:\/\/cliente.shazamlnv.com\/setasolar\/wp-content\/uploads\/2022\/04\/ARMOND.png"},{"id":"3948","url":"https:\/\/cliente.shazamlnv.com\/setasolar\/wp-content\/uploads\/2022\/04\/larozse.png"},{"id":"3949","url":"https:\/\/cliente.shazamlnv.com\/setasolar\/wp-content\/uploads\/2022\/04\/ECOCODE.png"},{"id":"3950","url":"https:\/\/cliente.shazamlnv.com\/setasolar\/wp-content\/uploads\/2022\/04\/BOLEIR.png"},{"id":"3951","url":"https:\/\/cliente.shazamlnv.com\/setasolar\/wp-content\/uploads\/2022\/04\/GEO.png"},{"id":"3952","url":"https:\/\/cliente.shazamlnv.com\/setasolar\/wp-content\/uploads\/2022\/04\/x.venox_.png"},{"id":"3953","url":"https:\/\/cliente.shazamlnv.com\/setasolar\/wp-content\/uploads\/2022\/04\/FIFTHFLOUR.png"}],"thumbnail_size":"custom","thumbnail_custom_dimension":{"width":"140","height":"100"},"slides_to_show":"5","navigation":"arrows","arrows_color":"#d0846e","image_spacing_custom":{"unit":"px","size":0},"slides_to_show_mobile":"1","arrows_position":"outside","_animation":"fadeIn","slides_to_show_tablet":"3","_margin":{"unit":"em","top":"2","right":"0","bottom":"0","left":"0","isLinked":false}},"elements":[],"isInner":false,"widgetType":"image-carousel","elType":"widget"}],"isInner":false,"elType":"column"}],"isInner":false,"elType":"section"}],"page_settings":[],"version":"0.4","title":"EST\u00daDIO DE YOGA","type":"section"}