{
    "version": "0.4",
    "title": "Discount Popup",
    "type": "popup",
    "metadata": {
        "template_type": "section-popup",
        "include_in_zip": "1",
        "elementor_pro_required": "1",
        "elementor_library_type": "popup",
        "elementor_pro_conditions": [
            "include\/singular\/front_page"
        ],
        "additional_template_information": [
            "This is a \"Popup\" template for Elementor Pro.",
            "This template will display on: Front Page."
        ],
        "wp_page_template": "default"
    },
    "content": [
        {
            "id": "3e6176d8",
            "settings": {
                "padding": {
                    "unit": "px",
                    "top": "20",
                    "right": "20",
                    "bottom": "20",
                    "left": "20",
                    "isLinked": true
                }
            },
            "elements": [
                {
                    "id": "312236d8",
                    "settings": {
                        "_column_size": 100,
                        "_inline_size": null
                    },
                    "elements": [
                        {
                            "id": "d539456",
                            "settings": {
                                "title": "10% Discount",
                                "typography_typography": "custom",
                                "typography_font_family": "Abril Fatface",
                                "typography_font_size": {
                                    "unit": "px",
                                    "size": 45,
                                    "sizes": []
                                },
                                "typography_font_weight": "400",
                                "typography_line_height": {
                                    "unit": "em",
                                    "size": 1.1999999999999999555910790149937383830547332763671875,
                                    "sizes": []
                                },
                                "_margin": {
                                    "unit": "px",
                                    "top": "0",
                                    "right": "0",
                                    "bottom": "0",
                                    "left": "0",
                                    "isLinked": false
                                },
                                "_padding": {
                                    "unit": "px",
                                    "top": "0",
                                    "right": "0",
                                    "bottom": "0",
                                    "left": "0",
                                    "isLinked": false
                                },
                                "align_tablet": "center",
                                "__globals__": {
                                    "title_color": "globals\/colors?id=secondary",
                                    "typography_typography": ""
                                },
                                "header_size": "h3",
                                "title_color": "#3C294E",
                                "align": "center"
                            },
                            "elements": [],
                            "isInner": false,
                            "widgetType": "heading",
                            "elType": "widget"
                        },
                        {
                            "id": "297f3e11",
                            "settings": {
                                "text_color": "#8B8C90",
                                "typography_typography": "custom",
                                "typography_font_family": "Raleway",
                                "typography_font_size": {
                                    "unit": "px",
                                    "size": 16,
                                    "sizes": []
                                },
                                "typography_font_weight": "400",
                                "_margin": {
                                    "unit": "px",
                                    "top": "0",
                                    "right": "0",
                                    "bottom": "0",
                                    "left": "0",
                                    "isLinked": true
                                },
                                "align_tablet": "center",
                                "__globals__": {
                                    "typography_typography": "",
                                    "text_color": "globals\/colors?id=secondary"
                                },
                                "editor": "<p>For your first order on the next box. Hurry up, offer is limited<\/p>",
                                "align": "center",
                                "_padding": {
                                    "unit": "px",
                                    "top": "0",
                                    "right": "50",
                                    "bottom": "0",
                                    "left": "50",
                                    "isLinked": false
                                }
                            },
                            "elements": [],
                            "isInner": false,
                            "widgetType": "text-editor",
                            "elType": "widget"
                        },
                        {
                            "id": "610176c",
                            "settings": {
                                "show_days": "",
                                "label_days": "Days",
                                "label_hours": "Hours",
                                "label_minutes": "Minutes",
                                "label_seconds": "Seconds",
                                "box_background_color": "#02010100",
                                "box_spacing": {
                                    "unit": "px",
                                    "size": 59,
                                    "sizes": []
                                },
                                "digits_color": "#FFFFFF",
                                "digits_typography_typography": "custom",
                                "digits_typography_font_family": "Roboto",
                                "digits_typography_font_size": {
                                    "unit": "px",
                                    "size": 120,
                                    "sizes": []
                                },
                                "digits_typography_font_weight": "900",
                                "digits_typography_letter_spacing": {
                                    "unit": "px",
                                    "size": -28,
                                    "sizes": []
                                },
                                "_margin": {
                                    "unit": "px",
                                    "top": "-40",
                                    "right": "0",
                                    "bottom": "0",
                                    "left": "0",
                                    "isLinked": false
                                },
                                "digits_typography_font_size_mobile": {
                                    "unit": "px",
                                    "size": 80,
                                    "sizes": []
                                },
                                "digits_typography_letter_spacing_mobile": {
                                    "unit": "px",
                                    "size": -9,
                                    "sizes": []
                                },
                                "_margin_mobile": {
                                    "unit": "px",
                                    "top": "0",
                                    "right": "0",
                                    "bottom": "-80",
                                    "left": "0",
                                    "isLinked": false
                                },
                                "due_date": "2020-11-10 06:51",
                                "label_typography_typography": "custom",
                                "label_typography_font_family": "Raleway",
                                "label_typography_font_size": {
                                    "unit": "px",
                                    "size": 16,
                                    "sizes": []
                                },
                                "label_typography_font_weight": "400",
                                "label_typography_text_transform": "uppercase",
                                "__globals__": {
                                    "label_typography_typography": ""
                                },
                                "_padding": {
                                    "unit": "px",
                                    "top": "0",
                                    "right": "0",
                                    "bottom": "0",
                                    "left": "0",
                                    "isLinked": false
                                }
                            },
                            "elements": [],
                            "isInner": false,
                            "widgetType": "countdown",
                            "elType": "widget"
                        },
                        {
                            "id": "33a01989",
                            "settings": {
                                "text": "Click here",
                                "align": "center",
                                "typography_typography": "custom",
                                "typography_font_family": "Raleway",
                                "typography_font_size": {
                                    "unit": "px",
                                    "size": 13,
                                    "sizes": []
                                },
                                "typography_font_weight": "500",
                                "typography_text_transform": "uppercase",
                                "typography_letter_spacing": {
                                    "unit": "px",
                                    "size": 2,
                                    "sizes": []
                                },
                                "button_text_color": "#FFFFFF",
                                "background_color": "#3C294E",
                                "border_border": "solid",
                                "border_width": {
                                    "unit": "px",
                                    "top": "2",
                                    "right": "2",
                                    "bottom": "2",
                                    "left": "2",
                                    "isLinked": true
                                },
                                "border_radius": {
                                    "unit": "px",
                                    "top": "3",
                                    "right": "3",
                                    "bottom": "3",
                                    "left": "3",
                                    "isLinked": true
                                },
                                "text_padding": {
                                    "unit": "px",
                                    "top": "20",
                                    "right": "30",
                                    "bottom": "20",
                                    "left": "30",
                                    "isLinked": false
                                },
                                "__globals__": {
                                    "background_color": "globals\/colors?id=secondary",
                                    "button_text_color": "globals\/colors?id=accent",
                                    "typography_typography": "",
                                    "border_color": "globals\/colors?id=secondary",
                                    "button_background_hover_color": "globals\/colors?id=8860f0b",
                                    "button_hover_border_color": "globals\/colors?id=8860f0b"
                                }
                            },
                            "elements": [],
                            "isInner": false,
                            "widgetType": "button",
                            "elType": "widget"
                        }
                    ],
                    "isInner": false,
                    "elType": "column"
                }
            ],
            "isInner": false,
            "elType": "section"
        }
    ],
    "page_settings": {
        "width": {
            "unit": "px",
            "size": 450,
            "sizes": []
        },
        "width_mobile": {
            "unit": "px",
            "size": 340,
            "sizes": []
        },
        "height_type": "custom",
        "height": {
            "unit": "px",
            "size": 517,
            "sizes": []
        },
        "content_position": "center",
        "horizontal_position": "right",
        "vertical_position": "bottom",
        "overlay": "",
        "entrance_animation": "slideInRight",
        "background_background": "classic",
        "background_color_b": "#000000",
        "background_image": {
            "url": "http:\/\/kits.mediumred.com\/subscriptionbox\/wp-content\/uploads\/2020\/10\/Rectangle-16.png",
            "id": 203
        },
        "background_position": "center left",
        "background_repeat": "no-repeat",
        "background_size": "cover",
        "overlay_background_color": "rgba(0,0,0,0.7)",
        "close_button_color": "#ffffff",
        "__globals__": {
            "background_color": "globals\/colors?id=primary",
            "border_color": "globals\/colors?id=accent"
        },
        "border_border": "solid",
        "border_width": {
            "unit": "px",
            "top": "10",
            "right": "10",
            "bottom": "10",
            "left": "10",
            "isLinked": true
        }
    }
}