{
    "version": "0.4",
    "title": "Global Kit Styles",
    "type": "section",
    "metadata": {
        "template_type": "global-styles",
        "include_in_zip": "1",
        "elementor_pro_required": "1",
        "additional_template_information": [
            "These are the global theme styles configured through the Elementor Theme Styles area."
        ],
        "wp_page_template": "default"
    },
    "content": [],
    "page_settings": {
        "viewport_md": "",
        "viewport_lg": "",
        "custom_colors": [
            {
                "_id": "bfc9cd6",
                "title": "New Global Color",
                "color": "#8B8C90"
            },
            {
                "_id": "8860f0b",
                "title": "New Global Color",
                "color": "#E08597"
            },
            {
                "_id": "e8e605a",
                "title": "New Global Color",
                "color": "#F9F8F7"
            },
            {
                "_id": "eccc78a",
                "title": "New Global Color",
                "color": "#E8E4E0"
            }
        ],
        "system_typography": [
            {
                "_id": "primary",
                "title": "Primary Headline",
                "typography_typography": "custom",
                "typography_font_family": "Abril Fatface",
                "typography_font_weight": "600",
                "typography_font_size": {
                    "unit": "px",
                    "size": 40,
                    "sizes": []
                }
            },
            {
                "_id": "secondary",
                "title": "Secondary Headline",
                "typography_typography": "custom",
                "typography_font_family": "Raleway",
                "typography_font_weight": "400",
                "typography_font_size": {
                    "unit": "px",
                    "size": 16,
                    "sizes": []
                }
            },
            {
                "_id": "text",
                "title": "Body Text",
                "typography_typography": "custom",
                "typography_font_family": "Raleway",
                "typography_font_weight": "400",
                "typography_font_size": {
                    "unit": "px",
                    "size": 16,
                    "sizes": []
                }
            },
            {
                "_id": "accent",
                "title": "Accent Text",
                "typography_typography": "custom",
                "typography_font_family": "Roboto Slab",
                "typography_font_weight": "500"
            }
        ],
        "default_generic_fonts": "Sans-serif",
        "site_name": "SubscriptionBox",
        "site_description": "My WordPress Blog",
        "page_title_selector": "h1.entry-title",
        "activeItemIndex": 1,
        "body_typography_typography": "custom",
        "body_typography_font_family": "Raleway",
        "h1_typography_typography": "custom",
        "h1_typography_font_family": "Abril Fatface",
        "h2_typography_typography": "custom",
        "h2_typography_font_family": "Abril Fatface",
        "h3_typography_typography": "custom",
        "h3_typography_font_family": "Abril Fatface",
        "h4_typography_typography": "custom",
        "h4_typography_font_family": "Abril Fatface",
        "h5_typography_typography": "custom",
        "h5_typography_font_family": "Abril Fatface",
        "h6_typography_typography": "custom",
        "h6_typography_font_family": "Abril Fatface",
        "system_colors": [
            {
                "_id": "primary",
                "title": "Primary",
                "color": "#FFD6EE"
            },
            {
                "_id": "secondary",
                "title": "Secondary",
                "color": "#3C294E"
            },
            {
                "_id": "text",
                "title": "Text",
                "color": "#313131"
            },
            {
                "_id": "accent",
                "title": "Accent",
                "color": "#FFFFFF"
            }
        ],
        "custom_typography": [],
        "body_background_background": "classic",
        "link_normal_color": "#E08597",
        "__globals__": {
            "link_normal_color": "",
            "link_hover_color": "globals\/colors?id=secondary",
            "button_text_color": "globals\/colors?id=accent",
            "button_background_color": "globals\/colors?id=secondary",
            "button_typography_typography": "",
            "button_border_color": "globals\/colors?id=secondary",
            "form_label_color": "globals\/colors?id=secondary",
            "form_label_typography_typography": "",
            "form_field_typography_typography": "globals\/typography?id=text",
            "h3_color": "globals\/colors?id=secondary",
            "h4_color": "globals\/colors?id=secondary",
            "h5_color": "globals\/colors?id=secondary",
            "h6_color": "globals\/colors?id=secondary",
            "h1_color": "globals\/colors?id=secondary",
            "h2_color": "globals\/colors?id=secondary",
            "button_hover_background_color": "globals\/colors?id=8860f0b",
            "button_hover_text_color": "globals\/colors?id=accent",
            "button_hover_border_color": "globals\/colors?id=8860f0b"
        },
        "link_hover_color": "#3C294E",
        "button_typography_typography": "custom",
        "button_typography_font_family": "Raleway",
        "button_typography_font_size": {
            "unit": "px",
            "size": 13,
            "sizes": []
        },
        "button_typography_font_weight": "600",
        "button_typography_text_transform": "uppercase",
        "button_typography_letter_spacing": {
            "unit": "px",
            "size": 2,
            "sizes": []
        },
        "button_text_color": "#FFFFFF",
        "button_background_color": "#3C294E",
        "button_border_border": "solid",
        "button_border_width": {
            "unit": "px",
            "top": "2",
            "right": "2",
            "bottom": "2",
            "left": "2",
            "isLinked": true
        },
        "button_border_color": "#3C294E",
        "button_border_radius": {
            "unit": "px",
            "top": "3",
            "right": "3",
            "bottom": "3",
            "left": "3",
            "isLinked": true
        },
        "button_padding": {
            "unit": "px",
            "top": "20",
            "right": "15",
            "bottom": "20",
            "left": "15",
            "isLinked": false
        },
        "form_label_color": "#3C294E",
        "form_label_typography_typography": "custom",
        "form_label_typography_font_family": "Raleway",
        "form_label_typography_font_size": {
            "unit": "px",
            "size": 13,
            "sizes": []
        },
        "form_label_typography_font_weight": "500",
        "form_label_typography_text_transform": "uppercase",
        "form_label_typography_letter_spacing": {
            "unit": "px",
            "size": 2,
            "sizes": []
        },
        "form_field_text_color": "#D1D1D1",
        "form_field_background_color": "#FFFFFF",
        "form_field_border_border": "solid",
        "form_field_border_width": {
            "unit": "px",
            "top": "1",
            "right": "1",
            "bottom": "1",
            "left": "1",
            "isLinked": true
        },
        "form_field_border_color": "#E7E7E7",
        "form_field_border_radius": {
            "unit": "px",
            "top": "3",
            "right": "3",
            "bottom": "3",
            "left": "3",
            "isLinked": true
        },
        "button_hover_border_border": "solid",
        "button_hover_border_width": {
            "unit": "px",
            "top": "2",
            "right": "2",
            "bottom": "2",
            "left": "2",
            "isLinked": true
        }
    }
}