{
    "version": "0.4",
    "title": "Menu Popup",
    "type": "popup",
    "metadata": {
        "template_type": "section-popup",
        "include_in_zip": "1",
        "elementor_pro_required": "1",
        "elementor_library_type": "popup",
        "additional_template_information": [
            "This is a \"Popup\" template for Elementor Pro."
        ],
        "wp_page_template": "default"
    },
    "content": [
        {
            "id": "690d544f",
            "settings": {
                "padding": {
                    "unit": "px",
                    "top": "100",
                    "right": "50",
                    "bottom": "0",
                    "left": "50",
                    "isLinked": false
                },
                "padding_mobile": {
                    "unit": "px",
                    "top": "30",
                    "right": "30",
                    "bottom": "0",
                    "left": "30",
                    "isLinked": false
                },
                "margin_tablet": {
                    "unit": "px",
                    "top": "0",
                    "right": 0,
                    "bottom": "0",
                    "left": 0,
                    "isLinked": false
                },
                "margin_mobile": {
                    "unit": "px",
                    "top": "0",
                    "right": 0,
                    "bottom": "0",
                    "left": 0,
                    "isLinked": false
                },
                "_timestamp_": "v1ckFOT09CQ2VMZ09uNzlqVTNaKzlFZz09",
                "background_background": "classic",
                "background_color": "#E08597",
                "__globals__": {
                    "background_color": ""
                }
            },
            "elements": [
                {
                    "id": "296c494c",
                    "settings": {
                        "_column_size": 100,
                        "space_between_widgets": 0
                    },
                    "elements": [
                        {
                            "id": "5f349d2b",
                            "settings": {
                                "__dynamic__": {
                                    "image": "[elementor-tag id=\"\" name=\"site-logo\" settings=\"%7B%7D\"]",
                                    "link": "[elementor-tag id=\"\" name=\"site-url\" settings=\"%7B%7D\"]"
                                },
                                "width": {
                                    "unit": "%",
                                    "size": 83,
                                    "sizes": []
                                },
                                "_margin": {
                                    "unit": "px",
                                    "top": "0",
                                    "right": "0",
                                    "bottom": "50",
                                    "left": "0",
                                    "isLinked": false
                                }
                            },
                            "elements": [],
                            "isInner": false,
                            "widgetType": "theme-site-logo",
                            "elType": "widget"
                        },
                        {
                            "id": "2987b176",
                            "settings": {
                                "layout": "vertical",
                                "align_items": "center",
                                "pointer": "text",
                                "padding_horizontal_menu_item": {
                                    "unit": "px",
                                    "size": 0,
                                    "sizes": []
                                },
                                "padding_vertical_menu_item": {
                                    "unit": "px",
                                    "size": 17,
                                    "sizes": []
                                },
                                "__globals__": {
                                    "menu_typography_typography": "globals\/typography?id=secondary",
                                    "color_menu_item": "globals\/colors?id=accent",
                                    "pointer_color_menu_item_hover": "globals\/colors?id=primary",
                                    "color_menu_item_hover": "globals\/colors?id=primary"
                                },
                                "animation_text": "none",
                                "dropdown": "none",
                                "hide_desktop": "hidden-desktop"
                            },
                            "elements": [],
                            "isInner": false,
                            "widgetType": "nav-menu",
                            "elType": "widget"
                        },
                        {
                            "id": "40969818",
                            "settings": {
                                "icon_list": [
                                    {
                                        "text": "Shop",
                                        "selected_icon": {
                                            "value": "",
                                            "library": ""
                                        },
                                        "_id": "43af9b6",
                                        "link": {
                                            "url": "#",
                                            "is_external": "",
                                            "nofollow": "",
                                            "custom_attributes": ""
                                        }
                                    },
                                    {
                                        "text": "My Account",
                                        "selected_icon": {
                                            "value": "",
                                            "library": ""
                                        },
                                        "_id": "adef530",
                                        "link": {
                                            "url": "#",
                                            "is_external": "",
                                            "nofollow": "",
                                            "custom_attributes": ""
                                        }
                                    },
                                    {
                                        "text": "My Cart",
                                        "selected_icon": {
                                            "value": "",
                                            "library": ""
                                        },
                                        "_id": "ae741b4"
                                    }
                                ],
                                "space_between": {
                                    "unit": "px",
                                    "size": 24,
                                    "sizes": []
                                },
                                "icon_align": "center",
                                "text_indent": {
                                    "unit": "px",
                                    "size": 0,
                                    "sizes": []
                                },
                                "_padding": {
                                    "unit": "px",
                                    "top": "010",
                                    "right": "0",
                                    "bottom": "0",
                                    "left": "0",
                                    "isLinked": false
                                },
                                "__globals__": {
                                    "text_color": "globals\/colors?id=accent",
                                    "icon_typography_typography": "globals\/typography?id=secondary"
                                }
                            },
                            "elements": [],
                            "isInner": false,
                            "widgetType": "icon-list",
                            "elType": "widget"
                        }
                    ],
                    "isInner": false,
                    "elType": "column"
                }
            ],
            "isInner": false,
            "elType": "section"
        }
    ],
    "page_settings": {
        "width": {
            "unit": "px",
            "size": 300,
            "sizes": []
        },
        "height_type": "fit_to_screen",
        "horizontal_position": "right",
        "background_position": "bottom center",
        "background_repeat": "no-repeat",
        "background_size": "cover",
        "overlay_background_color": "#0000001C",
        "width_tablet": {
            "unit": "vw",
            "size": 100,
            "sizes": []
        },
        "background_background": "classic",
        "__globals__": {
            "background_color": "",
            "overlay_background_color": ""
        },
        "entrance_animation": "fadeInRight",
        "exit_animation": "fadeInRight",
        "entrance_animation_duration": {
            "unit": "px",
            "size": 0.200000000000000011102230246251565404236316680908203125,
            "sizes": []
        },
        "background_color": "#E08597"
    }
}