{
    "version": "0.4",
    "title": "Page &#8211; Previous Boxes",
    "type": "page",
    "metadata": {
        "template_type": "single-page",
        "include_in_zip": "1",
        "elementor_pro_required": "1",
        "wp_page_template": "elementor_header_footer"
    },
    "content": [
        {
            "id": "5e9b4712",
            "settings": {
                "layout": "full_width",
                "content_position": "top",
                "background_background": "classic",
                "background_image": {
                    "url": "http:\/\/kits.mediumred.com\/subscriptionbox\/wp-content\/uploads\/2020\/10\/header-lines.png",
                    "id": 183
                },
                "background_position": "center center",
                "border_border": "solid",
                "border_width": {
                    "unit": "px",
                    "top": "30",
                    "right": "30",
                    "bottom": "0",
                    "left": "30",
                    "isLinked": false
                },
                "margin": {
                    "unit": "px",
                    "top": "10",
                    "right": 0,
                    "bottom": "0",
                    "left": 0,
                    "isLinked": false
                },
                "__globals__": {
                    "background_color": "",
                    "border_color": "globals\/colors?id=accent"
                },
                "background_overlay_background": "classic",
                "padding": {
                    "unit": "%",
                    "top": "10",
                    "right": "5",
                    "bottom": "0",
                    "left": "5",
                    "isLinked": false
                },
                "background_overlay_image": {
                    "url": "http:\/\/kits.mediumred.com\/subscriptionbox\/wp-content\/uploads\/2020\/10\/Rectangle-16-1.png",
                    "id": 914
                },
                "background_overlay_position": "bottom left",
                "background_overlay_repeat": "no-repeat",
                "background_overlay_opacity": {
                    "unit": "px",
                    "size": 1,
                    "sizes": []
                },
                "overflow": "hidden",
                "background_color": "#FFD6EE",
                "border_color": "#FFFFFF",
                "border_width_mobile": {
                    "unit": "px",
                    "top": "10",
                    "right": "10",
                    "bottom": "10",
                    "left": "10",
                    "isLinked": true
                },
                "margin_tablet": {
                    "unit": "px",
                    "top": "030",
                    "right": 0,
                    "bottom": "0",
                    "left": 0,
                    "isLinked": false
                },
                "margin_mobile": {
                    "unit": "px",
                    "top": "35",
                    "right": 0,
                    "bottom": "0",
                    "left": 0,
                    "isLinked": false
                },
                "padding_tablet": {
                    "unit": "px",
                    "top": "150",
                    "right": "0",
                    "bottom": "0",
                    "left": "0",
                    "isLinked": false
                },
                "padding_mobile": {
                    "unit": "px",
                    "top": "250",
                    "right": "0",
                    "bottom": "0",
                    "left": "0",
                    "isLinked": false
                }
            },
            "elements": [
                {
                    "id": "389f6ae3",
                    "settings": {
                        "_column_size": 100,
                        "_inline_size": null
                    },
                    "elements": [
                        {
                            "id": "2cf60d7c",
                            "settings": {
                                "content_width": {
                                    "unit": "px",
                                    "size": 1300,
                                    "sizes": []
                                },
                                "structure": "20",
                                "padding": {
                                    "unit": "px",
                                    "top": "50",
                                    "right": "0",
                                    "bottom": "0",
                                    "left": "0",
                                    "isLinked": false
                                },
                                "background_position": "initial",
                                "background_xpos": {
                                    "unit": "px",
                                    "size": 640,
                                    "sizes": []
                                },
                                "background_ypos": {
                                    "unit": "px",
                                    "size": -66,
                                    "sizes": []
                                },
                                "background_repeat": "no-repeat",
                                "background_size": "initial",
                                "background_motion_fx_translateY_effect": "yes",
                                "background_motion_fx_translateY_direction": "negative",
                                "background_motion_fx_translateY_speed": {
                                    "unit": "px",
                                    "size": 1.899999999999999911182158029987476766109466552734375,
                                    "sizes": []
                                },
                                "background_motion_fx_translateY_affectedRange": {
                                    "unit": "%",
                                    "size": "",
                                    "sizes": {
                                        "start": 0,
                                        "end": 85
                                    }
                                },
                                "background_motion_fx_opacity_effect": "yes",
                                "background_motion_fx_opacity_level": {
                                    "unit": "px",
                                    "size": 4.5,
                                    "sizes": []
                                },
                                "background_motion_fx_opacity_range": {
                                    "unit": "%",
                                    "size": "",
                                    "sizes": {
                                        "start": 0,
                                        "end": 100
                                    }
                                },
                                "background_motion_fx_devices": [
                                    "desktop"
                                ],
                                "background_overlay_position": "initial",
                                "background_overlay_xpos": {
                                    "unit": "px",
                                    "size": 723,
                                    "sizes": []
                                },
                                "background_overlay_repeat": "no-repeat",
                                "background_overlay_size": "initial",
                                "background_overlay_opacity": {
                                    "unit": "px",
                                    "size": 1,
                                    "sizes": []
                                },
                                "background_bg_width": {
                                    "unit": "%",
                                    "size": 61,
                                    "sizes": []
                                },
                                "background_motion_fx_motion_fx_mouse": "yes",
                                "background_motion_fx_mouseTrack_speed": {
                                    "unit": "px",
                                    "size": 0.200000000000000011102230246251565404236316680908203125,
                                    "sizes": []
                                },
                                "background_overlay_bg_width": {
                                    "unit": "%",
                                    "size": 67,
                                    "sizes": []
                                },
                                "padding_tablet": {
                                    "unit": "px",
                                    "top": "0",
                                    "right": "0",
                                    "bottom": "0",
                                    "left": "0",
                                    "isLinked": false
                                }
                            },
                            "elements": [
                                {
                                    "id": "7a22e284",
                                    "settings": {
                                        "_column_size": 50,
                                        "_inline_size": null,
                                        "_inline_size_tablet": 100
                                    },
                                    "elements": [
                                        {
                                            "id": "141bf27f",
                                            "settings": {
                                                "title": "Previous",
                                                "typography_typography": "custom",
                                                "typography_font_size": {
                                                    "unit": "px",
                                                    "size": 120,
                                                    "sizes": []
                                                },
                                                "__globals__": {
                                                    "title_color": "globals\/colors?id=secondary"
                                                },
                                                "_margin": {
                                                    "unit": "px",
                                                    "top": "0",
                                                    "right": "0",
                                                    "bottom": "0",
                                                    "left": "0",
                                                    "isLinked": false
                                                },
                                                "_padding": {
                                                    "unit": "px",
                                                    "top": "0",
                                                    "right": "0",
                                                    "bottom": "0",
                                                    "left": "0",
                                                    "isLinked": false
                                                },
                                                "align_tablet": "center",
                                                "typography_font_size_mobile": {
                                                    "unit": "px",
                                                    "size": 60,
                                                    "sizes": []
                                                },
                                                "__dynamic__": []
                                            },
                                            "elements": [],
                                            "isInner": false,
                                            "widgetType": "heading",
                                            "elType": "widget"
                                        }
                                    ],
                                    "isInner": true,
                                    "elType": "column"
                                },
                                {
                                    "id": "2e99d7e9",
                                    "settings": {
                                        "_column_size": 50,
                                        "_inline_size": null,
                                        "_inline_size_tablet": 100
                                    },
                                    "elements": [
                                        {
                                            "id": "7b06b1d9",
                                            "settings": {
                                                "title": "Time Until Next Shipment:",
                                                "typography_typography": "custom",
                                                "typography_font_family": "Raleway",
                                                "typography_font_size": {
                                                    "unit": "px",
                                                    "size": 13,
                                                    "sizes": []
                                                },
                                                "typography_text_transform": "uppercase",
                                                "typography_letter_spacing": {
                                                    "unit": "px",
                                                    "size": 1.5,
                                                    "sizes": []
                                                },
                                                "_margin": {
                                                    "unit": "px",
                                                    "top": "50",
                                                    "right": "0",
                                                    "bottom": "-50",
                                                    "left": "0",
                                                    "isLinked": false
                                                },
                                                "_padding": {
                                                    "unit": "px",
                                                    "top": "0",
                                                    "right": "0",
                                                    "bottom": "0",
                                                    "left": "0",
                                                    "isLinked": false
                                                },
                                                "__globals__": {
                                                    "title_color": "globals\/colors?id=secondary"
                                                },
                                                "align_tablet": "center",
                                                "_margin_mobile": {
                                                    "unit": "px",
                                                    "top": "0",
                                                    "right": "0",
                                                    "bottom": "0",
                                                    "left": "0",
                                                    "isLinked": false
                                                }
                                            },
                                            "elements": [],
                                            "isInner": false,
                                            "widgetType": "heading",
                                            "elType": "widget"
                                        },
                                        {
                                            "id": "bf097da",
                                            "settings": {
                                                "show_days": "",
                                                "label_days": "Days",
                                                "label_hours": "Hours",
                                                "label_minutes": "Minutes",
                                                "label_seconds": "Seconds",
                                                "box_background_color": "#02010100",
                                                "box_spacing": {
                                                    "unit": "px",
                                                    "size": 59,
                                                    "sizes": []
                                                },
                                                "digits_color": "#FFFFFF",
                                                "digits_typography_typography": "custom",
                                                "digits_typography_font_family": "Roboto",
                                                "digits_typography_font_size": {
                                                    "unit": "px",
                                                    "size": 180,
                                                    "sizes": []
                                                },
                                                "digits_typography_font_weight": "900",
                                                "digits_typography_letter_spacing": {
                                                    "unit": "px",
                                                    "size": -28,
                                                    "sizes": []
                                                },
                                                "_margin": {
                                                    "unit": "px",
                                                    "top": "0",
                                                    "right": "0",
                                                    "bottom": "-120",
                                                    "left": "0",
                                                    "isLinked": false
                                                },
                                                "digits_typography_font_size_mobile": {
                                                    "unit": "px",
                                                    "size": 80,
                                                    "sizes": []
                                                },
                                                "digits_typography_letter_spacing_mobile": {
                                                    "unit": "px",
                                                    "size": -9,
                                                    "sizes": []
                                                },
                                                "_margin_mobile": {
                                                    "unit": "px",
                                                    "top": "0",
                                                    "right": "0",
                                                    "bottom": "-80",
                                                    "left": "0",
                                                    "isLinked": false
                                                },
                                                "due_date": "2020-11-10 06:51",
                                                "label_typography_typography": "custom",
                                                "label_typography_font_family": "Raleway",
                                                "label_typography_font_size": {
                                                    "unit": "px",
                                                    "size": 16,
                                                    "sizes": []
                                                },
                                                "label_typography_font_weight": "400",
                                                "label_typography_text_transform": "uppercase",
                                                "__globals__": {
                                                    "label_typography_typography": ""
                                                }
                                            },
                                            "elements": [],
                                            "isInner": false,
                                            "widgetType": "countdown",
                                            "elType": "widget"
                                        }
                                    ],
                                    "isInner": true,
                                    "elType": "column"
                                }
                            ],
                            "isInner": true,
                            "elType": "section"
                        }
                    ],
                    "isInner": false,
                    "elType": "column"
                }
            ],
            "isInner": false,
            "elType": "section"
        },
        {
            "id": "4e47db35",
            "settings": {
                "content_width": {
                    "unit": "px",
                    "size": 1300,
                    "sizes": []
                },
                "margin_tablet": {
                    "unit": "px",
                    "top": "0",
                    "right": 0,
                    "bottom": "0",
                    "left": 0,
                    "isLinked": false
                },
                "padding": {
                    "unit": "px",
                    "top": "100",
                    "right": "0",
                    "bottom": "0",
                    "left": "0",
                    "isLinked": false
                },
                "padding_tablet": {
                    "unit": "px",
                    "top": "0",
                    "right": "30",
                    "bottom": "0",
                    "left": "30",
                    "isLinked": false
                },
                "padding_mobile": {
                    "unit": "px",
                    "top": "0",
                    "right": "010",
                    "bottom": "0",
                    "left": "10",
                    "isLinked": false
                }
            },
            "elements": [
                {
                    "id": "767d9df8",
                    "settings": {
                        "_column_size": 100,
                        "_inline_size": null,
                        "margin_mobile": {
                            "unit": "px",
                            "top": "0",
                            "right": "0",
                            "bottom": "0",
                            "left": "0",
                            "isLinked": false
                        },
                        "padding_mobile": {
                            "unit": "px",
                            "top": "0",
                            "right": "0",
                            "bottom": "0",
                            "left": "0",
                            "isLinked": false
                        },
                        "margin_tablet": {
                            "unit": "px",
                            "top": "0",
                            "right": "100",
                            "bottom": "0",
                            "left": "100",
                            "isLinked": false
                        }
                    },
                    "elements": [
                        {
                            "id": "636ea026",
                            "settings": {
                                "editor": "<p>Missed the chance?<\/p>",
                                "typography_typography": "custom",
                                "typography_font_family": "Raleway",
                                "typography_font_weight": "500",
                                "typography_text_transform": "uppercase",
                                "typography_letter_spacing": {
                                    "unit": "px",
                                    "size": 1.5,
                                    "sizes": []
                                },
                                "_margin": {
                                    "unit": "px",
                                    "top": "0",
                                    "right": "0",
                                    "bottom": "0",
                                    "left": "0",
                                    "isLinked": false
                                },
                                "_padding": {
                                    "unit": "px",
                                    "top": "0",
                                    "right": "0",
                                    "bottom": "0",
                                    "left": "0",
                                    "isLinked": false
                                },
                                "align_mobile": "center",
                                "align_tablet": "center",
                                "_padding_tablet": {
                                    "unit": "px",
                                    "top": "50",
                                    "right": "0",
                                    "bottom": "0",
                                    "left": "0",
                                    "isLinked": false
                                },
                                "_padding_mobile": {
                                    "unit": "px",
                                    "top": "50",
                                    "right": "0",
                                    "bottom": "0",
                                    "left": "0",
                                    "isLinked": false
                                },
                                "typography_font_size": {
                                    "unit": "px",
                                    "size": 13,
                                    "sizes": []
                                },
                                "__globals__": {
                                    "typography_typography": "",
                                    "text_color": "globals\/colors?id=secondary"
                                },
                                "align": "center"
                            },
                            "elements": [],
                            "isInner": false,
                            "widgetType": "text-editor",
                            "elType": "widget"
                        },
                        {
                            "id": "3beacb79",
                            "settings": {
                                "title": "Buy Boxes From Previous Months",
                                "typography_typography": "custom",
                                "typography_font_family": "Abril Fatface",
                                "typography_font_size": {
                                    "unit": "px",
                                    "size": 45,
                                    "sizes": []
                                },
                                "typography_font_weight": "400",
                                "typography_line_height": {
                                    "unit": "em",
                                    "size": 1.1999999999999999555910790149937383830547332763671875,
                                    "sizes": []
                                },
                                "_margin": {
                                    "unit": "px",
                                    "top": "0",
                                    "right": "0",
                                    "bottom": "0",
                                    "left": "0",
                                    "isLinked": false
                                },
                                "_padding": {
                                    "unit": "px",
                                    "top": "0",
                                    "right": "0",
                                    "bottom": "0",
                                    "left": "0",
                                    "isLinked": false
                                },
                                "align_tablet": "center",
                                "__globals__": {
                                    "title_color": "globals\/colors?id=secondary",
                                    "typography_typography": ""
                                },
                                "header_size": "h3",
                                "title_color": "#3C294E",
                                "align": "center"
                            },
                            "elements": [],
                            "isInner": false,
                            "widgetType": "heading",
                            "elType": "widget"
                        },
                        {
                            "id": "32cf4563",
                            "settings": {
                                "text_color": "#8B8C90",
                                "typography_typography": "custom",
                                "typography_font_family": "Raleway",
                                "typography_font_size": {
                                    "unit": "px",
                                    "size": 16,
                                    "sizes": []
                                },
                                "typography_font_weight": "400",
                                "_margin": {
                                    "unit": "px",
                                    "top": "20",
                                    "right": "0",
                                    "bottom": "0",
                                    "left": "0",
                                    "isLinked": false
                                },
                                "align_tablet": "center",
                                "__globals__": {
                                    "typography_typography": "",
                                    "text_color": "globals\/colors?id=secondary"
                                },
                                "align": "center"
                            },
                            "elements": [],
                            "isInner": false,
                            "widgetType": "text-editor",
                            "elType": "widget"
                        }
                    ],
                    "isInner": false,
                    "elType": "column"
                }
            ],
            "isInner": false,
            "elType": "section"
        },
        {
            "id": "3b10bc52",
            "settings": {
                "content_width": {
                    "unit": "px",
                    "size": 1300,
                    "sizes": []
                },
                "structure": "20",
                "margin_tablet": {
                    "unit": "px",
                    "top": "0",
                    "right": 0,
                    "bottom": "0",
                    "left": 0,
                    "isLinked": false
                },
                "padding": {
                    "unit": "px",
                    "top": "50",
                    "right": "0",
                    "bottom": "100",
                    "left": "0",
                    "isLinked": false
                },
                "padding_tablet": {
                    "unit": "px",
                    "top": "30",
                    "right": "0",
                    "bottom": "30",
                    "left": "0",
                    "isLinked": false
                }
            },
            "elements": [
                {
                    "id": "3c2adbb8",
                    "settings": {
                        "_column_size": 50,
                        "_inline_size": null,
                        "_inline_size_tablet": 100,
                        "margin": {
                            "unit": "px",
                            "top": "0",
                            "right": "20",
                            "bottom": "0",
                            "left": "0",
                            "isLinked": false
                        },
                        "margin_tablet": {
                            "unit": "px",
                            "top": "0",
                            "right": "10",
                            "bottom": "0",
                            "left": "10",
                            "isLinked": false
                        },
                        "margin_mobile": {
                            "unit": "px",
                            "top": "0",
                            "right": "0",
                            "bottom": "0",
                            "left": "0",
                            "isLinked": false
                        }
                    },
                    "elements": [
                        {
                            "id": "56730b0c",
                            "settings": {
                                "graphic_element": "image",
                                "image": {
                                    "url": "http:\/\/kits.mediumred.com\/subscriptionbox\/wp-content\/uploads\/2020\/10\/subscriptionbox-product3-1.png",
                                    "id": 909
                                },
                                "image_size": "full",
                                "title_text_a": "July 2020 Box",
                                "description_text_a": "Lorem ipsum dolor sit amet, consectetur adipiscing elit, sed do eiusmod tempor incididunt ut labore et dolore magna aliqua. ",
                                "background_a_background": "classic",
                                "background_a_color": "#F9F8F7",
                                "title_text_b": "Buy The July Box",
                                "description_text_b": "",
                                "button_text": "Buy Now",
                                "background_b_background": "classic",
                                "background_b_color": "#3C294E",
                                "background_b_image": {
                                    "url": "http:\/\/kits.mediumred.com\/subscriptionbox\/wp-content\/uploads\/2020\/10\/subscriptionbox-product3-1.png",
                                    "id": 909
                                },
                                "background_b_position": "center center",
                                "background_b_repeat": "no-repeat",
                                "background_b_size": "contain",
                                "background_overlay_b": "#3C294EAB",
                                "height": {
                                    "unit": "px",
                                    "size": 833,
                                    "sizes": []
                                },
                                "height_tablet": {
                                    "unit": "px",
                                    "size": 904,
                                    "sizes": []
                                },
                                "height_mobile": {
                                    "unit": "px",
                                    "size": 577,
                                    "sizes": []
                                },
                                "flip_direction": "left",
                                "flip_3d": "elementor-flip-box--3d",
                                "vertical_position_a": "top",
                                "image_spacing": {
                                    "unit": "px",
                                    "size": 0,
                                    "sizes": []
                                },
                                "image_width": {
                                    "unit": "%",
                                    "size": 100,
                                    "sizes": []
                                },
                                "title_spacing_a": {
                                    "unit": "px",
                                    "size": 24,
                                    "sizes": []
                                },
                                "title_color_a": "#3C294E",
                                "title_typography_a_typography": "custom",
                                "title_typography_a_font_family": "Abril Fatface",
                                "title_typography_a_font_size": {
                                    "unit": "px",
                                    "size": 45,
                                    "sizes": []
                                },
                                "title_typography_a_font_weight": "600",
                                "description_color_a": "#3C294E",
                                "description_typography_a_typography": "custom",
                                "description_typography_a_font_family": "Raleway",
                                "description_typography_a_font_size": {
                                    "unit": "px",
                                    "size": 16,
                                    "sizes": []
                                },
                                "description_typography_a_font_weight": "400",
                                "title_spacing_b": {
                                    "unit": "px",
                                    "size": 60,
                                    "sizes": []
                                },
                                "title_typography_b_typography": "custom",
                                "title_typography_b_font_family": "Abril Fatface",
                                "title_typography_b_font_size": {
                                    "unit": "px",
                                    "size": 45,
                                    "sizes": []
                                },
                                "title_typography_b_font_weight": "600",
                                "button_size": "md",
                                "button_typography_typography": "custom",
                                "button_typography_font_family": "Raleway",
                                "button_typography_font_size": {
                                    "unit": "px",
                                    "size": 13,
                                    "sizes": []
                                },
                                "button_typography_font_weight": "600",
                                "button_typography_text_transform": "uppercase",
                                "button_typography_letter_spacing": {
                                    "unit": "px",
                                    "size": 2,
                                    "sizes": []
                                },
                                "button_text_color": "#FFFFFF",
                                "button_background_color": "#E08597",
                                "button_border_color": "#E08597",
                                "button_border_width": {
                                    "unit": "px",
                                    "size": 3,
                                    "sizes": []
                                },
                                "__globals__": {
                                    "button_background_color": "globals\/colors?id=8860f0b",
                                    "background_a_color": "globals\/colors?id=e8e605a",
                                    "title_color_a": "globals\/colors?id=secondary",
                                    "title_typography_a_typography": "",
                                    "description_color_a": "globals\/colors?id=secondary",
                                    "description_typography_a_typography": "globals\/typography?id=text",
                                    "background_b_color": "",
                                    "background_overlay_b": "",
                                    "button_border_color": "globals\/colors?id=8860f0b",
                                    "button_text_color": "globals\/colors?id=accent",
                                    "button_typography_typography": "",
                                    "title_typography_b_typography": "",
                                    "button_hover_background_color": "globals\/colors?id=primary",
                                    "button_hover_border_color": "globals\/colors?id=primary",
                                    "button_hover_text_color": "globals\/colors?id=text",
                                    "title_color_b": "globals\/colors?id=accent"
                                }
                            },
                            "elements": [],
                            "isInner": false,
                            "widgetType": "flip-box",
                            "elType": "widget"
                        }
                    ],
                    "isInner": false,
                    "elType": "column"
                },
                {
                    "id": "7a3dea2a",
                    "settings": {
                        "_column_size": 50,
                        "_inline_size": null,
                        "_inline_size_tablet": 100,
                        "space_between_widgets": 0,
                        "margin": {
                            "unit": "px",
                            "top": "0",
                            "right": "0",
                            "bottom": "0",
                            "left": "0",
                            "isLinked": false
                        },
                        "padding": {
                            "unit": "px",
                            "top": "0",
                            "right": "0",
                            "bottom": "0",
                            "left": "0",
                            "isLinked": false
                        }
                    },
                    "elements": [
                        {
                            "id": "35423437",
                            "settings": {
                                "layout": "full_width",
                                "margin": {
                                    "unit": "px",
                                    "top": "0",
                                    "right": 0,
                                    "bottom": "0",
                                    "left": 0,
                                    "isLinked": false
                                },
                                "padding": {
                                    "unit": "px",
                                    "top": "0",
                                    "right": "0",
                                    "bottom": "0",
                                    "left": "0",
                                    "isLinked": false
                                }
                            },
                            "elements": [
                                {
                                    "id": "43d8cf6f",
                                    "settings": {
                                        "_column_size": 100,
                                        "_inline_size": null,
                                        "_inline_size_tablet": 100,
                                        "margin_tablet": {
                                            "unit": "px",
                                            "top": "0",
                                            "right": "10",
                                            "bottom": "0",
                                            "left": "10",
                                            "isLinked": false
                                        },
                                        "margin_mobile": {
                                            "unit": "px",
                                            "top": "0",
                                            "right": "0",
                                            "bottom": "0",
                                            "left": "0",
                                            "isLinked": false
                                        }
                                    },
                                    "elements": [
                                        {
                                            "id": "555c807d",
                                            "settings": {
                                                "graphic_element": "image",
                                                "image": {
                                                    "url": "http:\/\/kits.mediumred.com\/subscriptionbox\/wp-content\/uploads\/2020\/10\/subscriptionbox-product-1.png",
                                                    "id": 912
                                                },
                                                "image_size": "full",
                                                "title_text_a": "",
                                                "description_text_a": "",
                                                "background_a_background": "classic",
                                                "background_a_color": "#F9F8F7",
                                                "title_text_b": "June Box",
                                                "description_text_b": "Lorem ipsum dolor sit amet, consectetur adipiscing elit, sed do eiusmod tempor incididunt ut labore et dolore magna aliqua. ",
                                                "button_text": "Buy Now",
                                                "background_b_background": "classic",
                                                "background_b_color": "#3C294E",
                                                "background_b_image": {
                                                    "url": "http:\/\/kits.mediumred.com\/subscriptionbox\/wp-content\/uploads\/2020\/10\/subscriptionbox-product-1.png",
                                                    "id": 912
                                                },
                                                "background_b_position": "center center",
                                                "background_b_repeat": "no-repeat",
                                                "background_b_size": "contain",
                                                "background_overlay_b": "#3C294EAB",
                                                "height": {
                                                    "unit": "px",
                                                    "size": 408,
                                                    "sizes": []
                                                },
                                                "flip_direction": "down",
                                                "flip_3d": "elementor-flip-box--3d",
                                                "vertical_position_a": "middle",
                                                "image_spacing": {
                                                    "unit": "px",
                                                    "size": 0,
                                                    "sizes": []
                                                },
                                                "image_width": {
                                                    "unit": "%",
                                                    "size": 64,
                                                    "sizes": []
                                                },
                                                "title_spacing_a": {
                                                    "unit": "px",
                                                    "size": 24,
                                                    "sizes": []
                                                },
                                                "title_color_a": "#3C294E",
                                                "title_typography_a_typography": "custom",
                                                "title_typography_a_font_family": "Abril Fatface",
                                                "title_typography_a_font_size": {
                                                    "unit": "px",
                                                    "size": 45,
                                                    "sizes": []
                                                },
                                                "title_typography_a_font_weight": "600",
                                                "description_color_a": "#3C294E",
                                                "description_typography_a_typography": "custom",
                                                "description_typography_a_font_family": "Raleway",
                                                "description_typography_a_font_size": {
                                                    "unit": "px",
                                                    "size": 16,
                                                    "sizes": []
                                                },
                                                "description_typography_a_font_weight": "400",
                                                "title_spacing_b": {
                                                    "unit": "px",
                                                    "size": 28,
                                                    "sizes": []
                                                },
                                                "title_typography_b_typography": "custom",
                                                "title_typography_b_font_family": "Abril Fatface",
                                                "title_typography_b_font_size": {
                                                    "unit": "px",
                                                    "size": 45,
                                                    "sizes": []
                                                },
                                                "title_typography_b_font_weight": "600",
                                                "button_size": "md",
                                                "button_typography_typography": "custom",
                                                "button_typography_font_family": "Raleway",
                                                "button_typography_font_size": {
                                                    "unit": "px",
                                                    "size": 13,
                                                    "sizes": []
                                                },
                                                "button_typography_font_weight": "600",
                                                "button_typography_text_transform": "uppercase",
                                                "button_typography_letter_spacing": {
                                                    "unit": "px",
                                                    "size": 2,
                                                    "sizes": []
                                                },
                                                "button_text_color": "#FFFFFF",
                                                "button_background_color": "#E08597",
                                                "button_border_color": "#E08597",
                                                "button_border_width": {
                                                    "unit": "px",
                                                    "size": 3,
                                                    "sizes": []
                                                },
                                                "_margin": {
                                                    "unit": "px",
                                                    "top": "0",
                                                    "right": "0",
                                                    "bottom": "0",
                                                    "left": "0",
                                                    "isLinked": false
                                                },
                                                "_padding": {
                                                    "unit": "px",
                                                    "top": "0",
                                                    "right": "0",
                                                    "bottom": "0",
                                                    "left": "0",
                                                    "isLinked": false
                                                },
                                                "__globals__": {
                                                    "button_background_color": "globals\/colors?id=8860f0b",
                                                    "background_a_color": "globals\/colors?id=8860f0b",
                                                    "title_color_a": "globals\/colors?id=secondary",
                                                    "title_typography_a_typography": "",
                                                    "description_color_a": "globals\/colors?id=secondary",
                                                    "description_typography_a_typography": "globals\/typography?id=text",
                                                    "background_b_color": "",
                                                    "background_overlay_b": "",
                                                    "button_border_color": "globals\/colors?id=8860f0b",
                                                    "button_text_color": "globals\/colors?id=accent",
                                                    "button_typography_typography": "",
                                                    "title_typography_b_typography": "",
                                                    "description_typography_b_typography": "globals\/typography?id=secondary",
                                                    "button_hover_text_color": "globals\/colors?id=text",
                                                    "button_hover_background_color": "globals\/colors?id=primary",
                                                    "button_hover_border_color": "globals\/colors?id=primary",
                                                    "title_color_b": "globals\/colors?id=accent"
                                                }
                                            },
                                            "elements": [],
                                            "isInner": false,
                                            "widgetType": "flip-box",
                                            "elType": "widget"
                                        }
                                    ],
                                    "isInner": true,
                                    "elType": "column"
                                }
                            ],
                            "isInner": true,
                            "elType": "section"
                        },
                        {
                            "id": "505cb45f",
                            "settings": [],
                            "elements": [
                                {
                                    "id": "7a9eac6b",
                                    "settings": {
                                        "_column_size": 100,
                                        "_inline_size": null,
                                        "_inline_size_tablet": 100,
                                        "margin_tablet": {
                                            "unit": "px",
                                            "top": "0",
                                            "right": "10",
                                            "bottom": "0",
                                            "left": "10",
                                            "isLinked": false
                                        },
                                        "margin_mobile": {
                                            "unit": "px",
                                            "top": "0",
                                            "right": "0",
                                            "bottom": "0",
                                            "left": "0",
                                            "isLinked": false
                                        }
                                    },
                                    "elements": [
                                        {
                                            "id": "1c94bf9c",
                                            "settings": {
                                                "graphic_element": "image",
                                                "image": {
                                                    "url": "http:\/\/kits.mediumred.com\/subscriptionbox\/wp-content\/uploads\/2020\/10\/subscriptionbox-product2-1.png",
                                                    "id": 911
                                                },
                                                "image_size": "full",
                                                "title_text_a": "",
                                                "description_text_a": "",
                                                "background_a_background": "classic",
                                                "background_a_color": "#F9F8F7",
                                                "title_text_b": "May Box",
                                                "description_text_b": "Lorem ipsum dolor sit amet, consectetur adipiscing elit, sed do eiusmod tempor incididunt ut labore et dolore magna aliqua. ",
                                                "button_text": "Buy Now",
                                                "background_b_background": "classic",
                                                "background_b_color": "#3C294E",
                                                "background_b_image": {
                                                    "url": "http:\/\/kits.mediumred.com\/subscriptionbox\/wp-content\/uploads\/2020\/10\/subscriptionbox-product2-1.png",
                                                    "id": 911
                                                },
                                                "background_b_position": "center center",
                                                "background_b_repeat": "no-repeat",
                                                "background_b_size": "contain",
                                                "background_overlay_b": "#3C294EAB",
                                                "height": {
                                                    "unit": "px",
                                                    "size": 408,
                                                    "sizes": []
                                                },
                                                "flip_direction": "down",
                                                "flip_3d": "elementor-flip-box--3d",
                                                "vertical_position_a": "middle",
                                                "image_spacing": {
                                                    "unit": "px",
                                                    "size": 0,
                                                    "sizes": []
                                                },
                                                "image_width": {
                                                    "unit": "%",
                                                    "size": 64,
                                                    "sizes": []
                                                },
                                                "title_spacing_a": {
                                                    "unit": "px",
                                                    "size": 24,
                                                    "sizes": []
                                                },
                                                "title_color_a": "#3C294E",
                                                "title_typography_a_typography": "custom",
                                                "title_typography_a_font_family": "Abril Fatface",
                                                "title_typography_a_font_size": {
                                                    "unit": "px",
                                                    "size": 45,
                                                    "sizes": []
                                                },
                                                "title_typography_a_font_weight": "600",
                                                "description_color_a": "#3C294E",
                                                "description_typography_a_typography": "custom",
                                                "description_typography_a_font_family": "Raleway",
                                                "description_typography_a_font_size": {
                                                    "unit": "px",
                                                    "size": 16,
                                                    "sizes": []
                                                },
                                                "description_typography_a_font_weight": "400",
                                                "title_spacing_b": {
                                                    "unit": "px",
                                                    "size": 28,
                                                    "sizes": []
                                                },
                                                "title_typography_b_typography": "custom",
                                                "title_typography_b_font_family": "Abril Fatface",
                                                "title_typography_b_font_size": {
                                                    "unit": "px",
                                                    "size": 45,
                                                    "sizes": []
                                                },
                                                "title_typography_b_font_weight": "600",
                                                "button_size": "md",
                                                "button_typography_typography": "custom",
                                                "button_typography_font_family": "Raleway",
                                                "button_typography_font_size": {
                                                    "unit": "px",
                                                    "size": 13,
                                                    "sizes": []
                                                },
                                                "button_typography_font_weight": "600",
                                                "button_typography_text_transform": "uppercase",
                                                "button_typography_letter_spacing": {
                                                    "unit": "px",
                                                    "size": 2,
                                                    "sizes": []
                                                },
                                                "button_text_color": "#FFFFFF",
                                                "button_background_color": "#E08597",
                                                "button_border_color": "#E08597",
                                                "button_border_width": {
                                                    "unit": "px",
                                                    "size": 3,
                                                    "sizes": []
                                                },
                                                "_margin": {
                                                    "unit": "px",
                                                    "top": "0",
                                                    "right": "0",
                                                    "bottom": "0",
                                                    "left": "0",
                                                    "isLinked": false
                                                },
                                                "_padding": {
                                                    "unit": "px",
                                                    "top": "0",
                                                    "right": "0",
                                                    "bottom": "0",
                                                    "left": "0",
                                                    "isLinked": false
                                                },
                                                "__globals__": {
                                                    "button_background_color": "globals\/colors?id=8860f0b",
                                                    "background_a_color": "globals\/colors?id=primary",
                                                    "title_color_a": "globals\/colors?id=secondary",
                                                    "title_typography_a_typography": "",
                                                    "description_color_a": "globals\/colors?id=secondary",
                                                    "description_typography_a_typography": "globals\/typography?id=text",
                                                    "background_b_color": "",
                                                    "background_overlay_b": "",
                                                    "button_border_color": "globals\/colors?id=8860f0b",
                                                    "button_text_color": "globals\/colors?id=accent",
                                                    "button_typography_typography": "",
                                                    "title_typography_b_typography": "",
                                                    "description_typography_b_typography": "globals\/typography?id=secondary",
                                                    "button_hover_background_color": "globals\/colors?id=primary",
                                                    "button_hover_border_color": "globals\/colors?id=primary",
                                                    "button_hover_text_color": "globals\/colors?id=text",
                                                    "title_color_b": "globals\/colors?id=accent"
                                                }
                                            },
                                            "elements": [],
                                            "isInner": false,
                                            "widgetType": "flip-box",
                                            "elType": "widget"
                                        }
                                    ],
                                    "isInner": true,
                                    "elType": "column"
                                }
                            ],
                            "isInner": true,
                            "elType": "section"
                        }
                    ],
                    "isInner": false,
                    "elType": "column"
                }
            ],
            "isInner": false,
            "elType": "section"
        },
        {
            "id": "2966c2dd",
            "settings": {
                "content_width": {
                    "unit": "px",
                    "size": 1300,
                    "sizes": []
                },
                "margin": {
                    "unit": "px",
                    "top": "0",
                    "right": 0,
                    "bottom": "0",
                    "left": 0,
                    "isLinked": false
                },
                "background_background": "classic",
                "background_image": {
                    "url": "http:\/\/kits.mediumred.com\/subscriptionbox\/wp-content\/uploads\/2020\/10\/makeup-AZFLPKJ-3.jpg",
                    "id": 870
                },
                "background_overlay_background": "classic",
                "background_overlay_opacity": {
                    "unit": "px",
                    "size": 0.7399999999999999911182158029987476766109466552734375,
                    "sizes": []
                },
                "border_border": "solid",
                "border_width": {
                    "unit": "px",
                    "top": "30",
                    "right": "30",
                    "bottom": "0",
                    "left": "30",
                    "isLinked": false
                },
                "border_color": "#FFFFFF",
                "padding": {
                    "unit": "px",
                    "top": "0100",
                    "right": "0100",
                    "bottom": "0100",
                    "left": "0100",
                    "isLinked": true
                },
                "__globals__": {
                    "background_overlay_color": ""
                },
                "background_overlay_color": "#F9F8F7",
                "z_index": 1,
                "margin_tablet": {
                    "unit": "px",
                    "top": "0",
                    "right": 0,
                    "bottom": "0",
                    "left": 0,
                    "isLinked": false
                },
                "padding_tablet": {
                    "unit": "px",
                    "top": "50",
                    "right": "0",
                    "bottom": "50",
                    "left": "0",
                    "isLinked": false
                },
                "background_repeat_mobile": "no-repeat",
                "background_size_mobile": "cover",
                "border_width_mobile": {
                    "unit": "px",
                    "top": "10",
                    "right": "10",
                    "bottom": "10",
                    "left": "10",
                    "isLinked": true
                },
                "background_position": "center center",
                "background_repeat": "no-repeat",
                "background_size": "cover"
            },
            "elements": [
                {
                    "id": "249c2519",
                    "settings": {
                        "_column_size": 100,
                        "_inline_size": null
                    },
                    "elements": [
                        {
                            "id": "42366ab8",
                            "settings": {
                                "title": "Join hundreds of happy clients",
                                "align": "center",
                                "_margin": {
                                    "unit": "px",
                                    "top": "0",
                                    "right": "0",
                                    "bottom": "0",
                                    "left": "0",
                                    "isLinked": false
                                },
                                "typography_typography": "custom",
                                "typography_font_family": "Abril Fatface",
                                "typography_font_size": {
                                    "unit": "px",
                                    "size": 45,
                                    "sizes": []
                                },
                                "title_color": "#3C294E",
                                "typography_font_weight": "400",
                                "__globals__": {
                                    "typography_typography": "",
                                    "title_color": "globals\/colors?id=secondary"
                                },
                                "_padding_mobile": {
                                    "unit": "px",
                                    "top": "0",
                                    "right": "10",
                                    "bottom": "0",
                                    "left": "10",
                                    "isLinked": false
                                }
                            },
                            "elements": [],
                            "isInner": false,
                            "widgetType": "heading",
                            "elType": "widget"
                        },
                        {
                            "id": "2731fcbf",
                            "settings": {
                                "typography_typography": "custom",
                                "typography_font_family": "Raleway",
                                "typography_font_size": {
                                    "unit": "px",
                                    "size": 16,
                                    "sizes": []
                                },
                                "typography_font_weight": "400",
                                "_margin": {
                                    "unit": "px",
                                    "top": "20",
                                    "right": "0",
                                    "bottom": "0",
                                    "left": "0",
                                    "isLinked": false
                                },
                                "align_tablet": "center",
                                "__globals__": {
                                    "typography_typography": "",
                                    "text_color": "globals\/colors?id=secondary"
                                },
                                "align": "center",
                                "_padding": {
                                    "unit": "%",
                                    "top": "0",
                                    "right": "25",
                                    "bottom": "0",
                                    "left": "25",
                                    "isLinked": false
                                },
                                "_padding_tablet": {
                                    "unit": "px",
                                    "top": "0",
                                    "right": "30",
                                    "bottom": "0",
                                    "left": "30",
                                    "isLinked": false
                                },
                                "_padding_mobile": {
                                    "unit": "px",
                                    "top": "0",
                                    "right": "10",
                                    "bottom": "0",
                                    "left": "10",
                                    "isLinked": false
                                }
                            },
                            "elements": [],
                            "isInner": false,
                            "widgetType": "text-editor",
                            "elType": "widget"
                        },
                        {
                            "id": "75eacb1c",
                            "settings": {
                                "form_name": "New Form",
                                "form_fields": [
                                    {
                                        "custom_id": "email",
                                        "field_type": "email",
                                        "required": "true",
                                        "field_label": "Email",
                                        "placeholder": "Email",
                                        "width": "80",
                                        "_id": "89ee129"
                                    }
                                ],
                                "input_size": "lg",
                                "show_labels": "",
                                "button_size": "lg",
                                "button_width": "20",
                                "step_next_label": "Next",
                                "step_previous_label": "Previous",
                                "button_text": "Newsletter",
                                "email_content": "[all-fields]",
                                "email_content_2": "[all-fields]",
                                "success_message": "The form was sent successfully.",
                                "error_message": "An error occurred.",
                                "required_field_message": "This field is required.",
                                "invalid_message": "There's something wrong. The form is invalid.",
                                "column_gap": {
                                    "unit": "px",
                                    "size": 9,
                                    "sizes": []
                                },
                                "field_text_color": "#D1D1D1",
                                "field_border_color": "#E7E7E7",
                                "field_border_width": {
                                    "unit": "px",
                                    "top": "1",
                                    "right": "1",
                                    "bottom": "1",
                                    "left": "1",
                                    "isLinked": true
                                },
                                "field_border_radius": {
                                    "unit": "px",
                                    "top": "3",
                                    "right": "3",
                                    "bottom": "3",
                                    "left": "3",
                                    "isLinked": true
                                },
                                "button_typography_typography": "custom",
                                "button_typography_font_family": "Raleway",
                                "button_typography_font_size": {
                                    "unit": "px",
                                    "size": 13,
                                    "sizes": []
                                },
                                "button_typography_font_weight": "500",
                                "button_typography_text_transform": "uppercase",
                                "button_typography_letter_spacing": {
                                    "unit": "px",
                                    "size": 1.5,
                                    "sizes": []
                                },
                                "button_background_color": "#3C294E",
                                "button_border_radius": {
                                    "unit": "px",
                                    "top": "3",
                                    "right": "3",
                                    "bottom": "3",
                                    "left": "3",
                                    "isLinked": true
                                },
                                "_padding": {
                                    "unit": "%",
                                    "top": "0",
                                    "right": "35",
                                    "bottom": "0",
                                    "left": "28",
                                    "isLinked": false
                                },
                                "__globals__": {
                                    "button_background_color": "",
                                    "button_typography_typography": ""
                                },
                                "_padding_tablet": {
                                    "unit": "px",
                                    "top": "0",
                                    "right": "100",
                                    "bottom": "0",
                                    "left": "30",
                                    "isLinked": false
                                },
                                "_padding_mobile": {
                                    "unit": "px",
                                    "top": "0",
                                    "right": "0",
                                    "bottom": "0",
                                    "left": "0",
                                    "isLinked": false
                                }
                            },
                            "elements": [],
                            "isInner": false,
                            "widgetType": "form",
                            "elType": "widget"
                        },
                        {
                            "id": "1b94c934",
                            "settings": {
                                "structure": "30",
                                "margin": {
                                    "unit": "px",
                                    "top": "50",
                                    "right": 0,
                                    "bottom": "0",
                                    "left": 0,
                                    "isLinked": false
                                }
                            },
                            "elements": [
                                {
                                    "id": "6a0c7542",
                                    "settings": {
                                        "_column_size": 33,
                                        "_inline_size": null
                                    },
                                    "elements": [
                                        {
                                            "id": "b18ae91",
                                            "settings": {
                                                "ending_number": 278,
                                                "title": "Boxes Sent",
                                                "typography_number_typography": "custom",
                                                "typography_number_font_family": "Abril Fatface",
                                                "typography_number_font_size": {
                                                    "unit": "px",
                                                    "size": 60,
                                                    "sizes": []
                                                },
                                                "typography_number_font_weight": "600",
                                                "typography_title_typography": "custom",
                                                "typography_title_font_weight": "600",
                                                "__globals__": {
                                                    "number_color": "globals\/colors?id=8860f0b",
                                                    "typography_number_typography": "",
                                                    "title_color": "globals\/colors?id=secondary"
                                                }
                                            },
                                            "elements": [],
                                            "isInner": false,
                                            "widgetType": "counter",
                                            "elType": "widget"
                                        }
                                    ],
                                    "isInner": true,
                                    "elType": "column"
                                },
                                {
                                    "id": "6c8a80c2",
                                    "settings": {
                                        "_column_size": 33,
                                        "_inline_size": null
                                    },
                                    "elements": [
                                        {
                                            "id": "2c77bb54",
                                            "settings": {
                                                "ending_number": 198,
                                                "prefix": "$",
                                                "title": "Market Value\/Box",
                                                "number_color": "#E08597",
                                                "typography_number_typography": "custom",
                                                "typography_number_font_family": "Abril Fatface",
                                                "typography_number_font_size": {
                                                    "unit": "px",
                                                    "size": 60,
                                                    "sizes": []
                                                },
                                                "typography_number_font_weight": "600",
                                                "typography_title_typography": "custom",
                                                "typography_title_font_weight": "600",
                                                "__globals__": {
                                                    "number_color": "",
                                                    "typography_number_typography": "",
                                                    "title_color": "globals\/colors?id=secondary"
                                                },
                                                "title_color": "#3C294E"
                                            },
                                            "elements": [],
                                            "isInner": false,
                                            "widgetType": "counter",
                                            "elType": "widget"
                                        }
                                    ],
                                    "isInner": true,
                                    "elType": "column"
                                },
                                {
                                    "id": "2bbd7f2c",
                                    "settings": {
                                        "_column_size": 33,
                                        "_inline_size": null
                                    },
                                    "elements": [
                                        {
                                            "id": "3172ed62",
                                            "settings": {
                                                "ending_number": 278,
                                                "title": "Boxes Sent",
                                                "number_color": "#E08597",
                                                "typography_number_typography": "custom",
                                                "typography_number_font_family": "Abril Fatface",
                                                "typography_number_font_size": {
                                                    "unit": "px",
                                                    "size": 60,
                                                    "sizes": []
                                                },
                                                "typography_number_font_weight": "600",
                                                "typography_title_typography": "custom",
                                                "typography_title_font_weight": "600",
                                                "__globals__": {
                                                    "number_color": "",
                                                    "typography_number_typography": "",
                                                    "title_color": "globals\/colors?id=secondary"
                                                },
                                                "title_color": "#3C294E"
                                            },
                                            "elements": [],
                                            "isInner": false,
                                            "widgetType": "counter",
                                            "elType": "widget"
                                        }
                                    ],
                                    "isInner": true,
                                    "elType": "column"
                                }
                            ],
                            "isInner": true,
                            "elType": "section"
                        }
                    ],
                    "isInner": false,
                    "elType": "column"
                }
            ],
            "isInner": false,
            "elType": "section"
        }
    ]
}