{
    "version": "0.4",
    "title": "Page &#8211; Contact",
    "type": "page",
    "metadata": {
        "template_type": "single-page",
        "include_in_zip": "1",
        "elementor_pro_required": "1",
        "wp_page_template": "elementor_header_footer"
    },
    "content": [
        {
            "id": "5def7993",
            "settings": {
                "layout": "full_width",
                "content_position": "top",
                "background_background": "classic",
                "background_image": {
                    "url": "http:\/\/kits.mediumred.com\/subscriptionbox\/wp-content\/uploads\/2020\/10\/header-lines.png",
                    "id": 183
                },
                "background_position": "center center",
                "border_border": "solid",
                "border_width": {
                    "unit": "px",
                    "top": "30",
                    "right": "30",
                    "bottom": "0",
                    "left": "30",
                    "isLinked": false
                },
                "margin": {
                    "unit": "px",
                    "top": "10",
                    "right": 0,
                    "bottom": "0",
                    "left": 0,
                    "isLinked": false
                },
                "__globals__": {
                    "background_color": "",
                    "border_color": "globals\/colors?id=accent"
                },
                "background_overlay_background": "classic",
                "padding": {
                    "unit": "%",
                    "top": "10",
                    "right": "5",
                    "bottom": "0",
                    "left": "5",
                    "isLinked": false
                },
                "background_overlay_image": {
                    "url": "http:\/\/kits.mediumred.com\/subscriptionbox\/wp-content\/uploads\/2020\/10\/Rectangle-16-1.png",
                    "id": 914
                },
                "background_overlay_position": "bottom left",
                "background_overlay_repeat": "no-repeat",
                "background_overlay_opacity": {
                    "unit": "px",
                    "size": 1,
                    "sizes": []
                },
                "overflow": "hidden",
                "background_color": "#FFD6EE",
                "border_color": "#FFFFFF",
                "border_width_mobile": {
                    "unit": "px",
                    "top": "10",
                    "right": "10",
                    "bottom": "10",
                    "left": "10",
                    "isLinked": true
                },
                "margin_tablet": {
                    "unit": "px",
                    "top": "030",
                    "right": 0,
                    "bottom": "0",
                    "left": 0,
                    "isLinked": false
                },
                "margin_mobile": {
                    "unit": "px",
                    "top": "35",
                    "right": 0,
                    "bottom": "0",
                    "left": 0,
                    "isLinked": false
                },
                "padding_tablet": {
                    "unit": "px",
                    "top": "150",
                    "right": "0",
                    "bottom": "0",
                    "left": "0",
                    "isLinked": false
                },
                "padding_mobile": {
                    "unit": "px",
                    "top": "250",
                    "right": "0",
                    "bottom": "0",
                    "left": "0",
                    "isLinked": false
                }
            },
            "elements": [
                {
                    "id": "e065a26",
                    "settings": {
                        "_column_size": 100,
                        "_inline_size": null
                    },
                    "elements": [
                        {
                            "id": "6b60599e",
                            "settings": {
                                "content_width": {
                                    "unit": "px",
                                    "size": 1300,
                                    "sizes": []
                                },
                                "structure": "20",
                                "padding": {
                                    "unit": "px",
                                    "top": "50",
                                    "right": "0",
                                    "bottom": "0",
                                    "left": "0",
                                    "isLinked": false
                                },
                                "background_position": "initial",
                                "background_xpos": {
                                    "unit": "px",
                                    "size": 640,
                                    "sizes": []
                                },
                                "background_ypos": {
                                    "unit": "px",
                                    "size": -66,
                                    "sizes": []
                                },
                                "background_repeat": "no-repeat",
                                "background_size": "initial",
                                "background_motion_fx_translateY_effect": "yes",
                                "background_motion_fx_translateY_direction": "negative",
                                "background_motion_fx_translateY_speed": {
                                    "unit": "px",
                                    "size": 1.899999999999999911182158029987476766109466552734375,
                                    "sizes": []
                                },
                                "background_motion_fx_translateY_affectedRange": {
                                    "unit": "%",
                                    "size": "",
                                    "sizes": {
                                        "start": 0,
                                        "end": 85
                                    }
                                },
                                "background_motion_fx_opacity_effect": "yes",
                                "background_motion_fx_opacity_level": {
                                    "unit": "px",
                                    "size": 4.5,
                                    "sizes": []
                                },
                                "background_motion_fx_opacity_range": {
                                    "unit": "%",
                                    "size": "",
                                    "sizes": {
                                        "start": 0,
                                        "end": 100
                                    }
                                },
                                "background_motion_fx_devices": [
                                    "desktop"
                                ],
                                "background_overlay_position": "initial",
                                "background_overlay_xpos": {
                                    "unit": "px",
                                    "size": 723,
                                    "sizes": []
                                },
                                "background_overlay_repeat": "no-repeat",
                                "background_overlay_size": "initial",
                                "background_overlay_opacity": {
                                    "unit": "px",
                                    "size": 1,
                                    "sizes": []
                                },
                                "background_bg_width": {
                                    "unit": "%",
                                    "size": 61,
                                    "sizes": []
                                },
                                "background_motion_fx_motion_fx_mouse": "yes",
                                "background_motion_fx_mouseTrack_speed": {
                                    "unit": "px",
                                    "size": 0.200000000000000011102230246251565404236316680908203125,
                                    "sizes": []
                                },
                                "background_overlay_bg_width": {
                                    "unit": "%",
                                    "size": 67,
                                    "sizes": []
                                },
                                "padding_tablet": {
                                    "unit": "px",
                                    "top": "0",
                                    "right": "0",
                                    "bottom": "0",
                                    "left": "0",
                                    "isLinked": false
                                }
                            },
                            "elements": [
                                {
                                    "id": "242c84f2",
                                    "settings": {
                                        "_column_size": 50,
                                        "_inline_size": null,
                                        "_inline_size_tablet": 100
                                    },
                                    "elements": [
                                        {
                                            "id": "65a7bf20",
                                            "settings": {
                                                "title": "Contact",
                                                "typography_typography": "custom",
                                                "typography_font_size": {
                                                    "unit": "px",
                                                    "size": 120,
                                                    "sizes": []
                                                },
                                                "__globals__": {
                                                    "title_color": "globals\/colors?id=secondary"
                                                },
                                                "_margin": {
                                                    "unit": "px",
                                                    "top": "0",
                                                    "right": "0",
                                                    "bottom": "0",
                                                    "left": "0",
                                                    "isLinked": false
                                                },
                                                "_padding": {
                                                    "unit": "px",
                                                    "top": "0",
                                                    "right": "0",
                                                    "bottom": "0",
                                                    "left": "0",
                                                    "isLinked": false
                                                },
                                                "align_tablet": "center",
                                                "typography_font_size_mobile": {
                                                    "unit": "px",
                                                    "size": 60,
                                                    "sizes": []
                                                },
                                                "__dynamic__": []
                                            },
                                            "elements": [],
                                            "isInner": false,
                                            "widgetType": "heading",
                                            "elType": "widget"
                                        }
                                    ],
                                    "isInner": true,
                                    "elType": "column"
                                },
                                {
                                    "id": "2a3c2c7a",
                                    "settings": {
                                        "_column_size": 50,
                                        "_inline_size": null,
                                        "_inline_size_tablet": 100
                                    },
                                    "elements": [
                                        {
                                            "id": "437764d2",
                                            "settings": {
                                                "title": "Time Until Next Shipment:",
                                                "typography_typography": "custom",
                                                "typography_font_family": "Raleway",
                                                "typography_font_size": {
                                                    "unit": "px",
                                                    "size": 13,
                                                    "sizes": []
                                                },
                                                "typography_text_transform": "uppercase",
                                                "typography_letter_spacing": {
                                                    "unit": "px",
                                                    "size": 1.5,
                                                    "sizes": []
                                                },
                                                "_margin": {
                                                    "unit": "px",
                                                    "top": "50",
                                                    "right": "0",
                                                    "bottom": "-50",
                                                    "left": "0",
                                                    "isLinked": false
                                                },
                                                "_padding": {
                                                    "unit": "px",
                                                    "top": "0",
                                                    "right": "0",
                                                    "bottom": "0",
                                                    "left": "0",
                                                    "isLinked": false
                                                },
                                                "__globals__": {
                                                    "title_color": "globals\/colors?id=secondary"
                                                },
                                                "align_tablet": "center",
                                                "_margin_mobile": {
                                                    "unit": "px",
                                                    "top": "0",
                                                    "right": "0",
                                                    "bottom": "0",
                                                    "left": "0",
                                                    "isLinked": false
                                                }
                                            },
                                            "elements": [],
                                            "isInner": false,
                                            "widgetType": "heading",
                                            "elType": "widget"
                                        },
                                        {
                                            "id": "35bcbb9e",
                                            "settings": {
                                                "show_days": "",
                                                "label_days": "Days",
                                                "label_hours": "Hours",
                                                "label_minutes": "Minutes",
                                                "label_seconds": "Seconds",
                                                "box_background_color": "#02010100",
                                                "box_spacing": {
                                                    "unit": "px",
                                                    "size": 59,
                                                    "sizes": []
                                                },
                                                "digits_color": "#FFFFFF",
                                                "digits_typography_typography": "custom",
                                                "digits_typography_font_family": "Roboto",
                                                "digits_typography_font_size": {
                                                    "unit": "px",
                                                    "size": 180,
                                                    "sizes": []
                                                },
                                                "digits_typography_font_weight": "900",
                                                "digits_typography_letter_spacing": {
                                                    "unit": "px",
                                                    "size": -28,
                                                    "sizes": []
                                                },
                                                "_margin": {
                                                    "unit": "px",
                                                    "top": "0",
                                                    "right": "0",
                                                    "bottom": "-120",
                                                    "left": "0",
                                                    "isLinked": false
                                                },
                                                "digits_typography_font_size_mobile": {
                                                    "unit": "px",
                                                    "size": 80,
                                                    "sizes": []
                                                },
                                                "digits_typography_letter_spacing_mobile": {
                                                    "unit": "px",
                                                    "size": -9,
                                                    "sizes": []
                                                },
                                                "_margin_mobile": {
                                                    "unit": "px",
                                                    "top": "0",
                                                    "right": "0",
                                                    "bottom": "-80",
                                                    "left": "0",
                                                    "isLinked": false
                                                },
                                                "due_date": "2020-11-10 06:51",
                                                "label_typography_typography": "custom",
                                                "label_typography_font_family": "Raleway",
                                                "label_typography_font_size": {
                                                    "unit": "px",
                                                    "size": 16,
                                                    "sizes": []
                                                },
                                                "label_typography_font_weight": "400",
                                                "label_typography_text_transform": "uppercase",
                                                "__globals__": {
                                                    "label_typography_typography": ""
                                                }
                                            },
                                            "elements": [],
                                            "isInner": false,
                                            "widgetType": "countdown",
                                            "elType": "widget"
                                        }
                                    ],
                                    "isInner": true,
                                    "elType": "column"
                                }
                            ],
                            "isInner": true,
                            "elType": "section"
                        }
                    ],
                    "isInner": false,
                    "elType": "column"
                }
            ],
            "isInner": false,
            "elType": "section"
        },
        {
            "id": "28f84f1f",
            "settings": {
                "layout": "full_width",
                "padding": {
                    "unit": "px",
                    "top": "0",
                    "right": "20",
                    "bottom": "0",
                    "left": "020",
                    "isLinked": false
                },
                "padding_mobile": {
                    "unit": "px",
                    "top": "0",
                    "right": "10",
                    "bottom": "0",
                    "left": "10",
                    "isLinked": false
                },
                "_title": "map"
            },
            "elements": [
                {
                    "id": "74a1c13f",
                    "settings": {
                        "_column_size": 100,
                        "_inline_size": 100,
                        "margin_mobile": {
                            "unit": "px",
                            "top": "0",
                            "right": "0",
                            "bottom": "0",
                            "left": "0",
                            "isLinked": false
                        },
                        "padding_mobile": {
                            "unit": "px",
                            "top": "0",
                            "right": "0",
                            "bottom": "0",
                            "left": "0",
                            "isLinked": false
                        }
                    },
                    "elements": [
                        {
                            "id": "61062889",
                            "settings": {
                                "address": "London Eye, London, United Kingdom",
                                "height": {
                                    "unit": "px",
                                    "size": 432,
                                    "sizes": []
                                },
                                "css_filters_css_filter": "custom",
                                "css_filters_contrast": {
                                    "unit": "px",
                                    "size": 118,
                                    "sizes": []
                                },
                                "css_filters_saturate": {
                                    "unit": "px",
                                    "size": 40,
                                    "sizes": []
                                },
                                "css_filters_hue": {
                                    "unit": "px",
                                    "size": 227,
                                    "sizes": []
                                },
                                "_margin": {
                                    "unit": "px",
                                    "top": "0",
                                    "right": "0",
                                    "bottom": "0",
                                    "left": "0",
                                    "isLinked": false
                                },
                                "_padding": {
                                    "unit": "px",
                                    "top": "0",
                                    "right": "0",
                                    "bottom": "0",
                                    "left": "0",
                                    "isLinked": false
                                }
                            },
                            "elements": [],
                            "isInner": false,
                            "widgetType": "google_maps",
                            "elType": "widget"
                        }
                    ],
                    "isInner": false,
                    "elType": "column"
                }
            ],
            "isInner": false,
            "elType": "section"
        },
        {
            "id": "69605ecd",
            "settings": {
                "content_width": {
                    "unit": "px",
                    "size": 1300,
                    "sizes": []
                },
                "structure": "30",
                "margin_tablet": {
                    "unit": "px",
                    "top": "0",
                    "right": 0,
                    "bottom": "0",
                    "left": 0,
                    "isLinked": false
                },
                "_title": "page content"
            },
            "elements": [
                {
                    "id": "86d4c67",
                    "settings": {
                        "_column_size": 33,
                        "_inline_size": 25,
                        "_inline_size_tablet": 100,
                        "space_between_widgets": "15",
                        "background_background": "classic",
                        "background_color": "#ffffff",
                        "box_shadow_box_shadow": {
                            "horizontal": "0",
                            "vertical": "0",
                            "blur": "30",
                            "spread": "0",
                            "color": "rgba(0, 0, 0, 0.1)"
                        },
                        "margin": {
                            "unit": "px",
                            "top": "0",
                            "right": "30",
                            "bottom": "0",
                            "left": "30",
                            "isLinked": ""
                        },
                        "margin_tablet": {
                            "unit": "px",
                            "top": "10",
                            "right": "30",
                            "bottom": "0",
                            "left": "30",
                            "isLinked": false
                        },
                        "margin_mobile": {
                            "unit": "px",
                            "top": "0",
                            "right": "10",
                            "bottom": "0",
                            "left": "10",
                            "isLinked": false
                        },
                        "padding": {
                            "unit": "px",
                            "top": "50",
                            "right": "0",
                            "bottom": "0",
                            "left": "0",
                            "isLinked": false
                        },
                        "padding_tablet": {
                            "unit": "px",
                            "top": "30",
                            "right": "30",
                            "bottom": "30",
                            "left": "30",
                            "isLinked": "1"
                        },
                        "padding_mobile": {
                            "unit": "px",
                            "top": "50",
                            "right": "20",
                            "bottom": "50",
                            "left": "20",
                            "isLinked": ""
                        }
                    },
                    "elements": [
                        {
                            "id": "5c14cb26",
                            "settings": {
                                "title": "Our Headquarters",
                                "_margin": {
                                    "unit": "px",
                                    "top": "0",
                                    "right": "0",
                                    "bottom": "0",
                                    "left": "0",
                                    "isLinked": false
                                },
                                "align": "left",
                                "align_tablet": "center",
                                "typography_typography": "custom",
                                "typography_font_family": "Raleway",
                                "typography_font_size": {
                                    "unit": "px",
                                    "size": 20,
                                    "sizes": []
                                },
                                "typography_font_weight": "600",
                                "__globals__": {
                                    "typography_typography": ""
                                }
                            },
                            "elements": [],
                            "isInner": false,
                            "widgetType": "heading",
                            "elType": "widget"
                        },
                        {
                            "id": "5e480973",
                            "settings": {
                                "text_color": "#8B8C90",
                                "typography_typography": "custom",
                                "typography_font_family": "Raleway",
                                "typography_font_size": {
                                    "unit": "px",
                                    "size": 16,
                                    "sizes": []
                                },
                                "typography_font_weight": "400",
                                "_margin": {
                                    "unit": "px",
                                    "top": "0",
                                    "right": "0",
                                    "bottom": "0",
                                    "left": "0",
                                    "isLinked": false
                                },
                                "align_tablet": "center",
                                "__globals__": {
                                    "typography_typography": "",
                                    "text_color": "globals\/colors?id=secondary"
                                }
                            },
                            "elements": [],
                            "isInner": false,
                            "widgetType": "text-editor",
                            "elType": "widget"
                        },
                        {
                            "id": "46f7247e",
                            "settings": {
                                "title": "Opening Times:",
                                "_margin": {
                                    "unit": "px",
                                    "top": "40",
                                    "right": "0",
                                    "bottom": "0",
                                    "left": "0",
                                    "isLinked": false
                                },
                                "align": "left",
                                "align_tablet": "center",
                                "typography_typography": "custom",
                                "typography_font_family": "Raleway",
                                "typography_font_size": {
                                    "unit": "px",
                                    "size": 20,
                                    "sizes": []
                                },
                                "typography_font_weight": "600",
                                "__globals__": {
                                    "typography_typography": ""
                                }
                            },
                            "elements": [],
                            "isInner": false,
                            "widgetType": "heading",
                            "elType": "widget"
                        },
                        {
                            "id": "66bc5127",
                            "settings": {
                                "text_color": "#8B8C90",
                                "typography_typography": "custom",
                                "typography_font_family": "Raleway",
                                "typography_font_size": {
                                    "unit": "px",
                                    "size": 16,
                                    "sizes": []
                                },
                                "typography_font_weight": "400",
                                "_margin": {
                                    "unit": "px",
                                    "top": "0",
                                    "right": "0",
                                    "bottom": "0",
                                    "left": "0",
                                    "isLinked": false
                                },
                                "align_tablet": "center",
                                "__globals__": {
                                    "typography_typography": "",
                                    "text_color": "globals\/colors?id=secondary"
                                },
                                "editor": "<p>Mo-Fr: 8-14<br \/>Sa-So: 8-21<\/p>"
                            },
                            "elements": [],
                            "isInner": false,
                            "widgetType": "text-editor",
                            "elType": "widget"
                        },
                        {
                            "id": "23d34510",
                            "settings": {
                                "social_icon_list": [
                                    {
                                        "social_icon": {
                                            "value": "fab fa-facebook",
                                            "library": "fa-brands"
                                        },
                                        "_id": "688762f",
                                        "item_icon_color": "custom",
                                        "item_icon_primary_color": "#E08597",
                                        "__globals__": {
                                            "item_icon_secondary_color": "globals\/colors?id=accent"
                                        }
                                    },
                                    {
                                        "social_icon": {
                                            "value": "fab fa-twitter",
                                            "library": "fa-brands"
                                        },
                                        "_id": "887149e",
                                        "item_icon_color": "custom",
                                        "item_icon_primary_color": "#E08597",
                                        "__globals__": {
                                            "item_icon_secondary_color": "globals\/colors?id=accent"
                                        }
                                    },
                                    {
                                        "social_icon": {
                                            "value": "fab fa-youtube",
                                            "library": "fa-brands"
                                        },
                                        "_id": "921250b",
                                        "item_icon_color": "custom",
                                        "item_icon_primary_color": "#E08597",
                                        "__globals__": {
                                            "item_icon_secondary_color": "globals\/colors?id=accent"
                                        }
                                    },
                                    {
                                        "_id": "b937192",
                                        "social_icon": {
                                            "value": "fab fa-instagram",
                                            "library": "fa-brands"
                                        },
                                        "item_icon_color": "custom",
                                        "item_icon_primary_color": "#E08597",
                                        "__globals__": {
                                            "item_icon_secondary_color": ""
                                        },
                                        "item_icon_secondary_color": "#FFFFFF"
                                    }
                                ],
                                "shape": "circle",
                                "align": "left",
                                "icon_size": {
                                    "unit": "px",
                                    "size": 18,
                                    "sizes": []
                                },
                                "icon_padding": {
                                    "unit": "em",
                                    "size": 0.5,
                                    "sizes": []
                                },
                                "icon_spacing": {
                                    "unit": "px",
                                    "size": 18,
                                    "sizes": []
                                },
                                "hover_animation": "push",
                                "_margin": {
                                    "unit": "px",
                                    "top": "0",
                                    "right": "0",
                                    "bottom": "0",
                                    "left": "-17",
                                    "isLinked": false
                                },
                                "align_tablet": "center"
                            },
                            "elements": [],
                            "isInner": false,
                            "widgetType": "social-icons",
                            "elType": "widget"
                        }
                    ],
                    "isInner": false,
                    "elType": "column"
                },
                {
                    "id": "5a55c2c",
                    "settings": {
                        "_column_size": 33,
                        "_inline_size": 49.332999999999998408384271897375583648681640625,
                        "_inline_size_tablet": 100,
                        "space_between_widgets": "15",
                        "background_background": "classic",
                        "background_color": "#ffffff",
                        "box_shadow_box_shadow_type": "yes",
                        "box_shadow_box_shadow": {
                            "horizontal": "0",
                            "vertical": "0",
                            "blur": "30",
                            "spread": "0",
                            "color": "rgba(0, 0, 0, 0.1)"
                        },
                        "margin": {
                            "unit": "px",
                            "top": "-150",
                            "right": "30",
                            "bottom": "0",
                            "left": "30",
                            "isLinked": ""
                        },
                        "margin_tablet": {
                            "unit": "px",
                            "top": "10",
                            "right": "30",
                            "bottom": "0",
                            "left": "30",
                            "isLinked": false
                        },
                        "margin_mobile": {
                            "unit": "px",
                            "top": "0",
                            "right": "10",
                            "bottom": "0",
                            "left": "10",
                            "isLinked": false
                        },
                        "padding": {
                            "unit": "px",
                            "top": "50",
                            "right": "050",
                            "bottom": "50",
                            "left": "50",
                            "isLinked": false
                        },
                        "padding_tablet": {
                            "unit": "px",
                            "top": "30",
                            "right": "30",
                            "bottom": "30",
                            "left": "30",
                            "isLinked": "1"
                        },
                        "padding_mobile": {
                            "unit": "px",
                            "top": "50",
                            "right": "20",
                            "bottom": "50",
                            "left": "20",
                            "isLinked": ""
                        }
                    },
                    "elements": [
                        {
                            "id": "617b5a80",
                            "settings": {
                                "title": "Send Us a Message:",
                                "_margin": {
                                    "unit": "px",
                                    "top": "0",
                                    "right": "0",
                                    "bottom": "30",
                                    "left": "0",
                                    "isLinked": false
                                },
                                "align": "center"
                            },
                            "elements": [],
                            "isInner": false,
                            "widgetType": "heading",
                            "elType": "widget"
                        },
                        {
                            "id": "3e7c1558",
                            "settings": {
                                "form_name": "New Form",
                                "form_fields": [
                                    {
                                        "custom_id": "name",
                                        "field_label": "Name",
                                        "placeholder": "Name",
                                        "_id": "ccbba08"
                                    },
                                    {
                                        "custom_id": "field_f3ab15d",
                                        "field_label": "Telephone",
                                        "placeholder": "Telephone",
                                        "field_type": "number",
                                        "_id": "f3ab15d"
                                    },
                                    {
                                        "custom_id": "email",
                                        "field_type": "email",
                                        "required": "true",
                                        "field_label": "Email",
                                        "placeholder": "Email",
                                        "_id": "3cfee64"
                                    },
                                    {
                                        "custom_id": "message",
                                        "field_type": "textarea",
                                        "field_label": "Message",
                                        "placeholder": "Message",
                                        "_id": "b98f1b7"
                                    }
                                ],
                                "input_size": "lg",
                                "show_labels": "",
                                "button_size": "lg",
                                "step_next_label": "Next",
                                "step_previous_label": "Previous",
                                "button_text": "send message",
                                "email_content": "[all-fields]",
                                "email_content_2": "[all-fields]",
                                "success_message": "The form was sent successfully.",
                                "error_message": "An error occurred.",
                                "required_field_message": "This field is required.",
                                "invalid_message": "There's something wrong. The form is invalid.",
                                "column_gap": {
                                    "unit": "px",
                                    "size": 9,
                                    "sizes": []
                                },
                                "row_gap": {
                                    "unit": "px",
                                    "size": 40,
                                    "sizes": []
                                },
                                "field_text_color": "#D1D1D1",
                                "field_border_color": "#E7E7E7",
                                "field_border_radius": {
                                    "unit": "px",
                                    "top": "3",
                                    "right": "3",
                                    "bottom": "3",
                                    "left": "3",
                                    "isLinked": true
                                },
                                "button_typography_typography": "custom",
                                "button_typography_font_family": "Raleway",
                                "button_typography_font_size": {
                                    "unit": "px",
                                    "size": 13,
                                    "sizes": []
                                },
                                "button_typography_font_weight": "500",
                                "button_typography_text_transform": "uppercase",
                                "button_typography_letter_spacing": {
                                    "unit": "px",
                                    "size": 1.5,
                                    "sizes": []
                                },
                                "button_background_color": "#3C294E",
                                "__globals__": {
                                    "button_typography_typography": ""
                                }
                            },
                            "elements": [],
                            "isInner": false,
                            "widgetType": "form",
                            "elType": "widget"
                        }
                    ],
                    "isInner": false,
                    "elType": "column"
                },
                {
                    "id": "2165202c",
                    "settings": {
                        "_column_size": 33,
                        "_inline_size": 25,
                        "content_position": "center",
                        "align": "center",
                        "margin": {
                            "unit": "px",
                            "top": "0",
                            "right": "10",
                            "bottom": "10",
                            "left": "10",
                            "isLinked": false
                        },
                        "_inline_size_tablet": 100,
                        "margin_mobile": {
                            "unit": "px",
                            "top": "0",
                            "right": "0",
                            "bottom": "0",
                            "left": "0",
                            "isLinked": false
                        },
                        "padding_mobile": {
                            "unit": "px",
                            "top": "0",
                            "right": "0",
                            "bottom": "0",
                            "left": "0",
                            "isLinked": false
                        },
                        "margin_tablet": {
                            "unit": "px",
                            "top": "0",
                            "right": "0",
                            "bottom": "0",
                            "left": "0",
                            "isLinked": false
                        }
                    },
                    "elements": [
                        {
                            "id": "36c7cdfc",
                            "settings": [],
                            "elements": [
                                {
                                    "id": "67f6f81e",
                                    "settings": {
                                        "_column_size": 100,
                                        "_inline_size": null,
                                        "margin": {
                                            "unit": "px",
                                            "top": "0",
                                            "right": "10",
                                            "bottom": "20",
                                            "left": "10",
                                            "isLinked": false
                                        },
                                        "margin_mobile": {
                                            "unit": "px",
                                            "top": "0",
                                            "right": "0",
                                            "bottom": "30",
                                            "left": "0",
                                            "isLinked": false
                                        }
                                    },
                                    "elements": [
                                        {
                                            "id": "34009e49",
                                            "settings": {
                                                "selected_icon": {
                                                    "value": "fas fa-map-marker-alt",
                                                    "library": "fa-solid"
                                                },
                                                "title_text": "Our Address:",
                                                "description_text": "2808  Zimmerman Lane, <br>\nLos Angeles",
                                                "text_align": "left",
                                                "title_typography_typography": "custom",
                                                "title_typography_font_family": "Raleway",
                                                "title_typography_font_size": {
                                                    "unit": "px",
                                                    "size": 20,
                                                    "sizes": []
                                                },
                                                "title_typography_font_weight": "600",
                                                "_padding": {
                                                    "unit": "px",
                                                    "top": "20",
                                                    "right": "20",
                                                    "bottom": "20",
                                                    "left": "20",
                                                    "isLinked": true
                                                },
                                                "_background_background": "classic",
                                                "_background_color": "#FFFFFF",
                                                "_border_radius": {
                                                    "unit": "%",
                                                    "top": "",
                                                    "right": "",
                                                    "bottom": "",
                                                    "left": "",
                                                    "isLinked": true
                                                },
                                                "_box_shadow_box_shadow_type": "yes",
                                                "_box_shadow_box_shadow": {
                                                    "horizontal": 0,
                                                    "vertical": 0,
                                                    "blur": 30,
                                                    "spread": 0,
                                                    "color": "rgba(44.00000000000003, 18.00000000000001, 33.999999999999986, 0.1)"
                                                },
                                                "_box_shadow_hover_box_shadow_type": "yes",
                                                "_box_shadow_hover_box_shadow": {
                                                    "horizontal": 0,
                                                    "vertical": 0,
                                                    "blur": 10,
                                                    "spread": 0,
                                                    "color": "rgba(240.99999999999997, 220.99999999999997, 232.99999999999997, 0.35)"
                                                },
                                                "__globals__": {
                                                    "primary_color": "globals\/colors?id=8860f0b"
                                                },
                                                "text_align_mobile": "center",
                                                "text_align_tablet": "center"
                                            },
                                            "elements": [],
                                            "isInner": false,
                                            "widgetType": "icon-box",
                                            "elType": "widget"
                                        }
                                    ],
                                    "isInner": true,
                                    "elType": "column"
                                }
                            ],
                            "isInner": true,
                            "elType": "section"
                        },
                        {
                            "id": "17790a76",
                            "settings": [],
                            "elements": [
                                {
                                    "id": "482ba74e",
                                    "settings": {
                                        "_column_size": 100,
                                        "_inline_size": null,
                                        "margin": {
                                            "unit": "px",
                                            "top": "0",
                                            "right": "10",
                                            "bottom": "0",
                                            "left": "10",
                                            "isLinked": false
                                        },
                                        "margin_mobile": {
                                            "unit": "px",
                                            "top": "0",
                                            "right": "0",
                                            "bottom": "30",
                                            "left": "0",
                                            "isLinked": false
                                        }
                                    },
                                    "elements": [
                                        {
                                            "id": "743b82ac",
                                            "settings": {
                                                "selected_icon": {
                                                    "value": "fas fa-headphones-alt",
                                                    "library": "fa-solid"
                                                },
                                                "title_text": "Phone Contact:",
                                                "description_text": "+01 (1) 234 567 891<br>\n+01 (1) 234 567 891",
                                                "text_align": "left",
                                                "title_typography_typography": "custom",
                                                "title_typography_font_family": "Raleway",
                                                "title_typography_font_size": {
                                                    "unit": "px",
                                                    "size": 20,
                                                    "sizes": []
                                                },
                                                "title_typography_font_weight": "600",
                                                "_padding": {
                                                    "unit": "px",
                                                    "top": "20",
                                                    "right": "20",
                                                    "bottom": "20",
                                                    "left": "20",
                                                    "isLinked": true
                                                },
                                                "_background_background": "classic",
                                                "_background_color": "#FFFFFF",
                                                "_border_radius": {
                                                    "unit": "%",
                                                    "top": "",
                                                    "right": "",
                                                    "bottom": "",
                                                    "left": "",
                                                    "isLinked": true
                                                },
                                                "_box_shadow_box_shadow_type": "yes",
                                                "_box_shadow_box_shadow": {
                                                    "horizontal": 0,
                                                    "vertical": 0,
                                                    "blur": 30,
                                                    "spread": 0,
                                                    "color": "rgba(44.00000000000003, 18.00000000000001, 33.999999999999986, 0.1)"
                                                },
                                                "_box_shadow_hover_box_shadow_type": "yes",
                                                "_box_shadow_hover_box_shadow": {
                                                    "horizontal": 0,
                                                    "vertical": 0,
                                                    "blur": 10,
                                                    "spread": 0,
                                                    "color": "rgba(240.99999999999997, 220.99999999999997, 232.99999999999997, 0.35)"
                                                },
                                                "__globals__": {
                                                    "title_typography_typography": "",
                                                    "description_color": "globals\/colors?id=bfc9cd6",
                                                    "title_color": "globals\/colors?id=secondary",
                                                    "primary_color": "globals\/colors?id=8860f0b"
                                                },
                                                "text_align_mobile": "center",
                                                "text_align_tablet": "center"
                                            },
                                            "elements": [],
                                            "isInner": false,
                                            "widgetType": "icon-box",
                                            "elType": "widget"
                                        }
                                    ],
                                    "isInner": true,
                                    "elType": "column"
                                }
                            ],
                            "isInner": true,
                            "elType": "section"
                        }
                    ],
                    "isInner": false,
                    "elType": "column"
                }
            ],
            "isInner": false,
            "elType": "section"
        },
        {
            "id": "89e2811",
            "settings": {
                "content_width": {
                    "unit": "px",
                    "size": 1300,
                    "sizes": []
                },
                "structure": "40",
                "background_background": "classic",
                "border_border": "solid",
                "border_width": {
                    "unit": "px",
                    "top": "0",
                    "right": "30",
                    "bottom": "0",
                    "left": "30",
                    "isLinked": false
                },
                "border_width_mobile": {
                    "unit": "px",
                    "top": "0",
                    "right": "10",
                    "bottom": "0",
                    "left": "10",
                    "isLinked": false
                },
                "margin": {
                    "unit": "px",
                    "top": "100",
                    "right": 0,
                    "bottom": "0",
                    "left": 0,
                    "isLinked": false
                },
                "margin_tablet": {
                    "unit": "px",
                    "top": "30",
                    "right": 0,
                    "bottom": "0",
                    "left": 0,
                    "isLinked": false
                },
                "margin_mobile": {
                    "unit": "px",
                    "top": "0",
                    "right": 0,
                    "bottom": "0",
                    "left": 0,
                    "isLinked": false
                },
                "padding": {
                    "unit": "px",
                    "top": "50",
                    "right": "10",
                    "bottom": "50",
                    "left": "10",
                    "isLinked": false
                },
                "padding_mobile": {
                    "unit": "px",
                    "top": "0030",
                    "right": "0",
                    "bottom": "30",
                    "left": "0",
                    "isLinked": false
                },
                "__globals__": {
                    "background_color": "globals\/colors?id=secondary",
                    "border_color": "globals\/colors?id=accent"
                },
                "_title": "4 features"
            },
            "elements": [
                {
                    "id": "5a5e2f1",
                    "settings": {
                        "_column_size": 25,
                        "_inline_size": null,
                        "_inline_size_tablet": 50,
                        "margin": {
                            "unit": "px",
                            "top": "0",
                            "right": "020",
                            "bottom": "0",
                            "left": "0",
                            "isLinked": false
                        },
                        "margin_tablet": {
                            "unit": "px",
                            "top": "0",
                            "right": "0",
                            "bottom": "50",
                            "left": "0",
                            "isLinked": false
                        },
                        "margin_mobile": {
                            "unit": "px",
                            "top": "0",
                            "right": "0",
                            "bottom": "030",
                            "left": "0",
                            "isLinked": false
                        },
                        "padding_mobile": {
                            "unit": "px",
                            "top": "0",
                            "right": "0",
                            "bottom": "0",
                            "left": "0",
                            "isLinked": false
                        }
                    },
                    "elements": [
                        {
                            "id": "13b78654",
                            "settings": {
                                "image": {
                                    "url": "http:\/\/kits.mediumred.com\/subscriptionbox\/wp-content\/uploads\/2020\/10\/delivery-truck.png",
                                    "id": 974
                                },
                                "title_text": "Quick Delivery",
                                "description_text": "24 hour delivery",
                                "position": "left",
                                "image_size": {
                                    "unit": "%",
                                    "size": 23,
                                    "sizes": []
                                },
                                "text_align": "left",
                                "title_bottom_space": {
                                    "unit": "px",
                                    "size": 1,
                                    "sizes": []
                                },
                                "title_color": "#FFD6EE",
                                "title_typography_typography": "custom",
                                "title_typography_font_family": "Raleway",
                                "title_typography_font_size": {
                                    "unit": "px",
                                    "size": 20,
                                    "sizes": []
                                },
                                "title_typography_font_weight": "600",
                                "__globals__": {
                                    "title_color": "globals\/colors?id=primary",
                                    "title_typography_typography": "",
                                    "description_color": "globals\/colors?id=accent"
                                },
                                "hover_animation": "pop",
                                "image_opacity": {
                                    "unit": "px",
                                    "size": 1,
                                    "sizes": []
                                },
                                "text_align_mobile": "center"
                            },
                            "elements": [],
                            "isInner": false,
                            "widgetType": "image-box",
                            "elType": "widget"
                        }
                    ],
                    "isInner": false,
                    "elType": "column"
                },
                {
                    "id": "58dfe1e7",
                    "settings": {
                        "_column_size": 25,
                        "_inline_size": null,
                        "_inline_size_tablet": 50,
                        "margin": {
                            "unit": "px",
                            "top": "0",
                            "right": "20",
                            "bottom": "0",
                            "left": "0",
                            "isLinked": false
                        },
                        "margin_mobile": {
                            "unit": "px",
                            "top": "0",
                            "right": "0",
                            "bottom": "30",
                            "left": "0",
                            "isLinked": false
                        }
                    },
                    "elements": [
                        {
                            "id": "b659898",
                            "settings": {
                                "image": {
                                    "url": "http:\/\/kits.mediumred.com\/subscriptionbox\/wp-content\/uploads\/2020\/10\/credit-card-1.png",
                                    "id": 972
                                },
                                "title_text": "Secure Payment",
                                "description_text": "Credit Card or PayPal",
                                "position": "left",
                                "image_size": {
                                    "unit": "%",
                                    "size": 23,
                                    "sizes": []
                                },
                                "text_align": "left",
                                "title_bottom_space": {
                                    "unit": "px",
                                    "size": 1,
                                    "sizes": []
                                },
                                "title_color": "#FFD6EE",
                                "title_typography_typography": "custom",
                                "title_typography_font_family": "Raleway",
                                "title_typography_font_size": {
                                    "unit": "px",
                                    "size": 20,
                                    "sizes": []
                                },
                                "title_typography_font_weight": "600",
                                "__globals__": {
                                    "title_color": "globals\/colors?id=primary",
                                    "title_typography_typography": "",
                                    "description_color": "globals\/colors?id=accent"
                                },
                                "hover_animation": "pop",
                                "image_opacity": {
                                    "unit": "px",
                                    "size": 1,
                                    "sizes": []
                                },
                                "text_align_mobile": "center"
                            },
                            "elements": [],
                            "isInner": false,
                            "widgetType": "image-box",
                            "elType": "widget"
                        }
                    ],
                    "isInner": false,
                    "elType": "column"
                },
                {
                    "id": "668b391c",
                    "settings": {
                        "_column_size": 25,
                        "_inline_size": null,
                        "_inline_size_tablet": 50,
                        "margin": {
                            "unit": "px",
                            "top": "0",
                            "right": "20",
                            "bottom": "0",
                            "left": "0",
                            "isLinked": false
                        },
                        "margin_mobile": {
                            "unit": "px",
                            "top": "0",
                            "right": "0",
                            "bottom": "30",
                            "left": "0",
                            "isLinked": false
                        }
                    },
                    "elements": [
                        {
                            "id": "ccb1d62",
                            "settings": {
                                "image": {
                                    "url": "http:\/\/kits.mediumred.com\/subscriptionbox\/wp-content\/uploads\/2020\/10\/medal-2.png",
                                    "id": 971
                                },
                                "title_text": "Best Quality",
                                "description_text": "Our products are tested",
                                "position": "left",
                                "image_size": {
                                    "unit": "%",
                                    "size": 23,
                                    "sizes": []
                                },
                                "text_align": "left",
                                "title_bottom_space": {
                                    "unit": "px",
                                    "size": 1,
                                    "sizes": []
                                },
                                "title_color": "#FFD6EE",
                                "title_typography_typography": "custom",
                                "title_typography_font_family": "Raleway",
                                "title_typography_font_size": {
                                    "unit": "px",
                                    "size": 20,
                                    "sizes": []
                                },
                                "title_typography_font_weight": "600",
                                "__globals__": {
                                    "title_color": "globals\/colors?id=primary",
                                    "title_typography_typography": "",
                                    "description_color": "globals\/colors?id=accent"
                                },
                                "hover_animation": "pop",
                                "image_opacity": {
                                    "unit": "px",
                                    "size": 1,
                                    "sizes": []
                                },
                                "text_align_mobile": "center"
                            },
                            "elements": [],
                            "isInner": false,
                            "widgetType": "image-box",
                            "elType": "widget"
                        }
                    ],
                    "isInner": false,
                    "elType": "column"
                },
                {
                    "id": "24e8f0d1",
                    "settings": {
                        "_column_size": 25,
                        "_inline_size": null,
                        "_inline_size_tablet": 50,
                        "margin": {
                            "unit": "px",
                            "top": "0",
                            "right": "20",
                            "bottom": "0",
                            "left": "0",
                            "isLinked": false
                        },
                        "margin_mobile": {
                            "unit": "px",
                            "top": "0",
                            "right": "0",
                            "bottom": "30",
                            "left": "0",
                            "isLinked": false
                        }
                    },
                    "elements": [
                        {
                            "id": "b4be24b",
                            "settings": {
                                "image": {
                                    "url": "http:\/\/kits.mediumred.com\/subscriptionbox\/wp-content\/uploads\/2020\/10\/return-of-investment.png",
                                    "id": 978
                                },
                                "title_text": "Free Returns",
                                "description_text": "Within 3 weeks of payment",
                                "position": "left",
                                "image_size": {
                                    "unit": "%",
                                    "size": 23,
                                    "sizes": []
                                },
                                "text_align": "left",
                                "title_bottom_space": {
                                    "unit": "px",
                                    "size": 1,
                                    "sizes": []
                                },
                                "title_color": "#FFD6EE",
                                "title_typography_typography": "custom",
                                "title_typography_font_family": "Raleway",
                                "title_typography_font_size": {
                                    "unit": "px",
                                    "size": 20,
                                    "sizes": []
                                },
                                "title_typography_font_weight": "600",
                                "__globals__": {
                                    "title_color": "globals\/colors?id=primary",
                                    "title_typography_typography": "",
                                    "description_color": "globals\/colors?id=accent"
                                },
                                "hover_animation": "pop",
                                "image_opacity": {
                                    "unit": "px",
                                    "size": 1,
                                    "sizes": []
                                },
                                "text_align_mobile": "center"
                            },
                            "elements": [],
                            "isInner": false,
                            "widgetType": "image-box",
                            "elType": "widget"
                        }
                    ],
                    "isInner": false,
                    "elType": "column"
                }
            ],
            "isInner": false,
            "elType": "section"
        }
    ]
}