{
    "version": "0.4",
    "title": "Shop Page",
    "type": "product-archive",
    "metadata": {
        "template_type": "archive-product",
        "include_in_zip": "1",
        "elementor_pro_required": "1",
        "elementor_library_type": "product-archive",
        "elementor_pro_conditions": [
            "include\/product_archive"
        ],
        "additional_template_information": [
            "This is a \"Product Archive\" template for Elementor Pro.",
            "This template will display on: All Product Archives."
        ],
        "wp_page_template": "default"
    },
    "content": [
        {
            "id": "35b66789",
            "settings": {
                "layout": "full_width",
                "content_position": "top",
                "background_background": "classic",
                "background_image": {
                    "url": "http:\/\/kits.mediumred.com\/subscriptionbox\/wp-content\/uploads\/2020\/10\/header-lines.png",
                    "id": 183
                },
                "background_position": "center center",
                "border_border": "solid",
                "border_width": {
                    "unit": "px",
                    "top": "30",
                    "right": "30",
                    "bottom": "0",
                    "left": "30",
                    "isLinked": false
                },
                "margin": {
                    "unit": "%",
                    "top": "",
                    "right": 0,
                    "bottom": "",
                    "left": 0,
                    "isLinked": true
                },
                "__globals__": {
                    "background_color": "",
                    "border_color": "globals\/colors?id=accent"
                },
                "background_overlay_background": "classic",
                "padding": {
                    "unit": "%",
                    "top": "10",
                    "right": "5",
                    "bottom": "0",
                    "left": "5",
                    "isLinked": false
                },
                "background_overlay_image": {
                    "url": "http:\/\/kits.mediumred.com\/subscriptionbox\/wp-content\/uploads\/2020\/10\/Rectangle-16-1.png",
                    "id": 914
                },
                "background_overlay_position": "bottom left",
                "background_overlay_repeat": "no-repeat",
                "background_overlay_opacity": {
                    "unit": "px",
                    "size": 1,
                    "sizes": []
                },
                "overflow": "hidden",
                "background_color": "#FFD6EE",
                "border_color": "#FFFFFF",
                "border_width_mobile": {
                    "unit": "px",
                    "top": "10",
                    "right": "10",
                    "bottom": "10",
                    "left": "10",
                    "isLinked": true
                }
            },
            "elements": [
                {
                    "id": "569ab927",
                    "settings": {
                        "_column_size": 100,
                        "_inline_size": null
                    },
                    "elements": [
                        {
                            "id": "e88532a",
                            "settings": {
                                "content_width": {
                                    "unit": "px",
                                    "size": 1300,
                                    "sizes": []
                                },
                                "structure": "20",
                                "padding": {
                                    "unit": "px",
                                    "top": "50",
                                    "right": "0",
                                    "bottom": "0",
                                    "left": "0",
                                    "isLinked": false
                                },
                                "background_position": "initial",
                                "background_xpos": {
                                    "unit": "px",
                                    "size": 640,
                                    "sizes": []
                                },
                                "background_ypos": {
                                    "unit": "px",
                                    "size": -66,
                                    "sizes": []
                                },
                                "background_repeat": "no-repeat",
                                "background_size": "initial",
                                "background_motion_fx_translateY_effect": "yes",
                                "background_motion_fx_translateY_direction": "negative",
                                "background_motion_fx_translateY_speed": {
                                    "unit": "px",
                                    "size": 1.899999999999999911182158029987476766109466552734375,
                                    "sizes": []
                                },
                                "background_motion_fx_translateY_affectedRange": {
                                    "unit": "%",
                                    "size": "",
                                    "sizes": {
                                        "start": 0,
                                        "end": 85
                                    }
                                },
                                "background_motion_fx_opacity_effect": "yes",
                                "background_motion_fx_opacity_level": {
                                    "unit": "px",
                                    "size": 4.5,
                                    "sizes": []
                                },
                                "background_motion_fx_opacity_range": {
                                    "unit": "%",
                                    "size": "",
                                    "sizes": {
                                        "start": 0,
                                        "end": 100
                                    }
                                },
                                "background_motion_fx_devices": [
                                    "desktop"
                                ],
                                "background_overlay_position": "initial",
                                "background_overlay_xpos": {
                                    "unit": "px",
                                    "size": 723,
                                    "sizes": []
                                },
                                "background_overlay_repeat": "no-repeat",
                                "background_overlay_size": "initial",
                                "background_overlay_opacity": {
                                    "unit": "px",
                                    "size": 1,
                                    "sizes": []
                                },
                                "background_bg_width": {
                                    "unit": "%",
                                    "size": 61,
                                    "sizes": []
                                },
                                "background_motion_fx_motion_fx_mouse": "yes",
                                "background_motion_fx_mouseTrack_speed": {
                                    "unit": "px",
                                    "size": 0.200000000000000011102230246251565404236316680908203125,
                                    "sizes": []
                                },
                                "background_overlay_bg_width": {
                                    "unit": "%",
                                    "size": 67,
                                    "sizes": []
                                },
                                "padding_tablet": {
                                    "unit": "px",
                                    "top": "0",
                                    "right": "0",
                                    "bottom": "0",
                                    "left": "0",
                                    "isLinked": false
                                }
                            },
                            "elements": [
                                {
                                    "id": "7e1ca845",
                                    "settings": {
                                        "_column_size": 50,
                                        "_inline_size": null,
                                        "_inline_size_tablet": 100
                                    },
                                    "elements": [
                                        {
                                            "id": "73795911",
                                            "settings": {
                                                "title": "Contact",
                                                "typography_typography": "custom",
                                                "typography_font_size": {
                                                    "unit": "px",
                                                    "size": 120,
                                                    "sizes": []
                                                },
                                                "__globals__": {
                                                    "title_color": "globals\/colors?id=secondary"
                                                },
                                                "_margin": {
                                                    "unit": "px",
                                                    "top": "0",
                                                    "right": "0",
                                                    "bottom": "0",
                                                    "left": "0",
                                                    "isLinked": false
                                                },
                                                "_padding": {
                                                    "unit": "px",
                                                    "top": "0",
                                                    "right": "0",
                                                    "bottom": "0",
                                                    "left": "0",
                                                    "isLinked": false
                                                },
                                                "align_tablet": "center",
                                                "typography_font_size_mobile": {
                                                    "unit": "px",
                                                    "size": 60,
                                                    "sizes": []
                                                },
                                                "__dynamic__": {
                                                    "title": "[elementor-tag id=\"a48adb0\" name=\"archive-title\" settings=\"%7B%22include_context%22%3A%22%22%7D\"]"
                                                }
                                            },
                                            "elements": [],
                                            "isInner": false,
                                            "widgetType": "heading",
                                            "elType": "widget"
                                        }
                                    ],
                                    "isInner": true,
                                    "elType": "column"
                                },
                                {
                                    "id": "57a282c4",
                                    "settings": {
                                        "_column_size": 50,
                                        "_inline_size": null,
                                        "_inline_size_tablet": 100
                                    },
                                    "elements": [
                                        {
                                            "id": "4d68607d",
                                            "settings": {
                                                "title": "Time Until Next Shipment:",
                                                "typography_typography": "custom",
                                                "typography_font_family": "Raleway",
                                                "typography_font_size": {
                                                    "unit": "px",
                                                    "size": 13,
                                                    "sizes": []
                                                },
                                                "typography_text_transform": "uppercase",
                                                "typography_letter_spacing": {
                                                    "unit": "px",
                                                    "size": 1.5,
                                                    "sizes": []
                                                },
                                                "_margin": {
                                                    "unit": "px",
                                                    "top": "50",
                                                    "right": "0",
                                                    "bottom": "-50",
                                                    "left": "0",
                                                    "isLinked": false
                                                },
                                                "_padding": {
                                                    "unit": "px",
                                                    "top": "0",
                                                    "right": "0",
                                                    "bottom": "0",
                                                    "left": "0",
                                                    "isLinked": false
                                                },
                                                "__globals__": {
                                                    "title_color": "globals\/colors?id=secondary"
                                                },
                                                "align_tablet": "center",
                                                "_margin_mobile": {
                                                    "unit": "px",
                                                    "top": "0",
                                                    "right": "0",
                                                    "bottom": "0",
                                                    "left": "0",
                                                    "isLinked": false
                                                }
                                            },
                                            "elements": [],
                                            "isInner": false,
                                            "widgetType": "heading",
                                            "elType": "widget"
                                        },
                                        {
                                            "id": "78eba016",
                                            "settings": {
                                                "show_days": "",
                                                "label_days": "Days",
                                                "label_hours": "Hours",
                                                "label_minutes": "Minutes",
                                                "label_seconds": "Seconds",
                                                "box_background_color": "#02010100",
                                                "box_spacing": {
                                                    "unit": "px",
                                                    "size": 59,
                                                    "sizes": []
                                                },
                                                "digits_color": "#FFFFFF",
                                                "digits_typography_typography": "custom",
                                                "digits_typography_font_family": "Roboto",
                                                "digits_typography_font_size": {
                                                    "unit": "px",
                                                    "size": 180,
                                                    "sizes": []
                                                },
                                                "digits_typography_font_weight": "900",
                                                "digits_typography_letter_spacing": {
                                                    "unit": "px",
                                                    "size": -28,
                                                    "sizes": []
                                                },
                                                "_margin": {
                                                    "unit": "px",
                                                    "top": "0",
                                                    "right": "0",
                                                    "bottom": "-120",
                                                    "left": "0",
                                                    "isLinked": false
                                                },
                                                "digits_typography_font_size_mobile": {
                                                    "unit": "px",
                                                    "size": 80,
                                                    "sizes": []
                                                },
                                                "digits_typography_letter_spacing_mobile": {
                                                    "unit": "px",
                                                    "size": -9,
                                                    "sizes": []
                                                },
                                                "_margin_mobile": {
                                                    "unit": "px",
                                                    "top": "0",
                                                    "right": "0",
                                                    "bottom": "-80",
                                                    "left": "0",
                                                    "isLinked": false
                                                },
                                                "due_date": "2020-11-10 06:51",
                                                "label_typography_typography": "custom",
                                                "label_typography_font_family": "Raleway",
                                                "label_typography_font_size": {
                                                    "unit": "px",
                                                    "size": 16,
                                                    "sizes": []
                                                },
                                                "label_typography_font_weight": "400",
                                                "label_typography_text_transform": "uppercase",
                                                "__globals__": {
                                                    "label_typography_typography": ""
                                                }
                                            },
                                            "elements": [],
                                            "isInner": false,
                                            "widgetType": "countdown",
                                            "elType": "widget"
                                        }
                                    ],
                                    "isInner": true,
                                    "elType": "column"
                                }
                            ],
                            "isInner": true,
                            "elType": "section"
                        }
                    ],
                    "isInner": false,
                    "elType": "column"
                }
            ],
            "isInner": false,
            "elType": "section"
        },
        {
            "id": "83bb5c6",
            "settings": {
                "padding": {
                    "unit": "px",
                    "top": "50",
                    "right": "0",
                    "bottom": "0",
                    "left": "0",
                    "isLinked": false
                },
                "_timestamp_": "v1ckFOT09CQ2VMZ09uNzlqVTNaKzlFZz09",
                "content_width": {
                    "unit": "px",
                    "size": 1300,
                    "sizes": []
                },
                "padding_tablet": {
                    "unit": "px",
                    "top": "50",
                    "right": "20",
                    "bottom": "50",
                    "left": "20",
                    "isLinked": false
                },
                "padding_mobile": {
                    "unit": "px",
                    "top": "050",
                    "right": "10",
                    "bottom": "0",
                    "left": "10",
                    "isLinked": false
                }
            },
            "elements": [
                {
                    "id": "676c7d3d",
                    "settings": {
                        "_column_size": 100
                    },
                    "elements": [
                        {
                            "id": "198d3cb9",
                            "settings": {
                                "column_gap": {
                                    "unit": "px",
                                    "size": 40
                                },
                                "row_gap": {
                                    "unit": "px",
                                    "size": 70
                                },
                                "align": "center",
                                "image_border_width": {
                                    "unit": "px",
                                    "top": "1",
                                    "right": "1",
                                    "bottom": "1",
                                    "left": "1",
                                    "isLinked": true
                                },
                                "image_spacing": {
                                    "unit": "px",
                                    "size": 12
                                },
                                "title_typography_typography": "custom",
                                "title_typography_font_family": "Raleway",
                                "title_spacing": {
                                    "unit": "px",
                                    "size": ""
                                },
                                "star_color": "#000000",
                                "star_size": {
                                    "unit": "em",
                                    "size": 0.5
                                },
                                "price_color": "#E08597",
                                "price_typography_typography": "custom",
                                "price_typography_font_family": "Raleway",
                                "old_price_color": "#000000",
                                "old_price_typography_typography": "custom",
                                "old_price_typography_font_family": "Raleway",
                                "old_price_typography_font_weight": "300",
                                "button_border_color": "#000000",
                                "button_typography_typography": "custom",
                                "button_typography_text_transform": "uppercase",
                                "button_border_border": "solid",
                                "button_border_width": {
                                    "unit": "px",
                                    "top": "1",
                                    "right": "1",
                                    "bottom": "1",
                                    "left": "1",
                                    "isLinked": true
                                },
                                "button_border_radius": {
                                    "unit": "px",
                                    "top": "3",
                                    "right": "3",
                                    "bottom": "3",
                                    "left": "3",
                                    "isLinked": true
                                },
                                "button_spacing": {
                                    "unit": "px",
                                    "size": ""
                                },
                                "nothing_found_message": "It seems we can't find what you're looking for.",
                                "title_color": "#3C294E",
                                "title_typography_font_size": {
                                    "unit": "px",
                                    "size": 20,
                                    "sizes": []
                                },
                                "title_typography_font_weight": "600",
                                "price_typography_font_size": {
                                    "unit": "px",
                                    "size": 16,
                                    "sizes": []
                                },
                                "price_typography_font_weight": "400",
                                "old_price_typography_font_size": {
                                    "unit": "px",
                                    "size": 16,
                                    "sizes": []
                                },
                                "button_typography_font_size": {
                                    "unit": "px",
                                    "size": 13,
                                    "sizes": []
                                },
                                "button_typography_font_weight": "500",
                                "button_typography_letter_spacing": {
                                    "unit": "px",
                                    "size": 1.5,
                                    "sizes": []
                                },
                                "button_text_padding": {
                                    "unit": "px",
                                    "top": "15",
                                    "right": "20",
                                    "bottom": "15",
                                    "left": "20",
                                    "isLinked": false
                                },
                                "box_border_width": {
                                    "unit": "px",
                                    "top": "0",
                                    "right": "0",
                                    "bottom": "0",
                                    "left": "0",
                                    "isLinked": true
                                },
                                "box_padding": {
                                    "unit": "px",
                                    "top": "0",
                                    "right": "0",
                                    "bottom": "40",
                                    "left": "0",
                                    "isLinked": false
                                },
                                "box_bg_color": "#F9F8F7",
                                "__globals__": {
                                    "title_color": "globals\/colors?id=secondary",
                                    "price_typography_typography": "",
                                    "button_text_color": "globals\/colors?id=accent",
                                    "button_background_color": "globals\/colors?id=secondary",
                                    "box_bg_color_hover": "globals\/colors?id=accent",
                                    "button_hover_background_color": "globals\/colors?id=8860f0b",
                                    "button_hover_border_color": "globals\/colors?id=8860f0b"
                                },
                                "show_onsale_flash": ""
                            },
                            "elements": [],
                            "isInner": false,
                            "widgetType": "wc-archive-products",
                            "elType": "widget"
                        }
                    ],
                    "isInner": false,
                    "elType": "column"
                }
            ],
            "isInner": false,
            "elType": "section"
        },
        {
            "id": "47ec4d16",
            "settings": {
                "content_width": {
                    "unit": "px",
                    "size": 1300,
                    "sizes": []
                },
                "margin": {
                    "unit": "px",
                    "top": "50",
                    "right": 0,
                    "bottom": "0",
                    "left": 0,
                    "isLinked": false
                },
                "background_background": "classic",
                "background_image": {
                    "url": "http:\/\/kits.mediumred.com\/subscriptionbox\/wp-content\/uploads\/2020\/10\/makeup-AZFLPKJ-3.jpg",
                    "id": 870
                },
                "background_overlay_background": "classic",
                "background_overlay_opacity": {
                    "unit": "px",
                    "size": 0.7399999999999999911182158029987476766109466552734375,
                    "sizes": []
                },
                "border_border": "solid",
                "border_width": {
                    "unit": "px",
                    "top": "30",
                    "right": "30",
                    "bottom": "0",
                    "left": "30",
                    "isLinked": false
                },
                "border_color": "#FFFFFF",
                "padding": {
                    "unit": "px",
                    "top": "100",
                    "right": "100",
                    "bottom": "100",
                    "left": "100",
                    "isLinked": true
                },
                "__globals__": {
                    "background_overlay_color": ""
                },
                "background_overlay_color": "#F9F8F7",
                "z_index": 1,
                "margin_tablet": {
                    "unit": "px",
                    "top": "0",
                    "right": 0,
                    "bottom": "0",
                    "left": 0,
                    "isLinked": false
                },
                "padding_tablet": {
                    "unit": "px",
                    "top": "50",
                    "right": "0",
                    "bottom": "50",
                    "left": "0",
                    "isLinked": false
                },
                "background_repeat_mobile": "no-repeat",
                "background_size_mobile": "cover",
                "border_width_mobile": {
                    "unit": "px",
                    "top": "10",
                    "right": "10",
                    "bottom": "10",
                    "left": "10",
                    "isLinked": true
                },
                "background_position": "center center",
                "background_repeat": "no-repeat",
                "background_size": "cover"
            },
            "elements": [
                {
                    "id": "77592ad3",
                    "settings": {
                        "_column_size": 100,
                        "_inline_size": null
                    },
                    "elements": [
                        {
                            "id": "59c91546",
                            "settings": {
                                "title": "Join hundreds of happy clients",
                                "align": "center",
                                "_margin": {
                                    "unit": "px",
                                    "top": "0",
                                    "right": "0",
                                    "bottom": "0",
                                    "left": "0",
                                    "isLinked": false
                                },
                                "typography_typography": "custom",
                                "typography_font_family": "Abril Fatface",
                                "typography_font_size": {
                                    "unit": "px",
                                    "size": 45,
                                    "sizes": []
                                },
                                "title_color": "#3C294E",
                                "typography_font_weight": "400",
                                "__globals__": {
                                    "typography_typography": "",
                                    "title_color": "globals\/colors?id=secondary"
                                },
                                "_padding_mobile": {
                                    "unit": "px",
                                    "top": "0",
                                    "right": "10",
                                    "bottom": "0",
                                    "left": "10",
                                    "isLinked": false
                                }
                            },
                            "elements": [],
                            "isInner": false,
                            "widgetType": "heading",
                            "elType": "widget"
                        },
                        {
                            "id": "4d0e87a2",
                            "settings": {
                                "typography_typography": "custom",
                                "typography_font_family": "Raleway",
                                "typography_font_size": {
                                    "unit": "px",
                                    "size": 16,
                                    "sizes": []
                                },
                                "typography_font_weight": "400",
                                "_margin": {
                                    "unit": "px",
                                    "top": "20",
                                    "right": "0",
                                    "bottom": "0",
                                    "left": "0",
                                    "isLinked": false
                                },
                                "align_tablet": "center",
                                "__globals__": {
                                    "typography_typography": "",
                                    "text_color": "globals\/colors?id=secondary"
                                },
                                "align": "center",
                                "_padding": {
                                    "unit": "%",
                                    "top": "0",
                                    "right": "25",
                                    "bottom": "0",
                                    "left": "25",
                                    "isLinked": false
                                },
                                "_padding_tablet": {
                                    "unit": "px",
                                    "top": "0",
                                    "right": "30",
                                    "bottom": "0",
                                    "left": "30",
                                    "isLinked": false
                                },
                                "_padding_mobile": {
                                    "unit": "px",
                                    "top": "0",
                                    "right": "10",
                                    "bottom": "0",
                                    "left": "10",
                                    "isLinked": false
                                }
                            },
                            "elements": [],
                            "isInner": false,
                            "widgetType": "text-editor",
                            "elType": "widget"
                        },
                        {
                            "id": "45f9d02c",
                            "settings": {
                                "form_name": "New Form",
                                "form_fields": [
                                    {
                                        "custom_id": "email",
                                        "field_type": "email",
                                        "required": "true",
                                        "field_label": "Email",
                                        "placeholder": "Email",
                                        "width": "80",
                                        "_id": "89ee129"
                                    }
                                ],
                                "input_size": "lg",
                                "show_labels": "",
                                "button_size": "lg",
                                "button_width": "20",
                                "step_next_label": "Next",
                                "step_previous_label": "Previous",
                                "button_text": "Newsletter",
                                "email_content": "[all-fields]",
                                "email_content_2": "[all-fields]",
                                "success_message": "The form was sent successfully.",
                                "error_message": "An error occurred.",
                                "required_field_message": "This field is required.",
                                "invalid_message": "There's something wrong. The form is invalid.",
                                "column_gap": {
                                    "unit": "px",
                                    "size": 9,
                                    "sizes": []
                                },
                                "field_text_color": "#D1D1D1",
                                "field_border_color": "#E7E7E7",
                                "field_border_width": {
                                    "unit": "px",
                                    "top": "1",
                                    "right": "1",
                                    "bottom": "1",
                                    "left": "1",
                                    "isLinked": true
                                },
                                "field_border_radius": {
                                    "unit": "px",
                                    "top": "3",
                                    "right": "3",
                                    "bottom": "3",
                                    "left": "3",
                                    "isLinked": true
                                },
                                "button_typography_typography": "custom",
                                "button_typography_font_family": "Raleway",
                                "button_typography_font_size": {
                                    "unit": "px",
                                    "size": 13,
                                    "sizes": []
                                },
                                "button_typography_font_weight": "500",
                                "button_typography_text_transform": "uppercase",
                                "button_typography_letter_spacing": {
                                    "unit": "px",
                                    "size": 1.5,
                                    "sizes": []
                                },
                                "button_background_color": "#3C294E",
                                "button_border_radius": {
                                    "unit": "px",
                                    "top": "3",
                                    "right": "3",
                                    "bottom": "3",
                                    "left": "3",
                                    "isLinked": true
                                },
                                "_padding": {
                                    "unit": "%",
                                    "top": "0",
                                    "right": "35",
                                    "bottom": "0",
                                    "left": "28",
                                    "isLinked": false
                                },
                                "__globals__": {
                                    "button_background_color": "",
                                    "button_typography_typography": ""
                                },
                                "_padding_tablet": {
                                    "unit": "px",
                                    "top": "0",
                                    "right": "100",
                                    "bottom": "0",
                                    "left": "30",
                                    "isLinked": false
                                },
                                "_padding_mobile": {
                                    "unit": "px",
                                    "top": "0",
                                    "right": "0",
                                    "bottom": "0",
                                    "left": "0",
                                    "isLinked": false
                                }
                            },
                            "elements": [],
                            "isInner": false,
                            "widgetType": "form",
                            "elType": "widget"
                        },
                        {
                            "id": "5be8896b",
                            "settings": {
                                "structure": "30",
                                "margin": {
                                    "unit": "px",
                                    "top": "50",
                                    "right": 0,
                                    "bottom": "0",
                                    "left": 0,
                                    "isLinked": false
                                }
                            },
                            "elements": [
                                {
                                    "id": "1d61666f",
                                    "settings": {
                                        "_column_size": 33,
                                        "_inline_size": null
                                    },
                                    "elements": [
                                        {
                                            "id": "74da79c1",
                                            "settings": {
                                                "ending_number": 278,
                                                "title": "Boxes Sent",
                                                "typography_number_typography": "custom",
                                                "typography_number_font_family": "Abril Fatface",
                                                "typography_number_font_size": {
                                                    "unit": "px",
                                                    "size": 60,
                                                    "sizes": []
                                                },
                                                "typography_number_font_weight": "600",
                                                "typography_title_typography": "custom",
                                                "typography_title_font_weight": "600",
                                                "__globals__": {
                                                    "number_color": "globals\/colors?id=8860f0b",
                                                    "typography_number_typography": "",
                                                    "title_color": "globals\/colors?id=secondary"
                                                }
                                            },
                                            "elements": [],
                                            "isInner": false,
                                            "widgetType": "counter",
                                            "elType": "widget"
                                        }
                                    ],
                                    "isInner": true,
                                    "elType": "column"
                                },
                                {
                                    "id": "16d42b33",
                                    "settings": {
                                        "_column_size": 33,
                                        "_inline_size": null
                                    },
                                    "elements": [
                                        {
                                            "id": "5fe346d3",
                                            "settings": {
                                                "ending_number": 198,
                                                "prefix": "$",
                                                "title": "Market Value\/Box",
                                                "number_color": "#E08597",
                                                "typography_number_typography": "custom",
                                                "typography_number_font_family": "Abril Fatface",
                                                "typography_number_font_size": {
                                                    "unit": "px",
                                                    "size": 60,
                                                    "sizes": []
                                                },
                                                "typography_number_font_weight": "600",
                                                "typography_title_typography": "custom",
                                                "typography_title_font_weight": "600",
                                                "__globals__": {
                                                    "number_color": "",
                                                    "typography_number_typography": "",
                                                    "title_color": "globals\/colors?id=secondary"
                                                },
                                                "title_color": "#3C294E"
                                            },
                                            "elements": [],
                                            "isInner": false,
                                            "widgetType": "counter",
                                            "elType": "widget"
                                        }
                                    ],
                                    "isInner": true,
                                    "elType": "column"
                                },
                                {
                                    "id": "86d462",
                                    "settings": {
                                        "_column_size": 33,
                                        "_inline_size": null
                                    },
                                    "elements": [
                                        {
                                            "id": "30b461cb",
                                            "settings": {
                                                "ending_number": 278,
                                                "title": "Boxes Sent",
                                                "number_color": "#E08597",
                                                "typography_number_typography": "custom",
                                                "typography_number_font_family": "Abril Fatface",
                                                "typography_number_font_size": {
                                                    "unit": "px",
                                                    "size": 60,
                                                    "sizes": []
                                                },
                                                "typography_number_font_weight": "600",
                                                "typography_title_typography": "custom",
                                                "typography_title_font_weight": "600",
                                                "__globals__": {
                                                    "number_color": "",
                                                    "typography_number_typography": "",
                                                    "title_color": "globals\/colors?id=secondary"
                                                },
                                                "title_color": "#3C294E"
                                            },
                                            "elements": [],
                                            "isInner": false,
                                            "widgetType": "counter",
                                            "elType": "widget"
                                        }
                                    ],
                                    "isInner": true,
                                    "elType": "column"
                                }
                            ],
                            "isInner": true,
                            "elType": "section"
                        }
                    ],
                    "isInner": false,
                    "elType": "column"
                }
            ],
            "isInner": false,
            "elType": "section"
        }
    ],
    "page_settings": {
        "page_template": "elementor_header_footer"
    }
}