{
    "version": "0.4",
    "title": "Single Product",
    "type": "product",
    "metadata": {
        "template_type": "single-product",
        "include_in_zip": "1",
        "elementor_pro_required": "1",
        "elementor_library_type": "product",
        "elementor_pro_conditions": [
            "include\/product"
        ],
        "additional_template_information": [
            "This is a \"Product\" template for Elementor Pro.",
            "This template will display on: Products."
        ],
        "wp_page_template": "default"
    },
    "content": [
        {
            "id": "1ee87d0c",
            "settings": {
                "layout": "full_width",
                "content_position": "top",
                "background_background": "classic",
                "background_image": {
                    "url": "http:\/\/kits.mediumred.com\/subscriptionbox\/wp-content\/uploads\/2020\/10\/header-lines.png",
                    "id": 183
                },
                "background_position": "center center",
                "border_border": "solid",
                "border_width": {
                    "unit": "px",
                    "top": "30",
                    "right": "30",
                    "bottom": "0",
                    "left": "30",
                    "isLinked": false
                },
                "margin": {
                    "unit": "%",
                    "top": "",
                    "right": 0,
                    "bottom": "",
                    "left": 0,
                    "isLinked": true
                },
                "__globals__": {
                    "background_color": "",
                    "border_color": "globals\/colors?id=accent"
                },
                "background_overlay_background": "classic",
                "padding": {
                    "unit": "%",
                    "top": "10",
                    "right": "5",
                    "bottom": "0",
                    "left": "5",
                    "isLinked": false
                },
                "background_overlay_image": {
                    "url": "http:\/\/kits.mediumred.com\/subscriptionbox\/wp-content\/uploads\/2020\/10\/Rectangle-16-1.png",
                    "id": 914
                },
                "background_overlay_position": "bottom left",
                "background_overlay_repeat": "no-repeat",
                "background_overlay_opacity": {
                    "unit": "px",
                    "size": 1,
                    "sizes": []
                },
                "overflow": "hidden",
                "background_color": "#FFD6EE",
                "border_color": "#FFFFFF",
                "border_width_mobile": {
                    "unit": "px",
                    "top": "10",
                    "right": "10",
                    "bottom": "10",
                    "left": "10",
                    "isLinked": true
                }
            },
            "elements": [
                {
                    "id": "635a3d74",
                    "settings": {
                        "_column_size": 100,
                        "_inline_size": null
                    },
                    "elements": [
                        {
                            "id": "602b577e",
                            "settings": {
                                "content_width": {
                                    "unit": "px",
                                    "size": 1300,
                                    "sizes": []
                                },
                                "structure": "20",
                                "padding": {
                                    "unit": "px",
                                    "top": "50",
                                    "right": "0",
                                    "bottom": "0",
                                    "left": "0",
                                    "isLinked": false
                                },
                                "background_position": "initial",
                                "background_xpos": {
                                    "unit": "px",
                                    "size": 640,
                                    "sizes": []
                                },
                                "background_ypos": {
                                    "unit": "px",
                                    "size": -66,
                                    "sizes": []
                                },
                                "background_repeat": "no-repeat",
                                "background_size": "initial",
                                "background_motion_fx_translateY_effect": "yes",
                                "background_motion_fx_translateY_direction": "negative",
                                "background_motion_fx_translateY_speed": {
                                    "unit": "px",
                                    "size": 1.899999999999999911182158029987476766109466552734375,
                                    "sizes": []
                                },
                                "background_motion_fx_translateY_affectedRange": {
                                    "unit": "%",
                                    "size": "",
                                    "sizes": {
                                        "start": 0,
                                        "end": 85
                                    }
                                },
                                "background_motion_fx_opacity_effect": "yes",
                                "background_motion_fx_opacity_level": {
                                    "unit": "px",
                                    "size": 4.5,
                                    "sizes": []
                                },
                                "background_motion_fx_opacity_range": {
                                    "unit": "%",
                                    "size": "",
                                    "sizes": {
                                        "start": 0,
                                        "end": 100
                                    }
                                },
                                "background_motion_fx_devices": [
                                    "desktop"
                                ],
                                "background_overlay_position": "initial",
                                "background_overlay_xpos": {
                                    "unit": "px",
                                    "size": 723,
                                    "sizes": []
                                },
                                "background_overlay_repeat": "no-repeat",
                                "background_overlay_size": "initial",
                                "background_overlay_opacity": {
                                    "unit": "px",
                                    "size": 1,
                                    "sizes": []
                                },
                                "background_bg_width": {
                                    "unit": "%",
                                    "size": 61,
                                    "sizes": []
                                },
                                "background_motion_fx_motion_fx_mouse": "yes",
                                "background_motion_fx_mouseTrack_speed": {
                                    "unit": "px",
                                    "size": 0.200000000000000011102230246251565404236316680908203125,
                                    "sizes": []
                                },
                                "background_overlay_bg_width": {
                                    "unit": "%",
                                    "size": 67,
                                    "sizes": []
                                },
                                "padding_tablet": {
                                    "unit": "px",
                                    "top": "0",
                                    "right": "0",
                                    "bottom": "0",
                                    "left": "0",
                                    "isLinked": false
                                }
                            },
                            "elements": [
                                {
                                    "id": "7d3ad6cb",
                                    "settings": {
                                        "_column_size": 50,
                                        "_inline_size": null,
                                        "_inline_size_tablet": 100
                                    },
                                    "elements": [
                                        {
                                            "id": "47947dd7",
                                            "settings": {
                                                "title": "Previous",
                                                "typography_typography": "custom",
                                                "typography_font_size": {
                                                    "unit": "px",
                                                    "size": 120,
                                                    "sizes": []
                                                },
                                                "__globals__": {
                                                    "title_color": "globals\/colors?id=secondary"
                                                },
                                                "_margin": {
                                                    "unit": "px",
                                                    "top": "0",
                                                    "right": "0",
                                                    "bottom": "0",
                                                    "left": "0",
                                                    "isLinked": false
                                                },
                                                "_padding": {
                                                    "unit": "px",
                                                    "top": "0",
                                                    "right": "0",
                                                    "bottom": "0",
                                                    "left": "0",
                                                    "isLinked": false
                                                },
                                                "align_tablet": "center",
                                                "typography_font_size_mobile": {
                                                    "unit": "px",
                                                    "size": 60,
                                                    "sizes": []
                                                },
                                                "__dynamic__": []
                                            },
                                            "elements": [],
                                            "isInner": false,
                                            "widgetType": "heading",
                                            "elType": "widget"
                                        }
                                    ],
                                    "isInner": true,
                                    "elType": "column"
                                },
                                {
                                    "id": "a393dfa",
                                    "settings": {
                                        "_column_size": 50,
                                        "_inline_size": null,
                                        "_inline_size_tablet": 100
                                    },
                                    "elements": [
                                        {
                                            "id": "32fdc2d1",
                                            "settings": {
                                                "title": "Time Until Next Shipment:",
                                                "typography_typography": "custom",
                                                "typography_font_family": "Raleway",
                                                "typography_font_size": {
                                                    "unit": "px",
                                                    "size": 13,
                                                    "sizes": []
                                                },
                                                "typography_text_transform": "uppercase",
                                                "typography_letter_spacing": {
                                                    "unit": "px",
                                                    "size": 1.5,
                                                    "sizes": []
                                                },
                                                "_margin": {
                                                    "unit": "px",
                                                    "top": "50",
                                                    "right": "0",
                                                    "bottom": "-50",
                                                    "left": "0",
                                                    "isLinked": false
                                                },
                                                "_padding": {
                                                    "unit": "px",
                                                    "top": "0",
                                                    "right": "0",
                                                    "bottom": "0",
                                                    "left": "0",
                                                    "isLinked": false
                                                },
                                                "__globals__": {
                                                    "title_color": "globals\/colors?id=secondary"
                                                },
                                                "align_tablet": "center",
                                                "_margin_mobile": {
                                                    "unit": "px",
                                                    "top": "0",
                                                    "right": "0",
                                                    "bottom": "0",
                                                    "left": "0",
                                                    "isLinked": false
                                                }
                                            },
                                            "elements": [],
                                            "isInner": false,
                                            "widgetType": "heading",
                                            "elType": "widget"
                                        },
                                        {
                                            "id": "6ab30f94",
                                            "settings": {
                                                "show_days": "",
                                                "label_days": "Days",
                                                "label_hours": "Hours",
                                                "label_minutes": "Minutes",
                                                "label_seconds": "Seconds",
                                                "box_background_color": "#02010100",
                                                "box_spacing": {
                                                    "unit": "px",
                                                    "size": 59,
                                                    "sizes": []
                                                },
                                                "digits_color": "#FFFFFF",
                                                "digits_typography_typography": "custom",
                                                "digits_typography_font_family": "Roboto",
                                                "digits_typography_font_size": {
                                                    "unit": "px",
                                                    "size": 180,
                                                    "sizes": []
                                                },
                                                "digits_typography_font_weight": "900",
                                                "digits_typography_letter_spacing": {
                                                    "unit": "px",
                                                    "size": -28,
                                                    "sizes": []
                                                },
                                                "_margin": {
                                                    "unit": "px",
                                                    "top": "0",
                                                    "right": "0",
                                                    "bottom": "-120",
                                                    "left": "0",
                                                    "isLinked": false
                                                },
                                                "digits_typography_font_size_mobile": {
                                                    "unit": "px",
                                                    "size": 80,
                                                    "sizes": []
                                                },
                                                "digits_typography_letter_spacing_mobile": {
                                                    "unit": "px",
                                                    "size": -9,
                                                    "sizes": []
                                                },
                                                "_margin_mobile": {
                                                    "unit": "px",
                                                    "top": "0",
                                                    "right": "0",
                                                    "bottom": "-80",
                                                    "left": "0",
                                                    "isLinked": false
                                                },
                                                "due_date": "2020-11-10 06:51",
                                                "label_typography_typography": "custom",
                                                "label_typography_font_family": "Raleway",
                                                "label_typography_font_size": {
                                                    "unit": "px",
                                                    "size": 16,
                                                    "sizes": []
                                                },
                                                "label_typography_font_weight": "400",
                                                "label_typography_text_transform": "uppercase",
                                                "__globals__": {
                                                    "label_typography_typography": ""
                                                }
                                            },
                                            "elements": [],
                                            "isInner": false,
                                            "widgetType": "countdown",
                                            "elType": "widget"
                                        }
                                    ],
                                    "isInner": true,
                                    "elType": "column"
                                }
                            ],
                            "isInner": true,
                            "elType": "section"
                        }
                    ],
                    "isInner": false,
                    "elType": "column"
                }
            ],
            "isInner": false,
            "elType": "section"
        },
        {
            "id": "623f6324",
            "settings": {
                "content_width": {
                    "unit": "px",
                    "size": 1300,
                    "sizes": []
                },
                "structure": "20",
                "margin": {
                    "unit": "px",
                    "top": "100",
                    "right": 0,
                    "bottom": "100",
                    "left": 0,
                    "isLinked": true
                },
                "padding_tablet": {
                    "unit": "px",
                    "top": "0",
                    "right": "20",
                    "bottom": "50",
                    "left": "20",
                    "isLinked": false
                },
                "padding_mobile": {
                    "unit": "px",
                    "top": "0",
                    "right": "10",
                    "bottom": "50",
                    "left": "10",
                    "isLinked": false
                }
            },
            "elements": [
                {
                    "id": "773b88dc",
                    "settings": {
                        "_column_size": 50,
                        "_inline_size": 52.84599999999999653255144949071109294891357421875,
                        "padding": {
                            "unit": "px",
                            "top": "0",
                            "right": "050",
                            "bottom": "0",
                            "left": "10",
                            "isLinked": false
                        },
                        "_inline_size_tablet": 100,
                        "padding_tablet": {
                            "unit": "px",
                            "top": "0",
                            "right": "20",
                            "bottom": "0",
                            "left": "20",
                            "isLinked": false
                        }
                    },
                    "elements": [
                        {
                            "id": "76d58221",
                            "settings": {
                                "sale_flash": "",
                                "thumbs_border_border": "solid",
                                "thumbs_border_width": {
                                    "unit": "px",
                                    "top": "1",
                                    "right": "1",
                                    "bottom": "1",
                                    "left": "1",
                                    "isLinked": true
                                },
                                "spacing_thumbs": {
                                    "unit": "px",
                                    "size": 23,
                                    "sizes": []
                                },
                                "__globals__": {
                                    "thumbs_border_color": "globals\/colors?id=eccc78a"
                                }
                            },
                            "elements": [],
                            "isInner": false,
                            "widgetType": "woocommerce-product-images",
                            "elType": "widget"
                        }
                    ],
                    "isInner": false,
                    "elType": "column"
                },
                {
                    "id": "7c37d1f4",
                    "settings": {
                        "_column_size": 50,
                        "_inline_size": 47.1159999999999996589394868351519107818603515625,
                        "padding": {
                            "unit": "px",
                            "top": "0",
                            "right": "150",
                            "bottom": "0",
                            "left": "20",
                            "isLinked": false
                        },
                        "_inline_size_tablet": 100,
                        "padding_tablet": {
                            "unit": "px",
                            "top": "0",
                            "right": "20",
                            "bottom": "0",
                            "left": "20",
                            "isLinked": false
                        },
                        "padding_mobile": {
                            "unit": "px",
                            "top": "0",
                            "right": "10",
                            "bottom": "0",
                            "left": "10",
                            "isLinked": false
                        }
                    },
                    "elements": [
                        {
                            "id": "9e05dcc",
                            "settings": [],
                            "elements": [],
                            "isInner": false,
                            "widgetType": "woocommerce-breadcrumb",
                            "elType": "widget"
                        },
                        {
                            "id": "76637f11",
                            "settings": {
                                "title": "Add Your Heading Text Here",
                                "typography_typography": "custom",
                                "typography_font_size": {
                                    "unit": "px",
                                    "size": 45,
                                    "sizes": []
                                },
                                "__dynamic__": {
                                    "title": "[elementor-tag id=\"dcc72e8\" name=\"woocommerce-product-title-tag\" settings=\"%7B%7D\"]"
                                }
                            },
                            "elements": [],
                            "isInner": false,
                            "widgetType": "heading",
                            "elType": "widget"
                        },
                        {
                            "id": "580c4780",
                            "settings": {
                                "space_between": {
                                    "unit": "px",
                                    "size": 24,
                                    "sizes": []
                                },
                                "text_typography_typography": "custom",
                                "text_typography_font_family": "Raleway",
                                "text_typography_font_size": {
                                    "unit": "px",
                                    "size": 13,
                                    "sizes": []
                                },
                                "text_typography_font_weight": "400",
                                "__globals__": {
                                    "text_typography_typography": ""
                                }
                            },
                            "elements": [],
                            "isInner": false,
                            "widgetType": "woocommerce-product-meta",
                            "elType": "widget"
                        },
                        {
                            "id": "3762e991",
                            "settings": [],
                            "elements": [],
                            "isInner": false,
                            "widgetType": "woocommerce-product-rating",
                            "elType": "widget"
                        },
                        {
                            "id": "12060913",
                            "settings": {
                                "text_typography_typography": "custom",
                                "text_typography_font_family": "Raleway",
                                "text_typography_font_size": {
                                    "unit": "px",
                                    "size": 18,
                                    "sizes": []
                                },
                                "text_typography_font_weight": "400",
                                "__globals__": {
                                    "text_typography_typography": ""
                                }
                            },
                            "elements": [],
                            "isInner": false,
                            "widgetType": "woocommerce-product-short-description",
                            "elType": "widget"
                        },
                        {
                            "id": "6249c097",
                            "settings": {
                                "price_color": "#313131",
                                "typography_typography": "custom",
                                "typography_font_family": "Raleway",
                                "typography_font_size": {
                                    "unit": "px",
                                    "size": 16,
                                    "sizes": []
                                },
                                "typography_font_weight": "200",
                                "sale_price_color": "#E08597",
                                "sale_price_typography_typography": "custom",
                                "sale_price_typography_font_family": "Raleway",
                                "sale_price_typography_font_size": {
                                    "unit": "px",
                                    "size": 20,
                                    "sizes": []
                                },
                                "sale_price_typography_font_weight": "600",
                                "sale_price_spacing": {
                                    "unit": "px",
                                    "size": 11,
                                    "sizes": []
                                },
                                "__globals__": {
                                    "price_color": "globals\/colors?id=text",
                                    "typography_typography": "",
                                    "sale_price_color": "globals\/colors?id=8860f0b",
                                    "sale_price_typography_typography": ""
                                }
                            },
                            "elements": [],
                            "isInner": false,
                            "widgetType": "woocommerce-product-price",
                            "elType": "widget"
                        },
                        {
                            "id": "58aa6660",
                            "settings": {
                                "button_typography_typography": "custom",
                                "button_typography_font_family": "Raleway",
                                "button_typography_font_size": {
                                    "unit": "px",
                                    "size": 13,
                                    "sizes": []
                                },
                                "button_typography_font_weight": "600",
                                "button_typography_text_transform": "uppercase",
                                "button_typography_letter_spacing": {
                                    "unit": "px",
                                    "size": 1.5,
                                    "sizes": []
                                },
                                "button_border_border": "solid",
                                "button_border_width": {
                                    "unit": "px",
                                    "top": "2",
                                    "right": "2",
                                    "bottom": "2",
                                    "left": "2",
                                    "isLinked": true
                                },
                                "button_border_radius": {
                                    "unit": "px",
                                    "top": "3",
                                    "right": "3",
                                    "bottom": "3",
                                    "left": "3",
                                    "isLinked": true
                                },
                                "button_padding": {
                                    "unit": "px",
                                    "top": "15",
                                    "right": "20",
                                    "bottom": "15",
                                    "left": "20",
                                    "isLinked": false
                                },
                                "button_bg_color": "#3C294E",
                                "quantity_border_border": "solid",
                                "quantity_border_width": {
                                    "unit": "px",
                                    "top": "1",
                                    "right": "1",
                                    "bottom": "1",
                                    "left": "1",
                                    "isLinked": true
                                },
                                "__globals__": {
                                    "button_bg_color": "globals\/colors?id=secondary",
                                    "button_typography_typography": "",
                                    "quantity_border_color": "globals\/colors?id=eccc78a",
                                    "button_bg_color_hover": "globals\/colors?id=8860f0b",
                                    "button_border_color": "globals\/colors?id=secondary",
                                    "button_border_color_hover": "globals\/colors?id=8860f0b"
                                }
                            },
                            "elements": [],
                            "isInner": false,
                            "widgetType": "woocommerce-product-add-to-cart",
                            "elType": "widget"
                        }
                    ],
                    "isInner": false,
                    "elType": "column"
                }
            ],
            "isInner": false,
            "elType": "section"
        },
        {
            "id": "78067832",
            "settings": {
                "content_width": {
                    "unit": "px",
                    "size": 800,
                    "sizes": []
                },
                "padding_tablet": {
                    "unit": "px",
                    "top": "0",
                    "right": "20",
                    "bottom": "0",
                    "left": "20",
                    "isLinked": false
                },
                "padding_mobile": {
                    "unit": "px",
                    "top": "0",
                    "right": "0",
                    "bottom": "0",
                    "left": "0",
                    "isLinked": false
                }
            },
            "elements": [
                {
                    "id": "36026a4",
                    "settings": {
                        "_column_size": 100,
                        "_inline_size": null
                    },
                    "elements": [
                        {
                            "id": "508d4c8f",
                            "settings": {
                                "tabs_border_color": "#F9F8F7",
                                "active_tab_bg_color": "#F9F8F7",
                                "content_typography_typography": "custom",
                                "content_typography_font_family": "Raleway",
                                "content_typography_font_size": {
                                    "unit": "px",
                                    "size": 16,
                                    "sizes": []
                                },
                                "content_typography_font_weight": "400",
                                "content_heading_typography_typography": "custom",
                                "content_heading_typography_font_family": "Raleway",
                                "content_heading_typography_font_size": {
                                    "unit": "px",
                                    "size": 13,
                                    "sizes": []
                                },
                                "content_heading_typography_font_weight": "600",
                                "content_heading_typography_text_transform": "uppercase",
                                "content_heading_typography_letter_spacing": {
                                    "unit": "px",
                                    "size": 2,
                                    "sizes": []
                                },
                                "__globals__": {
                                    "tabs_border_color": "",
                                    "content_typography_typography": "globals\/typography?id=secondary",
                                    "content_heading_typography_typography": ""
                                }
                            },
                            "elements": [],
                            "isInner": false,
                            "widgetType": "woocommerce-product-data-tabs",
                            "elType": "widget"
                        }
                    ],
                    "isInner": false,
                    "elType": "column"
                }
            ],
            "isInner": false,
            "elType": "section"
        },
        {
            "id": "67abd846",
            "settings": {
                "content_width": {
                    "unit": "px",
                    "size": 1300,
                    "sizes": []
                },
                "margin": {
                    "unit": "px",
                    "top": "100",
                    "right": 0,
                    "bottom": "100",
                    "left": 0,
                    "isLinked": true
                },
                "padding_tablet": {
                    "unit": "px",
                    "top": "0",
                    "right": "20",
                    "bottom": "0",
                    "left": "20",
                    "isLinked": false
                },
                "padding_mobile": {
                    "unit": "px",
                    "top": "0",
                    "right": "0",
                    "bottom": "0",
                    "left": "0",
                    "isLinked": false
                }
            },
            "elements": [
                {
                    "id": "10a3c731",
                    "settings": {
                        "_column_size": 100,
                        "_inline_size": null
                    },
                    "elements": [
                        {
                            "id": "3a6ed62e",
                            "settings": {
                                "columns": 3,
                                "columns_mobile": 1,
                                "column_gap": {
                                    "unit": "px",
                                    "size": 80,
                                    "sizes": []
                                },
                                "align": "center",
                                "title_color": "#3C294E",
                                "title_typography_typography": "custom",
                                "title_typography_font_family": "Raleway",
                                "title_typography_font_size": {
                                    "unit": "px",
                                    "size": 20,
                                    "sizes": []
                                },
                                "title_typography_font_weight": "600",
                                "price_color": "#E08597",
                                "price_typography_typography": "custom",
                                "price_typography_font_family": "Raleway",
                                "price_typography_font_size": {
                                    "unit": "px",
                                    "size": 16,
                                    "sizes": []
                                },
                                "price_typography_font_weight": "400",
                                "old_price_color": "#000000",
                                "old_price_typography_typography": "custom",
                                "old_price_typography_font_family": "Raleway",
                                "old_price_typography_font_size": {
                                    "unit": "px",
                                    "size": 16,
                                    "sizes": []
                                },
                                "old_price_typography_font_weight": "300",
                                "button_text_color": "#FFFFFF",
                                "button_background_color": "#3C294E",
                                "button_border_color": "#3C294E",
                                "button_typography_typography": "custom",
                                "button_typography_font_family": "Raleway",
                                "button_typography_font_size": {
                                    "unit": "px",
                                    "size": 13,
                                    "sizes": []
                                },
                                "button_typography_font_weight": "600",
                                "button_typography_text_transform": "uppercase",
                                "button_typography_letter_spacing": {
                                    "unit": "px",
                                    "size": 2,
                                    "sizes": []
                                },
                                "button_border_border": "solid",
                                "button_border_width": {
                                    "unit": "px",
                                    "top": "3",
                                    "right": "3",
                                    "bottom": "3",
                                    "left": "3",
                                    "isLinked": true
                                },
                                "button_border_radius": {
                                    "unit": "px",
                                    "top": "3",
                                    "right": "3",
                                    "bottom": "3",
                                    "left": "3",
                                    "isLinked": true
                                },
                                "button_text_padding": {
                                    "unit": "px",
                                    "top": "15",
                                    "right": "20",
                                    "bottom": "15",
                                    "left": "20",
                                    "isLinked": false
                                },
                                "heading_typography_typography": "custom",
                                "heading_typography_font_family": "Abril Fatface",
                                "heading_typography_font_size": {
                                    "unit": "px",
                                    "size": 45,
                                    "sizes": []
                                },
                                "heading_typography_font_weight": "600",
                                "heading_text_align": "center",
                                "heading_spacing": {
                                    "unit": "px",
                                    "size": 49,
                                    "sizes": []
                                },
                                "box_padding": {
                                    "unit": "px",
                                    "top": "0",
                                    "right": "0",
                                    "bottom": "40",
                                    "left": "0",
                                    "isLinked": false
                                },
                                "box_bg_color_hover": "#FFFFFF",
                                "show_onsale_flash": "",
                                "_padding_mobile": {
                                    "unit": "px",
                                    "top": "0",
                                    "right": "10",
                                    "bottom": "0",
                                    "left": "10",
                                    "isLinked": false
                                },
                                "__globals__": {
                                    "heading_typography_typography": "",
                                    "price_color": "globals\/colors?id=8860f0b",
                                    "price_typography_typography": "",
                                    "old_price_typography_typography": "",
                                    "title_color": "globals\/colors?id=secondary",
                                    "title_typography_typography": "",
                                    "button_text_color": "globals\/colors?id=accent",
                                    "button_background_color": "globals\/colors?id=secondary",
                                    "button_border_color": "globals\/colors?id=secondary",
                                    "button_typography_typography": "",
                                    "button_hover_background_color": "globals\/colors?id=8860f0b",
                                    "button_hover_border_color": "globals\/colors?id=8860f0b",
                                    "box_bg_color": "globals\/colors?id=e8e605a"
                                }
                            },
                            "elements": [],
                            "isInner": false,
                            "widgetType": "woocommerce-product-related",
                            "elType": "widget"
                        }
                    ],
                    "isInner": false,
                    "elType": "column"
                }
            ],
            "isInner": false,
            "elType": "section"
        },
        {
            "id": "459b292c",
            "settings": {
                "content_width": {
                    "unit": "px",
                    "size": 1340,
                    "sizes": []
                },
                "structure": "30",
                "margin": {
                    "unit": "px",
                    "top": "100",
                    "right": 0,
                    "bottom": "0",
                    "left": 0,
                    "isLinked": false
                }
            },
            "elements": [
                {
                    "id": "5f89be4e",
                    "settings": {
                        "_column_size": 33,
                        "_inline_size": 37.4560000000000030695446184836328029632568359375,
                        "_inline_size_tablet": 100,
                        "padding_tablet": {
                            "unit": "px",
                            "top": "0",
                            "right": "30",
                            "bottom": "0",
                            "left": "30",
                            "isLinked": false
                        },
                        "padding_mobile": {
                            "unit": "px",
                            "top": "0",
                            "right": "10",
                            "bottom": "0",
                            "left": "10",
                            "isLinked": false
                        }
                    },
                    "elements": [
                        {
                            "id": "2ac15275",
                            "settings": {
                                "skin": "cover",
                                "layout": "left",
                                "bg_image": {
                                    "url": "http:\/\/kits.mediumred.com\/subscriptionbox\/wp-content\/uploads\/2020\/10\/hiw-1.jpg",
                                    "id": 263
                                },
                                "title": "Choose a plan",
                                "description": "starting from $49",
                                "title_tag": "div",
                                "button": "",
                                "link": {
                                    "url": "#",
                                    "is_external": "",
                                    "nofollow": "",
                                    "custom_attributes": ""
                                },
                                "alignment": "right",
                                "title_typography_typography": "custom",
                                "title_typography_font_size": {
                                    "unit": "px",
                                    "size": 25,
                                    "sizes": []
                                },
                                "title_typography_font_weight": "700",
                                "description_typography_typography": "custom",
                                "description_typography_font_size": {
                                    "unit": "px",
                                    "size": 13,
                                    "sizes": []
                                },
                                "description_typography_text_transform": "uppercase",
                                "description_typography_line_height": {
                                    "unit": "em",
                                    "size": 1.600000000000000088817841970012523233890533447265625,
                                    "sizes": []
                                },
                                "description_typography_letter_spacing": {
                                    "unit": "px",
                                    "size": 1.5,
                                    "sizes": []
                                },
                                "button_size": "md",
                                "button_typography_typography": "custom",
                                "button_typography_font_size": {
                                    "unit": "px",
                                    "size": 14,
                                    "sizes": []
                                },
                                "button_typography_font_weight": "500",
                                "button_typography_text_transform": "uppercase",
                                "button_typography_letter_spacing": {
                                    "unit": "px",
                                    "size": 1.5,
                                    "sizes": []
                                },
                                "button_hover_text_color": "#FFFFFF",
                                "button_hover_background_color": "#000000",
                                "button_hover_border_color": "#000000",
                                "button_border_width": {
                                    "unit": "px",
                                    "size": 1,
                                    "sizes": []
                                },
                                "button_border_radius": {
                                    "unit": "px",
                                    "size": 0,
                                    "sizes": []
                                },
                                "content_animation": "",
                                "transformation": "move-up",
                                "overlay_color_hover": "#00000000",
                                "__globals__": {
                                    "title_color": "globals\/colors?id=secondary",
                                    "description_color": "globals\/colors?id=bfc9cd6",
                                    "button_color": "globals\/colors?id=secondary"
                                },
                                "description_color": "#000000",
                                "button_color": "#000000",
                                "title_spacing": {
                                    "unit": "px",
                                    "size": 13,
                                    "sizes": []
                                }
                            },
                            "elements": [],
                            "isInner": false,
                            "widgetType": "call-to-action",
                            "elType": "widget"
                        }
                    ],
                    "isInner": false,
                    "elType": "column"
                },
                {
                    "id": "3329ee8e",
                    "settings": {
                        "_column_size": 33,
                        "_inline_size": 25.525999999999999801048033987171947956085205078125,
                        "content_position": "center",
                        "margin": {
                            "unit": "px",
                            "top": "10",
                            "right": "10",
                            "bottom": "10",
                            "left": "10",
                            "isLinked": true
                        },
                        "background_hover_color": "#F9F8F7",
                        "background_hover_color_b": "#ECEFEE",
                        "background_hover_gradient_angle": {
                            "unit": "deg",
                            "size": 90,
                            "sizes": []
                        },
                        "background_color": "#F9F8F7",
                        "border_width": {
                            "unit": "px",
                            "top": "10",
                            "right": "10",
                            "bottom": "10",
                            "left": "10",
                            "isLinked": true
                        },
                        "border_color": "#F9F8F7",
                        "border_radius": {
                            "unit": "px",
                            "top": "0",
                            "right": "0",
                            "bottom": "0",
                            "left": "0",
                            "isLinked": true
                        },
                        "_inline_size_tablet": 100,
                        "padding_mobile": {
                            "unit": "px",
                            "top": "0",
                            "right": "10",
                            "bottom": "0",
                            "left": "10",
                            "isLinked": false
                        }
                    },
                    "elements": [
                        {
                            "id": "37e48d2d",
                            "settings": {
                                "title": "We hand-pick a box",
                                "header_size": "div",
                                "align": "center",
                                "typography_typography": "custom",
                                "typography_font_size": {
                                    "unit": "px",
                                    "size": 25,
                                    "sizes": []
                                },
                                "typography_font_weight": "700",
                                "typography_line_height": {
                                    "unit": "em",
                                    "size": 0.40000000000000002220446049250313080847263336181640625,
                                    "sizes": []
                                },
                                "_margin": {
                                    "unit": "px",
                                    "top": "70",
                                    "right": "0",
                                    "bottom": "0",
                                    "left": "0",
                                    "isLinked": false
                                },
                                "__globals__": {
                                    "title_color": "globals\/colors?id=secondary"
                                }
                            },
                            "elements": [],
                            "isInner": false,
                            "widgetType": "heading",
                            "elType": "widget"
                        },
                        {
                            "id": "4181f01a",
                            "settings": {
                                "editor": "<p>based on your preferences and our experience<\/p>",
                                "align": "center",
                                "typography_typography": "custom",
                                "typography_font_size": {
                                    "unit": "px",
                                    "size": 13,
                                    "sizes": []
                                },
                                "typography_font_weight": "500",
                                "typography_text_transform": "uppercase",
                                "typography_line_height": {
                                    "unit": "em",
                                    "size": 1.6999999999999999555910790149937383830547332763671875,
                                    "sizes": []
                                },
                                "typography_letter_spacing": {
                                    "unit": "px",
                                    "size": 1.5,
                                    "sizes": []
                                },
                                "_margin": {
                                    "unit": "px",
                                    "top": "0",
                                    "right": "0",
                                    "bottom": "0",
                                    "left": "0",
                                    "isLinked": false
                                },
                                "_padding": {
                                    "unit": "px",
                                    "top": "0",
                                    "right": "0",
                                    "bottom": "0",
                                    "left": "0",
                                    "isLinked": false
                                },
                                "__globals__": {
                                    "text_color": "globals\/colors?id=bfc9cd6"
                                }
                            },
                            "elements": [],
                            "isInner": false,
                            "widgetType": "text-editor",
                            "elType": "widget"
                        },
                        {
                            "id": "44a5507c",
                            "settings": {
                                "image": {
                                    "url": "http:\/\/kits.mediumred.com\/subscriptionbox\/wp-content\/uploads\/2020\/10\/Arrow-3.png",
                                    "id": 282
                                },
                                "_margin": {
                                    "unit": "px",
                                    "top": "0",
                                    "right": "0",
                                    "bottom": "0",
                                    "left": "0",
                                    "isLinked": false
                                },
                                "_position": "absolute",
                                "_offset_y": {
                                    "unit": "px",
                                    "size": 249,
                                    "sizes": []
                                }
                            },
                            "elements": [],
                            "isInner": false,
                            "widgetType": "image",
                            "elType": "widget"
                        }
                    ],
                    "isInner": false,
                    "elType": "column"
                },
                {
                    "id": "4838c117",
                    "settings": {
                        "_column_size": 33,
                        "_inline_size": 36.62400000000000233058017329312860965728759765625,
                        "_inline_size_tablet": 100,
                        "margin_mobile": {
                            "unit": "px",
                            "top": "0",
                            "right": "0",
                            "bottom": "0",
                            "left": "0",
                            "isLinked": false
                        },
                        "padding_mobile": {
                            "unit": "px",
                            "top": "0",
                            "right": "0",
                            "bottom": "0",
                            "left": "0",
                            "isLinked": false
                        }
                    },
                    "elements": [
                        {
                            "id": "c2bfbac",
                            "settings": {
                                "skin": "cover",
                                "layout": "left",
                                "bg_image": {
                                    "url": "http:\/\/kits.mediumred.com\/subscriptionbox\/wp-content\/uploads\/2020\/10\/hiw-3.jpg",
                                    "id": 266
                                },
                                "title": "...and send it",
                                "description": "48h delivery",
                                "title_tag": "div",
                                "button": "",
                                "link": {
                                    "url": "#",
                                    "is_external": "",
                                    "nofollow": "",
                                    "custom_attributes": ""
                                },
                                "alignment": "left",
                                "title_typography_typography": "custom",
                                "title_typography_font_size": {
                                    "unit": "px",
                                    "size": 25,
                                    "sizes": []
                                },
                                "title_typography_font_weight": "700",
                                "description_typography_typography": "custom",
                                "description_typography_font_size": {
                                    "unit": "px",
                                    "size": 13,
                                    "sizes": []
                                },
                                "description_typography_text_transform": "uppercase",
                                "description_typography_line_height": {
                                    "unit": "em",
                                    "size": 0.1000000000000000055511151231257827021181583404541015625,
                                    "sizes": []
                                },
                                "description_typography_letter_spacing": {
                                    "unit": "px",
                                    "size": 1.5,
                                    "sizes": []
                                },
                                "button_size": "md",
                                "button_typography_typography": "custom",
                                "button_typography_font_size": {
                                    "unit": "px",
                                    "size": 14,
                                    "sizes": []
                                },
                                "button_typography_font_weight": "500",
                                "button_typography_text_transform": "uppercase",
                                "button_typography_letter_spacing": {
                                    "unit": "px",
                                    "size": 1.5,
                                    "sizes": []
                                },
                                "button_hover_text_color": "#FFFFFF",
                                "button_hover_background_color": "#000000",
                                "button_hover_border_color": "#000000",
                                "button_border_width": {
                                    "unit": "px",
                                    "size": 1,
                                    "sizes": []
                                },
                                "button_border_radius": {
                                    "unit": "px",
                                    "size": 0,
                                    "sizes": []
                                },
                                "content_animation": "",
                                "transformation": "move-up",
                                "overlay_color_hover": "#00000000",
                                "__globals__": {
                                    "title_color": "globals\/colors?id=secondary",
                                    "description_color": "globals\/colors?id=bfc9cd6",
                                    "button_color": "globals\/colors?id=secondary"
                                },
                                "title_spacing": {
                                    "unit": "px",
                                    "size": 21,
                                    "sizes": []
                                },
                                "_padding_tablet": {
                                    "unit": "px",
                                    "top": "0",
                                    "right": "30",
                                    "bottom": "0",
                                    "left": "30",
                                    "isLinked": false
                                },
                                "_padding_mobile": {
                                    "unit": "px",
                                    "top": "0",
                                    "right": "10",
                                    "bottom": "0",
                                    "left": "10",
                                    "isLinked": false
                                }
                            },
                            "elements": [],
                            "isInner": false,
                            "widgetType": "call-to-action",
                            "elType": "widget"
                        }
                    ],
                    "isInner": false,
                    "elType": "column"
                }
            ],
            "isInner": false,
            "elType": "section"
        }
    ],
    "page_settings": {
        "page_template": "elementor_header_footer"
    }
}