{"version":"0.4","title":"Empres\u00e1rias 9","type":"page","content":[{"id":"4dfdcd42","settings":{"height":"min-height","custom_height":{"unit":"px","size":"200"},"background_background":"classic","background_color":"#ef5880","background_overlay_background":"classic","border_border":"solid","border_width":{"unit":"px","top":"0","right":"0","bottom":"1","left":"0","isLinked":""},"border_color":"#eeeeee","padding":{"unit":"px","top":"30","right":"0","bottom":"30","left":"0","isLinked":""},"background_overlay_position":"center right","background_overlay_repeat":"repeat","background_overlay_size":"auto","background_overlay_opacity":{"unit":"px","size":"0.36"},"background_overlay_image":{"url":"http:\/\/sitefacilitado.com.br\/membros\/wp-content\/uploads\/2020\/03\/overlay-white.png","id":"5271"}},"elements":[{"id":"7b6c30cd","settings":{"_column_size":"100","padding":{"unit":"em","top":"1","right":"1","bottom":"1","left":"1","isLinked":"1"}},"elements":[{"id":"53c23b67","settings":{"editor":"<div class=\"eventCard-content padding--left\"><p class=\"eventCard-dateTime text--secondary text--ellipsisOneLine\">Monday, November 12, 6:00 PM<\/p><\/div>","align_mobile":"center","_margin":{"unit":"px","top":"0","right":"0","bottom":"0","left":"0","isLinked":""},"text_color":"#ffffff"},"elements":[],"isInner":false,"widgetType":"text-editor","elType":"widget"},{"id":"7ff01a0a","settings":{"title":"Learning Graphic Design","link":{"url":"#","is_external":"","nofollow":""},"header_size":"h1","title_color":"#ffffff","typography_typography":"custom","typography_font_family":"Questrial","typography_font_size":{"unit":"em","size":"3"},"align":"left","typography_text_transform":"capitalize","typography_letter_spacing":{"unit":"px","size":"0.5"}},"elements":[],"isInner":false,"widgetType":"heading","elType":"widget"}],"isInner":"","elType":"column"}],"isInner":"","elType":"section"},{"id":"46535c1e","settings":{"gap":"wide","structure":"20","padding":{"unit":"px","top":"50","right":"0","bottom":"50","left":"0","isLinked":""}},"elements":[{"id":"7faf431e","settings":{"_column_size":"50","_inline_size":"71.805","_inline_size_tablet":"60"},"elements":[{"id":"43caf951","settings":{"image":{"url":"http:\/\/sitefacilitado.com.br\/membros\/wp-content\/uploads\/2020\/03\/pexels-photo-450270.jpeg","id":"5284"}},"elements":[],"isInner":false,"widgetType":"image","elType":"widget"},{"id":"b7be86","settings":{"space":{"unit":"px","size":"20"}},"elements":[],"isInner":false,"widgetType":"spacer","elType":"widget"},{"id":"459a944b","settings":{"title":"Details","title_color":"#ef5880","typography_typography":"custom","typography_font_family":"Questrial","typography_font_size":{"unit":"em","size":"2"}},"elements":[],"isInner":false,"widgetType":"heading","elType":"widget"},{"id":"11b577c4","settings":{"editor":"<p class=\"p1\">Lorem ipsum dolor sit amet, consectetur adipiscing elit. Ut elit tellus, luctus nec ullamcorper mattis, pulvinar dapibus leo. Praesent feugiat eleifend nisi quis scelerisque. Aliquam sit amet viverra ligula. Ut sed commodo velit. Vivamus venenatis bibendum ante at luctus.<\/p><p>Lorem ipsum dolor sit amet, consectetur adipiscing elit. Ut elit tellus, luctus nec ullamcorper mattis, pulvinar dapibus leo. Praesent feugiat eleifend nisi quis scelerisque. Aliquam sit amet viverra ligula. Ut sed commodo velit. Vivamus venenatis bibendum ante at luctus.<\/p>","text_color":"rgba(12,12,12,0.82)","typography_typography":"custom","typography_font_family":"Lato","typography_font_size":{"unit":"px","size":"16"},"typography_line_height":{"unit":"em","size":"1.6"}},"elements":[],"isInner":false,"widgetType":"text-editor","elType":"widget"},{"id":"72f81ecc","settings":{"color":"#eeeeee","gap":{"unit":"px","size":"29"},"_animation":"fadeInUp","text":"Divisor"},"elements":[],"isInner":false,"widgetType":"divider","elType":"widget"},{"id":"4221b97c","settings":{"title":"Special Guests","title_color":"#ef5880","typography_typography":"custom","typography_font_family":"Questrial","typography_font_size":{"unit":"em","size":"2"},"_margin":{"unit":"px","top":"0","right":"0","bottom":"40","left":"0","isLinked":""}},"elements":[],"isInner":false,"widgetType":"heading","elType":"widget"},{"id":"d38796a","settings":{"image":{"url":"http:\/\/sitefacilitado.com.br\/membros\/wp-content\/uploads\/2020\/03\/rawpixel-1095818-unsplash.jpg","id":"5329"},"title_text":"Ann Pearson","description_text":"<em style=\"display:block;margin-bottom:10px\">Designer<\/em>\n\nLorem ipsum dolor sit amet, consectetur adipiscing elit. Ut elit tellus, luctus nec ullamcorper mattis, pulvinar dapibus leo.","position":"left","image_space":{"unit":"px","size":"32"},"title_bottom_space":{"unit":"px","size":"11"},"title_color":"#ef5880","title_typography_typography":"custom","title_typography_font_family":"Questrial","title_typography_font_size":{"unit":"em","size":"1.2"},"description_typography_typography":"custom","description_typography_font_family":"Lato","description_typography_font_size":{"unit":"px","size":"14"},"description_typography_line_height":{"unit":"em","size":"1.6"},"_padding":{"unit":"em","top":"0","right":"0","bottom":"0","left":"0","isLinked":"1"},"_border_width":{"unit":"px","top":"1","right":"1","bottom":"1","left":"1","isLinked":"1"},"_border_color":"#eeeeee","_border_radius":{"unit":"px","top":"5","right":"5","bottom":"5","left":"5","isLinked":"1"},"_border_radius_hover":{"unit":"px","top":"5","right":"5","bottom":"5","left":"5","isLinked":"1"},"_box_shadow_hover_box_shadow_type":"yes","_box_shadow_hover_box_shadow":{"horizontal":"0","vertical":"0","blur":"20","spread":"-8","color":"rgba(0,0,0,0.25)"},"_margin":{"unit":"px","top":"0","right":"0","bottom":"30","left":"0","isLinked":""},"title_size":"div","image_size":{"unit":"%","size":"50"}},"elements":[],"isInner":false,"widgetType":"image-box","elType":"widget"},{"id":"74647484","settings":{"image":{"url":"http:\/\/sitefacilitado.com.br\/membros\/wp-content\/uploads\/2020\/03\/girl2.jpg","id":"5296"},"title_text":"Lindsay Dromer","description_text":"<em style=\"display:block;margin-bottom:10px\">Designer<\/em>\n\nLorem ipsum dolor sit amet, consectetur adipiscing elit. Ut elit tellus, luctus nec ullamcorper mattis, pulvinar dapibus leo.","position":"left","image_space":{"unit":"px","size":"32"},"title_bottom_space":{"unit":"px","size":"11"},"title_color":"#ef5880","title_typography_typography":"custom","title_typography_font_family":"Questrial","title_typography_font_size":{"unit":"em","size":"1.2"},"description_typography_typography":"custom","description_typography_font_family":"Lato","description_typography_font_size":{"unit":"px","size":"14"},"description_typography_line_height":{"unit":"em","size":"1.6"},"_padding":{"unit":"em","top":"0","right":"0","bottom":"0","left":"0","isLinked":"1"},"_border_width":{"unit":"px","top":"1","right":"1","bottom":"1","left":"1","isLinked":"1"},"_border_color":"#eeeeee","_border_radius":{"unit":"px","top":"5","right":"5","bottom":"5","left":"5","isLinked":"1"},"_border_radius_hover":{"unit":"px","top":"5","right":"5","bottom":"5","left":"5","isLinked":"1"},"_box_shadow_hover_box_shadow_type":"yes","_box_shadow_hover_box_shadow":{"horizontal":"0","vertical":"0","blur":"20","spread":"-8","color":"rgba(0,0,0,0.25)"},"_margin":{"unit":"px","top":"0","right":"0","bottom":"30","left":"0","isLinked":""},"title_size":"div","image_size":{"unit":"%","size":"50"}},"elements":[],"isInner":false,"widgetType":"image-box","elType":"widget"},{"id":"518cca76","settings":{"image":{"url":"http:\/\/sitefacilitado.com.br\/membros\/wp-content\/uploads\/2020\/03\/girl.png","id":"5286"},"title_text":"Alaya McKinney","description_text":"<em style=\"display:block;margin-bottom:10px\">Designer<\/em>\n\nLorem ipsum dolor sit amet, consectetur adipiscing elit. Ut elit tellus, luctus nec ullamcorper mattis, pulvinar dapibus leo.","position":"left","image_space":{"unit":"px","size":"32"},"title_bottom_space":{"unit":"px","size":"11"},"title_color":"#ef5880","title_typography_typography":"custom","title_typography_font_family":"Questrial","title_typography_font_size":{"unit":"em","size":"1.2"},"description_typography_typography":"custom","description_typography_font_family":"Lato","description_typography_font_size":{"unit":"px","size":"14"},"description_typography_line_height":{"unit":"em","size":"1.6"},"_padding":{"unit":"em","top":"0","right":"0","bottom":"0","left":"0","isLinked":"1"},"_border_width":{"unit":"px","top":"1","right":"1","bottom":"1","left":"1","isLinked":"1"},"_border_color":"#eeeeee","_border_radius":{"unit":"px","top":"5","right":"5","bottom":"5","left":"5","isLinked":"1"},"_border_radius_hover":{"unit":"px","top":"5","right":"5","bottom":"5","left":"5","isLinked":"1"},"_box_shadow_hover_box_shadow_type":"yes","_box_shadow_hover_box_shadow":{"horizontal":"0","vertical":"0","blur":"20","spread":"-8","color":"rgba(0,0,0,0.25)"},"_margin":{"unit":"px","top":"0","right":"0","bottom":"30","left":"0","isLinked":""},"title_size":"div","image_size":{"unit":"%","size":"50"}},"elements":[],"isInner":false,"widgetType":"image-box","elType":"widget"},{"id":"4216daed","settings":{"color":"#eeeeee","gap":{"unit":"px","size":"29"},"_animation":"fadeInUp","text":"Divisor"},"elements":[],"isInner":false,"widgetType":"divider","elType":"widget"}],"isInner":"","elType":"column"},{"id":"73031276","settings":{"_column_size":"50","_inline_size":"28.195","_inline_size_tablet":"40"},"elements":[{"id":"446f5ed7","settings":{"icon_list":[{"text":"Monday, November 12, 6:00 PM to 9:00 PM","icon":"fa fa-clock-o","_id":"6c2229e","link":{"url":"","is_external":"","nofollow":""},"selected_icon":{"value":"fas fa-check","library":"fa-solid"}},{"text":"Price: $20\/person","icon":"fa fa-dollar","_id":"120612c","link":{"url":"","is_external":"","nofollow":""},"selected_icon":{"value":"fas fa-check","library":"fa-solid"}},{"text":"5 Floor, NO134, ABC Street, Melbourne","icon":"fa fa-map-marker","_id":"c90e125","link":{"url":"","is_external":"","nofollow":""},"selected_icon":{"value":"fas fa-check","library":"fa-solid"}}],"space_between":{"unit":"px","size":"27"},"divider":"yes","divider_color":"#eeeeee","icon_size":{"unit":"px","size":"21"},"text_indent":{"unit":"px","size":"14"},"icon_typography_typography":"custom","icon_typography_font_family":"Lato","icon_typography_font_size":{"unit":"px","size":"14"},"icon_typography_line_height":{"unit":"em","size":"1.5"},"_padding":{"unit":"px","top":"20","right":"20","bottom":"20","left":"20","isLinked":"1"},"_border_border":"solid","_border_width":{"unit":"px","top":"1","right":"1","bottom":"1","left":"1","isLinked":"1"},"_border_color":"#eeeeee","_border_radius":{"unit":"px","top":"5","right":"5","bottom":"5","left":"5","isLinked":"1"}},"elements":[],"isInner":false,"widgetType":"icon-list","elType":"widget"},{"id":"3462a417","settings":{"address":"Melbourne","height":{"unit":"px","size":"205"},"_margin":{"unit":"px","top":"30","right":"0","bottom":"0","left":"0","isLinked":""},"zoom":{"unit":"px","size":"16"}},"elements":[],"isInner":false,"widgetType":"google_maps","elType":"widget"},{"id":"1c6d2d9c","settings":{"text":"Reserve a Spot","size":"md","border_radius":{"unit":"px","top":"50","right":"50","bottom":"50","left":"50","isLinked":"1"},"_margin":{"unit":"px","top":"30","right":"0","bottom":"0","left":"0","isLinked":""},"align":"left","typography_typography":"custom","typography_font_family":"Questrial","typography_font_size":{"unit":"rem","size":"1"},"typography_font_weight":"500","typography_letter_spacing":{"unit":"px","size":"0.5"},"button_text_color":"#ef5880","background_color":"rgba(255,255,255,0.6)","border_border":"solid","icon":"fa fa-address-book","icon_indent":{"unit":"px","size":"12"}},"elements":[],"isInner":false,"widgetType":"button","elType":"widget"}],"isInner":"","elType":"column"}],"isInner":"","elType":"section"}]}