{"version":"0.4","title":"Empres\u00e1rias 6","type":"page","content":[{"id":"f7425dd","settings":{"height":"min-height","custom_height":{"unit":"vh","size":"33"},"background_background":"classic","background_color":"#ef5880","background_image":{"url":"http:\/\/sitefacilitado.com.br\/membros\/wp-content\/uploads\/2020\/03\/pexels-photo-1206059.jpeg","id":"5285"},"background_position":"bottom center","background_attachment":"fixed","background_repeat":"no-repeat","background_size":"cover","background_overlay_background":"gradient","background_overlay_color":"#ef4a76","shape_divider_bottom":"split","shape_divider_bottom_width":{"unit":"%","size":"100"},"shape_divider_bottom_height":{"unit":"px","size":"28"},"content_width":{"unit":"px","size":"960"},"background_overlay_color_stop":{"unit":"%","size":"48"},"background_overlay_color_b":"rgba(249,170,42,0.19)","background_overlay_color_b_stop":{"unit":"%","size":"95"},"background_overlay_gradient_angle":{"unit":"deg","size":"190"},"background_overlay_opacity":{"unit":"px","size":"0.85"},"shape_divider_bottom_negative":"yes","padding":{"unit":"px","top":"80","right":"0","bottom":"80","left":"0","isLinked":""},"shape_divider_bottom_width_tablet":{"unit":"%","size":"300"},"shape_divider_bottom_height_tablet":{"unit":"px","size":"28"}},"elements":[{"id":"79ac32e1","settings":{"_column_size":"100","_inline_size_tablet":"100","padding":{"unit":"em","top":"2","right":"2","bottom":"2","left":"2","isLinked":"1"}},"elements":[{"id":"14b02e5c","settings":{"title":"Our Team","header_size":"h1","title_color":"#ffffff","typography_typography":"custom","typography_font_family":"Questrial","typography_font_size":{"unit":"em","size":""},"size":"xxl","align":"center","typography_text_transform":"uppercase","typography_letter_spacing":{"unit":"px","size":"0.5"}},"elements":[],"isInner":false,"widgetType":"heading","elType":"widget"},{"id":"6aa4753b","settings":{"editor":"<p>Lorem ipsum dolor sit amet, consectetur adipiscing elit. Ut elit tellus, luctus nec ullamcorper mattis, pulvinar dapibus leo.\u00a0Ut elit tellus, luctus nec ullamcorper mattis.<\/p>","text_color":"#ffffff","typography_typography":"custom","typography_font_size":{"unit":"rem","size":"1.2"},"typography_line_height":{"unit":"em","size":"1.6"},"_animation":"fadeInUp","_animation_delay":"500","align":"center","typography_font_style":"oblique"},"elements":[],"isInner":false,"widgetType":"text-editor","elType":"widget"},{"id":"30f04f29","settings":{"text":"Browse Careers","size":"md","typography_typography":"custom","typography_font_family":"Questrial","typography_font_weight":"500","background_color":"#ef5880","hover_color":"#000000","button_background_hover_color":"#ffffff","hover_animation":"grow","border_radius":{"unit":"px","top":"50","right":"50","bottom":"50","left":"50","isLinked":"1"},"button_box_shadow_box_shadow_type":"yes","button_box_shadow_box_shadow":{"horizontal":"0","vertical":"0","blur":"42","spread":"11","color":"rgba(0,0,0,0.1)"},"_margin":{"unit":"px","top":"40","right":"0","bottom":"0","left":"0","isLinked":""},"align":"center","typography_font_size":{"unit":"rem","size":"1.2"},"typography_letter_spacing":{"unit":"px","size":"0.5"},"button_text_color":"#ffffff"},"elements":[],"isInner":false,"widgetType":"button","elType":"widget"}],"isInner":"","elType":"column"}],"isInner":"","elType":"section"},{"id":"698f5716","settings":{"gap":"no","height":"min-height","column_position":"stretch","animation":"fadeIn"},"elements":[{"id":"434b61ed","settings":{"_column_size":"100","content_position":"top","background_color":"#ef5880"},"elements":[{"id":"4bc30e15","settings":{"structure":"20"},"elements":[{"id":"6f9783f0","settings":{"_column_size":"50","background_background":"classic","background_image":{"url":"http:\/\/sitefacilitado.com.br\/membros\/wp-content\/uploads\/2020\/03\/woman-confident-happy-confident-woman-157741.jpeg","id":"5292"},"background_position":"center center","padding":{"unit":"px","top":"0","right":"0","bottom":"0","left":"0","isLinked":"1"}},"elements":[{"id":"1dc50f31","settings":{"space":{"unit":"px","size":"575"}},"elements":[],"isInner":false,"widgetType":"spacer","elType":"widget"}],"isInner":"1","elType":"column"},{"id":"109a5b24","settings":{"_column_size":"50","background_background":"classic","background_image":{"url":"http:\/\/sitefacilitado.com.br\/membros\/wp-content\/uploads\/2020\/03\/pexels-photo-428338.jpeg","id":"5301"},"background_position":"center center","padding":{"unit":"px","top":"0","right":"0","bottom":"0","left":"0","isLinked":"1"},"background_size":"cover"},"elements":[{"id":"175a57e9","settings":{"space":{"unit":"px","size":"575"}},"elements":[],"isInner":false,"widgetType":"spacer","elType":"widget"}],"isInner":"1","elType":"column"}],"isInner":"1","elType":"section"},{"id":"4a7137be","settings":{"structure":"20"},"elements":[{"id":"7418a7d7","settings":{"_column_size":"50","background_background":"classic","background_position":"center center","padding":{"unit":"%","top":"10","right":"10","bottom":"10","left":"10","isLinked":"1"},"background_size":"cover"},"elements":[{"id":"677d8397","settings":{"title":"Karen Masterson","typography_typography":"custom","typography_font_family":"Questrial","typography_font_size":{"unit":"em","size":"2"},"header_size":"h3","title_color":"#ef5880","align":"center"},"elements":[],"isInner":false,"widgetType":"heading","elType":"widget"},{"id":"452fd7d7","settings":{"editor":"<p>CEO<\/p>","text_color":"#7a7a7a","typography_typography":"custom","typography_font_family":"Lato","typography_font_size":{"unit":"px","size":"14"},"_margin":{"unit":"px","top":"-15","right":"0","bottom":"0","left":"0","isLinked":""},"align":"center"},"elements":[],"isInner":false,"widgetType":"text-editor","elType":"widget"},{"id":"1b0e316b","settings":{"editor":"<p>Lorem ipsum dolor sit amet, consectetur adipiscing elit, sed do eiusmod tempor incididunt ut labore et dolore magna aliqua. Phasellus egestas tellus rutrum tellus pellentesque eu tincidunt. Duis tristique sollicitudin nibh sit amet. Gravida cum sociis natoque penatibus et magnis. Facilisis gravida neque convallis a cras semper. Fringilla urna porttitor rhoncus dolor. Consequat ac felis donec et odio pellentesque.\u00a0<\/p>","text_color":"rgba(60,61,63,0.71)","typography_typography":"custom","typography_font_family":"Lato","typography_font_size":{"unit":"px","size":"16"},"typography_font_weight":"400","typography_line_height":{"unit":"em","size":"1.8"},"_animation_delay":"800","align":"left","_margin":{"unit":"%","top":"","right":"","bottom":"","left":"","isLinked":"1"}},"elements":[],"isInner":false,"widgetType":"text-editor","elType":"widget"},{"id":"60a8236b","settings":{"text":"View Profile","border_radius":{"unit":"px","top":"50","right":"50","bottom":"50","left":"50","isLinked":"1"},"_margin":{"unit":"px","top":"30","right":"0","bottom":"0","left":"0","isLinked":""},"align":"center","icon":"fa fa-clone","typography_typography":"custom","typography_font_family":"Questrial","typography_font_size":{"unit":"rem","size":"1"},"typography_font_weight":"500","typography_letter_spacing":{"unit":"px","size":"0.5"},"button_text_color":"#ef5880","background_color":"rgba(255,255,255,0)","hover_color":"#ef5880","hover_animation":"grow","border_border":"solid","text_padding":{"unit":"em","top":"","right":"","bottom":"","left":"","isLinked":"1"}},"elements":[],"isInner":false,"widgetType":"button","elType":"widget"}],"isInner":"1","elType":"column"},{"id":"68e36a11","settings":{"_column_size":"50","background_background":"classic","background_position":"center center","padding":{"unit":"%","top":"10","right":"10","bottom":"10","left":"10","isLinked":"1"},"background_size":"cover"},"elements":[{"id":"42170379","settings":{"title":"Taylor Johansson","typography_typography":"custom","typography_font_family":"Questrial","typography_font_size":{"unit":"em","size":"2"},"header_size":"h3","title_color":"#ef5880","align":"center"},"elements":[],"isInner":false,"widgetType":"heading","elType":"widget"},{"id":"23ae61d9","settings":{"editor":"<p>Community Development<\/p>","text_color":"#7a7a7a","typography_typography":"custom","typography_font_family":"Lato","typography_font_size":{"unit":"px","size":"14"},"_margin":{"unit":"px","top":"-15","right":"0","bottom":"0","left":"0","isLinked":""},"align":"center"},"elements":[],"isInner":false,"widgetType":"text-editor","elType":"widget"},{"id":"82747e6","settings":{"editor":"<p>Quisque id diam vel quam. Luctus venenatis lectus magna fringilla urna porttitor rhoncus dolor purus. Ac odio tempor orci dapibus ultrices in iaculis. Ornare massa eget egestas purus. Mattis nunc sed blandit libero volutpat sed. Pharetra magna ac placerat vestibulum lectus mauris ultrices eros in. Quisque egestas diam in arcu cursus euismod quis viverra nibh. Elit ut aliquam purus sit amet luctus venenatis. Dui ut ornare lectus sit amet est placerat.\u00a0<\/p>","text_color":"rgba(60,61,63,0.71)","typography_typography":"custom","typography_font_family":"Lato","typography_font_size":{"unit":"px","size":"16"},"typography_font_weight":"400","typography_line_height":{"unit":"em","size":"1.8"},"_animation_delay":"800","align":"left","_margin":{"unit":"%","top":"","right":"","bottom":"","left":"","isLinked":"1"}},"elements":[],"isInner":false,"widgetType":"text-editor","elType":"widget"},{"id":"2bec8a86","settings":{"text":"View Profile","border_radius":{"unit":"px","top":"50","right":"50","bottom":"50","left":"50","isLinked":"1"},"_margin":{"unit":"px","top":"30","right":"0","bottom":"0","left":"0","isLinked":""},"align":"center","icon":"fa fa-clone","typography_typography":"custom","typography_font_family":"Questrial","typography_font_size":{"unit":"rem","size":"1"},"typography_font_weight":"500","typography_letter_spacing":{"unit":"px","size":"0.5"},"button_text_color":"#ef5880","background_color":"rgba(255,255,255,0)","hover_color":"#ef5880","hover_animation":"grow","border_border":"solid","text_padding":{"unit":"em","top":"","right":"","bottom":"","left":"","isLinked":"1"}},"elements":[],"isInner":false,"widgetType":"button","elType":"widget"}],"isInner":"1","elType":"column"}],"isInner":"1","elType":"section"},{"id":"df75ca4","settings":{"color":"#eeeeee","gap":{"unit":"px","size":"2"},"_animation":"fadeInUp","text":"Divisor"},"elements":[],"isInner":false,"widgetType":"divider","elType":"widget"}],"isInner":"","elType":"column"}],"isInner":"","elType":"section"},{"id":"2d196619","settings":{"gap":"no","height":"min-height","custom_height_tablet":{"unit":"px","size":"300"},"custom_height_mobile":{"unit":"px","size":"857"},"column_position":"stretch","structure":"00","shape_divider_bottom":"split","shape_divider_bottom_color":"#ffffff","shape_divider_bottom_width":{"unit":"%","size":"100"},"shape_divider_bottom_height":{"unit":"px","size":"28"},"shape_divider_bottom_negative":"yes","shape_divider_bottom_above_content":"yes","margin":{"unit":"px","top":"0","right":"0","bottom":"0","left":"0","isLinked":""},"animation":"fadeIn","animation_duration":"slow","animation_delay":"300"},"elements":[{"id":"74ad1940","settings":{"_column_size":"25","content_position":"bottom","background_background":"classic","background_image":{"url":"http:\/\/sitefacilitado.com.br\/membros\/wp-content\/uploads\/2020\/03\/rawpixel-675359-unsplash-scaled.jpg","id":"5264"},"background_attachment":"scroll","background_repeat":"no-repeat","background_size":"cover","background_overlay_background":"classic","background_overlay_color":"#ef5880","padding":{"unit":"px","top":"40","right":"40","bottom":"40","left":"40","isLinked":""},"background_position":"center right","background_hover_background":"classic","background_overlay_opacity":{"unit":"px","size":"0.45"},"_inline_size_tablet":"25","margin":{"unit":"px","top":"10","right":"10","bottom":"10","left":"10","isLinked":"1"}},"elements":[{"id":"345e87f6","settings":{"space":{"unit":"px","size":"421"},"space_tablet":{"unit":"px","size":"234"}},"elements":[],"isInner":false,"widgetType":"spacer","elType":"widget"}],"isInner":"","elType":"column"},{"id":"318d6e85","settings":{"_column_size":"25","content_position":"bottom","background_background":"classic","background_image":{"url":"http:\/\/sitefacilitado.com.br\/membros\/wp-content\/uploads\/2020\/03\/rawpixel-783345-unsplash.jpg","id":"5316"},"background_attachment":"scroll","background_repeat":"no-repeat","background_size":"cover","background_overlay_background":"classic","background_overlay_color":"#ef5880","padding":{"unit":"px","top":"20","right":"20","bottom":"40","left":"20","isLinked":""},"background_position":"bottom center","background_overlay_opacity":{"unit":"px","size":"0.4"},"_inline_size_tablet":"25","margin":{"unit":"px","top":"10","right":"10","bottom":"10","left":"10","isLinked":"1"}},"elements":[{"id":"7ee3e45e","settings":{"space":{"unit":"px","size":"421"},"space_tablet":{"unit":"px","size":"234"}},"elements":[],"isInner":false,"widgetType":"spacer","elType":"widget"}],"isInner":"","elType":"column"},{"id":"29f5f06d","settings":{"_column_size":"25","content_position":"bottom","background_background":"classic","background_image":{"url":"http:\/\/sitefacilitado.com.br\/membros\/wp-content\/uploads\/2020\/03\/girl2.jpg","id":"5296"},"background_attachment":"scroll","background_repeat":"no-repeat","background_size":"cover","background_overlay_background":"classic","background_overlay_color":"#ef5880","padding":{"unit":"px","top":"20","right":"20","bottom":"40","left":"20","isLinked":""},"background_position":"center center","background_overlay_opacity":{"unit":"px","size":"0.37"},"background_overlay_hover_background":"classic","background_overlay_hover_color":"#ef5880","background_overlay_hover_opacity":{"unit":"px","size":"0.15"},"margin":{"unit":"px","top":"10","right":"10","bottom":"10","left":"10","isLinked":"1"}},"elements":[{"id":"7dc3eab0","settings":{"space":{"unit":"px","size":"421"},"space_tablet":{"unit":"px","size":"234"}},"elements":[],"isInner":false,"widgetType":"spacer","elType":"widget"}],"isInner":"","elType":"column"},{"id":"3d7f8027","settings":{"_column_size":"25","content_position":"bottom","background_background":"classic","background_image":{"url":"http:\/\/sitefacilitado.com.br\/membros\/wp-content\/uploads\/2020\/03\/girl.png","id":"5286"},"background_attachment":"scroll","background_repeat":"no-repeat","background_size":"cover","background_overlay_background":"classic","background_overlay_color":"#ef5880","padding":{"unit":"px","top":"20","right":"20","bottom":"40","left":"20","isLinked":""},"background_position":"bottom center","background_overlay_opacity":{"unit":"px","size":"0.4"},"background_overlay_hover_background":"classic","background_overlay_hover_color":"rgba(0,0,0,0)","background_overlay_hover_opacity":{"unit":"px","size":"0"},"margin":{"unit":"px","top":"10","right":"10","bottom":"10","left":"10","isLinked":"1"}},"elements":[{"id":"177b157d","settings":{"space":{"unit":"px","size":"421"},"space_tablet":{"unit":"px","size":"234"}},"elements":[],"isInner":false,"widgetType":"spacer","elType":"widget"}],"isInner":"","elType":"column"}],"isInner":"","elType":"section"},{"id":"1001a91b","settings":{"gap":"no","structure":"40","animation":"fadeIn","animation_duration":"slow","animation_delay":"300","custom_height_tablet":{"unit":"px","size":"300"},"custom_height_mobile":{"unit":"px","size":"857"},"column_position":"stretch","shape_divider_bottom":"split","shape_divider_bottom_color":"#ffffff","shape_divider_bottom_width":{"unit":"%","size":"100"},"shape_divider_bottom_height":{"unit":"px","size":"28"},"shape_divider_bottom_negative":"yes","shape_divider_bottom_above_content":"yes","margin":{"unit":"px","top":"-132","right":"0","bottom":"0","left":"0","isLinked":""},"padding":{"unit":"px","top":"0","right":"0","bottom":"0","left":"0","isLinked":"1"}},"elements":[{"id":"4a413a39","settings":{"_column_size":"25","content_position":"bottom","background_background":"classic","background_attachment":"scroll","background_repeat":"no-repeat","background_size":"contain","background_overlay_color":"#ef5880","padding":{"unit":"em","top":"1","right":"1","bottom":"1","left":"1","isLinked":"1"},"background_color":"#ffffff","background_position":"center center","background_hover_background":"classic","background_overlay_opacity":{"unit":"px","size":"0.15"},"border_radius":{"unit":"px","top":"4","right":"4","bottom":"4","left":"4","isLinked":"1"},"margin":{"unit":"px","top":"40","right":"40","bottom":"40","left":"40","isLinked":"1"},"_inline_size_tablet":"25","margin_tablet":{"unit":"px","top":"20","right":"20","bottom":"20","left":"20","isLinked":"1"},"padding_tablet":{"unit":"em","top":"1","right":"1","bottom":"1","left":"1","isLinked":"1"},"z_index":"8"},"elements":[{"id":"cd10f48","settings":{"title":"Ane","title_color":"#ef5880","typography_typography":"custom","typography_font_family":"Questrial","typography_text_transform":"capitalize","typography_letter_spacing":{"unit":"px","size":"0.5"}},"elements":[],"isInner":false,"widgetType":"heading","elType":"widget"},{"id":"4bbbf51","settings":{"editor":"<p>CEO<\/p>","text_color":"#7a7a7a","typography_typography":"custom","typography_font_family":"Lato","typography_font_size":{"unit":"px","size":"14"},"_margin":{"unit":"px","top":"-15","right":"0","bottom":"0","left":"0","isLinked":""}},"elements":[],"isInner":false,"widgetType":"text-editor","elType":"widget"},{"id":"147b6332","settings":{"text":"View Profile","size":"md","border_radius":{"unit":"px","top":"50","right":"50","bottom":"50","left":"50","isLinked":"1"},"_margin":{"unit":"px","top":"30","right":"0","bottom":"0","left":"0","isLinked":""},"align":"left","icon":"fa fa-clone","typography_typography":"custom","typography_font_family":"Questrial","typography_font_size":{"unit":"rem","size":"0.8"},"typography_font_weight":"500","typography_letter_spacing":{"unit":"px","size":"0.5"},"button_text_color":"#54595f","background_color":"rgba(255,255,255,0)","hover_color":"#ef5880","hover_animation":"grow","text_padding":{"unit":"px","top":"0","right":"0","bottom":"0","left":"0","isLinked":"1"}},"elements":[],"isInner":false,"widgetType":"button","elType":"widget"},{"id":"67a5ff35","settings":{"color":"#eeeeee","gap":{"unit":"px","size":"2"},"_animation":"fadeInUp","text":"Divisor"},"elements":[],"isInner":false,"widgetType":"divider","elType":"widget"}],"isInner":"","elType":"column"},{"id":"54c6b15b","settings":{"_column_size":"25","content_position":"bottom","background_background":"classic","background_attachment":"scroll","background_repeat":"no-repeat","background_size":"contain","background_overlay_color":"#ef5880","padding":{"unit":"em","top":"1","right":"1","bottom":"1","left":"1","isLinked":"1"},"background_color":"#ffffff","background_position":"center center","background_hover_background":"classic","background_overlay_opacity":{"unit":"px","size":"0.15"},"border_radius":{"unit":"px","top":"4","right":"4","bottom":"4","left":"4","isLinked":"1"},"margin":{"unit":"px","top":"40","right":"40","bottom":"40","left":"40","isLinked":"1"},"_inline_size_tablet":"25","margin_tablet":{"unit":"px","top":"20","right":"20","bottom":"20","left":"20","isLinked":"1"},"padding_tablet":{"unit":"em","top":"1","right":"1","bottom":"1","left":"1","isLinked":"1"},"z_index":"8"},"elements":[{"id":"3ce7a254","settings":{"title":"Alaya","title_color":"#ef5880","typography_typography":"custom","typography_font_family":"Questrial","typography_text_transform":"capitalize","typography_letter_spacing":{"unit":"px","size":"0.5"}},"elements":[],"isInner":false,"widgetType":"heading","elType":"widget"},{"id":"5f365bd4","settings":{"editor":"<p>Marketing Manager<\/p>","text_color":"#7a7a7a","typography_typography":"custom","typography_font_family":"Lato","typography_font_size":{"unit":"px","size":"14"},"_margin":{"unit":"px","top":"-15","right":"0","bottom":"0","left":"0","isLinked":""}},"elements":[],"isInner":false,"widgetType":"text-editor","elType":"widget"},{"id":"387cd18a","settings":{"text":"View Profile","size":"md","border_radius":{"unit":"px","top":"50","right":"50","bottom":"50","left":"50","isLinked":"1"},"_margin":{"unit":"px","top":"30","right":"0","bottom":"0","left":"0","isLinked":""},"align":"left","icon":"fa fa-clone","typography_typography":"custom","typography_font_family":"Questrial","typography_font_size":{"unit":"rem","size":"0.8"},"typography_font_weight":"500","typography_letter_spacing":{"unit":"px","size":"0.5"},"button_text_color":"#54595f","background_color":"rgba(255,255,255,0)","hover_color":"#ef5880","hover_animation":"grow","text_padding":{"unit":"px","top":"0","right":"0","bottom":"0","left":"0","isLinked":"1"}},"elements":[],"isInner":false,"widgetType":"button","elType":"widget"},{"id":"375618d9","settings":{"color":"#eeeeee","gap":{"unit":"px","size":"2"},"_animation":"fadeInUp","text":"Divisor"},"elements":[],"isInner":false,"widgetType":"divider","elType":"widget"}],"isInner":"","elType":"column"},{"id":"674a8971","settings":{"_column_size":"25","content_position":"bottom","background_background":"classic","background_attachment":"scroll","background_repeat":"no-repeat","background_size":"contain","background_overlay_color":"#ef5880","padding":{"unit":"em","top":"1","right":"1","bottom":"1","left":"1","isLinked":"1"},"background_color":"#ffffff","background_position":"center center","background_hover_background":"classic","background_overlay_opacity":{"unit":"px","size":"0.15"},"border_radius":{"unit":"px","top":"4","right":"4","bottom":"4","left":"4","isLinked":"1"},"margin":{"unit":"px","top":"40","right":"40","bottom":"40","left":"40","isLinked":"1"},"_inline_size_tablet":"25","margin_tablet":{"unit":"px","top":"20","right":"20","bottom":"20","left":"20","isLinked":"1"},"padding_tablet":{"unit":"em","top":"1","right":"1","bottom":"1","left":"1","isLinked":"1"},"z_index":"8"},"elements":[{"id":"52c49e01","settings":{"title":"Jude","title_color":"#ef5880","typography_typography":"custom","typography_font_family":"Questrial","typography_text_transform":"capitalize","typography_letter_spacing":{"unit":"px","size":"0.5"}},"elements":[],"isInner":false,"widgetType":"heading","elType":"widget"},{"id":"48471ae8","settings":{"editor":"<p>Community Manager<\/p>","text_color":"#7a7a7a","typography_typography":"custom","typography_font_family":"Lato","typography_font_size":{"unit":"px","size":"14"},"_margin":{"unit":"px","top":"-15","right":"0","bottom":"0","left":"0","isLinked":""}},"elements":[],"isInner":false,"widgetType":"text-editor","elType":"widget"},{"id":"5a4dafa9","settings":{"text":"View Profile","size":"md","border_radius":{"unit":"px","top":"50","right":"50","bottom":"50","left":"50","isLinked":"1"},"_margin":{"unit":"px","top":"30","right":"0","bottom":"0","left":"0","isLinked":""},"align":"left","icon":"fa fa-clone","typography_typography":"custom","typography_font_family":"Questrial","typography_font_size":{"unit":"rem","size":"0.8"},"typography_font_weight":"500","typography_letter_spacing":{"unit":"px","size":"0.5"},"button_text_color":"#54595f","background_color":"rgba(255,255,255,0)","hover_color":"#ef5880","hover_animation":"grow","text_padding":{"unit":"px","top":"0","right":"0","bottom":"0","left":"0","isLinked":"1"}},"elements":[],"isInner":false,"widgetType":"button","elType":"widget"},{"id":"7ce7f5e1","settings":{"color":"#eeeeee","gap":{"unit":"px","size":"2"},"_animation":"fadeInUp","text":"Divisor"},"elements":[],"isInner":false,"widgetType":"divider","elType":"widget"}],"isInner":"","elType":"column"},{"id":"b929915","settings":{"_column_size":"25","content_position":"bottom","background_background":"classic","background_attachment":"scroll","background_repeat":"no-repeat","background_size":"contain","background_overlay_color":"#ef5880","padding":{"unit":"em","top":"1","right":"1","bottom":"1","left":"1","isLinked":"1"},"background_color":"#ffffff","background_position":"center center","background_hover_background":"classic","background_overlay_opacity":{"unit":"px","size":"0.15"},"border_radius":{"unit":"px","top":"4","right":"4","bottom":"4","left":"4","isLinked":"1"},"margin":{"unit":"px","top":"40","right":"40","bottom":"40","left":"40","isLinked":"1"},"_inline_size_tablet":"25","margin_tablet":{"unit":"px","top":"20","right":"20","bottom":"20","left":"20","isLinked":"1"},"padding_tablet":{"unit":"em","top":"1","right":"1","bottom":"1","left":"1","isLinked":"1"},"z_index":"8"},"elements":[{"id":"7186f712","settings":{"title":"Emily"},"elements":[],"isInner":false,"widgetType":"heading","elType":"widget"},{"id":"563d8e6e","settings":{"editor":"<p>Director<\/p>","text_color":"#7a7a7a","typography_typography":"custom","typography_font_family":"Lato","typography_font_size":{"unit":"px","size":"14"},"_margin":{"unit":"px","top":"-15","right":"0","bottom":"0","left":"0","isLinked":""}},"elements":[],"isInner":false,"widgetType":"text-editor","elType":"widget"},{"id":"41a64d0d","settings":{"text":"View Profile","size":"md","border_radius":{"unit":"px","top":"50","right":"50","bottom":"50","left":"50","isLinked":"1"},"_margin":{"unit":"px","top":"30","right":"0","bottom":"0","left":"0","isLinked":""},"align":"left","icon":"fa fa-clone","typography_typography":"custom","typography_font_family":"Questrial","typography_font_size":{"unit":"rem","size":"0.8"},"typography_font_weight":"500","typography_letter_spacing":{"unit":"px","size":"0.5"},"button_text_color":"#54595f","background_color":"rgba(255,255,255,0)","hover_color":"#ef5880","hover_animation":"grow","text_padding":{"unit":"px","top":"0","right":"0","bottom":"0","left":"0","isLinked":"1"}},"elements":[],"isInner":false,"widgetType":"button","elType":"widget"},{"id":"235f2a11","settings":{"color":"#eeeeee","gap":{"unit":"px","size":"2"},"_animation":"fadeInUp","text":"Divisor"},"elements":[],"isInner":false,"widgetType":"divider","elType":"widget"}],"isInner":"","elType":"column"}],"isInner":"","elType":"section"},{"id":"36b68a77","settings":{"height":"min-height","background_background":"classic","background_color":"#ffffff","shape_divider_top":"split","shape_divider_top_height":{"unit":"px","size":"29"},"padding":{"unit":"em","top":"3","right":"0","bottom":"1","left":"0","isLinked":""},"column_position":"stretch","shape_divider_top_color":"#ffffff","shape_divider_top_width":{"unit":"%","size":"100"},"margin":{"unit":"px","top":"0","right":"0","bottom":"0","left":"0","isLinked":""}},"elements":[{"id":"322866d8","settings":{"_column_size":"100","background_background":"classic","background_overlay_background":"classic","background_overlay_image":{"url":"http:\/\/sitefacilitado.com.br\/membros\/wp-content\/uploads\/2020\/03\/overlay-white.png","id":"5271"},"background_overlay_opacity":{"unit":"px","size":"0.17"},"padding":{"unit":"em","top":"3","right":"3","bottom":"3","left":"3","isLinked":"1"},"padding_mobile":{"unit":"em","top":"1","right":"1","bottom":"1","left":"1","isLinked":"1"}},"elements":[{"id":"65d8ef06","settings":{"title":"Come work with us and change lives.","align":"center","title_color":"#ef5880","typography_typography":"custom","typography_font_size":{"unit":"em","size":"2"},"_animation":"fadeInLeft","_animation_delay":"600","typography_font_family":"Questrial","typography_line_height":{"unit":"em","size":"1.2"}},"elements":[],"isInner":false,"widgetType":"heading","elType":"widget"},{"id":"79da2a11","settings":{"color":"#eeeeee","gap":{"unit":"px","size":"2"},"_animation":"fadeInUp","text":"Divisor"},"elements":[],"isInner":false,"widgetType":"divider","elType":"widget"},{"id":"5076df39","settings":{"structure":"20"},"elements":[{"id":"1b279c41","settings":{"_column_size":"50"},"elements":[{"id":"4dcc49fe","settings":{"editor":"<p>Lorem ipsum dolor sit amet, consectetur adipiscing elit. Ut elit tellus, luctus nec ullamcorper mattis, pulvinar dapibus leo.\u00a0Ut elit tellus, luctus nec ullamcorper mattis.<\/p><p>Lorem ipsum dolor sit amet, consectetur adipiscing elit, sed do eiusmod tempor incididunt ut labore et dolore magna aliqua. Ut enim ad minim veniam, quis nostrud exercitation ullamco laboris nisi ut aliquip ex ea commodo consequat. Duis aute irure dolor in reprehenderit in voluptate velit esse cillum dolore eu fugiat nulla pariatur. Excepteur sint occaecat cupidatat non proident, sunt in culpa qui officia deserunt mollit anim id est laborum.<\/p>","text_color":"#7a7a7a","typography_typography":"custom","typography_font_family":"Lato","typography_line_height":{"unit":"em","size":"1.5"},"_padding":{"unit":"%","top":"0","right":"0","bottom":"0","left":"0","isLinked":""}},"elements":[],"isInner":false,"widgetType":"text-editor","elType":"widget"}],"isInner":"1","elType":"column"},{"id":"e00ce8a","settings":{"_column_size":"50"},"elements":[{"id":"3d8c0bd8","settings":{"editor":"<p>Ullamcorper malesuada proin libero nunc consequat interdum varius sit amet. Id semper risus in hendrerit gravida rutrum quisque. Ullamcorper morbi tincidunt ornare massa eget egestas purus. Pellentesque diam volutpat commodo sed egestas egestas. Nec ullamcorper sit amet risus nullam. Vestibulum sed arcu non odio euismod lacinia at. In vitae turpis massa sed elementum. Mollis aliquam ut porttitor leo. Purus non enim praesent elementum facilisis leo vel fringilla. Magna fermentum iaculis eu non diam phasellus. Aliquet lectus proin nibh nisl. Vel quam elementum pulvinar etiam non quam lacus suspendisse. Vitae proin sagittis nisl rhoncus.<\/p>","text_color":"#7a7a7a","typography_typography":"custom","typography_font_family":"Lato","typography_line_height":{"unit":"em","size":"1.5"},"_padding":{"unit":"%","top":"0","right":"0","bottom":"0","left":"0","isLinked":""}},"elements":[],"isInner":false,"widgetType":"text-editor","elType":"widget"}],"isInner":"1","elType":"column"}],"isInner":"1","elType":"section"},{"id":"1a5a9cb9","settings":{"text":"More About Us","size":"md","border_radius":{"unit":"px","top":"50","right":"50","bottom":"50","left":"50","isLinked":"1"},"_margin":{"unit":"px","top":"30","right":"0","bottom":"0","left":"0","isLinked":""},"align":"center","typography_typography":"custom","typography_font_family":"Questrial","typography_font_size":{"unit":"rem","size":"1"},"typography_font_weight":"500","typography_letter_spacing":{"unit":"px","size":"0.5"},"button_text_color":"#ef5880","background_color":"#ffffff","border_border":"solid","align_mobile":"justify"},"elements":[],"isInner":false,"widgetType":"button","elType":"widget"}],"isInner":"","elType":"column"}],"isInner":"","elType":"section"},{"id":"6306b8a1","settings":{"gap":"wide","structure":"40","background_background":"classic","padding":{"unit":"em","top":"1","right":"1","bottom":"3","left":"1","isLinked":""},"background_overlay_background":"classic","background_overlay_opacity":{"unit":"px","size":"0.21"},"margin":{"unit":"px","top":"0","right":"0","bottom":"0","left":"0","isLinked":""},"animation":"fadeIn","animation_duration":"slow","animation_delay":"300"},"elements":[{"id":"392342ae","settings":{"_column_size":"25"},"elements":[{"id":"2aecdb8a","settings":{"icon":"fa fa-globe","title_text":"Worldwide","description_text":"Lorem ipsum dolor sit amet, consectetur adipiscing elit. Ut elit tellus, luctus nec ullamcorper mattis.","primary_color":"#ef5880","icon_space":{"unit":"px","size":""},"title_color":"#ef5880","description_color":"#777777","description_typography_typography":"custom","description_typography_font_family":"Lato","description_typography_font_size":{"unit":"px","size":"14"},"description_typography_line_height":{"unit":"em","size":"1.6"},"border_width":{"unit":"px","top":"1","right":"1","bottom":"1","left":"1","isLinked":"1"},"title_bottom_space":{"unit":"px","size":"10"},"title_typography_typography":"custom","title_typography_font_family":"Questrial","title_typography_font_size":{"unit":"rem","size":"1.5"},"description_typography_font_weight":"400"},"elements":[],"isInner":false,"widgetType":"icon-box","elType":"widget"}],"isInner":"1","elType":"column"},{"id":"52b2fd4b","settings":{"_column_size":"25","border_border":"solid","border_width":{"unit":"px","top":"0","right":"1","bottom":"0","left":"1","isLinked":""},"border_color":"#eeeeee"},"elements":[{"id":"51131b1b","settings":{"icon":"fa fa-shield","title_text":"Responsibility","description_text":"Lorem ipsum dolor sit amet, consectetur adipiscing elit. Ut elit tellus, luctus nec ullamcorper mattis.","primary_color":"#ef5880","icon_space":{"unit":"px","size":""},"title_color":"#ef5880","description_color":"#777777","description_typography_typography":"custom","description_typography_font_family":"Lato","description_typography_font_size":{"unit":"px","size":"14"},"description_typography_line_height":{"unit":"em","size":"1.6"},"border_width":{"unit":"px","top":"1","right":"1","bottom":"1","left":"1","isLinked":"1"},"title_bottom_space":{"unit":"px","size":"10"},"title_typography_typography":"custom","title_typography_font_family":"Questrial","title_typography_font_size":{"unit":"rem","size":"1.5"},"description_typography_font_weight":"400"},"elements":[],"isInner":false,"widgetType":"icon-box","elType":"widget"}],"isInner":"1","elType":"column"},{"id":"146bc168","settings":{"_column_size":"25","border_border":"solid","border_width":{"unit":"px","top":"0","right":"1","bottom":"0","left":"1","isLinked":""},"border_color":"#eeeeee"},"elements":[{"id":"60fc01be","settings":{"icon":"fa fa-heart","title_text":"Passion","description_text":"Lorem ipsum dolor sit amet, consectetur adipiscing elit. Ut elit tellus, luctus nec ullamcorper mattis.","primary_color":"#ef5880","icon_space":{"unit":"px","size":""},"title_color":"#ef5880","description_color":"#777777","description_typography_typography":"custom","description_typography_font_family":"Lato","description_typography_font_size":{"unit":"px","size":"14"},"description_typography_line_height":{"unit":"em","size":"1.6"},"border_width":{"unit":"px","top":"1","right":"1","bottom":"1","left":"1","isLinked":"1"},"title_bottom_space":{"unit":"px","size":"10"},"title_typography_typography":"custom","title_typography_font_family":"Questrial","title_typography_font_size":{"unit":"rem","size":"1.5"},"description_typography_font_weight":"400"},"elements":[],"isInner":false,"widgetType":"icon-box","elType":"widget"}],"isInner":"1","elType":"column"},{"id":"44a06c9e","settings":{"_column_size":"25"},"elements":[{"id":"517fb22c","settings":{"icon":"fa fa-mortar-board","title_text":"Professional","description_text":"Lorem ipsum dolor sit amet, consectetur adipiscing elit. Ut elit tellus, luctus nec ullamcorper mattis.","primary_color":"#ef5880","icon_space":{"unit":"px","size":""},"title_color":"#ef5880","description_color":"#777777","description_typography_typography":"custom","description_typography_font_family":"Lato","description_typography_font_size":{"unit":"px","size":"14"},"description_typography_line_height":{"unit":"em","size":"1.6"},"border_width":{"unit":"px","top":"1","right":"1","bottom":"1","left":"1","isLinked":"1"},"title_bottom_space":{"unit":"px","size":"10"},"title_typography_typography":"custom","title_typography_font_family":"Questrial","title_typography_font_size":{"unit":"rem","size":"1.5"},"description_typography_font_weight":"400"},"elements":[],"isInner":false,"widgetType":"icon-box","elType":"widget"}],"isInner":"1","elType":"column"}],"isInner":"1","elType":"section"},{"id":"13cdc3c6","settings":{"background_background":"classic","background_color":"#ef5880","shape_divider_top_height":{"unit":"px","size":"28"},"padding":{"unit":"px","top":"80","right":"0","bottom":"80","left":"0","isLinked":""},"content_width":{"unit":"px","size":"960"},"background_position":"center center","background_attachment":"fixed","background_repeat":"no-repeat","background_size":"cover","background_overlay_background":"classic","background_overlay_image":{"url":"http:\/\/sitefacilitado.com.br\/membros\/wp-content\/uploads\/2020\/03\/overlay-white.png","id":"5271"},"background_overlay_opacity":{"unit":"px","size":"0.47"},"shape_divider_top_width":{"unit":"%","size":"100"},"shape_divider_top":"split","shape_divider_top_width_mobile":{"unit":"%","size":"300"},"shape_divider_top_height_mobile":{"unit":"px","size":"16"}},"elements":[{"id":"3a942678","settings":{"_column_size":"100"},"elements":[{"id":"78afce4e","settings":{"title":"We're helping women grow stronger every day.","align":"center","title_color":"#ffffff","typography_typography":"custom","typography_font_size":{"unit":"em","size":"2.5"},"_animation":"fadeIn","animation_duration":"slow","_animation_delay":"300"},"elements":[],"isInner":false,"widgetType":"heading","elType":"widget"},{"id":"65d13d3a","settings":{"editor":"<p>Consectetur adipiscing elit. Ut elit tellus, luctus nec ullamcorper mattis, pulvinar dapibus leo. Praesent feugiat eleifend nisi quis scelerisque. Aliquam sit amet viverra ligula. Ut sed commodo velit. Vivamus venenatis bibendum ante at luctus.<\/p>","text_color":"#ffffff","typography_typography":"custom","typography_font_family":"Lato","typography_font_size":{"unit":"px","size":"16"},"typography_line_height":{"unit":"em","size":"1.8"},"_animation_delay":"800","align":"center","_margin":{"unit":"%","top":"","right":"","bottom":"","left":"","isLinked":"1"}},"elements":[],"isInner":false,"widgetType":"text-editor","elType":"widget"},{"id":"43151d90","settings":{"form_name":"New Form","form_fields":[{"_id":"name","field_type":"text","field_label":"Name","placeholder":"Name","width":"25","required":"","min_date":"","max_date":"","field_options":"","allow_multiple":"","select_size":"","inline_list":"","field_html":"","width_tablet":"","width_mobile":"","rows":"4","recaptcha_size":"normal","recaptcha_style":"light","css_classes":"","field_value":"","custom_id":"name","recaptcha_badge":"bottomright"},{"_id":"email","field_type":"email","required":"true","field_label":"Email","placeholder":"Email","width":"25","min_date":"","max_date":"","field_options":"","allow_multiple":"","select_size":"","inline_list":"","field_html":"","width_tablet":"","width_mobile":"","rows":"4","recaptcha_size":"normal","recaptcha_style":"light","css_classes":"","field_value":"","custom_id":"email","recaptcha_badge":"bottomright"},{"_id":"message","field_type":"text","field_label":"City","placeholder":"City","width":"25","required":"","min_date":"","max_date":"","field_options":"","allow_multiple":"","select_size":"","inline_list":"","field_html":"","width_tablet":"","width_mobile":"","rows":"4","recaptcha_size":"normal","recaptcha_style":"light","css_classes":"","field_value":"","custom_id":"message","recaptcha_badge":"bottomright"}],"input_size":"md","show_labels":"","button_text":"Get Connected","button_size":"md","button_width":"25","email_content":"[all-fields]","email_content_2":"[all-fields]","success_message":"The form was sent successfully.","error_message":"An error occured.","required_field_message":"This field is required.","invalid_message":"There's something wrong. The form is invalid.","field_border_radius":{"unit":"px","top":"5","right":"5","bottom":"5","left":"5","isLinked":"1"},"button_background_color":"#f7d474","button_text_color":"#ffffff","button_typography_typography":"custom","button_typography_font_family":"Questrial","button_typography_font_size":{"unit":"rem","size":"1.1"},"button_typography_font_weight":"600","button_typography_letter_spacing":{"unit":"px","size":"0.5"},"button_background_hover_color":"#ef5880","button_hover_color":"#ffffff","button_hover_animation":"shrink","field_border_color":"rgba(0,0,0,0)","button_border_radius":{"unit":"px","top":"10","right":"30","bottom":"30","left":"10","isLinked":""}},"elements":[],"isInner":false,"widgetType":"form","elType":"widget"}],"isInner":"","elType":"column"}],"isInner":"","elType":"section"}]}