{"version":"0.4","title":"Empres\u00e1rias 1","type":"page","content":[{"id":"6337436","settings":{"layout":"full_width","gap":"no","custom_height":{"unit":"vh","size":"50"},"height":"min-height"},"elements":[{"id":"1a4cb39c","settings":{"_column_size":"100"},"elements":[{"id":"2cf2ea40","settings":{"slides":[{"heading":"We Grow Together","description":"Lorem ipsum dolor sit amet consectetur adipiscing elit dolor lorem ipsum dolor sit amet. Lorem ipsum dolor sit amet consectetur adipiscing elit dolor lorem ipsum dolor sit amet.","button_text":"Join Our Network","background_color":"#ef5880","_id":"adacbc4","background_image":{"url":"http:\/\/sitefacilitado.com.br\/membros\/wp-content\/uploads\/2020\/03\/trust-tru-katsande-592914-unsplash-2.jpg","id":"5257"},"background_size":"cover","background_ken_burns":"","zoom_direction":"in","background_overlay":"yes","background_overlay_color":"rgba(239,50,100,0.67)","background_overlay_blend_mode":"multiply","link":{"url":"#","is_external":"","nofollow":""},"link_click":"slide","custom_style":"yes","horizontal_position":"","vertical_position":"","text_align":"","content_color":""},{"heading":"We Go Further","description":"Lorem ipsum dolor sit amet consectetur adipiscing elit dolor lorem ipsum dolor sit amet. Lorem ipsum dolor sit amet consectetur adipiscing elit dolor lorem ipsum dolor sit amet.","button_text":"Recent Events","background_color":"#ef5880","_id":"37616da","background_image":{"url":"http:\/\/sitefacilitado.com.br\/membros\/wp-content\/uploads\/2020\/03\/trust-tru-katsande-592914-unsplash.jpg","id":"5258"},"background_size":"cover","background_ken_burns":"","zoom_direction":"in","background_overlay":"yes","background_overlay_color":"rgba(239,50,100,0.67)","background_overlay_blend_mode":"multiply","link":{"url":"","is_external":"","nofollow":""},"link_click":"slide","custom_style":"","horizontal_position":"","vertical_position":"","text_align":"","content_color":""},{"heading":"Fostering A Better Self","description":"Lorem ipsum dolor sit amet consectetur adipiscing elit dolor lorem ipsum dolor sit amet. Lorem ipsum dolor sit amet consectetur adipiscing elit dolor lorem ipsum dolor sit amet.","button_text":"","background_color":"#ef5880","_id":"a84c18b","background_image":{"url":"http:\/\/sitefacilitado.com.br\/membros\/wp-content\/uploads\/2020\/03\/trust-tru-katsande-592914-unsplash-1.jpg","id":"5259"},"background_size":"cover","background_ken_burns":"","zoom_direction":"in","background_overlay":"yes","background_overlay_color":"rgba(239,50,100,0.67)","background_overlay_blend_mode":"darken","link":{"url":"","is_external":"","nofollow":""},"link_click":"slide","custom_style":"yes","horizontal_position":"","vertical_position":"","text_align":"","content_color":""}],"slides_height":{"unit":"px","size":"716"},"heading_spacing":{"unit":"px","size":"18"},"heading_typography_typography":"custom","heading_typography_font_family":"Questrial","heading_typography_font_size":{"unit":"em","size":"5.1"},"description_color":"#ffffff","description_typography_typography":"custom","description_typography_font_family":"Lato","description_typography_line_height":{"unit":"em","size":"1.5"},"button_color":"#ffffff","button_typography_typography":"custom","button_typography_font_family":"Questrial","button_typography_font_weight":"500","button_border_radius":{"unit":"px","size":"50"},"button_text_color":"#ffffff","button_background_color":"#ef5880","button_border_color":"rgba(239,16,76,0)","arrows_color":"#ffffff","dots_color":"#ffffff","_margin":{"unit":"%","top":"","right":"","bottom":"","left":"","isLinked":"1"},"_padding":{"unit":"%","top":"","right":"","bottom":"","left":"","isLinked":"1"},"heading_typography_font_size_mobile":{"unit":"rem","size":"3"},"content_max_width":{"unit":"%","size":"50"},"heading_color":"#ffffff","heading_typography_text_transform":"uppercase","description_typography_font_size":{"unit":"rem","size":"1.3"},"button_typography_font_size":{"unit":"rem","size":"1.2"},"button_typography_letter_spacing":{"unit":"px","size":"0.5"},"button_hover_text_color":"#54595f","button_hover_background_color":"#ffffff","content_max_width_tablet":{"unit":"%","size":"100"},"content_max_width_mobile":{"unit":"%","size":"87"},"description_typography_font_size_mobile":{"unit":"rem","size":"0.8"},"description_typography_line_height_mobile":{"unit":"em","size":"1.6"}},"elements":[],"isInner":false,"widgetType":"slides","elType":"widget"}],"isInner":"","elType":"column"}],"isInner":"","elType":"section"},{"id":"265562ba","settings":{"gap":"no","custom_height":{"unit":"px","size":"0"},"structure":"22","background_background":"classic","background_color":"#ef5880","padding":{"unit":"px","top":"15","right":"0","bottom":"15","left":"0","isLinked":""},"animation":"fadeIn","padding_mobile":{"unit":"em","top":"2","right":"2","bottom":"2","left":"2","isLinked":"1"}},"elements":[{"id":"9233fdc","settings":{"_column_size":"66"},"elements":[{"id":"529b0c42","settings":{"before_text":"More than","highlighted_text":"12000","rotating_text":"Better\nBigger\nFaster","after_text":"Ladies Are Together","marker_color":"#f7d474","title_color":"#ffffff","title_typography_typography":"custom","title_typography_font_family":"Questrial","title_typography_font_size":{"unit":"em","size":"2.2"},"words_color":"#f7d474","words_typography_typography":"custom","words_typography_font_family":"Questrial","words_typography_letter_spacing":{"unit":"px","size":"0.5"}},"elements":[],"isInner":false,"widgetType":"animated-headline","elType":"widget"}],"isInner":"","elType":"column"},{"id":"13c39fd4","settings":{"_column_size":"33","content_position":"center","border_border":"solid","border_width":{"unit":"px","top":"0","right":"0","bottom":"0","left":"1","isLinked":""},"border_color":"rgba(239,162,183,0.39)","margin_tablet":{"unit":"px","top":"0","right":"0","bottom":"0","left":"20","isLinked":""},"margin_mobile":{"unit":"px","top":"0","right":"0","bottom":"0","left":"0","isLinked":"1"},"padding":{"unit":"px","top":"0","right":"0","bottom":"0","left":"60","isLinked":""},"padding_tablet":{"unit":"px","top":"0","right":"0","bottom":"0","left":"20","isLinked":""},"padding_mobile":{"unit":"px","top":"0","right":"0","bottom":"0","left":"0","isLinked":"1"}},"elements":[{"id":"60722328","settings":{"text":"Join Our Family","align_mobile":"center","size":"md","button_text_color":"#0c0c0c","background_color":"#ffffff","hover_animation":"grow","border_radius":{"unit":"px","top":"50","right":"50","bottom":"50","left":"50","isLinked":"1"},"button_box_shadow_box_shadow_type":"yes","button_box_shadow_box_shadow":{"horizontal":"0","vertical":"0","blur":"28","spread":"14","color":"rgba(0,0,0,0.03)"},"typography_typography":"custom","typography_font_family":"Questrial","typography_font_size":{"unit":"rem","size":"1"},"typography_font_weight":"400","typography_letter_spacing":{"unit":"px","size":"0.5"}},"elements":[],"isInner":false,"widgetType":"button","elType":"widget"}],"isInner":"","elType":"column"}],"isInner":"","elType":"section"},{"id":"60bcdb28","settings":{"margin":{"unit":"px","top":"0","right":"0","bottom":"0","left":"0","isLinked":""},"animation":"pulse","padding":{"unit":"em","top":"3","right":"0","bottom":"3","left":"0","isLinked":""}},"elements":[{"id":"6b15bb8f","settings":{"_column_size":"100"},"elements":[{"id":"204e8691","settings":{"layout":"left","bg_image":{"url":"http:\/\/sitefacilitado.com.br\/membros\/wp-content\/uploads\/2020\/03\/piotr-krzyzanowski-690545-unsplash.jpg","id":"5260"},"title":"Welcome To Women Network","description":"Lorem ipsum dolor sit amet consectetur adipiscing elit dolor lorem ipsum dolor sit amet. Lorem ipsum dolor sit amet consectetur adipiscing elit dolor lorem ipsum dolor sit amet.","button":"About Us","link":{"url":"#","is_external":"","nofollow":""},"min-height":{"unit":"px","size":"350"},"title_typography_typography":"custom","description_typography_typography":"custom","description_typography_font_family":"Lato","description_typography_font_size":{"unit":"px","size":"16"},"description_typography_line_height":{"unit":"em","size":"1.6"},"description_spacing":{"unit":"px","size":"25"},"content_bg_color":"#f9f9f9","title_color":"#ef5880","description_color":"#7a7a7a","button_color":"#ef5880","button_text_color":"#ef5880","button_background_color":"rgba(239,88,128,0)","button_border_color":"#ef5880","button_hover_text_color":"#ffffff","button_hover_background_color":"#ef5880","button_border_radius":{"unit":"px","size":"50"},"_background_background":"classic","layout_mobile":"above","vertical_position":"middle","padding":{"unit":"em","top":"3","right":"3","bottom":"3","left":"3","isLinked":"1"},"title_typography_font_family":"Questrial","title_typography_font_size":{"unit":"rem","size":"2"},"title_typography_letter_spacing":{"unit":"px","size":"0.5"},"button_typography_typography":"custom","button_typography_font_family":"Questrial","button_typography_font_weight":"500","button_typography_letter_spacing":{"unit":"px","size":"0.5"},"padding_mobile":{"unit":"em","top":"1","right":"1","bottom":"1","left":"1","isLinked":"1"},"title_typography_font_size_mobile":{"unit":"rem","size":""}},"elements":[],"isInner":false,"widgetType":"call-to-action","elType":"widget"}],"isInner":"","elType":"column"}],"isInner":"","elType":"section"},{"id":"246acd54","settings":{"structure":"40","gap":"extended","animation":"fadeIn","padding":{"unit":"px","top":"20","right":"0","bottom":"30","left":"0","isLinked":""}},"elements":[{"id":"92539d0","settings":{"_column_size":"25","_inline_size_tablet":"50"},"elements":[{"id":"5da94b81","settings":{"image":{"url":"http:\/\/sitefacilitado.com.br\/membros\/wp-content\/uploads\/2020\/03\/katy-belcher-342054-unsplash-1.jpg","id":"5261"},"title_text":"Connect","description_text":"Lorem ipsum dolor sit amet, consectetur adipiscing elit. Ut elit tellus, luctus nec ullamcorper mattis, pulvinar dapibus leo.","image_space":{"unit":"px","size":"0"},"image_size":{"unit":"%","size":"100"},"text_align":"left","description_color":"rgba(0,0,0,0.55)","description_typography_typography":"custom","description_typography_font_size":{"unit":"px","size":"14"},"description_typography_line_height":{"unit":"em","size":"1.6"},"_css_classes":"envato-kit-121-imagebox-overlay","title_bottom_space":{"unit":"px","size":"12"},"title_typography_typography":"custom","title_typography_font_family":"Questrial","title_typography_font_size":{"unit":"em","size":"1.4"},"title_typography_line_height":{"unit":"em","size":"1.2"},"title_typography_letter_spacing":{"unit":"px","size":"0.5"},"description_typography_font_family":"Lato"},"elements":[],"isInner":false,"widgetType":"image-box","elType":"widget"},{"id":"1ce99ab2","settings":{"color":"#eeeeee","gap":{"unit":"px","size":"2"},"_animation":"fadeInUp","text":"Divisor"},"elements":[],"isInner":false,"widgetType":"divider","elType":"widget"}],"isInner":"","elType":"column"},{"id":"5d0f415c","settings":{"_column_size":"25","_inline_size_tablet":"50"},"elements":[{"id":"7bce3005","settings":{"image":{"url":"http:\/\/sitefacilitado.com.br\/membros\/wp-content\/uploads\/2020\/03\/kelsey-chance-575535-unsplash.jpg","id":"5262"},"title_text":"Communicate","description_text":"Lorem ipsum dolor sit amet, consectetur adipiscing elit. Ut elit tellus, luctus nec ullamcorper mattis, pulvinar dapibus leo.","image_space":{"unit":"px","size":"0"},"image_size":{"unit":"%","size":"100"},"text_align":"left","description_color":"rgba(0,0,0,0.55)","description_typography_typography":"custom","description_typography_font_size":{"unit":"px","size":"14"},"description_typography_line_height":{"unit":"em","size":"1.6"},"_css_classes":"envato-kit-121-imagebox-overlay","title_bottom_space":{"unit":"px","size":"12"},"title_typography_typography":"custom","title_typography_font_family":"Questrial","title_typography_font_size":{"unit":"em","size":"1.4"},"title_typography_line_height":{"unit":"em","size":"1.2"},"title_typography_letter_spacing":{"unit":"px","size":"0.5"},"description_typography_font_family":"Lato"},"elements":[],"isInner":false,"widgetType":"image-box","elType":"widget"},{"id":"6ca3408a","settings":{"color":"#eeeeee","gap":{"unit":"px","size":"2"},"_animation":"fadeInUp","text":"Divisor"},"elements":[],"isInner":false,"widgetType":"divider","elType":"widget"}],"isInner":"","elType":"column"},{"id":"3425aa0b","settings":{"_column_size":"25","_inline_size_tablet":"50"},"elements":[{"id":"43386bbb","settings":{"image":{"url":"http:\/\/sitefacilitado.com.br\/membros\/wp-content\/uploads\/2020\/03\/rawpixel-651362-unsplash.jpg","id":"5263"},"title_text":"Collaborate","description_text":"Lorem ipsum dolor sit amet, consectetur adipiscing elit. Ut elit tellus, luctus nec ullamcorper mattis, pulvinar dapibus leo.","image_space":{"unit":"px","size":"0"},"image_size":{"unit":"%","size":"100"},"text_align":"left","description_color":"rgba(0,0,0,0.55)","description_typography_typography":"custom","description_typography_font_size":{"unit":"px","size":"14"},"description_typography_line_height":{"unit":"em","size":"1.6"},"_css_classes":"envato-kit-121-imagebox-overlay","title_bottom_space":{"unit":"px","size":"12"},"title_typography_typography":"custom","title_typography_font_family":"Questrial","title_typography_font_size":{"unit":"em","size":"1.4"},"title_typography_line_height":{"unit":"em","size":"1.2"},"title_typography_letter_spacing":{"unit":"px","size":"0.5"},"description_typography_font_family":"Lato"},"elements":[],"isInner":false,"widgetType":"image-box","elType":"widget"},{"id":"1bcfe6f2","settings":{"color":"#eeeeee","gap":{"unit":"px","size":"2"},"_animation":"fadeInUp","text":"Divisor"},"elements":[],"isInner":false,"widgetType":"divider","elType":"widget"}],"isInner":"","elType":"column"},{"id":"7b73c82c","settings":{"_column_size":"25","_inline_size_tablet":"50"},"elements":[{"id":"55710796","settings":{"image":{"url":"http:\/\/sitefacilitado.com.br\/membros\/wp-content\/uploads\/2020\/03\/rawpixel-675359-unsplash-scaled.jpg","id":"5264"},"title_text":"Find Jobs","description_text":"Lorem ipsum dolor sit amet, consectetur adipiscing elit. Ut elit tellus, luctus nec ullamcorper mattis, pulvinar dapibus leo.","image_space":{"unit":"px","size":"0"},"image_size":{"unit":"%","size":"100"},"text_align":"left","description_color":"rgba(0,0,0,0.55)","description_typography_typography":"custom","description_typography_font_size":{"unit":"px","size":"14"},"description_typography_line_height":{"unit":"em","size":"1.6"},"_css_classes":"envato-kit-121-imagebox-overlay","title_bottom_space":{"unit":"px","size":"12"},"title_typography_typography":"custom","title_typography_font_family":"Questrial","title_typography_font_size":{"unit":"em","size":"1.4"},"title_typography_line_height":{"unit":"em","size":"1.2"},"title_typography_letter_spacing":{"unit":"px","size":"0.5"},"description_typography_font_family":"Lato"},"elements":[],"isInner":false,"widgetType":"image-box","elType":"widget"},{"id":"5fdccbc2","settings":{"color":"#eeeeee","gap":{"unit":"px","size":"2"},"_animation":"fadeInUp","text":"Divisor"},"elements":[],"isInner":false,"widgetType":"divider","elType":"widget"}],"isInner":"","elType":"column"}],"isInner":"","elType":"section"},{"id":"c1564d3","settings":{"height":"min-height","structure":"20","border_border":"solid","border_width":{"unit":"px","top":"1","right":"0","bottom":"0","left":"0","isLinked":""},"border_color":"#eeeeee","margin":{"unit":"px","top":"0","right":"0","bottom":"0","left":"0","isLinked":""},"padding":{"unit":"em","top":"3","right":"0","bottom":"3","left":"0","isLinked":""},"animation":"fadeIn"},"elements":[{"id":"4dc60cf5","settings":{"_column_size":"50","_inline_size_tablet":"60","background_background":"classic","background_color":"#ffffff","margin":{"unit":"%","top":"0","right":"0","bottom":"0","left":"0","isLinked":""},"padding":{"unit":"em","top":"1","right":"1","bottom":"1","left":"1","isLinked":"1"}},"elements":[{"id":"293d7d6d","settings":{"title":"Benefits","size":"xxl","title_color":"#ef5880","typography_typography":"custom","typography_font_family":"Questrial","typography_line_height":{"unit":"em","size":"1.2"},"typography_letter_spacing":{"unit":"px","size":"0.5"}},"elements":[],"isInner":false,"widgetType":"heading","elType":"widget"},{"id":"4bc075dd","settings":{"title":"You need the right support behind you and your dream!","size":"medium","header_size":"h4","title_color":"#7a7a7a","typography_typography":"custom","typography_font_family":"Questrial","typography_line_height":{"unit":"em","size":"1.2"},"_margin":{"unit":"px","top":"-20","right":"0","bottom":"80","left":"0","isLinked":""},"typography_font_weight":"500"},"elements":[],"isInner":false,"widgetType":"heading","elType":"widget"},{"id":"570a522b","settings":{"image":{"url":"http:\/\/sitefacilitado.com.br\/membros\/wp-content\/uploads\/2020\/03\/bruce-mars-558730-unsplash.jpg","id":"5265"},"title_text":"Events","description_text":"Lorem ipsum dolor sit amet, consectetur adipiscing elit. Ut elit tellus, luctus nec ullamcorper mattis, pulvinar dapibus leo.","position":"left","title_size":"div","image_size":{"unit":"%","size":"51"},"image_size_mobile":{"unit":"%","size":"100"},"title_bottom_space":{"unit":"px","size":"7"},"title_color":"#ef5880","title_typography_typography":"custom","title_typography_font_family":"Questrial","title_typography_font_size":{"unit":"em","size":"1.2"},"description_typography_typography":"custom","description_typography_font_family":"Lato","description_typography_font_size":{"unit":"px","size":"14"},"description_typography_line_height":{"unit":"em","size":"1.6"},"_margin":{"unit":"px","top":"0","right":"0","bottom":"0","left":"0","isLinked":""},"text_align":"left","title_typography_font_weight":"bold","title_typography_letter_spacing":{"unit":"px","size":"0.5"},"description_color":"rgba(0,0,0,0.55)","_border_radius":{"unit":"px","top":"4","right":"4","bottom":"4","left":"4","isLinked":"1"}},"elements":[],"isInner":false,"widgetType":"image-box","elType":"widget"},{"id":"56f1e8ba","settings":{"color":"#eeeeee","gap":{"unit":"px","size":"2"},"_animation":"fadeInUp","text":"Divisor"},"elements":[],"isInner":false,"widgetType":"divider","elType":"widget"},{"id":"6a8c8127","settings":{"image":{"url":"http:\/\/sitefacilitado.com.br\/membros\/wp-content\/uploads\/2020\/03\/john-schnobrich-520023-unsplash.jpg","id":"5266"},"title_text":"Learning","description_text":"Lorem ipsum dolor sit amet, consectetur adipiscing elit. Ut elit tellus, luctus nec ullamcorper mattis, pulvinar dapibus leo.","position":"left","title_size":"div","image_size":{"unit":"%","size":"51"},"image_size_mobile":{"unit":"%","size":"100"},"title_bottom_space":{"unit":"px","size":"7"},"title_color":"#ef5880","title_typography_typography":"custom","title_typography_font_family":"Questrial","title_typography_font_size":{"unit":"em","size":"1.2"},"description_typography_typography":"custom","description_typography_font_family":"Lato","description_typography_font_size":{"unit":"px","size":"14"},"description_typography_line_height":{"unit":"em","size":"1.6"},"_margin":{"unit":"px","top":"0","right":"0","bottom":"0","left":"0","isLinked":""},"text_align":"left","title_typography_font_weight":"bold","title_typography_letter_spacing":{"unit":"px","size":"0.5"},"description_color":"rgba(0,0,0,0.55)","_border_radius":{"unit":"px","top":"4","right":"4","bottom":"4","left":"4","isLinked":"1"}},"elements":[],"isInner":false,"widgetType":"image-box","elType":"widget"},{"id":"193967de","settings":{"color":"#eeeeee","gap":{"unit":"px","size":"2"},"_animation":"fadeInUp","text":"Divisor"},"elements":[],"isInner":false,"widgetType":"divider","elType":"widget"},{"id":"32c78d37","settings":{"image":{"url":"http:\/\/sitefacilitado.com.br\/membros\/wp-content\/uploads\/2020\/03\/neonbrand-426918-unsplash.jpg","id":"5267"},"title_text":"Ask The Expert","description_text":"Lorem ipsum dolor sit amet, consectetur adipiscing elit. Ut elit tellus, luctus nec ullamcorper mattis, pulvinar dapibus leo.","position":"left","title_size":"div","image_size":{"unit":"%","size":"51"},"image_size_mobile":{"unit":"%","size":"100"},"title_bottom_space":{"unit":"px","size":"7"},"title_color":"#ef5880","title_typography_typography":"custom","title_typography_font_family":"Questrial","title_typography_font_size":{"unit":"em","size":"1.2"},"description_typography_typography":"custom","description_typography_font_family":"Lato","description_typography_font_size":{"unit":"px","size":"14"},"description_typography_line_height":{"unit":"em","size":"1.6"},"_margin":{"unit":"px","top":"0","right":"0","bottom":"0","left":"0","isLinked":""},"text_align":"left","title_typography_font_weight":"bold","title_typography_letter_spacing":{"unit":"px","size":"0.5"},"description_color":"rgba(0,0,0,0.55)","_border_radius":{"unit":"px","top":"4","right":"4","bottom":"4","left":"4","isLinked":"1"}},"elements":[],"isInner":false,"widgetType":"image-box","elType":"widget"}],"isInner":"","elType":"column"},{"id":"35c1349b","settings":{"_column_size":"50","_inline_size_tablet":"40","background_background":"classic","background_image":{"url":"http:\/\/sitefacilitado.com.br\/membros\/wp-content\/uploads\/2020\/03\/rawpixel-323210-unsplash.jpg","id":"5268"},"background_size":"cover","border_radius":{"unit":"px","top":"4","right":"4","bottom":"4","left":"4","isLinked":"1"}},"elements":[{"id":"7368a207","settings":{"space_mobile":{"unit":"px","size":"484"}},"elements":[],"isInner":false,"widgetType":"spacer","elType":"widget"}],"isInner":"","elType":"column"}],"isInner":"","elType":"section"},{"id":"5d8ab2f6","settings":{"height":"min-height","custom_height":{"unit":"px","size":"640"},"column_position":"stretch","structure":"20","padding":{"unit":"em","top":"3","right":"0","bottom":"3","left":"0","isLinked":""},"animation":"fadeIn"},"elements":[{"id":"5dc58f33","settings":{"_column_size":"50","background_background":"classic","background_image":{"url":"http:\/\/sitefacilitado.com.br\/membros\/wp-content\/uploads\/2020\/03\/pexels-photo-942418.jpeg","id":"5269"},"background_size":"cover","border_radius":{"unit":"px","top":"4","right":"4","bottom":"4","left":"4","isLinked":"1"},"animation":"fadeIn","background_position":"center center"},"elements":[{"id":"7e6437a9","settings":{"space_mobile":{"unit":"px","size":"438"},"space":{"unit":"px","size":"600"}},"elements":[],"isInner":false,"widgetType":"spacer","elType":"widget"}],"isInner":"","elType":"column"},{"id":"7e0075aa","settings":{"_column_size":"50","background_background":"classic","background_color":"#ffffff","margin":{"unit":"%","top":"20","right":"0","bottom":"20","left":"-10","isLinked":""},"margin_mobile":{"unit":"px","top":"0","right":"0","bottom":"0","left":"0","isLinked":""},"padding":{"unit":"px","top":"50","right":"50","bottom":"50","left":"50","isLinked":"1"},"border_border":"solid","border_width":{"unit":"px","top":"0","right":"0","bottom":"1","left":"0","isLinked":""},"border_color":"#f2f2f2","animation":"fadeInUp","padding_mobile":{"unit":"em","top":"1","right":"1","bottom":"1","left":"1","isLinked":"1"}},"elements":[{"id":"aa3ba75","settings":{"title":"\"","size":"xxl","title_color":"#e2e2e2","typography_typography":"custom","typography_font_family":"Alef","typography_font_size":{"unit":"rem","size":"6.6"},"typography_line_height":{"unit":"em","size":"0.1"}},"elements":[],"isInner":false,"widgetType":"heading","elType":"widget"},{"id":"65356825","settings":{"slides":[{"content":"I am slide content. Click edit button to change this text. Lorem ipsum dolor sit amet, consectetur adipiscing elit. Ut elit tellus, luctus nec ullamcorper mattis, pulvinar dapibus leo.","name":"Lindsay","title":"Designer","image":{"url":"","id":""},"_id":"4c3f6b7"},{"content":"I am slide content. Click edit button to change this text. Lorem ipsum dolor sit amet, consectetur adipiscing elit. Ut elit tellus, luctus nec ullamcorper mattis, pulvinar dapibus leo.","name":"Karen","title":"Freelancer","image":{"url":"","id":""},"_id":"dca99a4"}],"content_color":"#7a7a7a","content_typography_typography":"custom","content_typography_font_family":"Lato","content_typography_font_size":{"unit":"em","size":"1.4"},"name_color":"#ef5880","name_typography_typography":"custom","name_typography_font_family":"Questrial","name_typography_font_size":{"unit":"rem","size":"1.2"},"title_color":"rgba(239,88,128,0.62)","title_typography_typography":"custom","title_typography_font_family":"Lato","arrows_color":"#ffffff","pagination_color":"#ffffff","alignment":"left","slides_per_view":"1","slides_to_scroll":"1","content_gap":{"unit":"px","size":"27"},"content_typography_font_size_mobile":{"unit":"px","size":"20"},"content_typography_font_style":"oblique","content_typography_line_height":{"unit":"em","size":"1.6"},"name_typography_letter_spacing":{"unit":"px","size":"0.5"},"border_color":"","slides_per_view_mobile":"1","width_mobile":{"unit":"%","size":""}},"elements":[],"isInner":false,"widgetType":"testimonial-carousel","elType":"widget"}],"isInner":"","elType":"column"}],"isInner":"","elType":"section"},{"id":"29e3fca5","settings":{"height":"min-height","structure":"20","border_border":"solid","border_width":{"unit":"px","top":"1","right":"0","bottom":"0","left":"0","isLinked":""},"border_color":"#eeeeee","margin":{"unit":"px","top":"0","right":"0","bottom":"0","left":"0","isLinked":""},"padding":{"unit":"em","top":"3","right":"0","bottom":"3","left":"0","isLinked":""},"animation":"fadeIn","background_background":"classic","background_overlay_background":"classic","background_overlay_position":"bottom left","background_overlay_opacity":{"unit":"px","size":"0.14"}},"elements":[{"id":"42022534","settings":{"_column_size":"50","_inline_size":"33.333","_inline_size_tablet":"100","background_background":"classic","background_color":"#ffffff","margin":{"unit":"%","top":"0","right":"0","bottom":"0","left":"0","isLinked":""},"padding":{"unit":"em","top":"1","right":"1","bottom":"1","left":"1","isLinked":"1"},"content_position":"top"},"elements":[{"id":"3b78951a","settings":{"title":"Events","size":"xxl","title_color":"#ef5880","typography_typography":"custom","typography_font_family":"Questrial","typography_line_height":{"unit":"em","size":"1.2"},"typography_letter_spacing":{"unit":"px","size":"0.5"}},"elements":[],"isInner":false,"widgetType":"heading","elType":"widget"},{"id":"17aa33da","settings":{"title":"You need the right support behind you and your dream!","size":"medium","header_size":"h4","title_color":"#7a7a7a","typography_typography":"custom","typography_font_family":"Questrial","typography_line_height":{"unit":"em","size":"1.2"},"_margin":{"unit":"px","top":"-20","right":"0","bottom":"80","left":"0","isLinked":""},"typography_font_weight":"500"},"elements":[],"isInner":false,"widgetType":"heading","elType":"widget"},{"id":"2ecd33e3","settings":{"image":{"url":"http:\/\/sitefacilitado.com.br\/membros\/wp-content\/uploads\/2020\/03\/john-schnobrich-520023-unsplash.jpg","id":"5266"},"title_text":"Growing Social Media","description_text":"Friday 8th March, 2019 12:30pm-2pm","title_size":"div","image_size":{"unit":"%","size":"100"},"image_size_mobile":{"unit":"%","size":"100"},"title_bottom_space":{"unit":"px","size":"7"},"title_color":"#ef5880","title_typography_typography":"custom","title_typography_font_family":"Questrial","title_typography_font_size":{"unit":"em","size":"1.2"},"description_typography_typography":"custom","description_typography_font_family":"Lato","description_typography_font_size":{"unit":"rem","size":"0.9"},"description_typography_line_height":{"unit":"em","size":"1.6"},"_margin":{"unit":"px","top":"0","right":"0","bottom":"0","left":"0","isLinked":""},"text_align":"left","title_typography_font_weight":"bold","title_typography_letter_spacing":{"unit":"px","size":"0.5"},"description_color":"#7a7a7a","_border_radius":{"unit":"px","top":"4","right":"4","bottom":"4","left":"4","isLinked":"1"}},"elements":[],"isInner":false,"widgetType":"image-box","elType":"widget"},{"id":"b585bff","settings":{"color":"#eeeeee","gap":{"unit":"px","size":"2"},"_animation":"fadeInUp","text":"Divisor"},"elements":[],"isInner":false,"widgetType":"divider","elType":"widget"}],"isInner":"","elType":"column"},{"id":"551d318d","settings":{"_column_size":"50","_inline_size":"66.667","padding":{"unit":"em","top":"2","right":"1","bottom":"0","left":"1","isLinked":""},"_inline_size_tablet":"100"},"elements":[{"id":"6459eac7","settings":{"youtube_url":"https:\/\/www.youtube.com\/watch?v=TRuw43vJ8AE","vimeo_url":"https:\/\/vimeo.com\/235215203","dailymotion_url":"https:\/\/www.dailymotion.com\/video\/x6tqhqb","modestbranding":"yes","yt_privacy":"yes","show_image_overlay":"yes","image_overlay":{"url":"http:\/\/sitefacilitado.com.br\/membros\/wp-content\/uploads\/2020\/03\/mimi-thian-737030-unsplash.jpg","id":"5270"},"_border_radius":{"unit":"px","top":"4","right":"4","bottom":"4","left":"4","isLinked":"1"}},"elements":[],"isInner":false,"widgetType":"video","elType":"widget"},{"id":"14192104","settings":{"title":"Small Business Marketing 101","header_size":"h3","title_color":"#ef5880"},"elements":[],"isInner":false,"widgetType":"heading","elType":"widget"},{"id":"37dbc2bb","settings":{"editor":"<p>Tuesday 29 January, 2019 6pm-8pm<\/p>","text_color":"#7a7a7a","typography_typography":"custom","typography_font_family":"Lato","typography_font_size":{"unit":"rem","size":"0.9"},"typography_line_height":{"unit":"em","size":"0.1"}},"elements":[],"isInner":false,"widgetType":"text-editor","elType":"widget"},{"id":"68ab95a8","settings":{"color":"#eeeeee","gap":{"unit":"px","size":"7"},"_animation":"fadeInUp","text":"Divisor"},"elements":[],"isInner":false,"widgetType":"divider","elType":"widget"}],"isInner":"","elType":"column"}],"isInner":"","elType":"section"},{"id":"1530fdf5","settings":{"background_background":"classic","background_color":"#ef5880","padding":{"unit":"px","top":"80","right":"0","bottom":"80","left":"0","isLinked":""},"background_overlay_background":"classic","background_overlay_image":{"url":"http:\/\/sitefacilitado.com.br\/membros\/wp-content\/uploads\/2020\/03\/overlay-white.png","id":"5271"},"content_width":{"unit":"px","size":"960"},"background_position":"center center","background_attachment":"fixed","background_repeat":"no-repeat","background_size":"cover","background_overlay_opacity":{"unit":"px","size":"0.47"},"shape_divider_top":"split","shape_divider_top_width":{"unit":"%","size":"100"},"shape_divider_top_width_tablet":{"unit":"%","size":"300"},"shape_divider_top_width_mobile":{"unit":"%","size":"300"},"shape_divider_top_height":{"unit":"px","size":"28"},"shape_divider_top_height_tablet":{"unit":"px","size":"28"},"shape_divider_top_height_mobile":{"unit":"px","size":"17"}},"elements":[{"id":"18f926fe","settings":{"_column_size":"100"},"elements":[{"id":"7c94a981","settings":{"title":"Our Partners &amp; Supporters","size":"xl","typography_typography":"custom","typography_font_size_mobile":{"unit":"em","size":"1.5"},"title_color":"#ffffff","align":"center"},"elements":[],"isInner":false,"widgetType":"heading","elType":"widget"},{"id":"358742a","settings":{"gap":"no","structure":"60"},"elements":[{"id":"e4b7193","settings":{"_column_size":"16","_inline_size_mobile":"50"},"elements":[{"id":"5353fd23","settings":{"image":{"url":"http:\/\/sitefacilitado.com.br\/membros\/wp-content\/uploads\/2020\/03\/logo47w.png","id":"5272"},"align":"center","width":{"unit":"%","size":"58"},"image_size":"custom","_animation":"fadeInUp","image_custom_dimension":{"width":"150","height":"150"}},"elements":[],"isInner":false,"widgetType":"image","elType":"widget"}],"isInner":"1","elType":"column"},{"id":"730f185c","settings":{"_column_size":"16","_inline_size_mobile":"50"},"elements":[{"id":"266a1600","settings":{"image":{"url":"http:\/\/sitefacilitado.com.br\/membros\/wp-content\/uploads\/2020\/03\/logo45w.png","id":"5273"},"align":"center","width":{"unit":"%","size":"58"},"image_size":"custom","_animation":"fadeInUp","image_custom_dimension":{"width":"150","height":"150"}},"elements":[],"isInner":false,"widgetType":"image","elType":"widget"}],"isInner":"1","elType":"column"},{"id":"3aaacdab","settings":{"_column_size":"16","_inline_size_mobile":"50"},"elements":[{"id":"2c0fb4b0","settings":{"image":{"url":"http:\/\/sitefacilitado.com.br\/membros\/wp-content\/uploads\/2020\/03\/logo41w.png","id":"5274"},"align":"center","width":{"unit":"%","size":"58"},"image_size":"custom","_animation":"fadeInUp","image_custom_dimension":{"width":"150","height":"150"}},"elements":[],"isInner":false,"widgetType":"image","elType":"widget"}],"isInner":"1","elType":"column"},{"id":"758a3b70","settings":{"_column_size":"16","_inline_size_mobile":"50"},"elements":[{"id":"4b4c258a","settings":{"image":{"url":"http:\/\/sitefacilitado.com.br\/membros\/wp-content\/uploads\/2020\/03\/logo36w-1.png","id":"5275"},"align":"center","width":{"unit":"%","size":"58"},"image_size":"custom","_animation":"fadeInUp","image_custom_dimension":{"width":"150","height":"150"}},"elements":[],"isInner":false,"widgetType":"image","elType":"widget"}],"isInner":"1","elType":"column"},{"id":"46d8dd12","settings":{"_column_size":"16","_inline_size_mobile":"50"},"elements":[{"id":"16e6cf7f","settings":{"image":{"url":"http:\/\/sitefacilitado.com.br\/membros\/wp-content\/uploads\/2020\/03\/logo31w-1.png","id":"5276"},"align":"center","width":{"unit":"%","size":"58"},"image_size":"custom","_animation":"fadeInUp","image_custom_dimension":{"width":"150","height":"150"}},"elements":[],"isInner":false,"widgetType":"image","elType":"widget"}],"isInner":"1","elType":"column"},{"id":"28480d42","settings":{"_column_size":"16","_inline_size_mobile":"50"},"elements":[{"id":"2bcaa541","settings":{"image":{"url":"http:\/\/sitefacilitado.com.br\/membros\/wp-content\/uploads\/2020\/03\/logo16w.png","id":"5277"},"align":"center","width":{"unit":"%","size":"58"},"image_size":"custom","_animation":"fadeInUp","image_custom_dimension":{"width":"150","height":"150"}},"elements":[],"isInner":false,"widgetType":"image","elType":"widget"}],"isInner":"1","elType":"column"}],"isInner":"1","elType":"section"}],"isInner":"","elType":"column"}],"isInner":"","elType":"section"}]}