{
    "version": "0.4",
    "title": "About",
    "type": "page",
    "metadata": {
        "template_type": "single-page",
        "include_in_zip": "1",
        "elementor_pro_required": "1",
        "wp_page_template": "default"
    },
    "content": [
        {
            "id": "76c54074",
            "settings": {
                "layout": "full_width",
                "structure": "20",
                "padding": {
                    "unit": "%",
                    "top": "1",
                    "right": "5",
                    "bottom": "0",
                    "left": "5",
                    "isLinked": false
                },
                "animation": "fadeIn",
                "animation_duration": "slow",
                "padding_tablet": {
                    "unit": "px",
                    "top": "25",
                    "right": "25",
                    "bottom": "25",
                    "left": "25",
                    "isLinked": true
                },
                "padding_mobile": {
                    "unit": "px",
                    "top": "15",
                    "right": "15",
                    "bottom": "15",
                    "left": "15",
                    "isLinked": true
                }
            },
            "elements": [
                {
                    "id": "73039c1f",
                    "settings": {
                        "_column_size": 50,
                        "_inline_size": 54.401,
                        "_inline_size_tablet": 100,
                        "padding": {
                            "unit": "px",
                            "top": "25",
                            "right": "25",
                            "bottom": "25",
                            "left": "25",
                            "isLinked": true
                        },
                        "padding_tablet": {
                            "unit": "px",
                            "top": "0",
                            "right": "0",
                            "bottom": "0",
                            "left": "0",
                            "isLinked": true
                        }
                    },
                    "elements": [
                        {
                            "id": "bd7273e",
                            "settings": {
                                "gap": "no",
                                "padding": {
                                    "unit": "px",
                                    "top": "0",
                                    "right": "0",
                                    "bottom": "25",
                                    "left": "0",
                                    "isLinked": false
                                }
                            },
                            "elements": [
                                {
                                    "id": "3d48ec7a",
                                    "settings": {
                                        "_column_size": 100,
                                        "_inline_size": null,
                                        "space_between_widgets": 0
                                    },
                                    "elements": [
                                        {
                                            "id": "52e49998",
                                            "settings": {
                                                "title": "About Mioshio",
                                                "title_color": "#000000",
                                                "typography_typography": "custom",
                                                "typography_font_family": "Prompt",
                                                "typography_font_weight": "500",
                                                "typography_text_transform": "uppercase",
                                                "typography_letter_spacing": {
                                                    "unit": "px",
                                                    "size": 1,
                                                    "sizes": []
                                                }
                                            },
                                            "elements": [],
                                            "isInner": false,
                                            "widgetType": "heading",
                                            "elType": "widget"
                                        },
                                        {
                                            "id": "603e1d42",
                                            "settings": {
                                                "text_typography_typography": "custom",
                                                "text_typography_font_size": {
                                                    "unit": "px",
                                                    "size": 10,
                                                    "sizes": []
                                                },
                                                "alignment": "left",
                                                "__globals__": {
                                                    "link_color": "",
                                                    "text_color": ""
                                                },
                                                "text_typography_text_transform": "uppercase",
                                                "text_color": "#000000",
                                                "link_color": "#B4B4B4"
                                            },
                                            "elements": [],
                                            "isInner": false,
                                            "widgetType": "woocommerce-breadcrumb",
                                            "elType": "widget"
                                        }
                                    ],
                                    "isInner": true,
                                    "elType": "column"
                                }
                            ],
                            "isInner": true,
                            "elType": "section"
                        },
                        {
                            "id": "706c59b5",
                            "settings": {
                                "title": "We are a team of creative fashion designers.",
                                "align": "left",
                                "align_mobile": "center",
                                "title_color": "#000000",
                                "typography_typography": "custom",
                                "typography_font_size": {
                                    "unit": "px",
                                    "size": 18,
                                    "sizes": []
                                },
                                "typography_font_weight": "500",
                                "typography_text_transform": "none",
                                "typography_line_height": {
                                    "unit": "em",
                                    "size": 1,
                                    "sizes": []
                                },
                                "typography_letter_spacing": {
                                    "unit": "px",
                                    "size": 1,
                                    "sizes": []
                                },
                                "__globals__": {
                                    "typography_typography": "",
                                    "title_color": ""
                                },
                                "typography_font_family": "Prompt"
                            },
                            "elements": [],
                            "isInner": false,
                            "widgetType": "heading",
                            "elType": "widget"
                        },
                        {
                            "id": "2874f559",
                            "settings": {
                                "editor": "<p>Lorem ipsum dolor sit amet, consectetur adipiscing elit. Ut justo velit, porta nec ex non, accumsan pretium enim. Pellentesque pulvinar, magna ut semper vulputate, dui sem accumsan ex, et pharetra turpis purus tristique sapien. Ut id feugiat diam. Nullam tempus quam vitae felis scelerisque fermentum. In dapibus velit ut elementum fermentum. Cras at dui augue. Aliquam suscipit fermentum lectus quis porta.<\/p><p>Vestibulum vehicula tristique varius. Ut ut metus dictum, tristique ex euismod, aliquet leo. Fusce ultrices lacus sed tincidunt pharetra. Etiam erat augue, scelerisque vel nulla sit amet, blandit rhoncus arcu. Vestibulum pharetra erat purus, eu ornare dui tincidunt in. Quisque malesuada erat vel venenatis varius. Maecenas sit amet interdum purus. Integer malesuada lectus nisl. Ut porttitor dapibus augue, vitae porttitor orci vehicula eget. Nullam non orci at ipsum consectetur bibendum eu in enim. Nullam elementum dolor nunc, vitae vestibulum arcu fermentum mollis.<\/p><p>Maecenas commodo nulla id lectus iaculis, eleifend mattis sapien finibus. Morbi ac ipsum feugiat, sollicitudin diam at, eleifend ipsum. Nam id nisi erat. Sed feugiat eget felis non iaculis. Integer pharetra, nisi quis faucibus tempus, metus sem fermentum velit, sit amet tempor diam libero tempus nunc. Nullam et tellus auctor nisl finibus maximus. Etiam laoreet auctor auctor. Cras pellentesque aliquam porta.<\/p>",
                                "__globals__": {
                                    "text_color": "",
                                    "typography_typography": "globals\/typography?id=text"
                                },
                                "text_color": "#838383",
                                "typography_typography": "custom",
                                "typography_font_family": "Poppins",
                                "typography_font_size": {
                                    "unit": "px",
                                    "size": 14,
                                    "sizes": []
                                },
                                "typography_font_weight": "300",
                                "typography_line_height": {
                                    "unit": "em",
                                    "size": 1.5,
                                    "sizes": []
                                }
                            },
                            "elements": [],
                            "isInner": false,
                            "widgetType": "text-editor",
                            "elType": "widget"
                        },
                        {
                            "id": "5c3fc6be",
                            "settings": {
                                "gap": "no",
                                "structure": "20",
                                "padding": {
                                    "unit": "px",
                                    "top": "25",
                                    "right": "0",
                                    "bottom": "0",
                                    "left": "0",
                                    "isLinked": false
                                }
                            },
                            "elements": [
                                {
                                    "id": "17fdc631",
                                    "settings": {
                                        "_column_size": 50,
                                        "_inline_size": null,
                                        "_inline_size_mobile": 50,
                                        "padding": {
                                            "unit": "px",
                                            "top": "0",
                                            "right": "25",
                                            "bottom": "0",
                                            "left": "0",
                                            "isLinked": false
                                        },
                                        "padding_mobile": {
                                            "unit": "px",
                                            "top": "10",
                                            "right": "10",
                                            "bottom": "10",
                                            "left": "0",
                                            "isLinked": false
                                        }
                                    },
                                    "elements": [
                                        {
                                            "id": "428428de",
                                            "settings": {
                                                "image": {
                                                    "url": "https:\/\/mioshio.mkscreatives.com\/wp-content\/uploads\/2020\/11\/mixed-race-male-fashion-designer-sitting-in-the-room-while-diverse-business-people-discussing.jpg",
                                                    "id": 874
                                                },
                                                "image_size": "full"
                                            },
                                            "elements": [],
                                            "isInner": false,
                                            "widgetType": "image",
                                            "elType": "widget"
                                        }
                                    ],
                                    "isInner": true,
                                    "elType": "column"
                                },
                                {
                                    "id": "10dd0a73",
                                    "settings": {
                                        "_column_size": 50,
                                        "_inline_size": null,
                                        "_inline_size_mobile": 50,
                                        "padding": {
                                            "unit": "px",
                                            "top": "0",
                                            "right": "0",
                                            "bottom": "0",
                                            "left": "25",
                                            "isLinked": false
                                        },
                                        "padding_mobile": {
                                            "unit": "px",
                                            "top": "10",
                                            "right": "0",
                                            "bottom": "10",
                                            "left": "10",
                                            "isLinked": false
                                        }
                                    },
                                    "elements": [
                                        {
                                            "id": "6b1afdde",
                                            "settings": {
                                                "image": {
                                                    "url": "https:\/\/mioshio.mkscreatives.com\/wp-content\/uploads\/2020\/11\/fashion-colorful-beads.jpg",
                                                    "id": 847
                                                },
                                                "image_size": "full"
                                            },
                                            "elements": [],
                                            "isInner": false,
                                            "widgetType": "image",
                                            "elType": "widget"
                                        }
                                    ],
                                    "isInner": true,
                                    "elType": "column"
                                }
                            ],
                            "isInner": true,
                            "elType": "section"
                        }
                    ],
                    "isInner": false,
                    "elType": "column"
                },
                {
                    "id": "6a6d1a8c",
                    "settings": {
                        "_column_size": 50,
                        "_inline_size": 45.572,
                        "_inline_size_tablet": 100,
                        "padding": {
                            "unit": "px",
                            "top": "25",
                            "right": "25",
                            "bottom": "25",
                            "left": "25",
                            "isLinked": true
                        },
                        "padding_mobile": {
                            "unit": "px",
                            "top": "0",
                            "right": "0",
                            "bottom": "0",
                            "left": "0",
                            "isLinked": false
                        },
                        "content_position": "bottom",
                        "padding_tablet": {
                            "unit": "px",
                            "top": "25",
                            "right": "0",
                            "bottom": "0",
                            "left": "0",
                            "isLinked": false
                        }
                    },
                    "elements": [
                        {
                            "id": "6054296f",
                            "settings": {
                                "image": {
                                    "url": "https:\/\/mioshio.mkscreatives.com\/wp-content\/uploads\/2020\/11\/fashion-is-my-all-life.jpg",
                                    "id": 848
                                },
                                "image_size": "full",
                                "align": "left"
                            },
                            "elements": [],
                            "isInner": false,
                            "widgetType": "image",
                            "elType": "widget"
                        }
                    ],
                    "isInner": false,
                    "elType": "column"
                }
            ],
            "isInner": false,
            "elType": "section"
        },
        {
            "id": "67b474cf",
            "settings": {
                "layout": "full_width",
                "padding": {
                    "unit": "%",
                    "top": "0",
                    "right": "5",
                    "bottom": "3",
                    "left": "5",
                    "isLinked": false
                },
                "padding_tablet": {
                    "unit": "px",
                    "top": "25",
                    "right": "25",
                    "bottom": "25",
                    "left": "25",
                    "isLinked": true
                },
                "padding_mobile": {
                    "unit": "px",
                    "top": "15",
                    "right": "15",
                    "bottom": "15",
                    "left": "15",
                    "isLinked": true
                },
                "animation": "fadeIn",
                "animation_tablet": "fadeIn",
                "animation_duration": "slow"
            },
            "elements": [
                {
                    "id": "74aaadb8",
                    "settings": {
                        "_column_size": 100,
                        "_inline_size": null,
                        "padding": {
                            "unit": "px",
                            "top": "25",
                            "right": "25",
                            "bottom": "25",
                            "left": "25",
                            "isLinked": true
                        },
                        "padding_tablet": {
                            "unit": "px",
                            "top": "0",
                            "right": "0",
                            "bottom": "0",
                            "left": "0",
                            "isLinked": true
                        }
                    },
                    "elements": [
                        {
                            "id": "6b314671",
                            "settings": {
                                "title": "Our Mission Statment",
                                "typography_typography": "custom",
                                "typography_font_size": {
                                    "unit": "px",
                                    "size": 22,
                                    "sizes": []
                                },
                                "typography_font_weight": "600",
                                "typography_text_transform": "uppercase",
                                "typography_letter_spacing": {
                                    "unit": "px",
                                    "size": 1,
                                    "sizes": []
                                },
                                "title_color": "#000000",
                                "typography_font_family": "Prompt"
                            },
                            "elements": [],
                            "isInner": false,
                            "widgetType": "heading",
                            "elType": "widget"
                        },
                        {
                            "id": "7c569acf",
                            "settings": {
                                "editor": "<p>Lorem ipsum dolor sit amet, consectetur adipiscing elit. Ut justo velit, porta nec ex non, accumsan pretium enim. Pellentesque pulvinar, magna ut semper vulputate, dui sem accumsan ex, et pharetra turpis purus tristique sapien. Ut id feugiat diam. Nullam tempus quam vitae felis scelerisque fermentum. In dapibus velit ut elementum fermentum. Cras at dui augue. Aliquam suscipit fermentum lectus quis porta.<\/p><p>Vestibulum vehicula tristique varius. Ut ut metus dictum, tristique ex euismod, aliquet leo. Fusce ultrices lacus sed tincidunt pharetra. Etiam erat augue, scelerisque vel nulla sit amet, blandit rhoncus arcu. Vestibulum pharetra erat purus, eu ornare dui tincidunt in. Quisque malesuada erat vel venenatis varius. Maecenas sit amet interdum purus. Integer malesuada lectus nisl. Ut porttitor dapibus augue, vitae porttitor orci vehicula eget. Nullam non orci at ipsum consectetur bibendum eu in enim. Nullam elementum dolor nunc, vitae vestibulum arcu fermentum mollis.<\/p><p>Maecenas commodo nulla id lectus iaculis, eleifend mattis sapien finibus. Morbi ac ipsum feugiat, sollicitudin diam at, eleifend ipsum. Nam id nisi erat. Sed feugiat eget felis non iaculis. Integer pharetra, nisi quis faucibus tempus, metus sem fermentum velit, sit amet tempor diam libero tempus nunc. Nullam et tellus auctor nisl finibus maximus. Etiam laoreet auctor auctor. Cras pellentesque aliquam porta.<\/p>",
                                "__globals__": {
                                    "text_color": "globals\/colors?id=secondary",
                                    "typography_typography": "globals\/typography?id=text"
                                }
                            },
                            "elements": [],
                            "isInner": false,
                            "widgetType": "text-editor",
                            "elType": "widget"
                        }
                    ],
                    "isInner": false,
                    "elType": "column"
                }
            ],
            "isInner": false,
            "elType": "section"
        }
    ],
    "page_settings": {
        "hide_title": "yes"
    }
}