{
    "version": "0.4",
    "title": "Archive",
    "type": "archive",
    "metadata": {
        "template_type": "archive-category",
        "include_in_zip": "1",
        "elementor_pro_required": "1",
        "elementor_library_type": "archive",
        "elementor_pro_conditions": [
            "include\/archive"
        ],
        "additional_template_information": [
            "This is a \"Archive\" template for Elementor Pro.",
            "This template will display on: All Archives."
        ],
        "wp_page_template": "default"
    },
    "content": [
        {
            "id": "1db7545e",
            "settings": {
                "content_width": {
                    "unit": "px",
                    "size": 1400,
                    "sizes": []
                },
                "content_position": "middle",
                "padding": {
                    "unit": "%",
                    "top": "1",
                    "right": "5",
                    "bottom": "0",
                    "left": "5",
                    "isLinked": false
                },
                "layout": "full_width",
                "padding_mobile": {
                    "unit": "px",
                    "top": "15",
                    "right": "15",
                    "bottom": "15",
                    "left": "15",
                    "isLinked": true
                },
                "animation": "fadeIn",
                "animation_duration": "slow",
                "padding_tablet": {
                    "unit": "px",
                    "top": "25",
                    "right": "25",
                    "bottom": "25",
                    "left": "25",
                    "isLinked": true
                }
            },
            "elements": [
                {
                    "id": "19dd1bb8",
                    "settings": {
                        "_column_size": 100,
                        "_inline_size": null,
                        "padding": {
                            "unit": "px",
                            "top": "25",
                            "right": "25",
                            "bottom": "25",
                            "left": "25",
                            "isLinked": false
                        },
                        "padding_tablet": {
                            "unit": "px",
                            "top": "0",
                            "right": "0",
                            "bottom": "10",
                            "left": "0",
                            "isLinked": false
                        },
                        "padding_mobile": {
                            "unit": "px",
                            "top": "0",
                            "right": "0",
                            "bottom": "0",
                            "left": "0",
                            "isLinked": true
                        },
                        "space_between_widgets": 0,
                        "background_color": "#FCFCFC",
                        "_inline_size_tablet": 100
                    },
                    "elements": [
                        {
                            "id": "40a4524e",
                            "settings": {
                                "__dynamic__": {
                                    "title": "[elementor-tag id=\"\" name=\"archive-title\" settings=\"%7B%22include_context%22%3A%22yes%22%2C%22before%22%3A%22%22%2C%22after%22%3A%22%22%2C%22fallback%22%3A%22%22%7D\"]"
                                },
                                "title": "Add Your Heading Text Here",
                                "typography_typography": "custom",
                                "typography_font_family": "Poppins",
                                "typography_font_size": {
                                    "unit": "px",
                                    "size": 46,
                                    "sizes": []
                                },
                                "typography_font_weight": "600",
                                "typography_text_transform": "uppercase",
                                "typography_letter_spacing": {
                                    "unit": "px",
                                    "size": 1,
                                    "sizes": []
                                },
                                "header_size": "h2"
                            },
                            "elements": [],
                            "isInner": false,
                            "widgetType": "theme-archive-title",
                            "elType": "widget"
                        },
                        {
                            "id": "69973cba",
                            "settings": {
                                "text_typography_typography": "custom",
                                "text_typography_font_size": {
                                    "unit": "px",
                                    "size": 10,
                                    "sizes": []
                                },
                                "alignment": "left",
                                "__globals__": {
                                    "link_color": "globals\/colors?id=4641393",
                                    "text_color": "globals\/colors?id=primary"
                                },
                                "text_typography_text_transform": "uppercase"
                            },
                            "elements": [],
                            "isInner": false,
                            "widgetType": "woocommerce-breadcrumb",
                            "elType": "widget"
                        }
                    ],
                    "isInner": false,
                    "elType": "column"
                }
            ],
            "isInner": false,
            "elType": "section"
        },
        {
            "id": "2473ef7a",
            "settings": {
                "layout": "full_width",
                "padding": {
                    "unit": "%",
                    "top": "0",
                    "right": "5",
                    "bottom": "0",
                    "left": "5",
                    "isLinked": false
                },
                "padding_tablet": {
                    "unit": "px",
                    "top": "25",
                    "right": "25",
                    "bottom": "25",
                    "left": "25",
                    "isLinked": true
                },
                "padding_mobile": {
                    "unit": "px",
                    "top": "15",
                    "right": "15",
                    "bottom": "15",
                    "left": "15",
                    "isLinked": true
                }
            },
            "elements": [
                {
                    "id": "344ce9ed",
                    "settings": {
                        "_column_size": 100,
                        "_inline_size": null,
                        "padding": {
                            "unit": "px",
                            "top": "25",
                            "right": "25",
                            "bottom": "25",
                            "left": "25",
                            "isLinked": true
                        },
                        "padding_tablet": {
                            "unit": "px",
                            "top": "0",
                            "right": "0",
                            "bottom": "0",
                            "left": "0",
                            "isLinked": true
                        }
                    },
                    "elements": [
                        {
                            "id": "7dea7780",
                            "settings": {
                                "archive_classic_columns": "5",
                                "archive_classic_thumbnail_size_size": "full",
                                "archive_classic_item_ratio": {
                                    "unit": "px",
                                    "size": 1,
                                    "sizes": []
                                },
                                "archive_classic_meta_data": [],
                                "archive_classic_meta_separator": "\/\/\/",
                                "archive_classic_read_more_text": "Read More \u00bb",
                                "archive_cards_meta_separator": "\u2022",
                                "archive_cards_read_more_text": "Read More \u00bb",
                                "archive_full_content_meta_separator": "\/\/\/",
                                "archive_classic_title_typography_typography": "custom",
                                "archive_classic_title_typography_font_family": "Poppins",
                                "archive_classic_title_typography_font_size": {
                                    "unit": "px",
                                    "size": 14,
                                    "sizes": []
                                },
                                "archive_classic_title_typography_font_weight": "600",
                                "archive_classic_title_typography_text_transform": "uppercase",
                                "archive_classic_title_typography_letter_spacing": {
                                    "unit": "px",
                                    "size": 1,
                                    "sizes": []
                                },
                                "archive_classic_excerpt_typography_typography": "custom",
                                "archive_classic_excerpt_typography_font_family": "Poppins",
                                "archive_classic_excerpt_typography_font_size": {
                                    "unit": "px",
                                    "size": 12,
                                    "sizes": []
                                },
                                "archive_classic_excerpt_typography_font_weight": "400",
                                "archive_classic_read_more_typography_typography": "custom",
                                "archive_classic_read_more_typography_font_family": "Poppins",
                                "archive_classic_read_more_typography_font_size": {
                                    "unit": "px",
                                    "size": 10,
                                    "sizes": []
                                },
                                "archive_classic_read_more_typography_font_weight": "500",
                                "archive_classic_read_more_typography_text_transform": "uppercase",
                                "archive_classic_read_more_typography_letter_spacing": {
                                    "unit": "px",
                                    "size": 1,
                                    "sizes": []
                                },
                                "pagination_type": "prev_next",
                                "pagination_page_limit": "5",
                                "pagination_prev_label": "&laquo; Previous",
                                "pagination_next_label": "Next &raquo;",
                                "pagination_typography_typography": "custom",
                                "pagination_typography_font_family": "Poppins",
                                "pagination_typography_font_size": {
                                    "unit": "px",
                                    "size": 12,
                                    "sizes": []
                                },
                                "pagination_typography_font_weight": "400",
                                "pagination_typography_text_transform": "capitalize",
                                "pagination_typography_letter_spacing": {
                                    "unit": "px",
                                    "size": 1,
                                    "sizes": []
                                },
                                "nothing_found_message": "It seems we can't find what you're looking for.",
                                "__globals__": {
                                    "archive_classic_title_color": "globals\/colors?id=primary",
                                    "archive_classic_excerpt_color": "globals\/colors?id=secondary",
                                    "archive_classic_read_more_color": "globals\/colors?id=primary",
                                    "pagination_color": "globals\/colors?id=primary",
                                    "pagination_hover_color": "globals\/colors?id=4641393",
                                    "pagination_active_color": "globals\/colors?id=secondary"
                                }
                            },
                            "elements": [],
                            "isInner": false,
                            "widgetType": "archive-posts",
                            "elType": "widget"
                        }
                    ],
                    "isInner": false,
                    "elType": "column"
                }
            ],
            "isInner": false,
            "elType": "section"
        }
    ]
}