{
    "version": "0.4",
    "title": "Contact",
    "type": "page",
    "metadata": {
        "template_type": "single-page",
        "include_in_zip": "1",
        "elementor_pro_required": "1",
        "wp_page_template": "default"
    },
    "content": [
        {
            "id": "2f9e5b3f",
            "settings": {
                "content_width": {
                    "unit": "px",
                    "size": 1400,
                    "sizes": []
                },
                "content_position": "middle",
                "padding": {
                    "unit": "%",
                    "top": "1",
                    "right": "5",
                    "bottom": "0",
                    "left": "5",
                    "isLinked": false
                },
                "layout": "full_width",
                "padding_mobile": {
                    "unit": "px",
                    "top": "15",
                    "right": "15",
                    "bottom": "15",
                    "left": "15",
                    "isLinked": true
                },
                "animation": "fadeIn",
                "animation_duration": "slow",
                "padding_tablet": {
                    "unit": "px",
                    "top": "25",
                    "right": "25",
                    "bottom": "25",
                    "left": "25",
                    "isLinked": true
                }
            },
            "elements": [
                {
                    "id": "a0564f0",
                    "settings": {
                        "_column_size": 100,
                        "_inline_size": null,
                        "padding": {
                            "unit": "px",
                            "top": "25",
                            "right": "25",
                            "bottom": "25",
                            "left": "25",
                            "isLinked": false
                        },
                        "padding_tablet": {
                            "unit": "px",
                            "top": "0",
                            "right": "0",
                            "bottom": "10",
                            "left": "0",
                            "isLinked": false
                        },
                        "padding_mobile": {
                            "unit": "px",
                            "top": "0",
                            "right": "0",
                            "bottom": "0",
                            "left": "0",
                            "isLinked": true
                        },
                        "space_between_widgets": 0,
                        "background_color": "#FCFCFC",
                        "_inline_size_tablet": 100
                    },
                    "elements": [
                        {
                            "id": "12170773",
                            "settings": {
                                "title": "Contact US",
                                "title_color": "#000000",
                                "typography_typography": "custom",
                                "typography_font_family": "Prompt",
                                "typography_font_weight": "500",
                                "typography_text_transform": "uppercase",
                                "typography_letter_spacing": {
                                    "unit": "px",
                                    "size": 1,
                                    "sizes": []
                                }
                            },
                            "elements": [],
                            "isInner": false,
                            "widgetType": "heading",
                            "elType": "widget"
                        },
                        {
                            "id": "3ca84aff",
                            "settings": {
                                "text_typography_typography": "custom",
                                "text_typography_font_size": {
                                    "unit": "px",
                                    "size": 10,
                                    "sizes": []
                                },
                                "alignment": "left",
                                "__globals__": {
                                    "link_color": "",
                                    "text_color": ""
                                },
                                "text_typography_text_transform": "uppercase",
                                "text_color": "#000000",
                                "link_color": "#B4B4B4"
                            },
                            "elements": [],
                            "isInner": false,
                            "widgetType": "woocommerce-breadcrumb",
                            "elType": "widget"
                        }
                    ],
                    "isInner": false,
                    "elType": "column"
                }
            ],
            "isInner": false,
            "elType": "section"
        },
        {
            "id": "7e482507",
            "settings": {
                "layout": "full_width",
                "content_width": {
                    "unit": "px",
                    "size": 800,
                    "sizes": []
                },
                "structure": "20",
                "padding": {
                    "unit": "%",
                    "top": "0",
                    "right": "5",
                    "bottom": "2",
                    "left": "5",
                    "isLinked": false
                },
                "padding_tablet": {
                    "unit": "px",
                    "top": "0",
                    "right": "0",
                    "bottom": "0",
                    "left": "0",
                    "isLinked": true
                },
                "padding_mobile": {
                    "unit": "px",
                    "top": "15",
                    "right": "15",
                    "bottom": "15",
                    "left": "15",
                    "isLinked": true
                }
            },
            "elements": [
                {
                    "id": "4ea55d7e",
                    "settings": {
                        "_column_size": 50,
                        "_inline_size": 35.014,
                        "padding": {
                            "unit": "px",
                            "top": "25",
                            "right": "25",
                            "bottom": "25",
                            "left": "25",
                            "isLinked": true
                        },
                        "padding_mobile": {
                            "unit": "px",
                            "top": "25",
                            "right": "0",
                            "bottom": "25",
                            "left": "0",
                            "isLinked": false
                        },
                        "_inline_size_tablet": 50,
                        "padding_tablet": {
                            "unit": "px",
                            "top": "25",
                            "right": "25",
                            "bottom": "25",
                            "left": "25",
                            "isLinked": true
                        }
                    },
                    "elements": [
                        {
                            "id": "7f850c52",
                            "settings": {
                                "title": "How can we help?",
                                "typography_typography": "custom",
                                "typography_font_size": {
                                    "unit": "px",
                                    "size": 24,
                                    "sizes": []
                                },
                                "typography_font_weight": "600",
                                "typography_text_transform": "uppercase",
                                "typography_letter_spacing": {
                                    "unit": "px",
                                    "size": 1,
                                    "sizes": []
                                }
                            },
                            "elements": [],
                            "isInner": false,
                            "widgetType": "heading",
                            "elType": "widget"
                        },
                        {
                            "id": "1c9daf15",
                            "settings": {
                                "title": "Contact Us",
                                "typography_typography": "custom",
                                "typography_font_size": {
                                    "unit": "px",
                                    "size": 16,
                                    "sizes": []
                                },
                                "typography_font_weight": "600",
                                "typography_text_transform": "uppercase",
                                "typography_letter_spacing": {
                                    "unit": "px",
                                    "size": 1,
                                    "sizes": []
                                }
                            },
                            "elements": [],
                            "isInner": false,
                            "widgetType": "heading",
                            "elType": "widget"
                        },
                        {
                            "id": "4d7cfd4b",
                            "settings": {
                                "icon_list": [
                                    {
                                        "text": "support@mydomain.com",
                                        "selected_icon": {
                                            "value": "",
                                            "library": ""
                                        },
                                        "_id": "e1d8a49"
                                    },
                                    {
                                        "text": "+61 0438 2839 1923",
                                        "selected_icon": {
                                            "value": "",
                                            "library": ""
                                        },
                                        "_id": "535691a"
                                    }
                                ],
                                "__globals__": {
                                    "text_color": "globals\/colors?id=text",
                                    "text_color_hover": "globals\/colors?id=primary"
                                }
                            },
                            "elements": [],
                            "isInner": false,
                            "widgetType": "icon-list",
                            "elType": "widget"
                        },
                        {
                            "id": "725a5085",
                            "settings": {
                                "title": "Operating hours",
                                "typography_typography": "custom",
                                "typography_font_size": {
                                    "unit": "px",
                                    "size": 16,
                                    "sizes": []
                                },
                                "typography_font_weight": "600",
                                "typography_text_transform": "uppercase",
                                "typography_letter_spacing": {
                                    "unit": "px",
                                    "size": 1,
                                    "sizes": []
                                }
                            },
                            "elements": [],
                            "isInner": false,
                            "widgetType": "heading",
                            "elType": "widget"
                        },
                        {
                            "id": "5cd1ec89",
                            "settings": {
                                "icon_list": [
                                    {
                                        "text": "Monday to Friday - 8:00am to 8:00pm AEDT",
                                        "selected_icon": {
                                            "value": "",
                                            "library": ""
                                        },
                                        "_id": "e1d8a49"
                                    },
                                    {
                                        "text": "Saturday & Sunday - 9:00am to 6:00pm AEDT",
                                        "selected_icon": {
                                            "value": "",
                                            "library": ""
                                        },
                                        "_id": "535691a"
                                    },
                                    {
                                        "text": "Excludes Christmas Day and New Year's Day.",
                                        "selected_icon": {
                                            "value": "",
                                            "library": ""
                                        },
                                        "_id": "2543b7a"
                                    }
                                ],
                                "__globals__": {
                                    "text_color": "globals\/colors?id=text",
                                    "text_color_hover": "globals\/colors?id=primary"
                                }
                            },
                            "elements": [],
                            "isInner": false,
                            "widgetType": "icon-list",
                            "elType": "widget"
                        },
                        {
                            "id": "3f05a19",
                            "settings": {
                                "title": "Connect With Us",
                                "typography_typography": "custom",
                                "typography_font_size": {
                                    "unit": "px",
                                    "size": 16,
                                    "sizes": []
                                },
                                "typography_font_weight": "600",
                                "typography_text_transform": "uppercase",
                                "typography_letter_spacing": {
                                    "unit": "px",
                                    "size": 1,
                                    "sizes": []
                                }
                            },
                            "elements": [],
                            "isInner": false,
                            "widgetType": "heading",
                            "elType": "widget"
                        },
                        {
                            "id": "5dd8567c",
                            "settings": {
                                "social_icon_list": [
                                    {
                                        "social_icon": {
                                            "value": "fab fa-facebook",
                                            "library": "fa-brands"
                                        },
                                        "_id": "6e3efad"
                                    },
                                    {
                                        "_id": "8162603",
                                        "social_icon": {
                                            "value": "fab fa-instagram",
                                            "library": "fa-brands"
                                        }
                                    },
                                    {
                                        "social_icon": {
                                            "value": "fab fa-pinterest",
                                            "library": "fa-brands"
                                        },
                                        "_id": "690212e"
                                    },
                                    {
                                        "social_icon": {
                                            "value": "fab fa-twitter",
                                            "library": "fa-brands"
                                        },
                                        "_id": "03e879d"
                                    },
                                    {
                                        "social_icon": {
                                            "value": "fab fa-youtube",
                                            "library": "fa-brands"
                                        },
                                        "_id": "246d229"
                                    }
                                ],
                                "align": "left",
                                "icon_color": "custom",
                                "icon_size": {
                                    "unit": "px",
                                    "size": 14,
                                    "sizes": []
                                },
                                "__globals__": {
                                    "icon_secondary_color": "globals\/colors?id=primary",
                                    "icon_primary_color": "globals\/colors?id=4270c24",
                                    "hover_primary_color": "globals\/colors?id=4270c24",
                                    "hover_secondary_color": "globals\/colors?id=4641393"
                                },
                                "icon_size_mobile": {
                                    "unit": "px",
                                    "size": 12,
                                    "sizes": []
                                }
                            },
                            "elements": [],
                            "isInner": false,
                            "widgetType": "social-icons",
                            "elType": "widget"
                        }
                    ],
                    "isInner": false,
                    "elType": "column"
                },
                {
                    "id": "55fa8e26",
                    "settings": {
                        "_column_size": 50,
                        "_inline_size": 65,
                        "padding": {
                            "unit": "px",
                            "top": "25",
                            "right": "25",
                            "bottom": "25",
                            "left": "25",
                            "isLinked": true
                        },
                        "padding_mobile": {
                            "unit": "px",
                            "top": "25",
                            "right": "0",
                            "bottom": "25",
                            "left": "0",
                            "isLinked": false
                        },
                        "_inline_size_tablet": 50
                    },
                    "elements": [
                        {
                            "id": "790bd4c9",
                            "settings": {
                                "title": "Email Us",
                                "typography_typography": "custom",
                                "typography_font_size": {
                                    "unit": "px",
                                    "size": 16,
                                    "sizes": []
                                },
                                "typography_font_weight": "600",
                                "typography_text_transform": "uppercase",
                                "typography_letter_spacing": {
                                    "unit": "px",
                                    "size": 1,
                                    "sizes": []
                                }
                            },
                            "elements": [],
                            "isInner": false,
                            "widgetType": "heading",
                            "elType": "widget"
                        },
                        {
                            "id": "64709c81",
                            "settings": {
                                "editor": "<p>If your enquiry is urgent, please contact us via live chat during our opening hours. Our current response time through our contact form is 1-2 business days.<\/p>",
                                "__globals__": {
                                    "text_color": "globals\/colors?id=text"
                                }
                            },
                            "elements": [],
                            "isInner": false,
                            "widgetType": "text-editor",
                            "elType": "widget"
                        },
                        {
                            "id": "114165ce",
                            "settings": {
                                "form_name": "New Form",
                                "form_fields": [
                                    {
                                        "custom_id": "name",
                                        "field_label": "Name",
                                        "placeholder": "Name",
                                        "_id": "831202e"
                                    },
                                    {
                                        "custom_id": "email",
                                        "field_type": "email",
                                        "required": "true",
                                        "field_label": "Email",
                                        "placeholder": "Email",
                                        "_id": "4ff11ed"
                                    },
                                    {
                                        "custom_id": "message",
                                        "field_type": "textarea",
                                        "field_label": "Message",
                                        "placeholder": "Message",
                                        "_id": "21716bd"
                                    }
                                ],
                                "show_labels": "",
                                "button_align": "end",
                                "step_next_label": "Next",
                                "step_previous_label": "Previous",
                                "button_text": "Send Message",
                                "email_content": "[all-fields]",
                                "email_content_2": "[all-fields]",
                                "success_message": "The form was sent successfully.",
                                "error_message": "An error occurred.",
                                "required_field_message": "This field is required.",
                                "invalid_message": "There's something wrong. The form is invalid.",
                                "label_color": "#000000",
                                "html_color": "#000000",
                                "field_text_color": "#000000",
                                "field_typography_typography": "custom",
                                "field_typography_font_size": {
                                    "unit": "px",
                                    "size": 14,
                                    "sizes": []
                                },
                                "field_typography_font_weight": "400",
                                "field_border_color": "#ECECEC",
                                "field_border_radius": {
                                    "unit": "px",
                                    "top": "0",
                                    "right": "0",
                                    "bottom": "0",
                                    "left": "0",
                                    "isLinked": true
                                },
                                "button_typography_typography": "custom",
                                "button_typography_font_size": {
                                    "unit": "px",
                                    "size": 12,
                                    "sizes": []
                                },
                                "button_typography_font_weight": "500",
                                "button_typography_text_transform": "uppercase",
                                "button_typography_letter_spacing": {
                                    "unit": "px",
                                    "size": 1,
                                    "sizes": []
                                },
                                "button_border_border": "solid",
                                "button_border_width": {
                                    "unit": "px",
                                    "top": "1",
                                    "right": "1",
                                    "bottom": "1",
                                    "left": "1",
                                    "isLinked": true
                                },
                                "button_background_color": "#00000000",
                                "button_text_color": "#000000",
                                "button_border_color": "#000000",
                                "button_background_hover_color": "#00000000",
                                "button_hover_color": "#B4B4B4",
                                "button_hover_border_color": "#B4B4B4",
                                "button_border_radius": {
                                    "unit": "px",
                                    "top": "0",
                                    "right": "0",
                                    "bottom": "0",
                                    "left": "0",
                                    "isLinked": true
                                },
                                "__globals__": {
                                    "label_color": "globals\/colors?id=primary",
                                    "html_color": "globals\/colors?id=primary",
                                    "field_text_color": "globals\/colors?id=primary",
                                    "button_background_color": "globals\/colors?id=4270c24",
                                    "button_text_color": "globals\/colors?id=primary",
                                    "button_background_hover_color": "globals\/colors?id=4270c24",
                                    "button_hover_color": "globals\/colors?id=4641393",
                                    "button_border_color": "globals\/colors?id=primary",
                                    "button_hover_border_color": "globals\/colors?id=4641393",
                                    "field_border_color": ""
                                }
                            },
                            "elements": [],
                            "isInner": false,
                            "widgetType": "form",
                            "elType": "widget"
                        }
                    ],
                    "isInner": false,
                    "elType": "column"
                }
            ],
            "isInner": false,
            "elType": "section"
        },
        {
            "id": "fe23c6b",
            "settings": {
                "layout": "full_width",
                "padding": {
                    "unit": "%",
                    "top": "0",
                    "right": "5",
                    "bottom": "3",
                    "left": "5",
                    "isLinked": false
                },
                "padding_tablet": {
                    "unit": "px",
                    "top": "25",
                    "right": "25",
                    "bottom": "25",
                    "left": "25",
                    "isLinked": true
                },
                "padding_mobile": {
                    "unit": "px",
                    "top": "15",
                    "right": "15",
                    "bottom": "15",
                    "left": "15",
                    "isLinked": true
                }
            },
            "elements": [
                {
                    "id": "5485c4d6",
                    "settings": {
                        "_column_size": 100,
                        "_inline_size": null,
                        "padding": {
                            "unit": "px",
                            "top": "25",
                            "right": "25",
                            "bottom": "25",
                            "left": "25",
                            "isLinked": true
                        },
                        "padding_mobile": {
                            "unit": "px",
                            "top": "25",
                            "right": "0",
                            "bottom": "25",
                            "left": "0",
                            "isLinked": false
                        },
                        "padding_tablet": {
                            "unit": "px",
                            "top": "0",
                            "right": "0",
                            "bottom": "0",
                            "left": "0",
                            "isLinked": true
                        }
                    },
                    "elements": [
                        {
                            "id": "bc99cbe",
                            "settings": {
                                "title": "FAQ's",
                                "align_mobile": "left"
                            },
                            "elements": [],
                            "isInner": false,
                            "widgetType": "heading",
                            "elType": "widget"
                        },
                        {
                            "id": "62652c8d",
                            "settings": {
                                "tabs": [
                                    {
                                        "tab_title": "How do I place an order?",
                                        "tab_content": "<p>Lorem ipsum dolor sit amet, consectetur adipiscing elit. Ut justo velit, porta nec ex non, accumsan pretium enim. Pellentesque pulvinar, magna ut semper vulputate, dui sem accumsan ex, et pharetra turpis purus tristique sapien. Ut id feugiat diam. Nullam tempus quam vitae felis scelerisque fermentum. In dapibus velit ut elementum fermentum. Cras at dui augue. Aliquam suscipit fermentum lectus quis porta.<\/p><p>Vestibulum vehicula tristique varius. Ut ut metus dictum, tristique ex euismod, aliquet leo. Fusce ultrices lacus sed tincidunt pharetra. Etiam erat augue, scelerisque vel nulla sit amet, blandit rhoncus arcu. Vestibulum pharetra erat purus, eu ornare dui tincidunt in. Quisque malesuada erat vel venenatis varius. Maecenas sit amet interdum purus. Integer malesuada lectus nisl. Ut porttitor dapibus augue, vitae porttitor orci vehicula eget. Nullam non orci at ipsum consectetur bibendum eu in enim. Nullam elementum dolor nunc, vitae vestibulum arcu fermentum mollis.<\/p>",
                                        "_id": "391a6d2"
                                    },
                                    {
                                        "tab_title": "Can I use more than one promotion code on an order?",
                                        "tab_content": "<p>Lorem ipsum dolor sit amet, consectetur adipiscing elit. Ut justo velit, porta nec ex non, accumsan pretium enim. Pellentesque pulvinar, magna ut semper vulputate, dui sem accumsan ex, et pharetra turpis purus tristique sapien. Ut id feugiat diam. Nullam tempus quam vitae felis scelerisque fermentum. In dapibus velit ut elementum fermentum. Cras at dui augue. Aliquam suscipit fermentum lectus quis porta.<\/p><p>Vestibulum vehicula tristique varius. Ut ut metus dictum, tristique ex euismod, aliquet leo. Fusce ultrices lacus sed tincidunt pharetra. Etiam erat augue, scelerisque vel nulla sit amet, blandit rhoncus arcu. Vestibulum pharetra erat purus, eu ornare dui tincidunt in. Quisque malesuada erat vel venenatis varius. Maecenas sit amet interdum purus. Integer malesuada lectus nisl. Ut porttitor dapibus augue, vitae porttitor orci vehicula eget. Nullam non orci at ipsum consectetur bibendum eu in enim. Nullam elementum dolor nunc, vitae vestibulum arcu fermentum mollis.<\/p>",
                                        "_id": "884f221"
                                    },
                                    {
                                        "tab_title": "Can I use more than one Christmas Returns Extensioncode on an order?",
                                        "tab_content": "<p>Lorem ipsum dolor sit amet, consectetur adipiscing elit. Ut justo velit, porta nec ex non, accumsan pretium enim. Pellentesque pulvinar, magna ut semper vulputate, dui sem accumsan ex, et pharetra turpis purus tristique sapien. Ut id feugiat diam. Nullam tempus quam vitae felis scelerisque fermentum. In dapibus velit ut elementum fermentum. Cras at dui augue. Aliquam suscipit fermentum lectus quis porta.<\/p><p>Vestibulum vehicula tristique varius. Ut ut metus dictum, tristique ex euismod, aliquet leo. Fusce ultrices lacus sed tincidunt pharetra. Etiam erat augue, scelerisque vel nulla sit amet, blandit rhoncus arcu. Vestibulum pharetra erat purus, eu ornare dui tincidunt in. Quisque malesuada erat vel venenatis varius. Maecenas sit amet interdum purus. Integer malesuada lectus nisl. Ut porttitor dapibus augue, vitae porttitor orci vehicula eget. Nullam non orci at ipsum consectetur bibendum eu in enim. Nullam elementum dolor nunc, vitae vestibulum arcu fermentum mollis.<\/p>",
                                        "_id": "4f9da31"
                                    },
                                    {
                                        "tab_title": "Do you accept Gift Cards?",
                                        "tab_content": "<p>Lorem ipsum dolor sit amet, consectetur adipiscing elit. Ut justo velit, porta nec ex non, accumsan pretium enim. Pellentesque pulvinar, magna ut semper vulputate, dui sem accumsan ex, et pharetra turpis purus tristique sapien. Ut id feugiat diam. Nullam tempus quam vitae felis scelerisque fermentum. In dapibus velit ut elementum fermentum. Cras at dui augue. Aliquam suscipit fermentum lectus quis porta.<\/p><p>Vestibulum vehicula tristique varius. Ut ut metus dictum, tristique ex euismod, aliquet leo. Fusce ultrices lacus sed tincidunt pharetra. Etiam erat augue, scelerisque vel nulla sit amet, blandit rhoncus arcu. Vestibulum pharetra erat purus, eu ornare dui tincidunt in. Quisque malesuada erat vel venenatis varius. Maecenas sit amet interdum purus. Integer malesuada lectus nisl. Ut porttitor dapibus augue, vitae porttitor orci vehicula eget. Nullam non orci at ipsum consectetur bibendum eu in enim. Nullam elementum dolor nunc, vitae vestibulum arcu fermentum mollis.<\/p>",
                                        "_id": "cce8297"
                                    },
                                    {
                                        "tab_title": "How do I place an order?",
                                        "tab_content": "<p>Lorem ipsum dolor sit amet, consectetur adipiscing elit. Ut justo velit, porta nec ex non, accumsan pretium enim. Pellentesque pulvinar, magna ut semper vulputate, dui sem accumsan ex, et pharetra turpis purus tristique sapien. Ut id feugiat diam. Nullam tempus quam vitae felis scelerisque fermentum. In dapibus velit ut elementum fermentum. Cras at dui augue. Aliquam suscipit fermentum lectus quis porta.<\/p><p>Vestibulum vehicula tristique varius. Ut ut metus dictum, tristique ex euismod, aliquet leo. Fusce ultrices lacus sed tincidunt pharetra. Etiam erat augue, scelerisque vel nulla sit amet, blandit rhoncus arcu. Vestibulum pharetra erat purus, eu ornare dui tincidunt in. Quisque malesuada erat vel venenatis varius. Maecenas sit amet interdum purus. Integer malesuada lectus nisl. Ut porttitor dapibus augue, vitae porttitor orci vehicula eget. Nullam non orci at ipsum consectetur bibendum eu in enim. Nullam elementum dolor nunc, vitae vestibulum arcu fermentum mollis.<\/p>",
                                        "_id": "0e6b1fc"
                                    },
                                    {
                                        "tab_title": "Can I use more than one promotion code on an order?",
                                        "tab_content": "<p>Lorem ipsum dolor sit amet, consectetur adipiscing elit. Ut justo velit, porta nec ex non, accumsan pretium enim. Pellentesque pulvinar, magna ut semper vulputate, dui sem accumsan ex, et pharetra turpis purus tristique sapien. Ut id feugiat diam. Nullam tempus quam vitae felis scelerisque fermentum. In dapibus velit ut elementum fermentum. Cras at dui augue. Aliquam suscipit fermentum lectus quis porta.<\/p><p>Vestibulum vehicula tristique varius. Ut ut metus dictum, tristique ex euismod, aliquet leo. Fusce ultrices lacus sed tincidunt pharetra. Etiam erat augue, scelerisque vel nulla sit amet, blandit rhoncus arcu. Vestibulum pharetra erat purus, eu ornare dui tincidunt in. Quisque malesuada erat vel venenatis varius. Maecenas sit amet interdum purus. Integer malesuada lectus nisl. Ut porttitor dapibus augue, vitae porttitor orci vehicula eget. Nullam non orci at ipsum consectetur bibendum eu in enim. Nullam elementum dolor nunc, vitae vestibulum arcu fermentum mollis.<\/p>",
                                        "_id": "c2d22cb"
                                    },
                                    {
                                        "tab_title": "Do you accept Gift Cards?",
                                        "tab_content": "<p>Lorem ipsum dolor sit amet, consectetur adipiscing elit. Ut justo velit, porta nec ex non, accumsan pretium enim. Pellentesque pulvinar, magna ut semper vulputate, dui sem accumsan ex, et pharetra turpis purus tristique sapien. Ut id feugiat diam. Nullam tempus quam vitae felis scelerisque fermentum. In dapibus velit ut elementum fermentum. Cras at dui augue. Aliquam suscipit fermentum lectus quis porta.<\/p><p>Vestibulum vehicula tristique varius. Ut ut metus dictum, tristique ex euismod, aliquet leo. Fusce ultrices lacus sed tincidunt pharetra. Etiam erat augue, scelerisque vel nulla sit amet, blandit rhoncus arcu. Vestibulum pharetra erat purus, eu ornare dui tincidunt in. Quisque malesuada erat vel venenatis varius. Maecenas sit amet interdum purus. Integer malesuada lectus nisl. Ut porttitor dapibus augue, vitae porttitor orci vehicula eget. Nullam non orci at ipsum consectetur bibendum eu in enim. Nullam elementum dolor nunc, vitae vestibulum arcu fermentum mollis.<\/p>",
                                        "_id": "5b77e6d"
                                    },
                                    {
                                        "tab_title": "Can I use more than one Christmas Returns Extensioncode on an order?",
                                        "tab_content": "<p>Lorem ipsum dolor sit amet, consectetur adipiscing elit. Ut justo velit, porta nec ex non, accumsan pretium enim. Pellentesque pulvinar, magna ut semper vulputate, dui sem accumsan ex, et pharetra turpis purus tristique sapien. Ut id feugiat diam. Nullam tempus quam vitae felis scelerisque fermentum. In dapibus velit ut elementum fermentum. Cras at dui augue. Aliquam suscipit fermentum lectus quis porta.<\/p><p>Vestibulum vehicula tristique varius. Ut ut metus dictum, tristique ex euismod, aliquet leo. Fusce ultrices lacus sed tincidunt pharetra. Etiam erat augue, scelerisque vel nulla sit amet, blandit rhoncus arcu. Vestibulum pharetra erat purus, eu ornare dui tincidunt in. Quisque malesuada erat vel venenatis varius. Maecenas sit amet interdum purus. Integer malesuada lectus nisl. Ut porttitor dapibus augue, vitae porttitor orci vehicula eget. Nullam non orci at ipsum consectetur bibendum eu in enim. Nullam elementum dolor nunc, vitae vestibulum arcu fermentum mollis.<\/p>",
                                        "_id": "d684c9d"
                                    }
                                ],
                                "selected_icon": {
                                    "value": "fas fa-angle-down",
                                    "library": "fa-solid"
                                },
                                "selected_active_icon": {
                                    "value": "fas fa-chevron-up",
                                    "library": "fa-solid"
                                },
                                "border_width": {
                                    "unit": "px",
                                    "size": 0,
                                    "sizes": []
                                },
                                "title_typography_typography": "custom",
                                "title_typography_font_size": {
                                    "unit": "px",
                                    "size": 13,
                                    "sizes": []
                                },
                                "title_typography_font_weight": "500",
                                "title_typography_text_transform": "uppercase",
                                "title_typography_letter_spacing": {
                                    "unit": "px",
                                    "size": 1,
                                    "sizes": []
                                },
                                "title_padding": {
                                    "unit": "px",
                                    "top": "25",
                                    "right": "25",
                                    "bottom": "25",
                                    "left": "25",
                                    "isLinked": true
                                },
                                "icon_align": "right",
                                "content_typography_typography": "custom",
                                "content_typography_font_size": {
                                    "unit": "px",
                                    "size": 14,
                                    "sizes": []
                                },
                                "content_typography_font_weight": "300",
                                "content_padding": {
                                    "unit": "px",
                                    "top": "25",
                                    "right": "25",
                                    "bottom": "25",
                                    "left": "25",
                                    "isLinked": true
                                },
                                "__globals__": {
                                    "tab_active_color": "globals\/colors?id=secondary",
                                    "icon_color": "globals\/colors?id=primary",
                                    "icon_active_color": "globals\/colors?id=secondary",
                                    "content_color": "globals\/colors?id=text",
                                    "border_color": "globals\/colors?id=4270c24"
                                }
                            },
                            "elements": [],
                            "isInner": false,
                            "widgetType": "accordion",
                            "elType": "widget"
                        }
                    ],
                    "isInner": false,
                    "elType": "column"
                }
            ],
            "isInner": false,
            "elType": "section"
        }
    ],
    "page_settings": {
        "hide_title": "yes"
    }
}