{
    "version": "0.4",
    "title": "Filters",
    "type": "popup",
    "metadata": {
        "template_type": "section-popup",
        "include_in_zip": "1",
        "elementor_pro_required": "1",
        "elementor_library_type": "popup",
        "elementor_pro_conditions": [
            "include\/general"
        ],
        "additional_template_information": [
            "This is a \"Popup\" template for Elementor Pro.",
            "This template will display on: Entire Site."
        ],
        "wp_page_template": "default"
    },
    "content": [
        {
            "id": "216ef31a",
            "settings": {
                "padding": {
                    "unit": "px",
                    "top": "25",
                    "right": "25",
                    "bottom": "25",
                    "left": "25",
                    "isLinked": true
                }
            },
            "elements": [
                {
                    "id": "7cb15425",
                    "settings": {
                        "_column_size": 100,
                        "_inline_size": null
                    },
                    "elements": [
                        {
                            "id": "76c4419e",
                            "settings": {
                                "title": "Filters",
                                "typography_typography": "custom",
                                "typography_font_size": {
                                    "unit": "px",
                                    "size": 22,
                                    "sizes": []
                                },
                                "typography_font_weight": "500",
                                "typography_text_transform": "uppercase",
                                "typography_letter_spacing": {
                                    "unit": "px",
                                    "size": 1,
                                    "sizes": []
                                }
                            },
                            "elements": [],
                            "isInner": false,
                            "widgetType": "heading",
                            "elType": "widget"
                        },
                        {
                            "id": "4f7af7ab",
                            "settings": {
                                "title": "Place your product filters here.",
                                "typography_typography": "custom",
                                "typography_font_family": "Prompt",
                                "typography_font_size": {
                                    "unit": "px",
                                    "size": 12,
                                    "sizes": []
                                },
                                "typography_font_weight": "500",
                                "typography_text_transform": "uppercase",
                                "typography_letter_spacing": {
                                    "unit": "px",
                                    "size": 1,
                                    "sizes": []
                                },
                                "__globals__": {
                                    "title_color": "globals\/colors?id=secondary"
                                }
                            },
                            "elements": [],
                            "isInner": false,
                            "widgetType": "heading",
                            "elType": "widget"
                        }
                    ],
                    "isInner": false,
                    "elType": "column"
                }
            ],
            "isInner": false,
            "elType": "section"
        }
    ],
    "page_settings": {
        "width": {
            "unit": "vw",
            "size": 20,
            "sizes": []
        },
        "width_tablet": {
            "unit": "vw",
            "size": 40,
            "sizes": []
        },
        "width_mobile": {
            "unit": "vw",
            "size": 80,
            "sizes": []
        },
        "horizontal_position": "left",
        "horizontal_position_tablet": "left",
        "vertical_position": "top",
        "vertical_position_tablet": "top",
        "entrance_animation_tablet": "fadeInLeft",
        "entrance_animation_mobile": "fadeIn",
        "exit_animation_tablet": "fadeInLeft",
        "exit_animation_mobile": "fadeIn",
        "overlay_background_color": "#FFFFFFC7",
        "margin": {
            "unit": "%",
            "top": "",
            "right": "",
            "bottom": "",
            "left": "",
            "isLinked": true
        },
        "margin_tablet": {
            "unit": "%",
            "top": "",
            "right": "",
            "bottom": "",
            "left": "",
            "isLinked": true
        },
        "__globals__": {
            "overlay_background_color": "",
            "close_button_color": "globals\/colors?id=primary",
            "close_button_background_color": "globals\/colors?id=4270c24",
            "close_button_hover_color": "globals\/colors?id=4641393",
            "close_button_hover_background_color": "globals\/colors?id=4270c24"
        },
        "height_type": "fit_to_screen",
        "entrance_animation": "slideInLeft",
        "exit_animation": "slideInLeft",
        "entrance_animation_duration": {
            "unit": "px",
            "size": 1,
            "sizes": []
        }
    }
}