{
    "version": "0.4",
    "title": "Footer",
    "type": "footer",
    "metadata": {
        "template_type": "single-home",
        "include_in_zip": "1",
        "elementor_pro_required": "1",
        "elementor_library_type": "footer",
        "elementor_pro_conditions": [
            "include\/general"
        ],
        "additional_template_information": [
            "This is a \"Footer\" template for Elementor Pro.",
            "This template will display on: Entire Site."
        ],
        "wp_page_template": "default"
    },
    "content": [
        {
            "id": "406ba0b0",
            "settings": {
                "padding": {
                    "unit": "%",
                    "top": "0",
                    "right": "5",
                    "bottom": "1",
                    "left": "5",
                    "isLinked": false
                },
                "padding_mobile": {
                    "unit": "px",
                    "top": "15",
                    "right": "15",
                    "bottom": "15",
                    "left": "15",
                    "isLinked": true
                },
                "animation": "fadeIn",
                "animation_duration": "slow",
                "layout": "full_width"
            },
            "elements": [
                {
                    "id": "c69b393",
                    "settings": {
                        "_column_size": 100,
                        "_inline_size": null,
                        "padding_mobile": {
                            "unit": "px",
                            "top": "0",
                            "right": "0",
                            "bottom": "0",
                            "left": "0",
                            "isLinked": true
                        }
                    },
                    "elements": [
                        {
                            "id": "58074c1d",
                            "settings": {
                                "layout": "full_width",
                                "gap": "no",
                                "structure": "20",
                                "content_position": "middle"
                            },
                            "elements": [
                                {
                                    "id": "65e056d3",
                                    "settings": {
                                        "_column_size": 50,
                                        "_inline_size": null
                                    },
                                    "elements": [
                                        {
                                            "id": "68052d62",
                                            "settings": {
                                                "__dynamic__": {
                                                    "image": "[elementor-tag id=\"\" name=\"site-logo\" settings=\"%7B%7D\"]",
                                                    "link": "[elementor-tag id=\"\" name=\"site-url\" settings=\"%7B%7D\"]"
                                                },
                                                "align": "left"
                                            },
                                            "elements": [],
                                            "isInner": false,
                                            "widgetType": "theme-site-logo",
                                            "elType": "widget"
                                        }
                                    ],
                                    "isInner": true,
                                    "elType": "column"
                                },
                                {
                                    "id": "559b6f5f",
                                    "settings": {
                                        "_column_size": 50,
                                        "_inline_size": null
                                    },
                                    "elements": [
                                        {
                                            "id": "4940939d",
                                            "settings": {
                                                "social_icon_list": [
                                                    {
                                                        "social_icon": {
                                                            "value": "fab fa-facebook",
                                                            "library": "fa-brands"
                                                        },
                                                        "_id": "6e3efad"
                                                    },
                                                    {
                                                        "_id": "8162603",
                                                        "social_icon": {
                                                            "value": "fab fa-instagram",
                                                            "library": "fa-brands"
                                                        }
                                                    },
                                                    {
                                                        "social_icon": {
                                                            "value": "fab fa-pinterest",
                                                            "library": "fa-brands"
                                                        },
                                                        "_id": "690212e"
                                                    },
                                                    {
                                                        "social_icon": {
                                                            "value": "fab fa-twitter",
                                                            "library": "fa-brands"
                                                        },
                                                        "_id": "03e879d"
                                                    },
                                                    {
                                                        "social_icon": {
                                                            "value": "fab fa-youtube",
                                                            "library": "fa-brands"
                                                        },
                                                        "_id": "246d229"
                                                    }
                                                ],
                                                "align": "right",
                                                "icon_color": "custom",
                                                "icon_size": {
                                                    "unit": "px",
                                                    "size": 14,
                                                    "sizes": []
                                                },
                                                "__globals__": {
                                                    "icon_secondary_color": "globals\/colors?id=primary",
                                                    "icon_primary_color": "globals\/colors?id=4270c24",
                                                    "hover_primary_color": "globals\/colors?id=4270c24",
                                                    "hover_secondary_color": "globals\/colors?id=4641393"
                                                },
                                                "icon_size_mobile": {
                                                    "unit": "px",
                                                    "size": 12,
                                                    "sizes": []
                                                }
                                            },
                                            "elements": [],
                                            "isInner": false,
                                            "widgetType": "social-icons",
                                            "elType": "widget"
                                        }
                                    ],
                                    "isInner": true,
                                    "elType": "column"
                                }
                            ],
                            "isInner": true,
                            "elType": "section"
                        },
                        {
                            "id": "1d8c75f1",
                            "settings": {
                                "layout": "full_width",
                                "gap": "no",
                                "content_position": "bottom",
                                "structure": "20",
                                "padding": {
                                    "unit": "px",
                                    "top": "10",
                                    "right": "0",
                                    "bottom": "0",
                                    "left": "0",
                                    "isLinked": false
                                },
                                "reverse_order_mobile": "reverse-mobile"
                            },
                            "elements": [
                                {
                                    "id": "11a8dab",
                                    "settings": {
                                        "_column_size": 50,
                                        "_inline_size": 37.807,
                                        "padding_mobile": {
                                            "unit": "px",
                                            "top": "25",
                                            "right": "0",
                                            "bottom": "25",
                                            "left": "0",
                                            "isLinked": false
                                        }
                                    },
                                    "elements": [
                                        {
                                            "id": "dfb3bc7",
                                            "settings": {
                                                "title": "\u00a9 2020 Mioshio - Fashion Kings & Queens | Crafted by MKScreatives",
                                                "align": "left",
                                                "typography_typography": "custom",
                                                "typography_font_size": {
                                                    "unit": "px",
                                                    "size": 10,
                                                    "sizes": []
                                                },
                                                "typography_font_weight": "400",
                                                "typography_text_transform": "uppercase",
                                                "typography_letter_spacing": {
                                                    "unit": "px",
                                                    "size": 0.9,
                                                    "sizes": []
                                                },
                                                "__globals__": {
                                                    "title_color": "globals\/colors?id=primary"
                                                },
                                                "align_mobile": "center"
                                            },
                                            "elements": [],
                                            "isInner": false,
                                            "widgetType": "heading",
                                            "elType": "widget"
                                        }
                                    ],
                                    "isInner": true,
                                    "elType": "column"
                                },
                                {
                                    "id": "135053a4",
                                    "settings": {
                                        "_column_size": 50,
                                        "_inline_size": 62.183
                                    },
                                    "elements": [
                                        {
                                            "id": "58387093",
                                            "settings": {
                                                "align_items": "right",
                                                "pointer": "none",
                                                "indicator": "none",
                                                "dropdown": "mobile",
                                                "menu_typography_typography": "custom",
                                                "menu_typography_font_size": {
                                                    "unit": "px",
                                                    "size": 10,
                                                    "sizes": []
                                                },
                                                "menu_typography_font_weight": "400",
                                                "menu_typography_text_transform": "uppercase",
                                                "menu_typography_letter_spacing": {
                                                    "unit": "px",
                                                    "size": 1,
                                                    "sizes": []
                                                },
                                                "padding_horizontal_menu_item": {
                                                    "unit": "px",
                                                    "size": 0,
                                                    "sizes": []
                                                },
                                                "menu_space_between": {
                                                    "unit": "px",
                                                    "size": 25,
                                                    "sizes": []
                                                },
                                                "padding_vertical_menu_item": {
                                                    "unit": "px",
                                                    "size": 0,
                                                    "sizes": []
                                                },
                                                "padding_vertical_menu_item_mobile": {
                                                    "unit": "px",
                                                    "size": 5,
                                                    "sizes": []
                                                },
                                                "__globals__": {
                                                    "color_menu_item_hover": "globals\/colors?id=4641393",
                                                    "color_menu_item": "globals\/colors?id=primary",
                                                    "color_menu_item_active": "globals\/colors?id=secondary",
                                                    "toggle_color": "globals\/colors?id=primary",
                                                    "toggle_background_color": "globals\/colors?id=a9b4090",
                                                    "toggle_color_hover": "globals\/colors?id=4641393",
                                                    "toggle_background_color_hover": "globals\/colors?id=a9b4090",
                                                    "color_dropdown_item": "globals\/colors?id=primary",
                                                    "background_color_dropdown_item": "globals\/colors?id=a9b4090",
                                                    "color_dropdown_item_hover": "globals\/colors?id=4641393",
                                                    "background_color_dropdown_item_hover": "globals\/colors?id=a9b4090",
                                                    "color_dropdown_item_active": "globals\/colors?id=secondary",
                                                    "background_color_dropdown_item_active": "globals\/colors?id=a9b4090"
                                                },
                                                "text_align": "center",
                                                "dropdown_typography_typography": "custom",
                                                "dropdown_typography_font_size_mobile": {
                                                    "unit": "px",
                                                    "size": 12,
                                                    "sizes": []
                                                },
                                                "dropdown_typography_font_weight": "400",
                                                "dropdown_typography_text_transform": "uppercase",
                                                "dropdown_typography_letter_spacing": {
                                                    "unit": "px",
                                                    "size": 1,
                                                    "sizes": []
                                                }
                                            },
                                            "elements": [],
                                            "isInner": false,
                                            "widgetType": "nav-menu",
                                            "elType": "widget"
                                        }
                                    ],
                                    "isInner": true,
                                    "elType": "column"
                                }
                            ],
                            "isInner": true,
                            "elType": "section"
                        }
                    ],
                    "isInner": false,
                    "elType": "column"
                }
            ],
            "isInner": false,
            "elType": "section"
        }
    ],
    "page_settings": {
        "background_background": "classic",
        "background_color": "#FFFFFF"
    }
}