{
    "version": "0.4",
    "title": "Header",
    "type": "header",
    "metadata": {
        "template_type": "single-home",
        "include_in_zip": "1",
        "elementor_pro_required": "1",
        "elementor_library_type": "header",
        "elementor_pro_conditions": [
            "include\/general"
        ],
        "additional_template_information": [
            "This is a \"Header\" template for Elementor Pro.",
            "This template will display on: Entire Site."
        ],
        "wp_page_template": "default"
    },
    "content": [
        {
            "id": "2589db59",
            "settings": {
                "layout": "full_width",
                "content_position": "middle",
                "structure": "30",
                "padding": {
                    "unit": "%",
                    "top": "0",
                    "right": "5",
                    "bottom": "0",
                    "left": "5",
                    "isLinked": false
                },
                "background_background": "classic",
                "background_color": "#FFFFFF",
                "box_shadow_box_shadow_type": "yes",
                "box_shadow_box_shadow": {
                    "horizontal": 0,
                    "vertical": 5,
                    "blur": 10,
                    "spread": 0,
                    "color": "rgba(0, 0, 0, 0.1)"
                },
                "padding_mobile": {
                    "unit": "px",
                    "top": "0",
                    "right": "0",
                    "bottom": "0",
                    "left": "0",
                    "isLinked": true
                },
                "hide_desktop": "hidden-desktop",
                "hide_tablet": "hidden-tablet",
                "z_index": 950
            },
            "elements": [
                {
                    "id": "5948555",
                    "settings": {
                        "_column_size": 33,
                        "_inline_size": 76.886,
                        "_inline_size_mobile": 15
                    },
                    "elements": [
                        {
                            "id": "36b265e4",
                            "settings": {
                                "selected_icon": {
                                    "value": "fas fa-bars",
                                    "library": "fa-solid"
                                },
                                "primary_color": "#000000",
                                "size_mobile": {
                                    "unit": "px",
                                    "size": 20,
                                    "sizes": []
                                },
                                "_margin_mobile": {
                                    "unit": "px",
                                    "top": "8",
                                    "right": "0",
                                    "bottom": "0",
                                    "left": "0",
                                    "isLinked": false
                                },
                                "__dynamic__": {
                                    "link": "[elementor-tag id=\"db51a50\" name=\"popup\" settings=\"%7B%22action%22%3A%22toggle%22%2C%22popup%22%3A%22636%22%7D\"]"
                                },
                                "align_mobile": "right"
                            },
                            "elements": [],
                            "isInner": false,
                            "widgetType": "icon",
                            "elType": "widget"
                        }
                    ],
                    "isInner": false,
                    "elType": "column"
                },
                {
                    "id": "5a007be",
                    "settings": {
                        "_column_size": 33,
                        "_inline_size": 12.963,
                        "_inline_size_mobile": 55
                    },
                    "elements": [
                        {
                            "id": "1581a6eb",
                            "settings": {
                                "__dynamic__": {
                                    "image": "[elementor-tag id=\"\" name=\"site-logo\" settings=\"%7B%7D\"]",
                                    "link": "[elementor-tag id=\"\" name=\"site-url\" settings=\"%7B%7D\"]"
                                },
                                "align_mobile": "left",
                                "width_mobile": {
                                    "unit": "%",
                                    "size": 100,
                                    "sizes": []
                                },
                                "space_mobile": {
                                    "unit": "%",
                                    "size": 70,
                                    "sizes": []
                                },
                                "image": {
                                    "id": 277,
                                    "url": "https:\/\/mioshio.mkscreatives.com\/wp-content\/uploads\/2020\/11\/placeholder.png"
                                }
                            },
                            "elements": [],
                            "isInner": false,
                            "widgetType": "theme-site-logo",
                            "elType": "widget"
                        }
                    ],
                    "isInner": false,
                    "elType": "column"
                },
                {
                    "id": "6b276390",
                    "settings": {
                        "_column_size": 33,
                        "_inline_size": 9.815,
                        "_inline_size_mobile": 30
                    },
                    "elements": [
                        {
                            "id": "3176e62d",
                            "settings": {
                                "skin": "full_screen",
                                "placeholder": "Search...",
                                "button_text": "Search",
                                "toggle_align": "right",
                                "toggle_size": {
                                    "unit": "px",
                                    "size": 20,
                                    "sizes": []
                                },
                                "toggle_color": "#000000",
                                "toggle_background_color": "#02010100",
                                "toggle_icon_size": {
                                    "unit": "px",
                                    "size": 58,
                                    "sizes": []
                                },
                                "_padding": {
                                    "unit": "px",
                                    "top": "5",
                                    "right": "10",
                                    "bottom": "7",
                                    "left": "10",
                                    "isLinked": false
                                },
                                "_element_width": "auto",
                                "_element_vertical_align": "center",
                                "overlay_background_color": "#FFFFFF",
                                "input_typography_typography": "custom",
                                "input_typography_font_size_mobile": {
                                    "unit": "px",
                                    "size": 15,
                                    "sizes": []
                                },
                                "input_typography_font_weight": "400",
                                "input_text_color": "#000000",
                                "input_text_color_focus": "#000000",
                                "_padding_mobile": {
                                    "unit": "px",
                                    "top": "5",
                                    "right": "5",
                                    "bottom": "5",
                                    "left": "5",
                                    "isLinked": true
                                }
                            },
                            "elements": [],
                            "isInner": false,
                            "widgetType": "search-form",
                            "elType": "widget"
                        },
                        {
                            "id": "1977652b",
                            "settings": {
                                "icon": "bag-solid",
                                "hide_empty_indicator": "hide",
                                "show_subtotal": "",
                                "toggle_button_text_color": "#000000",
                                "toggle_button_icon_color": "#000000",
                                "toggle_button_border_width": {
                                    "unit": "px",
                                    "size": 0,
                                    "sizes": []
                                },
                                "toggle_icon_size": {
                                    "unit": "px",
                                    "size": 16,
                                    "sizes": []
                                },
                                "toggle_button_padding": {
                                    "unit": "px",
                                    "top": "0",
                                    "right": "0",
                                    "bottom": "0",
                                    "left": "0",
                                    "isLinked": true
                                },
                                "_padding": {
                                    "unit": "px",
                                    "top": "5",
                                    "right": "10",
                                    "bottom": "5",
                                    "left": "10",
                                    "isLinked": false
                                },
                                "_element_width": "auto",
                                "_element_vertical_align": "center",
                                "_padding_mobile": {
                                    "unit": "px",
                                    "top": "5",
                                    "right": "5",
                                    "bottom": "5",
                                    "left": "5",
                                    "isLinked": true
                                }
                            },
                            "elements": [],
                            "isInner": false,
                            "widgetType": "woocommerce-menu-cart",
                            "elType": "widget"
                        },
                        {
                            "id": "5bb06d3f",
                            "settings": {
                                "selected_icon": {
                                    "value": "fas fa-user",
                                    "library": "fa-solid"
                                },
                                "size": {
                                    "unit": "px",
                                    "size": 16,
                                    "sizes": []
                                },
                                "_margin": {
                                    "unit": "px",
                                    "top": "5",
                                    "right": "0",
                                    "bottom": "0",
                                    "left": "0",
                                    "isLinked": false
                                },
                                "_padding": {
                                    "unit": "px",
                                    "top": "5",
                                    "right": "10",
                                    "bottom": "5",
                                    "left": "10",
                                    "isLinked": false
                                },
                                "_element_width": "auto",
                                "_element_vertical_align": "center",
                                "__dynamic__": {
                                    "link": "[elementor-tag id=\"e4bea62\" name=\"popup\" settings=\"%7B%22action%22%3A%22toggle%22%2C%22popup%22%3A%22442%22%7D\"]"
                                },
                                "primary_color": "#000000",
                                "size_mobile": {
                                    "unit": "px",
                                    "size": 14,
                                    "sizes": []
                                },
                                "_padding_mobile": {
                                    "unit": "px",
                                    "top": "5",
                                    "right": "5",
                                    "bottom": "5",
                                    "left": "5",
                                    "isLinked": true
                                }
                            },
                            "elements": [],
                            "isInner": false,
                            "widgetType": "icon",
                            "elType": "widget"
                        }
                    ],
                    "isInner": false,
                    "elType": "column"
                }
            ],
            "isInner": false,
            "elType": "section"
        },
        {
            "id": "1abc6f28",
            "settings": {
                "layout": "full_width",
                "content_position": "middle",
                "structure": "40",
                "padding": {
                    "unit": "%",
                    "top": "0",
                    "right": "5",
                    "bottom": "0",
                    "left": "5",
                    "isLinked": false
                },
                "padding_tablet": {
                    "unit": "%",
                    "top": "0",
                    "right": "2",
                    "bottom": "0",
                    "left": "2",
                    "isLinked": false
                },
                "hide_mobile": "hidden-phone",
                "background_background": "classic",
                "background_color": "#FFFFFF",
                "z_index": 999,
                "sticky_on": [
                    "desktop"
                ],
                "hide_desktop": "hidden-desktop"
            },
            "elements": [
                {
                    "id": "386a7c93",
                    "settings": {
                        "_column_size": 25,
                        "_inline_size": 30.076,
                        "_inline_size_tablet": 75,
                        "padding": {
                            "unit": "px",
                            "top": "0",
                            "right": "25",
                            "bottom": "0",
                            "left": "0",
                            "isLinked": false
                        }
                    },
                    "elements": [
                        {
                            "id": "57f92888",
                            "settings": {
                                "content_position": "middle",
                                "structure": "20",
                                "motion_fx_translateX_direction": "negative",
                                "motion_fx_opacity_direction": "out-in-out",
                                "motion_fx_opacity_level": {
                                    "unit": "px",
                                    "size": 1,
                                    "sizes": []
                                },
                                "motion_fx_opacity_range": {
                                    "unit": "%",
                                    "size": "",
                                    "sizes": {
                                        "start": 23,
                                        "end": 51
                                    }
                                },
                                "layout": "full_width",
                                "background_background": "classic",
                                "background_color": "#FFFFFF",
                                "sticky_on": [
                                    "desktop",
                                    "tablet"
                                ],
                                "hide_mobile": "hidden-phone"
                            },
                            "elements": [
                                {
                                    "id": "787284c2",
                                    "settings": {
                                        "_column_size": 50,
                                        "_inline_size": 50.815,
                                        "padding": {
                                            "unit": "px",
                                            "top": "0",
                                            "right": "0",
                                            "bottom": "0",
                                            "left": "0",
                                            "isLinked": true
                                        }
                                    },
                                    "elements": [
                                        {
                                            "id": "6fa88c62",
                                            "settings": {
                                                "look": "line_text",
                                                "text": "Free Shipping",
                                                "gap": {
                                                    "unit": "px",
                                                    "size": "",
                                                    "sizes": []
                                                },
                                                "typography_typography": "custom",
                                                "typography_font_family": "Poppins",
                                                "typography_font_size": {
                                                    "unit": "px",
                                                    "size": 10,
                                                    "sizes": []
                                                },
                                                "typography_font_weight": "400",
                                                "typography_text_transform": "uppercase",
                                                "typography_letter_spacing": {
                                                    "unit": "px",
                                                    "size": 2,
                                                    "sizes": []
                                                },
                                                "text_align": "left",
                                                "__globals__": {
                                                    "text_color": "globals\/colors?id=primary",
                                                    "color": "globals\/colors?id=primary"
                                                }
                                            },
                                            "elements": [],
                                            "isInner": false,
                                            "widgetType": "divider",
                                            "elType": "widget"
                                        }
                                    ],
                                    "isInner": true,
                                    "elType": "column"
                                },
                                {
                                    "id": "31f15150",
                                    "settings": {
                                        "_column_size": 50,
                                        "_inline_size": 48.992
                                    },
                                    "elements": [
                                        {
                                            "id": "1c814338",
                                            "settings": {
                                                "title": "on all orders over $100",
                                                "typography_typography": "custom",
                                                "typography_font_family": "Poppins",
                                                "typography_font_size": {
                                                    "unit": "px",
                                                    "size": 10,
                                                    "sizes": []
                                                },
                                                "typography_font_weight": "400",
                                                "align": "left"
                                            },
                                            "elements": [],
                                            "isInner": false,
                                            "widgetType": "heading",
                                            "elType": "widget"
                                        }
                                    ],
                                    "isInner": true,
                                    "elType": "column"
                                }
                            ],
                            "isInner": true,
                            "elType": "section"
                        }
                    ],
                    "isInner": false,
                    "elType": "column"
                },
                {
                    "id": "48ff40b8",
                    "settings": {
                        "_column_size": 25,
                        "_inline_size": 10.919,
                        "_inline_size_tablet": 25,
                        "padding": {
                            "unit": "px",
                            "top": "0",
                            "right": "0",
                            "bottom": "0",
                            "left": "25",
                            "isLinked": false
                        }
                    },
                    "elements": [
                        {
                            "id": "4909b144",
                            "settings": {
                                "gap": "no",
                                "structure": "30"
                            },
                            "elements": [
                                {
                                    "id": "3bbebf82",
                                    "settings": {
                                        "_column_size": 33,
                                        "_inline_size": null
                                    },
                                    "elements": [
                                        {
                                            "id": "3ab8d23d",
                                            "settings": {
                                                "skin": "full_screen",
                                                "placeholder": "Search...",
                                                "button_text": "Search",
                                                "toggle_size": {
                                                    "unit": "px",
                                                    "size": 25,
                                                    "sizes": []
                                                },
                                                "toggle_background_color": "#02010100",
                                                "toggle_icon_size": {
                                                    "unit": "px",
                                                    "size": 58,
                                                    "sizes": []
                                                },
                                                "_padding": {
                                                    "unit": "px",
                                                    "top": "5",
                                                    "right": "5",
                                                    "bottom": "5",
                                                    "left": "5",
                                                    "isLinked": true
                                                },
                                                "_element_vertical_align": "center",
                                                "input_text_color_focus": "#000000",
                                                "__globals__": {
                                                    "toggle_color_hover": "globals\/colors?id=4641393",
                                                    "overlay_background_color": "",
                                                    "toggle_color": "globals\/colors?id=primary",
                                                    "input_text_color": "globals\/colors?id=primary"
                                                },
                                                "overlay_background_color": "#FFFFFFDE",
                                                "input_typography_font_family": "Poppins",
                                                "input_typography_font_size": {
                                                    "unit": "px",
                                                    "size": 14,
                                                    "sizes": []
                                                },
                                                "input_typography_font_weight": "400",
                                                "toggle_color": "#000000",
                                                "toggle_color_hover": "#B4B4B4"
                                            },
                                            "elements": [],
                                            "isInner": false,
                                            "widgetType": "search-form",
                                            "elType": "widget"
                                        }
                                    ],
                                    "isInner": true,
                                    "elType": "column"
                                },
                                {
                                    "id": "5dca8209",
                                    "settings": {
                                        "_column_size": 33,
                                        "_inline_size": null
                                    },
                                    "elements": [
                                        {
                                            "id": "7daa4240",
                                            "settings": {
                                                "icon": "bag-solid",
                                                "hide_empty_indicator": "hide",
                                                "show_subtotal": "",
                                                "toggle_button_border_width": {
                                                    "unit": "px",
                                                    "size": 0,
                                                    "sizes": []
                                                },
                                                "toggle_icon_size": {
                                                    "unit": "px",
                                                    "size": 19,
                                                    "sizes": []
                                                },
                                                "toggle_button_padding": {
                                                    "unit": "px",
                                                    "top": "0",
                                                    "right": "0",
                                                    "bottom": "0",
                                                    "left": "0",
                                                    "isLinked": true
                                                },
                                                "_padding": {
                                                    "unit": "px",
                                                    "top": "5",
                                                    "right": "5",
                                                    "bottom": "5",
                                                    "left": "5",
                                                    "isLinked": true
                                                },
                                                "_element_vertical_align": "center",
                                                "__globals__": {
                                                    "toggle_button_hover_text_color": "globals\/colors?id=primary",
                                                    "toggle_button_hover_icon_color": "globals\/colors?id=4641393",
                                                    "toggle_button_text_color": "globals\/colors?id=primary",
                                                    "toggle_button_icon_color": "globals\/colors?id=primary",
                                                    "view_cart_button_text_color": "globals\/colors?id=a9b4090",
                                                    "view_cart_button_background_color": "globals\/colors?id=primary",
                                                    "checkout_button_text_color": "globals\/colors?id=a9b4090",
                                                    "checkout_button_background_color": "globals\/colors?id=primary",
                                                    "subtotal_color": "globals\/colors?id=primary",
                                                    "product_title_color": "globals\/colors?id=primary",
                                                    "product_price_color": "globals\/colors?id=primary",
                                                    "divider_color": "",
                                                    "items_indicator_text_color": "globals\/colors?id=a9b4090",
                                                    "items_indicator_background_color": "globals\/colors?id=primary"
                                                },
                                                "toggle_button_text_color": "#000000",
                                                "toggle_button_icon_color": "#000000",
                                                "toggle_button_hover_icon_color": "#B4B4B4",
                                                "items_indicator_distance": {
                                                    "unit": "em",
                                                    "size": 1,
                                                    "sizes": []
                                                },
                                                "subtotal_color": "#000000",
                                                "subtotal_typography_typography": "custom",
                                                "subtotal_typography_font_size": {
                                                    "unit": "px",
                                                    "size": 16,
                                                    "sizes": []
                                                },
                                                "product_title_color": "#000000",
                                                "product_title_typography_typography": "custom",
                                                "product_title_typography_font_family": "Poppins",
                                                "product_title_typography_font_size": {
                                                    "unit": "px",
                                                    "size": 12,
                                                    "sizes": []
                                                },
                                                "product_title_typography_font_weight": "500",
                                                "product_title_typography_text_transform": "uppercase",
                                                "product_title_typography_letter_spacing": {
                                                    "unit": "px",
                                                    "size": 1,
                                                    "sizes": []
                                                },
                                                "product_price_color": "#000000",
                                                "product_price_typography_typography": "custom",
                                                "product_price_typography_font_family": "Poppins",
                                                "product_price_typography_font_size": {
                                                    "unit": "px",
                                                    "size": 14,
                                                    "sizes": []
                                                },
                                                "product_price_typography_font_weight": "600",
                                                "product_price_typography_text_transform": "uppercase",
                                                "product_price_typography_letter_spacing": {
                                                    "unit": "px",
                                                    "size": 1,
                                                    "sizes": []
                                                },
                                                "space_between_buttons": {
                                                    "unit": "px",
                                                    "size": 2,
                                                    "sizes": []
                                                },
                                                "product_buttons_typography_typography": "custom",
                                                "product_buttons_typography_font_family": "Poppins",
                                                "product_buttons_typography_font_size": {
                                                    "unit": "px",
                                                    "size": 12,
                                                    "sizes": []
                                                },
                                                "product_buttons_typography_font_weight": "500",
                                                "product_buttons_typography_text_transform": "uppercase",
                                                "product_buttons_typography_letter_spacing": {
                                                    "unit": "px",
                                                    "size": 1,
                                                    "sizes": []
                                                },
                                                "button_border_radius": {
                                                    "unit": "px",
                                                    "size": 0,
                                                    "sizes": []
                                                },
                                                "view_cart_button_text_color": "#FFFFFF",
                                                "view_cart_button_background_color": "#000000",
                                                "checkout_button_text_color": "#FFFFFF",
                                                "checkout_button_background_color": "#000000",
                                                "alignment": "center"
                                            },
                                            "elements": [],
                                            "isInner": false,
                                            "widgetType": "woocommerce-menu-cart",
                                            "elType": "widget"
                                        }
                                    ],
                                    "isInner": true,
                                    "elType": "column"
                                },
                                {
                                    "id": "66c5e4b",
                                    "settings": {
                                        "_column_size": 33,
                                        "_inline_size": null,
                                        "border_width": {
                                            "unit": "px",
                                            "top": "0",
                                            "right": "0",
                                            "bottom": "0",
                                            "left": "1",
                                            "isLinked": false
                                        },
                                        "border_color": "#ECECEC",
                                        "border_radius": {
                                            "unit": "px",
                                            "top": "0",
                                            "right": "0",
                                            "bottom": "0",
                                            "left": "0",
                                            "isLinked": false
                                        },
                                        "__globals__": {
                                            "border_color": ""
                                        }
                                    },
                                    "elements": [
                                        {
                                            "id": "1a82b095",
                                            "settings": {
                                                "selected_icon": {
                                                    "value": "fas fa-user",
                                                    "library": "fa-solid"
                                                },
                                                "size": {
                                                    "unit": "px",
                                                    "size": 17,
                                                    "sizes": []
                                                },
                                                "_margin": {
                                                    "unit": "px",
                                                    "top": "3",
                                                    "right": "0",
                                                    "bottom": "0",
                                                    "left": "0",
                                                    "isLinked": false
                                                },
                                                "_padding": {
                                                    "unit": "px",
                                                    "top": "5",
                                                    "right": "5",
                                                    "bottom": "5",
                                                    "left": "5",
                                                    "isLinked": true
                                                },
                                                "_element_vertical_align": "center",
                                                "__dynamic__": {
                                                    "link": "[elementor-tag id=\"e4bea62\" name=\"popup\" settings=\"%7B%22action%22%3A%22toggle%22%2C%22popup%22%3A%22442%22%7D\"]"
                                                },
                                                "__globals__": {
                                                    "hover_primary_color": "globals\/colors?id=4641393",
                                                    "primary_color": "globals\/colors?id=primary"
                                                }
                                            },
                                            "elements": [],
                                            "isInner": false,
                                            "widgetType": "icon",
                                            "elType": "widget"
                                        }
                                    ],
                                    "isInner": true,
                                    "elType": "column"
                                }
                            ],
                            "isInner": true,
                            "elType": "section"
                        }
                    ],
                    "isInner": false,
                    "elType": "column"
                },
                {
                    "id": "a340f58",
                    "settings": {
                        "_column_size": 25,
                        "_inline_size": 10,
                        "_inline_size_tablet": 20,
                        "padding_tablet": {
                            "unit": "px",
                            "top": "0",
                            "right": "0",
                            "bottom": "0",
                            "left": "0",
                            "isLinked": true
                        }
                    },
                    "elements": [
                        {
                            "id": "47e1cf46",
                            "settings": {
                                "__dynamic__": {
                                    "image": "[elementor-tag id=\"\" name=\"site-logo\" settings=\"%7B%7D\"]",
                                    "link": "[elementor-tag id=\"\" name=\"site-url\" settings=\"%7B%7D\"]"
                                },
                                "width": {
                                    "unit": "px",
                                    "size": "",
                                    "sizes": []
                                },
                                "align": "left",
                                "image": {
                                    "id": 277,
                                    "url": "https:\/\/mioshio.mkscreatives.com\/wp-content\/uploads\/2020\/11\/placeholder.png"
                                }
                            },
                            "elements": [],
                            "isInner": false,
                            "widgetType": "theme-site-logo",
                            "elType": "widget"
                        }
                    ],
                    "isInner": false,
                    "elType": "column"
                },
                {
                    "id": "a8d19c8",
                    "settings": {
                        "_column_size": 25,
                        "_inline_size": 48.995,
                        "_inline_size_tablet": 80,
                        "padding_tablet": {
                            "unit": "px",
                            "top": "0",
                            "right": "0",
                            "bottom": "0",
                            "left": "0",
                            "isLinked": true
                        }
                    },
                    "elements": [
                        {
                            "id": "78f62b54",
                            "settings": {
                                "align_items": "right",
                                "animation_line": "drop-in",
                                "menu_typography_typography": "custom",
                                "menu_typography_font_size": {
                                    "unit": "px",
                                    "size": 12,
                                    "sizes": []
                                },
                                "menu_typography_font_weight": "400",
                                "menu_typography_text_transform": "uppercase",
                                "pointer_width": {
                                    "unit": "px",
                                    "size": 1,
                                    "sizes": []
                                },
                                "padding_horizontal_menu_item": {
                                    "unit": "px",
                                    "size": 2,
                                    "sizes": []
                                },
                                "menu_space_between": {
                                    "unit": "px",
                                    "size": 25,
                                    "sizes": []
                                },
                                "dropdown": "none",
                                "menu_typography_font_size_tablet": {
                                    "unit": "px",
                                    "size": 10,
                                    "sizes": []
                                },
                                "menu_space_between_tablet": {
                                    "unit": "px",
                                    "size": 12,
                                    "sizes": []
                                },
                                "color_dropdown_item": "#000000",
                                "background_color_dropdown_item": "#FFFFFF",
                                "background_color_dropdown_item_hover": "#FFFFFF",
                                "background_color_dropdown_item_active": "#FFFFFF",
                                "__globals__": {
                                    "color_dropdown_item_hover": "globals\/colors?id=4641393",
                                    "color_dropdown_item_active": "globals\/colors?id=secondary",
                                    "color_menu_item_hover": "globals\/colors?id=4641393",
                                    "color_menu_item_active": "globals\/colors?id=secondary",
                                    "pointer_color_menu_item_active": "globals\/colors?id=a9b4090",
                                    "pointer_color_menu_item_hover": "globals\/colors?id=4641393",
                                    "color_menu_item": "globals\/colors?id=primary"
                                },
                                "menu_typography_letter_spacing": {
                                    "unit": "px",
                                    "size": 0.5,
                                    "sizes": []
                                },
                                "dropdown_typography_typography": "custom",
                                "dropdown_typography_font_size": {
                                    "unit": "px",
                                    "size": 12,
                                    "sizes": []
                                },
                                "dropdown_typography_font_weight": "400",
                                "dropdown_typography_text_transform": "uppercase",
                                "dropdown_typography_letter_spacing": {
                                    "unit": "px",
                                    "size": 1,
                                    "sizes": []
                                },
                                "padding_horizontal_dropdown_item": {
                                    "unit": "px",
                                    "size": 5,
                                    "sizes": []
                                },
                                "padding_vertical_dropdown_item": {
                                    "unit": "px",
                                    "size": 10,
                                    "sizes": []
                                },
                                "dropdown_typography_font_size_tablet": {
                                    "unit": "px",
                                    "size": 10,
                                    "sizes": []
                                }
                            },
                            "elements": [],
                            "isInner": false,
                            "widgetType": "nav-menu",
                            "elType": "widget"
                        }
                    ],
                    "isInner": false,
                    "elType": "column"
                }
            ],
            "isInner": false,
            "elType": "section"
        },
        {
            "id": "eb0d4ae",
            "settings": {
                "layout": "full_width",
                "content_position": "middle",
                "structure": "40",
                "padding": {
                    "unit": "%",
                    "top": "0",
                    "right": "5",
                    "bottom": "0",
                    "left": "5",
                    "isLinked": false
                },
                "padding_tablet": {
                    "unit": "%",
                    "top": "0",
                    "right": "2",
                    "bottom": "0",
                    "left": "2",
                    "isLinked": false
                },
                "hide_mobile": "hidden-phone",
                "background_background": "classic",
                "background_color": "#FFFFFF",
                "z_index": 999,
                "sticky_on": [
                    "desktop"
                ],
                "hide_tablet": "hidden-tablet"
            },
            "elements": [
                {
                    "id": "60da3d95",
                    "settings": {
                        "_column_size": 25,
                        "_inline_size": 10,
                        "_inline_size_tablet": 20
                    },
                    "elements": [
                        {
                            "id": "36f46917",
                            "settings": {
                                "__dynamic__": {
                                    "image": "[elementor-tag id=\"\" name=\"site-logo\" settings=\"%7B%7D\"]",
                                    "link": "[elementor-tag id=\"\" name=\"site-url\" settings=\"%7B%7D\"]"
                                },
                                "width": {
                                    "unit": "px",
                                    "size": "",
                                    "sizes": []
                                },
                                "align": "left",
                                "image": {
                                    "id": 277,
                                    "url": "https:\/\/mioshio.mkscreatives.com\/wp-content\/uploads\/2020\/11\/placeholder.png"
                                }
                            },
                            "elements": [],
                            "isInner": false,
                            "widgetType": "theme-site-logo",
                            "elType": "widget"
                        }
                    ],
                    "isInner": false,
                    "elType": "column"
                },
                {
                    "id": "3d9cbc3e",
                    "settings": {
                        "_column_size": 25,
                        "_inline_size": 48.995,
                        "_inline_size_tablet": 80
                    },
                    "elements": [
                        {
                            "id": "1b3c0b55",
                            "settings": {
                                "align_items": "left",
                                "animation_line": "drop-in",
                                "menu_typography_typography": "custom",
                                "menu_typography_font_size": {
                                    "unit": "px",
                                    "size": 12,
                                    "sizes": []
                                },
                                "menu_typography_font_weight": "400",
                                "menu_typography_text_transform": "uppercase",
                                "pointer_width": {
                                    "unit": "px",
                                    "size": 1,
                                    "sizes": []
                                },
                                "padding_horizontal_menu_item": {
                                    "unit": "px",
                                    "size": 2,
                                    "sizes": []
                                },
                                "menu_space_between": {
                                    "unit": "px",
                                    "size": 25,
                                    "sizes": []
                                },
                                "dropdown": "none",
                                "menu_typography_font_size_tablet": {
                                    "unit": "px",
                                    "size": 12,
                                    "sizes": []
                                },
                                "menu_space_between_tablet": {
                                    "unit": "px",
                                    "size": 12,
                                    "sizes": []
                                },
                                "color_dropdown_item": "#000000",
                                "background_color_dropdown_item": "#FFFFFF",
                                "background_color_dropdown_item_hover": "#FFFFFF",
                                "background_color_dropdown_item_active": "#FFFFFF",
                                "__globals__": {
                                    "color_dropdown_item_hover": "globals\/colors?id=4641393",
                                    "color_dropdown_item_active": "globals\/colors?id=secondary",
                                    "color_menu_item_hover": "globals\/colors?id=4641393",
                                    "color_menu_item_active": "globals\/colors?id=secondary",
                                    "pointer_color_menu_item_active": "globals\/colors?id=a9b4090",
                                    "pointer_color_menu_item_hover": "globals\/colors?id=cc134d7",
                                    "color_menu_item": "globals\/colors?id=primary"
                                },
                                "menu_typography_letter_spacing": {
                                    "unit": "px",
                                    "size": 0.5,
                                    "sizes": []
                                },
                                "dropdown_typography_typography": "custom",
                                "dropdown_typography_font_size": {
                                    "unit": "px",
                                    "size": 12,
                                    "sizes": []
                                },
                                "dropdown_typography_font_weight": "400",
                                "dropdown_typography_text_transform": "uppercase",
                                "dropdown_typography_letter_spacing": {
                                    "unit": "px",
                                    "size": 1,
                                    "sizes": []
                                },
                                "padding_horizontal_dropdown_item": {
                                    "unit": "px",
                                    "size": 5,
                                    "sizes": []
                                },
                                "padding_vertical_dropdown_item": {
                                    "unit": "px",
                                    "size": 10,
                                    "sizes": []
                                },
                                "padding_vertical_menu_item": {
                                    "unit": "px",
                                    "size": 2,
                                    "sizes": []
                                }
                            },
                            "elements": [],
                            "isInner": false,
                            "widgetType": "nav-menu",
                            "elType": "widget"
                        }
                    ],
                    "isInner": false,
                    "elType": "column"
                },
                {
                    "id": "6f7855f4",
                    "settings": {
                        "_column_size": 25,
                        "_inline_size": 30.076,
                        "_inline_size_tablet": 75,
                        "padding": {
                            "unit": "px",
                            "top": "0",
                            "right": "25",
                            "bottom": "0",
                            "left": "0",
                            "isLinked": false
                        },
                        "padding_tablet": {
                            "unit": "px",
                            "top": "0",
                            "right": "0",
                            "bottom": "0",
                            "left": "55",
                            "isLinked": false
                        }
                    },
                    "elements": [
                        {
                            "id": "4bdea57d",
                            "settings": {
                                "content_position": "middle",
                                "structure": "20",
                                "motion_fx_translateX_direction": "negative",
                                "motion_fx_opacity_direction": "out-in-out",
                                "motion_fx_opacity_level": {
                                    "unit": "px",
                                    "size": 1,
                                    "sizes": []
                                },
                                "motion_fx_opacity_range": {
                                    "unit": "%",
                                    "size": "",
                                    "sizes": {
                                        "start": 23,
                                        "end": 51
                                    }
                                },
                                "layout": "full_width",
                                "background_background": "classic",
                                "background_color": "#FFFFFF",
                                "sticky_on": [
                                    "desktop",
                                    "tablet"
                                ],
                                "hide_mobile": "hidden-phone"
                            },
                            "elements": [
                                {
                                    "id": "3a3b797f",
                                    "settings": {
                                        "_column_size": 50,
                                        "_inline_size": 50.815,
                                        "padding": {
                                            "unit": "px",
                                            "top": "0",
                                            "right": "0",
                                            "bottom": "0",
                                            "left": "0",
                                            "isLinked": true
                                        }
                                    },
                                    "elements": [
                                        {
                                            "id": "2ce40a06",
                                            "settings": {
                                                "look": "line_text",
                                                "text": "Free Shipping",
                                                "gap": {
                                                    "unit": "px",
                                                    "size": "",
                                                    "sizes": []
                                                },
                                                "typography_typography": "custom",
                                                "typography_font_family": "Poppins",
                                                "typography_font_size": {
                                                    "unit": "px",
                                                    "size": 10,
                                                    "sizes": []
                                                },
                                                "typography_font_weight": "400",
                                                "typography_text_transform": "uppercase",
                                                "typography_letter_spacing": {
                                                    "unit": "px",
                                                    "size": 2,
                                                    "sizes": []
                                                },
                                                "text_align": "left",
                                                "__globals__": {
                                                    "text_color": "globals\/colors?id=primary",
                                                    "color": "globals\/colors?id=primary"
                                                }
                                            },
                                            "elements": [],
                                            "isInner": false,
                                            "widgetType": "divider",
                                            "elType": "widget"
                                        }
                                    ],
                                    "isInner": true,
                                    "elType": "column"
                                },
                                {
                                    "id": "79775686",
                                    "settings": {
                                        "_column_size": 50,
                                        "_inline_size": 48.992
                                    },
                                    "elements": [
                                        {
                                            "id": "611b5549",
                                            "settings": {
                                                "title": "on all orders over $100",
                                                "typography_typography": "custom",
                                                "typography_font_family": "Poppins",
                                                "typography_font_size": {
                                                    "unit": "px",
                                                    "size": 10,
                                                    "sizes": []
                                                },
                                                "typography_font_weight": "400",
                                                "align": "left"
                                            },
                                            "elements": [],
                                            "isInner": false,
                                            "widgetType": "heading",
                                            "elType": "widget"
                                        }
                                    ],
                                    "isInner": true,
                                    "elType": "column"
                                }
                            ],
                            "isInner": true,
                            "elType": "section"
                        }
                    ],
                    "isInner": false,
                    "elType": "column"
                },
                {
                    "id": "42b49aa2",
                    "settings": {
                        "_column_size": 25,
                        "_inline_size": 10.919,
                        "_inline_size_tablet": 25,
                        "padding": {
                            "unit": "px",
                            "top": "0",
                            "right": "0",
                            "bottom": "0",
                            "left": "25",
                            "isLinked": false
                        }
                    },
                    "elements": [
                        {
                            "id": "4a834665",
                            "settings": {
                                "gap": "no",
                                "structure": "30"
                            },
                            "elements": [
                                {
                                    "id": "4a343019",
                                    "settings": {
                                        "_column_size": 33,
                                        "_inline_size": null
                                    },
                                    "elements": [
                                        {
                                            "id": "3ad6bc3e",
                                            "settings": {
                                                "skin": "full_screen",
                                                "placeholder": "Search...",
                                                "button_text": "Search",
                                                "toggle_size": {
                                                    "unit": "px",
                                                    "size": 25,
                                                    "sizes": []
                                                },
                                                "toggle_background_color": "#02010100",
                                                "toggle_icon_size": {
                                                    "unit": "px",
                                                    "size": 58,
                                                    "sizes": []
                                                },
                                                "_padding": {
                                                    "unit": "px",
                                                    "top": "5",
                                                    "right": "5",
                                                    "bottom": "5",
                                                    "left": "5",
                                                    "isLinked": true
                                                },
                                                "_element_vertical_align": "center",
                                                "input_text_color_focus": "#000000",
                                                "__globals__": {
                                                    "toggle_color_hover": "globals\/colors?id=4641393",
                                                    "overlay_background_color": "",
                                                    "toggle_color": "globals\/colors?id=primary",
                                                    "input_text_color": "globals\/colors?id=primary"
                                                },
                                                "overlay_background_color": "#FFFFFFDE",
                                                "input_typography_font_family": "Poppins",
                                                "input_typography_font_size": {
                                                    "unit": "px",
                                                    "size": 14,
                                                    "sizes": []
                                                },
                                                "input_typography_font_weight": "400",
                                                "toggle_color": "#000000",
                                                "toggle_color_hover": "#B4B4B4"
                                            },
                                            "elements": [],
                                            "isInner": false,
                                            "widgetType": "search-form",
                                            "elType": "widget"
                                        }
                                    ],
                                    "isInner": true,
                                    "elType": "column"
                                },
                                {
                                    "id": "339cc1ca",
                                    "settings": {
                                        "_column_size": 33,
                                        "_inline_size": null
                                    },
                                    "elements": [
                                        {
                                            "id": "6359990b",
                                            "settings": {
                                                "icon": "bag-solid",
                                                "hide_empty_indicator": "hide",
                                                "show_subtotal": "",
                                                "toggle_button_border_width": {
                                                    "unit": "px",
                                                    "size": 0,
                                                    "sizes": []
                                                },
                                                "toggle_icon_size": {
                                                    "unit": "px",
                                                    "size": 19,
                                                    "sizes": []
                                                },
                                                "toggle_button_padding": {
                                                    "unit": "px",
                                                    "top": "0",
                                                    "right": "0",
                                                    "bottom": "0",
                                                    "left": "0",
                                                    "isLinked": true
                                                },
                                                "_padding": {
                                                    "unit": "px",
                                                    "top": "5",
                                                    "right": "5",
                                                    "bottom": "5",
                                                    "left": "5",
                                                    "isLinked": true
                                                },
                                                "_element_vertical_align": "center",
                                                "__globals__": {
                                                    "toggle_button_hover_text_color": "globals\/colors?id=primary",
                                                    "toggle_button_hover_icon_color": "globals\/colors?id=4641393",
                                                    "toggle_button_text_color": "globals\/colors?id=primary",
                                                    "toggle_button_icon_color": "globals\/colors?id=primary",
                                                    "view_cart_button_text_color": "globals\/colors?id=a9b4090",
                                                    "view_cart_button_background_color": "globals\/colors?id=primary",
                                                    "checkout_button_text_color": "globals\/colors?id=a9b4090",
                                                    "checkout_button_background_color": "globals\/colors?id=primary",
                                                    "subtotal_color": "globals\/colors?id=primary",
                                                    "product_title_color": "globals\/colors?id=primary",
                                                    "product_price_color": "globals\/colors?id=primary",
                                                    "divider_color": "",
                                                    "items_indicator_text_color": "globals\/colors?id=a9b4090",
                                                    "items_indicator_background_color": "globals\/colors?id=primary"
                                                },
                                                "toggle_button_text_color": "#000000",
                                                "toggle_button_icon_color": "#000000",
                                                "toggle_button_hover_icon_color": "#B4B4B4",
                                                "items_indicator_distance": {
                                                    "unit": "em",
                                                    "size": 1,
                                                    "sizes": []
                                                },
                                                "subtotal_color": "#000000",
                                                "subtotal_typography_typography": "custom",
                                                "subtotal_typography_font_size": {
                                                    "unit": "px",
                                                    "size": 16,
                                                    "sizes": []
                                                },
                                                "product_title_color": "#000000",
                                                "product_title_typography_typography": "custom",
                                                "product_title_typography_font_family": "Poppins",
                                                "product_title_typography_font_size": {
                                                    "unit": "px",
                                                    "size": 12,
                                                    "sizes": []
                                                },
                                                "product_title_typography_font_weight": "500",
                                                "product_title_typography_text_transform": "uppercase",
                                                "product_title_typography_letter_spacing": {
                                                    "unit": "px",
                                                    "size": 1,
                                                    "sizes": []
                                                },
                                                "product_price_color": "#000000",
                                                "product_price_typography_typography": "custom",
                                                "product_price_typography_font_family": "Poppins",
                                                "product_price_typography_font_size": {
                                                    "unit": "px",
                                                    "size": 14,
                                                    "sizes": []
                                                },
                                                "product_price_typography_font_weight": "600",
                                                "product_price_typography_text_transform": "uppercase",
                                                "product_price_typography_letter_spacing": {
                                                    "unit": "px",
                                                    "size": 1,
                                                    "sizes": []
                                                },
                                                "space_between_buttons": {
                                                    "unit": "px",
                                                    "size": 2,
                                                    "sizes": []
                                                },
                                                "product_buttons_typography_typography": "custom",
                                                "product_buttons_typography_font_family": "Poppins",
                                                "product_buttons_typography_font_size": {
                                                    "unit": "px",
                                                    "size": 12,
                                                    "sizes": []
                                                },
                                                "product_buttons_typography_font_weight": "500",
                                                "product_buttons_typography_text_transform": "uppercase",
                                                "product_buttons_typography_letter_spacing": {
                                                    "unit": "px",
                                                    "size": 1,
                                                    "sizes": []
                                                },
                                                "button_border_radius": {
                                                    "unit": "px",
                                                    "size": 0,
                                                    "sizes": []
                                                },
                                                "view_cart_button_text_color": "#FFFFFF",
                                                "view_cart_button_background_color": "#000000",
                                                "checkout_button_text_color": "#FFFFFF",
                                                "checkout_button_background_color": "#000000",
                                                "alignment": "center"
                                            },
                                            "elements": [],
                                            "isInner": false,
                                            "widgetType": "woocommerce-menu-cart",
                                            "elType": "widget"
                                        }
                                    ],
                                    "isInner": true,
                                    "elType": "column"
                                },
                                {
                                    "id": "4510b85d",
                                    "settings": {
                                        "_column_size": 33,
                                        "_inline_size": null,
                                        "border_width": {
                                            "unit": "px",
                                            "top": "0",
                                            "right": "0",
                                            "bottom": "0",
                                            "left": "1",
                                            "isLinked": false
                                        },
                                        "border_color": "#ECECEC",
                                        "border_radius": {
                                            "unit": "px",
                                            "top": "0",
                                            "right": "0",
                                            "bottom": "0",
                                            "left": "0",
                                            "isLinked": false
                                        },
                                        "__globals__": {
                                            "border_color": ""
                                        }
                                    },
                                    "elements": [
                                        {
                                            "id": "50ed76ef",
                                            "settings": {
                                                "selected_icon": {
                                                    "value": "fas fa-user",
                                                    "library": "fa-solid"
                                                },
                                                "size": {
                                                    "unit": "px",
                                                    "size": 17,
                                                    "sizes": []
                                                },
                                                "_margin": {
                                                    "unit": "px",
                                                    "top": "3",
                                                    "right": "0",
                                                    "bottom": "0",
                                                    "left": "0",
                                                    "isLinked": false
                                                },
                                                "_padding": {
                                                    "unit": "px",
                                                    "top": "5",
                                                    "right": "5",
                                                    "bottom": "5",
                                                    "left": "5",
                                                    "isLinked": true
                                                },
                                                "_element_vertical_align": "center",
                                                "__dynamic__": {
                                                    "link": "[elementor-tag id=\"e4bea62\" name=\"popup\" settings=\"%7B%22action%22%3A%22toggle%22%2C%22popup%22%3A%22442%22%7D\"]"
                                                },
                                                "__globals__": {
                                                    "hover_primary_color": "globals\/colors?id=4641393",
                                                    "primary_color": "globals\/colors?id=primary"
                                                }
                                            },
                                            "elements": [],
                                            "isInner": false,
                                            "widgetType": "icon",
                                            "elType": "widget"
                                        }
                                    ],
                                    "isInner": true,
                                    "elType": "column"
                                }
                            ],
                            "isInner": true,
                            "elType": "section"
                        }
                    ],
                    "isInner": false,
                    "elType": "column"
                }
            ],
            "isInner": false,
            "elType": "section"
        }
    ]
}