{
    "version": "0.4",
    "title": "Home 2",
    "type": "page",
    "metadata": {
        "template_type": "single-page",
        "include_in_zip": "1",
        "elementor_pro_required": "1",
        "wp_page_template": "default"
    },
    "content": [
        {
            "id": "7974aab9",
            "settings": {
                "layout": "full_width",
                "structure": "30",
                "padding": {
                    "unit": "%",
                    "top": "2",
                    "right": "5",
                    "bottom": "00",
                    "left": "5",
                    "isLinked": false
                },
                "padding_mobile": {
                    "unit": "px",
                    "top": "15",
                    "right": "15",
                    "bottom": "15",
                    "left": "15",
                    "isLinked": true
                },
                "padding_tablet": {
                    "unit": "%",
                    "top": "1",
                    "right": "1",
                    "bottom": "1",
                    "left": "1",
                    "isLinked": true
                },
                "animation": "fadeIn",
                "animation_duration": "slow"
            },
            "elements": [
                {
                    "id": "8984c0",
                    "settings": {
                        "_column_size": 33,
                        "_inline_size": 22.777,
                        "padding": {
                            "unit": "px",
                            "top": "55",
                            "right": "55",
                            "bottom": "55",
                            "left": "55",
                            "isLinked": false
                        },
                        "animation_duration": "slow",
                        "animation_delay": 1,
                        "hide_mobile": "hidden-phone",
                        "padding_tablet": {
                            "unit": "px",
                            "top": "5",
                            "right": "5",
                            "bottom": "5",
                            "left": "5",
                            "isLinked": true
                        }
                    },
                    "elements": [
                        {
                            "id": "1113b9e8",
                            "settings": {
                                "title": "Categories",
                                "typography_typography": "custom",
                                "typography_font_size": {
                                    "unit": "px",
                                    "size": 18,
                                    "sizes": []
                                },
                                "typography_font_weight": "600",
                                "typography_text_transform": "uppercase",
                                "typography_letter_spacing": {
                                    "unit": "px",
                                    "size": 2,
                                    "sizes": []
                                },
                                "sticky": "top",
                                "sticky_on": [
                                    "desktop",
                                    "tablet"
                                ],
                                "sticky_offset": 150,
                                "sticky_parent": "yes",
                                "_padding": {
                                    "unit": "px",
                                    "top": "15",
                                    "right": "0",
                                    "bottom": "0",
                                    "left": "0",
                                    "isLinked": false
                                },
                                "title_color": "#000000"
                            },
                            "elements": [],
                            "isInner": false,
                            "widgetType": "heading",
                            "elType": "widget"
                        },
                        {
                            "id": "31f72bd2",
                            "settings": {
                                "layout": "vertical",
                                "align_items": "left",
                                "pointer": "text",
                                "animation_line": "slide",
                                "animation_text": "float",
                                "menu_typography_typography": "custom",
                                "menu_typography_font_size": {
                                    "unit": "px",
                                    "size": 12,
                                    "sizes": []
                                },
                                "menu_typography_font_weight": "400",
                                "menu_typography_text_transform": "uppercase",
                                "menu_typography_letter_spacing": {
                                    "unit": "px",
                                    "size": 1,
                                    "sizes": []
                                },
                                "pointer_width": {
                                    "unit": "px",
                                    "size": 1,
                                    "sizes": []
                                },
                                "padding_horizontal_menu_item": {
                                    "unit": "px",
                                    "size": 0,
                                    "sizes": []
                                },
                                "padding_vertical_menu_item": {
                                    "unit": "px",
                                    "size": 5,
                                    "sizes": []
                                },
                                "menu_space_between": {
                                    "unit": "px",
                                    "size": 0,
                                    "sizes": []
                                },
                                "__globals__": {
                                    "color_menu_item": "",
                                    "color_menu_item_hover": "",
                                    "color_menu_item_active": ""
                                },
                                "sticky": "top",
                                "_element_vertical_align": "flex-start",
                                "sticky_offset": 200,
                                "sticky_parent": "yes",
                                "dropdown": "none",
                                "_padding": {
                                    "unit": "px",
                                    "top": "0",
                                    "right": "0",
                                    "bottom": "0",
                                    "left": "10",
                                    "isLinked": false
                                },
                                "color_menu_item": "#000000",
                                "color_menu_item_hover": "#B4B4B4",
                                "color_menu_item_active": "#838383"
                            },
                            "elements": [],
                            "isInner": false,
                            "widgetType": "nav-menu",
                            "elType": "widget"
                        },
                        {
                            "id": "5a78e786",
                            "settings": {
                                "space_mobile": {
                                    "unit": "px",
                                    "size": 0,
                                    "sizes": []
                                }
                            },
                            "elements": [],
                            "isInner": false,
                            "widgetType": "spacer",
                            "elType": "widget"
                        }
                    ],
                    "isInner": false,
                    "elType": "column"
                },
                {
                    "id": "265094cc",
                    "settings": {
                        "_column_size": 33,
                        "_inline_size": 43.566,
                        "padding": {
                            "unit": "px",
                            "top": "55",
                            "right": "55",
                            "bottom": "55",
                            "left": "55",
                            "isLinked": true
                        },
                        "animation_duration": "slow",
                        "animation_delay": 500,
                        "padding_mobile": {
                            "unit": "px",
                            "top": "0",
                            "right": "0",
                            "bottom": "0",
                            "left": "0",
                            "isLinked": true
                        },
                        "padding_tablet": {
                            "unit": "px",
                            "top": "25",
                            "right": "25",
                            "bottom": "25",
                            "left": "25",
                            "isLinked": true
                        }
                    },
                    "elements": [
                        {
                            "id": "4fa087ba",
                            "settings": {
                                "title": "NEW ARRIVALS",
                                "typography_typography": "custom",
                                "typography_font_size": {
                                    "unit": "px",
                                    "size": 85,
                                    "sizes": []
                                },
                                "typography_font_weight": "700",
                                "typography_text_transform": "uppercase",
                                "motion_fx_translateX_effect": "yes",
                                "motion_fx_translateX_speed": {
                                    "unit": "px",
                                    "size": 1,
                                    "sizes": []
                                },
                                "_offset_x": {
                                    "unit": "px",
                                    "size": 260,
                                    "sizes": []
                                },
                                "animation_duration": "slow",
                                "_animation_delay": 1,
                                "align": "left",
                                "typography_font_size_mobile": {
                                    "unit": "px",
                                    "size": 45,
                                    "sizes": []
                                },
                                "align_mobile": "center",
                                "typography_font_size_tablet": {
                                    "unit": "px",
                                    "size": 25,
                                    "sizes": []
                                },
                                "typography_line_height": {
                                    "unit": "em",
                                    "size": 1,
                                    "sizes": []
                                },
                                "title_color": "#000000"
                            },
                            "elements": [],
                            "isInner": false,
                            "widgetType": "heading",
                            "elType": "widget"
                        },
                        {
                            "id": "4bb1915f",
                            "settings": {
                                "columns": 1,
                                "rows": 6,
                                "title_color": "#838383",
                                "title_typography_typography": "custom",
                                "title_typography_font_family": "Poppins",
                                "title_typography_font_size": {
                                    "unit": "px",
                                    "size": 12,
                                    "sizes": []
                                },
                                "title_typography_font_weight": "400",
                                "title_typography_text_transform": "uppercase",
                                "title_typography_letter_spacing": {
                                    "unit": "px",
                                    "size": 1,
                                    "sizes": []
                                },
                                "button_text_color": "#000000",
                                "button_background_color": "#00000000",
                                "button_border_color": "#000000",
                                "button_typography_typography": "custom",
                                "button_typography_font_family": "Poppins",
                                "button_typography_font_size": {
                                    "unit": "px",
                                    "size": 10,
                                    "sizes": []
                                },
                                "button_typography_font_weight": "500",
                                "button_typography_text_transform": "uppercase",
                                "button_typography_letter_spacing": {
                                    "unit": "px",
                                    "size": 1,
                                    "sizes": []
                                },
                                "button_border_border": "solid",
                                "button_border_width": {
                                    "unit": "px",
                                    "top": "0",
                                    "right": "0",
                                    "bottom": "1",
                                    "left": "0",
                                    "isLinked": false
                                },
                                "button_text_padding": {
                                    "unit": "px",
                                    "top": "0",
                                    "right": "1",
                                    "bottom": "5",
                                    "left": "1",
                                    "isLinked": false
                                },
                                "__globals__": {
                                    "title_color": "",
                                    "button_text_color": "",
                                    "button_background_color": "",
                                    "button_border_color": "",
                                    "button_typography_typography": "",
                                    "view_cart_color": "",
                                    "star_color": "",
                                    "empty_star_color": "",
                                    "pagination_border_color": "globals\/colors?id=primary",
                                    "pagination_link_color": "globals\/colors?id=primary",
                                    "pagination_link_bg_color": "globals\/colors?id=4270c24",
                                    "pagination_link_color_hover": "globals\/colors?id=4641393",
                                    "pagination_link_bg_color_hover": "globals\/colors?id=4270c24",
                                    "pagination_link_color_active": "globals\/colors?id=a9b4090",
                                    "pagination_link_bg_color_active": "globals\/colors?id=primary",
                                    "onsale_text_color": "globals\/colors?id=a9b4090",
                                    "onsale_text_background_color": "globals\/colors?id=accent",
                                    "price_color": "",
                                    "old_price_color": "",
                                    "button_hover_color": "",
                                    "button_hover_background_color": "",
                                    "button_hover_border_color": ""
                                },
                                "columns_mobile": 2,
                                "image_border_radius": {
                                    "unit": "px",
                                    "top": "0",
                                    "right": "0",
                                    "bottom": "0",
                                    "left": "0",
                                    "isLinked": true
                                },
                                "button_border_radius": {
                                    "unit": "px",
                                    "top": "0",
                                    "right": "0",
                                    "bottom": "0",
                                    "left": "0",
                                    "isLinked": true
                                },
                                "view_cart_typography_typography": "custom",
                                "view_cart_typography_font_family": "Poppins",
                                "view_cart_typography_font_size": {
                                    "unit": "px",
                                    "size": 10,
                                    "sizes": []
                                },
                                "view_cart_typography_font_weight": "500",
                                "view_cart_typography_text_transform": "uppercase",
                                "view_cart_typography_letter_spacing": {
                                    "unit": "px",
                                    "size": 1,
                                    "sizes": []
                                },
                                "_margin": {
                                    "unit": "px",
                                    "top": "-200",
                                    "right": "0",
                                    "bottom": "-200",
                                    "left": "0",
                                    "isLinked": false
                                },
                                "motion_fx_motion_fx_scrolling": "yes",
                                "motion_fx_translateY_effect": "yes",
                                "motion_fx_translateY_speed": {
                                    "unit": "px",
                                    "size": 6,
                                    "sizes": []
                                },
                                "motion_fx_devices": [
                                    "desktop"
                                ],
                                "columns_tablet": 1,
                                "_margin_tablet": {
                                    "unit": "px",
                                    "top": "0",
                                    "right": "0",
                                    "bottom": "0",
                                    "left": "0",
                                    "isLinked": true
                                },
                                "_margin_mobile": {
                                    "unit": "px",
                                    "top": "0",
                                    "right": "0",
                                    "bottom": "0",
                                    "left": "0",
                                    "isLinked": true
                                },
                                "show_onsale_flash": "",
                                "query_post_type": "featured",
                                "star_color": "#00000000",
                                "empty_star_color": "#00000000",
                                "price_color": "#000000",
                                "price_typography_typography": "custom",
                                "price_typography_font_family": "Prompt",
                                "price_typography_font_weight": "500",
                                "price_typography_text_transform": "uppercase",
                                "price_typography_letter_spacing": {
                                    "unit": "px",
                                    "size": 1,
                                    "sizes": []
                                },
                                "old_price_color": "#B4B4B4",
                                "old_price_typography_typography": "custom",
                                "old_price_typography_font_family": "Prompt",
                                "old_price_typography_font_weight": "500",
                                "old_price_typography_text_transform": "uppercase",
                                "old_price_typography_letter_spacing": {
                                    "unit": "px",
                                    "size": 1,
                                    "sizes": []
                                },
                                "button_hover_color": "#B4B4B4",
                                "button_hover_background_color": "#00000000",
                                "button_hover_border_color": "#B4B4B4",
                                "view_cart_color": "#838383",
                                "pagination_border_color": "#000000",
                                "pagination_link_color": "#000000",
                                "pagination_link_bg_color": "#00000000",
                                "pagination_link_color_hover": "#B4B4B4",
                                "pagination_link_bg_color_hover": "#00000000",
                                "pagination_link_color_active": "#FFFFFF",
                                "pagination_link_bg_color_active": "#000000",
                                "onsale_text_color": "#FFFFFF",
                                "onsale_text_background_color": "#FF5D5D"
                            },
                            "elements": [],
                            "isInner": false,
                            "widgetType": "woocommerce-products",
                            "elType": "widget"
                        }
                    ],
                    "isInner": false,
                    "elType": "column"
                },
                {
                    "id": "3f309464",
                    "settings": {
                        "_column_size": 33,
                        "_inline_size": null,
                        "padding": {
                            "unit": "px",
                            "top": "55",
                            "right": "55",
                            "bottom": "55",
                            "left": "55",
                            "isLinked": false
                        },
                        "animation_duration": "slow",
                        "animation_delay": 1000,
                        "__globals__": {
                            "background_color": "globals\/colors?id=851fb3b"
                        },
                        "padding_mobile": {
                            "unit": "px",
                            "top": "0",
                            "right": "0",
                            "bottom": "0",
                            "left": "0",
                            "isLinked": true
                        },
                        "padding_tablet": {
                            "unit": "px",
                            "top": "25",
                            "right": "25",
                            "bottom": "25",
                            "left": "25",
                            "isLinked": true
                        }
                    },
                    "elements": [
                        {
                            "id": "66b7663e",
                            "settings": {
                                "space": {
                                    "unit": "px",
                                    "size": 0,
                                    "sizes": []
                                },
                                "space_mobile": {
                                    "unit": "px",
                                    "size": 0,
                                    "sizes": []
                                },
                                "space_tablet": {
                                    "unit": "px",
                                    "size": 0,
                                    "sizes": []
                                }
                            },
                            "elements": [],
                            "isInner": false,
                            "widgetType": "spacer",
                            "elType": "widget"
                        },
                        {
                            "id": "37862563",
                            "settings": {
                                "columns": 1,
                                "rows": 5,
                                "query_post_type": "sale",
                                "title_color": "#838383",
                                "title_typography_typography": "custom",
                                "title_typography_font_size": {
                                    "unit": "px",
                                    "size": 12,
                                    "sizes": []
                                },
                                "title_typography_font_weight": "400",
                                "title_typography_text_transform": "uppercase",
                                "title_typography_letter_spacing": {
                                    "unit": "px",
                                    "size": 1,
                                    "sizes": []
                                },
                                "button_text_color": "#000000",
                                "button_background_color": "#00000000",
                                "button_border_color": "#000000",
                                "button_typography_typography": "custom",
                                "button_typography_font_size": {
                                    "unit": "px",
                                    "size": 10,
                                    "sizes": []
                                },
                                "button_typography_font_weight": "500",
                                "button_typography_text_transform": "uppercase",
                                "button_typography_letter_spacing": {
                                    "unit": "px",
                                    "size": 1,
                                    "sizes": []
                                },
                                "button_border_border": "solid",
                                "button_border_width": {
                                    "unit": "px",
                                    "top": "0",
                                    "right": "0",
                                    "bottom": "1",
                                    "left": "0",
                                    "isLinked": false
                                },
                                "button_text_padding": {
                                    "unit": "px",
                                    "top": "0",
                                    "right": "1",
                                    "bottom": "5",
                                    "left": "1",
                                    "isLinked": false
                                },
                                "__globals__": {
                                    "title_color": "",
                                    "button_text_color": "",
                                    "button_background_color": "",
                                    "button_border_color": "",
                                    "button_typography_typography": "",
                                    "view_cart_color": "",
                                    "onsale_text_color": "globals\/colors?id=a9b4090",
                                    "onsale_text_background_color": "globals\/colors?id=accent",
                                    "onsale_typography_typography": "",
                                    "price_color": "",
                                    "old_price_color": "",
                                    "button_hover_color": "globals\/colors?id=4641393",
                                    "button_hover_border_color": "globals\/colors?id=4641393",
                                    "button_hover_background_color": "globals\/colors?id=4270c24"
                                },
                                "columns_mobile": 2,
                                "image_border_radius": {
                                    "unit": "px",
                                    "top": "0",
                                    "right": "0",
                                    "bottom": "0",
                                    "left": "0",
                                    "isLinked": true
                                },
                                "button_border_radius": {
                                    "unit": "px",
                                    "top": "0",
                                    "right": "0",
                                    "bottom": "0",
                                    "left": "0",
                                    "isLinked": true
                                },
                                "columns_tablet": 1,
                                "show_onsale_flash": "",
                                "onsale_text_color": "#FFFFFF",
                                "onsale_text_background_color": "#FF5D5D",
                                "onsale_typography_typography": "custom",
                                "onsale_typography_font_family": "Poppins",
                                "onsale_typography_font_size": {
                                    "unit": "px",
                                    "size": 12,
                                    "sizes": []
                                },
                                "onsale_typography_font_weight": "500",
                                "onsale_typography_text_transform": "uppercase",
                                "onsale_typography_letter_spacing": {
                                    "unit": "px",
                                    "size": 1,
                                    "sizes": []
                                },
                                "onsale_border_radius": {
                                    "unit": "em",
                                    "size": 100,
                                    "sizes": []
                                },
                                "onsale_width": {
                                    "unit": "px",
                                    "size": 45,
                                    "sizes": []
                                },
                                "onsale_height": {
                                    "unit": "px",
                                    "size": 45,
                                    "sizes": []
                                },
                                "onsale_horizontal_position": "right",
                                "onsale_distance": {
                                    "unit": "px",
                                    "size": 0,
                                    "sizes": []
                                },
                                "motion_fx_motion_fx_scrolling": "yes",
                                "motion_fx_translateY_effect": "yes",
                                "motion_fx_translateY_direction": "negative",
                                "motion_fx_translateY_speed": {
                                    "unit": "px",
                                    "size": 10,
                                    "sizes": []
                                },
                                "motion_fx_devices": [
                                    "desktop"
                                ],
                                "_margin_mobile": {
                                    "unit": "px",
                                    "top": "0",
                                    "right": "0",
                                    "bottom": "0",
                                    "left": "0",
                                    "isLinked": true
                                },
                                "price_color": "#000000",
                                "price_typography_typography": "custom",
                                "price_typography_font_family": "Prompt",
                                "price_typography_font_weight": "500",
                                "price_typography_text_transform": "uppercase",
                                "price_typography_letter_spacing": {
                                    "unit": "px",
                                    "size": 1,
                                    "sizes": []
                                },
                                "old_price_color": "#B4B4B4",
                                "old_price_typography_typography": "custom",
                                "old_price_typography_font_family": "Prompt",
                                "old_price_typography_font_weight": "500",
                                "old_price_typography_text_transform": "uppercase",
                                "old_price_typography_letter_spacing": {
                                    "unit": "px",
                                    "size": 1,
                                    "sizes": []
                                },
                                "button_hover_color": "#B4B4B4",
                                "button_hover_background_color": "#00000000",
                                "button_hover_border_color": "#B4B4B4",
                                "view_cart_color": "#838383",
                                "view_cart_typography_typography": "custom",
                                "view_cart_typography_font_family": "Poppins",
                                "view_cart_typography_font_weight": "400",
                                "view_cart_typography_text_transform": "uppercase",
                                "view_cart_typography_letter_spacing": {
                                    "unit": "px",
                                    "size": 1,
                                    "sizes": []
                                }
                            },
                            "elements": [],
                            "isInner": false,
                            "widgetType": "woocommerce-products",
                            "elType": "widget"
                        },
                        {
                            "id": "30a50431",
                            "settings": {
                                "content_position": "middle",
                                "structure": "20",
                                "motion_fx_motion_fx_scrolling": "yes",
                                "motion_fx_translateX_direction": "negative",
                                "motion_fx_opacity_direction": "out-in-out",
                                "motion_fx_opacity_level": {
                                    "unit": "px",
                                    "size": 1,
                                    "sizes": []
                                },
                                "motion_fx_opacity_range": {
                                    "unit": "%",
                                    "size": "",
                                    "sizes": {
                                        "start": 23,
                                        "end": 51
                                    }
                                },
                                "layout": "full_width",
                                "hide_desktop": "hidden-desktop",
                                "hide_tablet": "hidden-tablet"
                            },
                            "elements": [
                                {
                                    "id": "5605c354",
                                    "settings": {
                                        "_column_size": 50,
                                        "_inline_size": 58.75
                                    },
                                    "elements": [
                                        {
                                            "id": "65ec61f7",
                                            "settings": {
                                                "look": "line_text",
                                                "text": "Free Shipping",
                                                "gap": {
                                                    "unit": "px",
                                                    "size": "",
                                                    "sizes": []
                                                },
                                                "typography_typography": "custom",
                                                "typography_font_family": "Poppins",
                                                "typography_font_size": {
                                                    "unit": "px",
                                                    "size": 14,
                                                    "sizes": []
                                                },
                                                "typography_font_weight": "400",
                                                "typography_text_transform": "uppercase",
                                                "typography_letter_spacing": {
                                                    "unit": "px",
                                                    "size": 2,
                                                    "sizes": []
                                                },
                                                "__globals__": {
                                                    "text_color": "globals\/colors?id=primary"
                                                },
                                                "align_mobile": "center"
                                            },
                                            "elements": [],
                                            "isInner": false,
                                            "widgetType": "divider",
                                            "elType": "widget"
                                        }
                                    ],
                                    "isInner": true,
                                    "elType": "column"
                                },
                                {
                                    "id": "14400802",
                                    "settings": {
                                        "_column_size": 50,
                                        "_inline_size": 41.057
                                    },
                                    "elements": [
                                        {
                                            "id": "4f8e58d4",
                                            "settings": {
                                                "title": "on all orders over $100",
                                                "typography_typography": "custom",
                                                "typography_font_family": "Poppins",
                                                "typography_font_size": {
                                                    "unit": "px",
                                                    "size": 12,
                                                    "sizes": []
                                                },
                                                "typography_font_weight": "400",
                                                "align": "left",
                                                "align_mobile": "center"
                                            },
                                            "elements": [],
                                            "isInner": false,
                                            "widgetType": "heading",
                                            "elType": "widget"
                                        }
                                    ],
                                    "isInner": true,
                                    "elType": "column"
                                }
                            ],
                            "isInner": true,
                            "elType": "section"
                        }
                    ],
                    "isInner": false,
                    "elType": "column"
                }
            ],
            "isInner": false,
            "elType": "section"
        }
    ],
    "page_settings": {
        "hide_title": "yes",
        "background_background": "classic",
        "background_color": "#FFFFFF"
    }
}