{
    "version": "0.4",
    "title": "Mobile Menu",
    "type": "popup",
    "metadata": {
        "template_type": "section-popup",
        "include_in_zip": "1",
        "elementor_pro_required": "1",
        "elementor_library_type": "popup",
        "elementor_pro_conditions": [
            "include\/general"
        ],
        "additional_template_information": [
            "This is a \"Popup\" template for Elementor Pro.",
            "This template will display on: Entire Site."
        ],
        "wp_page_template": "default"
    },
    "content": [
        {
            "id": "2ed7067e",
            "settings": [],
            "elements": [
                {
                    "id": "7b632e45",
                    "settings": {
                        "_column_size": 100,
                        "_inline_size": null,
                        "padding": {
                            "unit": "px",
                            "top": "25",
                            "right": "25",
                            "bottom": "25",
                            "left": "25",
                            "isLinked": true
                        }
                    },
                    "elements": [
                        {
                            "id": "74b1aa9b",
                            "settings": {
                                "__dynamic__": {
                                    "image": "[elementor-tag id=\"\" name=\"site-logo\" settings=\"%7B%7D\"]",
                                    "link": "[elementor-tag id=\"\" name=\"site-url\" settings=\"%7B%7D\"]"
                                },
                                "align": "center",
                                "image": {
                                    "id": "277",
                                    "url": "https:\/\/mioshio.mkscreatives.com\/wp-content\/uploads\/2020\/11\/placeholder.png"
                                }
                            },
                            "elements": [],
                            "isInner": false,
                            "widgetType": "theme-site-logo",
                            "elType": "widget"
                        },
                        {
                            "id": "25995f30",
                            "settings": {
                                "layout": "vertical",
                                "align_items": "center",
                                "pointer": "text",
                                "animation_line": "slide",
                                "animation_text": "float",
                                "menu_typography_typography": "custom",
                                "menu_typography_font_size": {
                                    "unit": "px",
                                    "size": 12,
                                    "sizes": []
                                },
                                "menu_typography_font_weight": "400",
                                "menu_typography_text_transform": "uppercase",
                                "menu_typography_letter_spacing": {
                                    "unit": "px",
                                    "size": 2,
                                    "sizes": []
                                },
                                "pointer_width": {
                                    "unit": "px",
                                    "size": 1,
                                    "sizes": []
                                },
                                "padding_horizontal_menu_item": {
                                    "unit": "px",
                                    "size": 0,
                                    "sizes": []
                                },
                                "padding_vertical_menu_item": {
                                    "unit": "px",
                                    "size": 7,
                                    "sizes": []
                                },
                                "menu_space_between": {
                                    "unit": "px",
                                    "size": 0,
                                    "sizes": []
                                },
                                "__globals__": {
                                    "color_menu_item": "globals\/colors?id=primary",
                                    "color_menu_item_hover": "globals\/colors?id=4641393",
                                    "color_menu_item_active": "globals\/colors?id=secondary",
                                    "color_dropdown_item": "globals\/colors?id=primary",
                                    "background_color_dropdown_item": "globals\/colors?id=4270c24",
                                    "color_dropdown_item_hover": "globals\/colors?id=secondary",
                                    "background_color_dropdown_item_hover": "globals\/colors?id=4270c24",
                                    "color_dropdown_item_active": "globals\/colors?id=secondary",
                                    "background_color_dropdown_item_active": "globals\/colors?id=4270c24"
                                },
                                "_element_vertical_align": "flex-start",
                                "sticky_offset": 140,
                                "sticky_parent": "yes",
                                "dropdown": "none",
                                "dropdown_typography_typography": "custom",
                                "dropdown_typography_font_size": {
                                    "unit": "px",
                                    "size": 12,
                                    "sizes": []
                                },
                                "dropdown_typography_font_weight": "400",
                                "dropdown_typography_text_transform": "uppercase",
                                "dropdown_typography_letter_spacing": {
                                    "unit": "px",
                                    "size": 1,
                                    "sizes": []
                                }
                            },
                            "elements": [],
                            "isInner": false,
                            "widgetType": "nav-menu",
                            "elType": "widget"
                        },
                        {
                            "id": "792ce11f",
                            "settings": {
                                "social_icon_list": [
                                    {
                                        "social_icon": {
                                            "value": "fab fa-facebook",
                                            "library": "fa-brands"
                                        },
                                        "_id": "53716a5"
                                    },
                                    {
                                        "_id": "174be7a",
                                        "social_icon": {
                                            "value": "fab fa-instagram",
                                            "library": "fa-brands"
                                        }
                                    },
                                    {
                                        "social_icon": {
                                            "value": "fab fa-twitter",
                                            "library": "fa-brands"
                                        },
                                        "_id": "ed980fa"
                                    },
                                    {
                                        "social_icon": {
                                            "value": "fab fa-youtube",
                                            "library": "fa-brands"
                                        },
                                        "_id": "eeb2cea"
                                    },
                                    {
                                        "_id": "88962e9",
                                        "social_icon": {
                                            "value": "fab fa-pinterest",
                                            "library": "fa-brands"
                                        }
                                    }
                                ],
                                "icon_color": "custom",
                                "icon_secondary_color": "#B4B4B4",
                                "icon_size": {
                                    "unit": "px",
                                    "size": 14,
                                    "sizes": []
                                },
                                "__globals__": {
                                    "icon_secondary_color": "globals\/colors?id=primary",
                                    "icon_primary_color": "globals\/colors?id=4270c24",
                                    "hover_secondary_color": "globals\/colors?id=4641393",
                                    "hover_primary_color": "globals\/colors?id=4270c24"
                                },
                                "icon_padding": {
                                    "unit": "em",
                                    "size": 0.5,
                                    "sizes": []
                                },
                                "icon_spacing": {
                                    "unit": "px",
                                    "size": 1,
                                    "sizes": []
                                }
                            },
                            "elements": [],
                            "isInner": false,
                            "widgetType": "social-icons",
                            "elType": "widget"
                        }
                    ],
                    "isInner": false,
                    "elType": "column"
                }
            ],
            "isInner": false,
            "elType": "section"
        }
    ],
    "page_settings": {
        "width": {
            "unit": "px",
            "size": 300,
            "sizes": []
        },
        "entrance_animation": "fadeIn",
        "exit_animation": "fadeIn",
        "entrance_animation_duration": {
            "unit": "px",
            "size": 0.5,
            "sizes": []
        },
        "overlay_background_color": "#FFFFFFCC",
        "horizontal_position": "right"
    }
}