{
    "version": "0.4",
    "title": "My Account",
    "type": "page",
    "metadata": {
        "template_type": "single-page",
        "include_in_zip": "1",
        "elementor_pro_required": "1",
        "wp_page_template": "default"
    },
    "content": [
        {
            "id": "6282de1",
            "settings": {
                "content_width": {
                    "unit": "px",
                    "size": 1400,
                    "sizes": []
                },
                "content_position": "middle",
                "padding": {
                    "unit": "%",
                    "top": "1",
                    "right": "5",
                    "bottom": "0",
                    "left": "5",
                    "isLinked": false
                },
                "layout": "full_width",
                "padding_mobile": {
                    "unit": "px",
                    "top": "15",
                    "right": "15",
                    "bottom": "15",
                    "left": "15",
                    "isLinked": true
                },
                "animation": "fadeIn",
                "animation_duration": "slow",
                "padding_tablet": {
                    "unit": "px",
                    "top": "25",
                    "right": "25",
                    "bottom": "25",
                    "left": "25",
                    "isLinked": true
                }
            },
            "elements": [
                {
                    "id": "51db257b",
                    "settings": {
                        "_column_size": 100,
                        "_inline_size": null,
                        "padding": {
                            "unit": "px",
                            "top": "25",
                            "right": "25",
                            "bottom": "25",
                            "left": "25",
                            "isLinked": false
                        },
                        "padding_tablet": {
                            "unit": "px",
                            "top": "0",
                            "right": "0",
                            "bottom": "10",
                            "left": "0",
                            "isLinked": false
                        },
                        "padding_mobile": {
                            "unit": "px",
                            "top": "0",
                            "right": "0",
                            "bottom": "0",
                            "left": "0",
                            "isLinked": true
                        },
                        "space_between_widgets": 0,
                        "background_color": "#FCFCFC",
                        "_inline_size_tablet": 100
                    },
                    "elements": [
                        {
                            "id": "755be65e",
                            "settings": {
                                "gap": "no",
                                "padding": {
                                    "unit": "px",
                                    "top": "0",
                                    "right": "0",
                                    "bottom": "25",
                                    "left": "0",
                                    "isLinked": false
                                },
                                "layout": "full_width"
                            },
                            "elements": [
                                {
                                    "id": "50fd8753",
                                    "settings": {
                                        "_column_size": 100,
                                        "_inline_size": null,
                                        "space_between_widgets": 0
                                    },
                                    "elements": [
                                        {
                                            "id": "31a2be11",
                                            "settings": {
                                                "title": "My Account",
                                                "title_color": "#000000",
                                                "typography_typography": "custom",
                                                "typography_font_family": "Prompt",
                                                "typography_font_weight": "500",
                                                "typography_text_transform": "uppercase",
                                                "typography_letter_spacing": {
                                                    "unit": "px",
                                                    "size": 1,
                                                    "sizes": []
                                                }
                                            },
                                            "elements": [],
                                            "isInner": false,
                                            "widgetType": "heading",
                                            "elType": "widget"
                                        },
                                        {
                                            "id": "e5cab15",
                                            "settings": {
                                                "text_typography_typography": "custom",
                                                "text_typography_font_size": {
                                                    "unit": "px",
                                                    "size": 10,
                                                    "sizes": []
                                                },
                                                "alignment": "left",
                                                "__globals__": {
                                                    "link_color": "",
                                                    "text_color": ""
                                                },
                                                "text_typography_text_transform": "uppercase",
                                                "text_color": "#000000",
                                                "link_color": "#B4B4B4"
                                            },
                                            "elements": [],
                                            "isInner": false,
                                            "widgetType": "woocommerce-breadcrumb",
                                            "elType": "widget"
                                        }
                                    ],
                                    "isInner": true,
                                    "elType": "column"
                                }
                            ],
                            "isInner": true,
                            "elType": "section"
                        }
                    ],
                    "isInner": false,
                    "elType": "column"
                }
            ],
            "isInner": false,
            "elType": "section"
        },
        {
            "id": "49773137",
            "settings": {
                "layout": "full_width",
                "padding": {
                    "unit": "%",
                    "top": "3",
                    "right": "5",
                    "bottom": "3",
                    "left": "5",
                    "isLinked": false
                }
            },
            "elements": [
                {
                    "id": "39d0cd94",
                    "settings": {
                        "_column_size": 100,
                        "padding": {
                            "unit": "px",
                            "top": "25",
                            "right": "25",
                            "bottom": "25",
                            "left": "25",
                            "isLinked": true
                        }
                    },
                    "elements": [
                        {
                            "id": "b8d82bd",
                            "settings": {
                                "editor": "<!-- wp:shortcode -->[woocommerce_my_account]<!-- \/wp:shortcode -->"
                            },
                            "elements": [],
                            "isInner": false,
                            "widgetType": "text-editor",
                            "elType": "widget"
                        }
                    ],
                    "isInner": false,
                    "elType": "column"
                }
            ],
            "isInner": false,
            "elType": "section"
        }
    ],
    "page_settings": {
        "hide_title": "yes"
    }
}