{
    "version": "0.4",
    "title": "Sales Popup",
    "type": "popup",
    "metadata": {
        "template_type": "section-popup",
        "include_in_zip": "1",
        "elementor_pro_required": "1",
        "elementor_library_type": "popup",
        "elementor_pro_conditions": [
            "include\/singular\/front_page"
        ],
        "additional_template_information": [
            "This is a \"Popup\" template for Elementor Pro.",
            "This template will display on: Front Page."
        ],
        "wp_page_template": "default"
    },
    "content": [
        {
            "id": "2f359709",
            "settings": {
                "content_position": "middle",
                "structure": "20",
                "background_background": "classic",
                "background_image": {
                    "url": "https:\/\/mioshio.mkscreatives.com\/wp-content\/uploads\/2020\/11\/fashionable-modern-woman-with-glasses-in-the-city.jpg",
                    "id": 932
                },
                "background_position": "center right",
                "background_repeat": "no-repeat",
                "background_size": "cover",
                "background_overlay_background": "classic",
                "background_overlay_color": "#FFFFFF",
                "background_overlay_opacity": {
                    "unit": "px",
                    "size": 0.9,
                    "sizes": []
                },
                "padding": {
                    "unit": "px",
                    "top": "25",
                    "right": "25",
                    "bottom": "25",
                    "left": "25",
                    "isLinked": true
                }
            },
            "elements": [
                {
                    "id": "5ff0d9cb",
                    "settings": {
                        "_column_size": 50,
                        "_inline_size": null,
                        "padding": {
                            "unit": "px",
                            "top": "15",
                            "right": "15",
                            "bottom": "15",
                            "left": "15",
                            "isLinked": true
                        }
                    },
                    "elements": [
                        {
                            "id": "70fb2897",
                            "settings": {
                                "title": "Save 30%",
                                "header_size": "h1",
                                "typography_typography": "custom",
                                "typography_font_size": {
                                    "unit": "px",
                                    "size": 85,
                                    "sizes": []
                                },
                                "typography_font_weight": "700",
                                "typography_text_transform": "uppercase",
                                "typography_letter_spacing": {
                                    "unit": "px",
                                    "size": 1,
                                    "sizes": []
                                },
                                "typography_line_height": {
                                    "unit": "em",
                                    "size": 1,
                                    "sizes": []
                                },
                                "typography_font_size_tablet": {
                                    "unit": "px",
                                    "size": 100,
                                    "sizes": []
                                },
                                "typography_font_size_mobile": {
                                    "unit": "px",
                                    "size": 80,
                                    "sizes": []
                                },
                                "align_mobile": "center"
                            },
                            "elements": [],
                            "isInner": false,
                            "widgetType": "heading",
                            "elType": "widget"
                        },
                        {
                            "id": "27deddf3",
                            "settings": {
                                "title": "2020 summer collection",
                                "typography_typography": "custom",
                                "typography_font_size": {
                                    "unit": "px",
                                    "size": 20,
                                    "sizes": []
                                },
                                "typography_font_weight": "400",
                                "typography_text_transform": "capitalize",
                                "typography_letter_spacing": {
                                    "unit": "px",
                                    "size": 1,
                                    "sizes": []
                                },
                                "__globals__": {
                                    "typography_typography": ""
                                },
                                "typography_line_height": {
                                    "unit": "em",
                                    "size": 1,
                                    "sizes": []
                                },
                                "align_mobile": "center"
                            },
                            "elements": [],
                            "isInner": false,
                            "widgetType": "heading",
                            "elType": "widget"
                        },
                        {
                            "id": "5a4c766e",
                            "settings": {
                                "typography_typography": "custom",
                                "typography_font_size": {
                                    "unit": "px",
                                    "size": 14,
                                    "sizes": []
                                },
                                "typography_font_weight": "300",
                                "editor": "<p>Latest Men's &amp; Women's Fresh New Styles &amp; Old School Originals<\/p>",
                                "__globals__": {
                                    "text_color": "globals\/colors?id=text"
                                },
                                "align_tablet": "left",
                                "align_mobile": "center"
                            },
                            "elements": [],
                            "isInner": false,
                            "widgetType": "text-editor",
                            "elType": "widget"
                        },
                        {
                            "id": "310dadb6",
                            "settings": {
                                "text": "Shop Summer sales",
                                "align": "left",
                                "hover_color": "#B4B4B4",
                                "button_hover_border_color": "#B4B4B4",
                                "border_border": "solid",
                                "border_width": {
                                    "unit": "px",
                                    "top": "1",
                                    "right": "1",
                                    "bottom": "1",
                                    "left": "1",
                                    "isLinked": true
                                },
                                "border_radius": {
                                    "unit": "px",
                                    "top": "0",
                                    "right": "0",
                                    "bottom": "0",
                                    "left": "0",
                                    "isLinked": true
                                },
                                "text_padding": {
                                    "unit": "px",
                                    "top": "15",
                                    "right": "25",
                                    "bottom": "12",
                                    "left": "25",
                                    "isLinked": false
                                },
                                "__globals__": {
                                    "button_text_color": "globals\/colors?id=a9b4090",
                                    "hover_color": "globals\/colors?id=4641393",
                                    "button_hover_border_color": "globals\/colors?id=4641393",
                                    "border_color": "globals\/colors?id=accent",
                                    "background_color": "globals\/colors?id=accent",
                                    "button_background_hover_color": "globals\/colors?id=4270c24",
                                    "typography_typography": ""
                                },
                                "icon_indent": {
                                    "unit": "px",
                                    "size": 8,
                                    "sizes": []
                                },
                                "button_text_color": "#FFFFFF",
                                "background_color": "#FF5D5D",
                                "button_background_hover_color": "#00000000",
                                "border_color": "#FF5D5D",
                                "align_tablet": "justify",
                                "align_mobile": "justify",
                                "_element_width_tablet": "inherit",
                                "_element_width_mobile": "inherit",
                                "link": {
                                    "url": "\/product-category\/sales\/",
                                    "is_external": "",
                                    "nofollow": "",
                                    "custom_attributes": ""
                                },
                                "typography_typography": "custom",
                                "typography_font_family": "Poppins",
                                "typography_font_size": {
                                    "unit": "px",
                                    "size": 12,
                                    "sizes": []
                                },
                                "typography_font_weight": "500",
                                "typography_text_transform": "uppercase",
                                "typography_letter_spacing": {
                                    "unit": "px",
                                    "size": 1,
                                    "sizes": []
                                }
                            },
                            "elements": [],
                            "isInner": false,
                            "widgetType": "button",
                            "elType": "widget"
                        }
                    ],
                    "isInner": false,
                    "elType": "column"
                },
                {
                    "id": "312b86ef",
                    "settings": {
                        "_column_size": 50,
                        "_inline_size": null,
                        "padding": {
                            "unit": "px",
                            "top": "25",
                            "right": "25",
                            "bottom": "25",
                            "left": "25",
                            "isLinked": true
                        }
                    },
                    "elements": [
                        {
                            "id": "52f747dd",
                            "settings": {
                                "image": {
                                    "url": "https:\/\/mioshio.mkscreatives.com\/wp-content\/uploads\/2020\/11\/fashion-lifestyle-beautiful-young-woman-with-longboard-lightle.jpg",
                                    "id": 859
                                }
                            },
                            "elements": [],
                            "isInner": false,
                            "widgetType": "image",
                            "elType": "widget"
                        }
                    ],
                    "isInner": false,
                    "elType": "column"
                }
            ],
            "isInner": false,
            "elType": "section"
        }
    ],
    "page_settings": {
        "entrance_animation": "fadeIn",
        "exit_animation": "fadeIn",
        "entrance_animation_duration": {
            "unit": "px",
            "size": 0.5,
            "sizes": []
        },
        "box_shadow_box_shadow_type": "",
        "box_shadow_box_shadow": {
            "horizontal": 5,
            "vertical": 5,
            "blur": 30,
            "spread": 0,
            "color": "rgba(0, 0, 0, 0.08)"
        },
        "overlay_background_color": "#FFFFFFEB",
        "close_button_color": "#000000",
        "close_button_background_color": "#FFFFFF",
        "close_button_hover_color": "#838383",
        "close_button_hover_background_color": "#FFFFFF",
        "__globals__": {
            "close_button_background_color": "globals\/colors?id=a9b4090",
            "close_button_color": "globals\/colors?id=primary",
            "close_button_hover_color": "globals\/colors?id=secondary",
            "close_button_hover_background_color": "globals\/colors?id=a9b4090",
            "overlay_background_color": ""
        }
    }
}