{
    "version": "0.4",
    "title": "Shop &#8211; Main",
    "type": "product-archive",
    "metadata": {
        "template_type": "archive-product",
        "include_in_zip": "1",
        "elementor_pro_required": "1",
        "elementor_library_type": "product-archive",
        "elementor_pro_conditions": [
            "include\/product_archive"
        ],
        "additional_template_information": [
            "This is a \"Product Archive\" template for Elementor Pro.",
            "This template will display on: All Product Archives."
        ],
        "wp_page_template": "default"
    },
    "content": [
        {
            "id": "b1273ad",
            "settings": {
                "layout": "full_width",
                "content_position": "middle",
                "padding": {
                    "unit": "%",
                    "top": "2",
                    "right": "5",
                    "bottom": "0",
                    "left": "5",
                    "isLinked": false
                },
                "animation": "fadeIn",
                "animation_duration": "slow"
            },
            "elements": [
                {
                    "id": "6487118",
                    "settings": {
                        "_column_size": 100,
                        "_inline_size": null,
                        "padding": {
                            "unit": "px",
                            "top": "0",
                            "right": "25",
                            "bottom": "0",
                            "left": "25",
                            "isLinked": false
                        },
                        "padding_tablet": {
                            "unit": "px",
                            "top": "0",
                            "right": "0",
                            "bottom": "0",
                            "left": "0",
                            "isLinked": true
                        }
                    },
                    "elements": [
                        {
                            "id": "64d2f0fe",
                            "settings": {
                                "layout": "full_width",
                                "gap": "no",
                                "content_position": "middle",
                                "padding": {
                                    "unit": "%",
                                    "top": "0",
                                    "right": "0",
                                    "bottom": "2",
                                    "left": "0",
                                    "isLinked": false
                                }
                            },
                            "elements": [
                                {
                                    "id": "10e4068c",
                                    "settings": {
                                        "_column_size": 100,
                                        "_inline_size": null,
                                        "space_between_widgets": 0
                                    },
                                    "elements": [
                                        {
                                            "id": "6923b13d",
                                            "settings": {
                                                "__dynamic__": {
                                                    "title": "[elementor-tag id=\"\" name=\"archive-title\" settings=\"%7B%22include_context%22%3A%22%22%7D\"]"
                                                },
                                                "title": "Add Your Heading Text Here",
                                                "typography_typography": "custom",
                                                "typography_font_family": "Poppins",
                                                "typography_font_size": {
                                                    "unit": "px",
                                                    "size": 46,
                                                    "sizes": []
                                                },
                                                "typography_font_weight": "600",
                                                "typography_text_transform": "uppercase",
                                                "typography_letter_spacing": {
                                                    "unit": "px",
                                                    "size": 1,
                                                    "sizes": []
                                                }
                                            },
                                            "elements": [],
                                            "isInner": false,
                                            "widgetType": "theme-archive-title",
                                            "elType": "widget"
                                        },
                                        {
                                            "id": "216efd2",
                                            "settings": {
                                                "text_typography_typography": "custom",
                                                "text_typography_font_size": {
                                                    "unit": "px",
                                                    "size": 10,
                                                    "sizes": []
                                                },
                                                "alignment": "left",
                                                "__globals__": {
                                                    "link_color": "globals\/colors?id=4641393",
                                                    "text_color": "globals\/colors?id=primary"
                                                },
                                                "text_typography_text_transform": "uppercase"
                                            },
                                            "elements": [],
                                            "isInner": false,
                                            "widgetType": "woocommerce-breadcrumb",
                                            "elType": "widget"
                                        }
                                    ],
                                    "isInner": true,
                                    "elType": "column"
                                }
                            ],
                            "isInner": true,
                            "elType": "section"
                        },
                        {
                            "id": "37e8bc7b",
                            "settings": {
                                "layout": "full_width",
                                "gap": "no",
                                "content_position": "middle",
                                "structure": "20"
                            },
                            "elements": [
                                {
                                    "id": "36b85aa4",
                                    "settings": {
                                        "_column_size": 50,
                                        "_inline_size": 92.391
                                    },
                                    "elements": [
                                        {
                                            "id": "42957763",
                                            "settings": {
                                                "align_items": "left",
                                                "pointer": "none",
                                                "dropdown": "none",
                                                "menu_typography_typography": "custom",
                                                "menu_typography_font_size": {
                                                    "unit": "px",
                                                    "size": 10,
                                                    "sizes": []
                                                },
                                                "menu_typography_font_weight": "400",
                                                "menu_typography_text_transform": "uppercase",
                                                "menu_typography_letter_spacing": {
                                                    "unit": "px",
                                                    "size": 1,
                                                    "sizes": []
                                                },
                                                "padding_horizontal_menu_item": {
                                                    "unit": "px",
                                                    "size": 0,
                                                    "sizes": []
                                                },
                                                "padding_vertical_menu_item": {
                                                    "unit": "px",
                                                    "size": 0,
                                                    "sizes": []
                                                },
                                                "menu_space_between": {
                                                    "unit": "px",
                                                    "size": 25,
                                                    "sizes": []
                                                },
                                                "__globals__": {
                                                    "color_menu_item": "globals\/colors?id=primary",
                                                    "color_menu_item_hover": "globals\/colors?id=4641393",
                                                    "pointer_color_menu_item_hover": "globals\/colors?id=4641393",
                                                    "color_menu_item_active": "globals\/colors?id=secondary",
                                                    "pointer_color_menu_item_active": "globals\/colors?id=secondary"
                                                }
                                            },
                                            "elements": [],
                                            "isInner": false,
                                            "widgetType": "nav-menu",
                                            "elType": "widget"
                                        }
                                    ],
                                    "isInner": true,
                                    "elType": "column"
                                },
                                {
                                    "id": "14464a91",
                                    "settings": {
                                        "_column_size": 50,
                                        "_inline_size": 7.581
                                    },
                                    "elements": [
                                        {
                                            "id": "5614802c",
                                            "settings": {
                                                "text": "Filter",
                                                "align": "right",
                                                "selected_icon": {
                                                    "value": "fas fa-filter",
                                                    "library": "fa-solid"
                                                },
                                                "typography_typography": "custom",
                                                "typography_font_size": {
                                                    "unit": "px",
                                                    "size": 10,
                                                    "sizes": []
                                                },
                                                "typography_font_weight": "400",
                                                "typography_text_transform": "uppercase",
                                                "typography_letter_spacing": {
                                                    "unit": "px",
                                                    "size": 1,
                                                    "sizes": []
                                                },
                                                "text_padding": {
                                                    "unit": "px",
                                                    "top": "0",
                                                    "right": "0",
                                                    "bottom": "0",
                                                    "left": "0",
                                                    "isLinked": true
                                                },
                                                "__globals__": {
                                                    "background_color": "globals\/colors?id=4270c24",
                                                    "button_text_color": "globals\/colors?id=primary",
                                                    "hover_color": "globals\/colors?id=4641393"
                                                },
                                                "__dynamic__": {
                                                    "link": "[elementor-tag id=\"235cc42\" name=\"popup\" settings=\"%7B%22action%22%3A%22toggle%22%2C%22popup%22%3A%221354%22%7D\"]"
                                                }
                                            },
                                            "elements": [],
                                            "isInner": false,
                                            "widgetType": "button",
                                            "elType": "widget"
                                        }
                                    ],
                                    "isInner": true,
                                    "elType": "column"
                                }
                            ],
                            "isInner": true,
                            "elType": "section"
                        }
                    ],
                    "isInner": false,
                    "elType": "column"
                }
            ],
            "isInner": false,
            "elType": "section"
        },
        {
            "id": "48e770c8",
            "settings": {
                "layout": "full_width",
                "padding": {
                    "unit": "%",
                    "top": "0",
                    "right": "5",
                    "bottom": "3",
                    "left": "5",
                    "isLinked": false
                },
                "animation": "fadeIn",
                "animation_duration": "slow"
            },
            "elements": [
                {
                    "id": "66ed20de",
                    "settings": {
                        "_column_size": 100,
                        "_inline_size": null,
                        "padding": {
                            "unit": "px",
                            "top": "25",
                            "right": "25",
                            "bottom": "25",
                            "left": "25",
                            "isLinked": true
                        },
                        "padding_tablet": {
                            "unit": "px",
                            "top": "25",
                            "right": "0",
                            "bottom": "25",
                            "left": "0",
                            "isLinked": false
                        }
                    },
                    "elements": [
                        {
                            "id": "4591f40f",
                            "settings": {
                                "columns": 5,
                                "query_post_type": "current_query",
                                "title_color": "#838383",
                                "title_typography_typography": "custom",
                                "title_typography_font_family": "Poppins",
                                "title_typography_font_size": {
                                    "unit": "px",
                                    "size": 12,
                                    "sizes": []
                                },
                                "title_typography_font_weight": "400",
                                "title_typography_text_transform": "uppercase",
                                "title_typography_letter_spacing": {
                                    "unit": "px",
                                    "size": 1,
                                    "sizes": []
                                },
                                "button_text_color": "#000000",
                                "button_background_color": "#00000000",
                                "button_border_color": "#000000",
                                "button_typography_typography": "custom",
                                "button_typography_font_family": "Poppins",
                                "button_typography_font_size": {
                                    "unit": "px",
                                    "size": 10,
                                    "sizes": []
                                },
                                "button_typography_font_weight": "500",
                                "button_typography_text_transform": "uppercase",
                                "button_typography_letter_spacing": {
                                    "unit": "px",
                                    "size": 1,
                                    "sizes": []
                                },
                                "button_border_border": "solid",
                                "button_border_width": {
                                    "unit": "px",
                                    "top": "0",
                                    "right": "0",
                                    "bottom": "1",
                                    "left": "0",
                                    "isLinked": false
                                },
                                "button_text_padding": {
                                    "unit": "px",
                                    "top": "0",
                                    "right": "1",
                                    "bottom": "5",
                                    "left": "1",
                                    "isLinked": false
                                },
                                "__globals__": {
                                    "title_color": "globals\/colors?id=secondary",
                                    "button_text_color": "globals\/colors?id=primary",
                                    "button_background_color": "globals\/colors?id=4270c24",
                                    "button_border_color": "globals\/colors?id=primary",
                                    "button_typography_typography": "",
                                    "view_cart_color": "globals\/colors?id=secondary",
                                    "button_hover_color": "globals\/colors?id=4641393",
                                    "button_hover_border_color": "globals\/colors?id=4641393",
                                    "button_hover_background_color": "globals\/colors?id=4270c24",
                                    "onsale_text_color": "globals\/colors?id=a9b4090",
                                    "onsale_text_background_color": "globals\/colors?id=accent",
                                    "pagination_border_color": "globals\/colors?id=primary",
                                    "pagination_link_color": "globals\/colors?id=primary",
                                    "pagination_link_bg_color": "globals\/colors?id=4270c24",
                                    "pagination_link_color_hover": "globals\/colors?id=4641393",
                                    "pagination_link_bg_color_hover": "globals\/colors?id=a9b4090",
                                    "pagination_link_color_active": "globals\/colors?id=a9b4090",
                                    "pagination_link_bg_color_active": "globals\/colors?id=primary"
                                },
                                "columns_mobile": 2,
                                "image_border_radius": {
                                    "unit": "px",
                                    "top": "0",
                                    "right": "0",
                                    "bottom": "0",
                                    "left": "0",
                                    "isLinked": true
                                },
                                "button_border_radius": {
                                    "unit": "px",
                                    "top": "0",
                                    "right": "0",
                                    "bottom": "0",
                                    "left": "0",
                                    "isLinked": true
                                },
                                "view_cart_typography_typography": "custom",
                                "view_cart_typography_font_family": "Poppins",
                                "view_cart_typography_font_size": {
                                    "unit": "px",
                                    "size": 10,
                                    "sizes": []
                                },
                                "view_cart_typography_font_weight": "500",
                                "view_cart_typography_text_transform": "uppercase",
                                "view_cart_typography_letter_spacing": {
                                    "unit": "px",
                                    "size": 1,
                                    "sizes": []
                                },
                                "paginate": "yes",
                                "onsale_typography_typography": "custom",
                                "onsale_typography_font_size": {
                                    "unit": "px",
                                    "size": 14,
                                    "sizes": []
                                },
                                "onsale_typography_font_weight": "500",
                                "onsale_typography_text_transform": "uppercase",
                                "onsale_width": {
                                    "unit": "px",
                                    "size": 50,
                                    "sizes": []
                                },
                                "onsale_height": {
                                    "unit": "px",
                                    "size": 50,
                                    "sizes": []
                                },
                                "pagination_spacing": {
                                    "unit": "px",
                                    "size": 25,
                                    "sizes": []
                                },
                                "pagination_padding": {
                                    "unit": "px",
                                    "size": 10,
                                    "sizes": []
                                },
                                "pagination_typography_typography": "custom",
                                "pagination_typography_font_size": {
                                    "unit": "px",
                                    "size": 12,
                                    "sizes": []
                                },
                                "pagination_typography_font_weight": "500"
                            },
                            "elements": [],
                            "isInner": false,
                            "widgetType": "woocommerce-products",
                            "elType": "widget"
                        }
                    ],
                    "isInner": false,
                    "elType": "column"
                }
            ],
            "isInner": false,
            "elType": "section"
        }
    ]
}