{
    "version": "0.4",
    "title": "Single Product",
    "type": "product",
    "metadata": {
        "template_type": "archive-product",
        "include_in_zip": "1",
        "elementor_pro_required": "1",
        "elementor_library_type": "product",
        "elementor_pro_conditions": [
            "include\/product"
        ],
        "additional_template_information": [
            "This is a \"Product\" template for Elementor Pro.",
            "This template will display on: Products."
        ],
        "wp_page_template": "default"
    },
    "content": [
        {
            "id": "77fe349b",
            "settings": {
                "custom_height": {
                    "unit": "vh",
                    "size": 90
                },
                "structure": "20",
                "margin": {
                    "unit": "px",
                    "top": "",
                    "right": 0,
                    "bottom": "",
                    "left": 0,
                    "isLinked": true
                },
                "margin_tablet": {
                    "unit": "px",
                    "top": "0",
                    "right": 0,
                    "bottom": "0",
                    "left": 0,
                    "isLinked": false
                },
                "_timestamp_": "v1YUtPU1NKQ28yN2ZvSWltUXBvK0lnQT09",
                "content_width": {
                    "unit": "px",
                    "size": 1400,
                    "sizes": []
                },
                "padding": {
                    "unit": "%",
                    "top": "1",
                    "right": "5",
                    "bottom": "1",
                    "left": "5",
                    "isLinked": false
                },
                "layout": "full_width"
            },
            "elements": [
                {
                    "id": "715751f2",
                    "settings": {
                        "_column_size": 50,
                        "_inline_size": 50,
                        "padding_mobile": {
                            "unit": "px",
                            "top": "0",
                            "right": "0",
                            "bottom": "0",
                            "left": "0",
                            "isLinked": true
                        },
                        "padding_tablet": {
                            "unit": "px",
                            "top": "30",
                            "right": "30",
                            "bottom": "30",
                            "left": "30",
                            "isLinked": true
                        },
                        "background_color": "#FFFFFF",
                        "margin": {
                            "unit": "px",
                            "top": "25",
                            "right": "25",
                            "bottom": "25",
                            "left": "25",
                            "isLinked": true
                        },
                        "padding": {
                            "unit": "px",
                            "top": "0",
                            "right": "0",
                            "bottom": "0",
                            "left": "0",
                            "isLinked": true
                        },
                        "_inline_size_tablet": 50
                    },
                    "elements": [
                        {
                            "id": "2cf7d1bc",
                            "settings": {
                                "text_color": "#1E1E1E",
                                "link_color": "#ADADAD",
                                "text_typography_typography": "custom",
                                "text_typography_font_size": {
                                    "unit": "px",
                                    "size": 10,
                                    "sizes": []
                                },
                                "text_typography_font_weight": "600",
                                "text_typography_text_transform": "uppercase"
                            },
                            "elements": [],
                            "isInner": false,
                            "widgetType": "woocommerce-breadcrumb",
                            "elType": "widget"
                        },
                        {
                            "id": "6cc7579b",
                            "settings": {
                                "sale_flash": "",
                                "thumbs_border_border": "solid",
                                "thumbs_border_width": {
                                    "unit": "px",
                                    "top": "15",
                                    "right": "15",
                                    "bottom": "15",
                                    "left": "15",
                                    "isLinked": true
                                },
                                "__globals__": {
                                    "thumbs_border_color": "globals\/colors?id=4270c24"
                                }
                            },
                            "elements": [],
                            "isInner": false,
                            "widgetType": "woocommerce-product-images",
                            "elType": "widget"
                        }
                    ],
                    "isInner": false,
                    "elType": "column"
                },
                {
                    "id": "1f9df297",
                    "settings": {
                        "_column_size": 50,
                        "_inline_size": 50,
                        "padding": {
                            "unit": "px",
                            "top": "65",
                            "right": "55",
                            "bottom": "55",
                            "left": "55",
                            "isLinked": false
                        },
                        "padding_tablet": {
                            "unit": "px",
                            "top": "30",
                            "right": "30",
                            "bottom": "30",
                            "left": "30",
                            "isLinked": true
                        },
                        "padding_mobile": {
                            "unit": "px",
                            "top": "0",
                            "right": "0",
                            "bottom": "0",
                            "left": "0",
                            "isLinked": true
                        },
                        "background_background": "classic",
                        "background_color": "#FFFFFF",
                        "margin": {
                            "unit": "px",
                            "top": "25",
                            "right": "25",
                            "bottom": "25",
                            "left": "25",
                            "isLinked": true
                        },
                        "_inline_size_tablet": 50
                    },
                    "elements": [
                        {
                            "id": "6135bd46",
                            "settings": {
                                "__dynamic__": {
                                    "title": "[elementor-tag id=\"\" name=\"woocommerce-product-title-tag\" settings=\"%7B%22before%22%3A%22%22%2C%22after%22%3A%22%22%2C%22fallback%22%3A%22%22%7D\"]"
                                },
                                "title": "Add Your Heading Text Here",
                                "typography_font_weight": "500",
                                "typography_font_family": "Poppins",
                                "__globals__": {
                                    "typography_typography": "",
                                    "title_color": "globals\/colors?id=primary"
                                },
                                "typography_typography": "custom",
                                "typography_text_transform": "uppercase",
                                "typography_letter_spacing": {
                                    "unit": "px",
                                    "size": 1,
                                    "sizes": []
                                },
                                "typography_font_size": {
                                    "unit": "px",
                                    "size": 22,
                                    "sizes": []
                                }
                            },
                            "elements": [],
                            "isInner": false,
                            "widgetType": "woocommerce-product-title",
                            "elType": "widget"
                        },
                        {
                            "id": "5edad9f",
                            "settings": {
                                "typography_font_size": {
                                    "unit": "px",
                                    "size": 20,
                                    "sizes": []
                                },
                                "typography_font_weight": "600",
                                "sale_price_typography_font_size": {
                                    "unit": "px",
                                    "size": 25,
                                    "sizes": []
                                },
                                "__globals__": {
                                    "sale_price_color": "globals\/colors?id=accent",
                                    "price_color": "globals\/colors?id=primary"
                                },
                                "sale_price_typography_font_weight": "600",
                                "typography_typography": "custom",
                                "typography_font_family": "Poppins",
                                "typography_text_transform": "uppercase",
                                "typography_line_height": {
                                    "unit": "em",
                                    "size": 1,
                                    "sizes": []
                                },
                                "typography_letter_spacing": {
                                    "unit": "px",
                                    "size": 1,
                                    "sizes": []
                                }
                            },
                            "elements": [],
                            "isInner": false,
                            "widgetType": "woocommerce-product-price",
                            "elType": "widget"
                        },
                        {
                            "id": "6beb42ca",
                            "settings": {
                                "text_typography_typography": "custom",
                                "text_typography_font_size": {
                                    "unit": "px",
                                    "size": 14,
                                    "sizes": []
                                }
                            },
                            "elements": [],
                            "isInner": false,
                            "widgetType": "woocommerce-product-short-description",
                            "elType": "widget"
                        },
                        {
                            "id": "2295af03",
                            "settings": {
                                "button_align": "center",
                                "button_text_color": "#000000",
                                "button_bg_color": "#00000000",
                                "__globals__": {
                                    "button_typography_typography": "",
                                    "button_border_color": "globals\/colors?id=primary",
                                    "button_text_color": "globals\/colors?id=primary",
                                    "button_bg_color": "globals\/colors?id=4270c24",
                                    "button_text_color_hover": "globals\/colors?id=4641393",
                                    "button_border_color_hover": "globals\/colors?id=4641393",
                                    "button_bg_color_hover": "globals\/colors?id=4270c24"
                                },
                                "button_typography_typography": "custom",
                                "button_typography_font_family": "Poppins",
                                "button_typography_font_size": {
                                    "unit": "px",
                                    "size": 12,
                                    "sizes": []
                                },
                                "button_typography_font_weight": "500",
                                "button_typography_text_transform": "uppercase",
                                "button_typography_letter_spacing": {
                                    "unit": "px",
                                    "size": 1,
                                    "sizes": []
                                },
                                "button_border_border": "solid",
                                "button_border_width": {
                                    "unit": "px",
                                    "top": "1",
                                    "right": "1",
                                    "bottom": "1",
                                    "left": "1",
                                    "isLinked": true
                                },
                                "button_border_radius": {
                                    "unit": "px",
                                    "top": "0",
                                    "right": "0",
                                    "bottom": "0",
                                    "left": "0",
                                    "isLinked": true
                                },
                                "button_border_color": "#000000",
                                "button_text_color_hover": "#B4B4B4",
                                "button_bg_color_hover": "#00000000",
                                "button_border_color_hover": "#B4B4B4",
                                "quantity_border_width": {
                                    "unit": "px",
                                    "top": "1",
                                    "right": "1",
                                    "bottom": "1",
                                    "left": "1",
                                    "isLinked": true
                                }
                            },
                            "elements": [],
                            "isInner": false,
                            "widgetType": "woocommerce-product-add-to-cart",
                            "elType": "widget"
                        },
                        {
                            "id": "60c12800",
                            "settings": {
                                "tab_typography_typography": "custom",
                                "tab_typography_font_size": {
                                    "unit": "px",
                                    "size": 14,
                                    "sizes": []
                                },
                                "tab_typography_text_transform": "uppercase",
                                "content_typography_typography": "custom",
                                "content_typography_font_size": {
                                    "unit": "px",
                                    "size": 14,
                                    "sizes": []
                                },
                                "content_heading_typography_typography": "custom",
                                "content_heading_typography_font_size": {
                                    "unit": "px",
                                    "size": 0,
                                    "sizes": []
                                },
                                "_padding": {
                                    "unit": "px",
                                    "top": "0",
                                    "right": "0",
                                    "bottom": "0",
                                    "left": "0",
                                    "isLinked": true
                                },
                                "_background_color": "#C05959",
                                "__globals__": {
                                    "tabs_border_color": "globals\/colors?id=4270c24",
                                    "tab_text_color": "globals\/colors?id=primary",
                                    "tab_bg_color": "globals\/colors?id=4270c24"
                                }
                            },
                            "elements": [],
                            "isInner": false,
                            "widgetType": "woocommerce-product-data-tabs",
                            "elType": "widget"
                        },
                        {
                            "id": "285012af",
                            "settings": {
                                "gap": "no",
                                "content_position": "middle",
                                "padding": {
                                    "unit": "px",
                                    "top": "0",
                                    "right": "0",
                                    "bottom": "10",
                                    "left": "0",
                                    "isLinked": false
                                }
                            },
                            "elements": [
                                {
                                    "id": "28e014e9",
                                    "settings": {
                                        "_column_size": 100,
                                        "_inline_size": null
                                    },
                                    "elements": [
                                        {
                                            "id": "5dbbf4bb",
                                            "settings": {
                                                "title": "SHARE",
                                                "typography_typography": "custom",
                                                "typography_font_size": {
                                                    "unit": "px",
                                                    "size": 12,
                                                    "sizes": []
                                                },
                                                "typography_font_weight": "600",
                                                "_margin": {
                                                    "unit": "px",
                                                    "top": "10",
                                                    "right": "0",
                                                    "bottom": "0",
                                                    "left": "0",
                                                    "isLinked": false
                                                },
                                                "_element_width": "auto"
                                            },
                                            "elements": [],
                                            "isInner": false,
                                            "widgetType": "heading",
                                            "elType": "widget"
                                        },
                                        {
                                            "id": "4a000eaa",
                                            "settings": {
                                                "share_buttons": [
                                                    {
                                                        "_id": "b4f2b8c"
                                                    },
                                                    {
                                                        "button": "twitter",
                                                        "_id": "82a1198"
                                                    },
                                                    {
                                                        "button": "linkedin",
                                                        "_id": "22c4a68"
                                                    },
                                                    {
                                                        "_id": "4fa3619",
                                                        "button": "pinterest"
                                                    },
                                                    {
                                                        "_id": "1c0f6a8",
                                                        "button": "whatsapp"
                                                    },
                                                    {
                                                        "_id": "cdb2e33",
                                                        "button": "email"
                                                    }
                                                ],
                                                "view": "icon",
                                                "show_label": "",
                                                "skin": "minimal",
                                                "shape": "circle",
                                                "column_gap": {
                                                    "unit": "px",
                                                    "size": 3,
                                                    "sizes": []
                                                },
                                                "row_gap": {
                                                    "unit": "px",
                                                    "size": 0,
                                                    "sizes": []
                                                },
                                                "button_size": {
                                                    "unit": "px",
                                                    "size": 0.5,
                                                    "sizes": []
                                                },
                                                "icon_size": {
                                                    "unit": "em",
                                                    "size": 2.4,
                                                    "sizes": []
                                                },
                                                "color_source": "custom",
                                                "_margin": {
                                                    "unit": "px",
                                                    "top": "0",
                                                    "right": "0",
                                                    "bottom": "0",
                                                    "left": "10",
                                                    "isLinked": false
                                                },
                                                "_element_width": "auto",
                                                "__globals__": {
                                                    "secondary_color": "globals\/colors?id=primary",
                                                    "secondary_color_hover": "globals\/colors?id=4641393",
                                                    "primary_color_hover": "globals\/colors?id=4270c24",
                                                    "primary_color": "globals\/colors?id=4270c24"
                                                }
                                            },
                                            "elements": [],
                                            "isInner": false,
                                            "widgetType": "share-buttons",
                                            "elType": "widget"
                                        }
                                    ],
                                    "isInner": true,
                                    "elType": "column"
                                }
                            ],
                            "isInner": true,
                            "elType": "section"
                        },
                        {
                            "id": "14d4979f",
                            "settings": {
                                "text_typography_typography": "custom",
                                "text_color": "#000000",
                                "link_color": "#000000",
                                "text_typography_font_size": {
                                    "unit": "px",
                                    "size": 12
                                },
                                "view": "stacked",
                                "text_typography_font_weight": "400",
                                "link_typography_typography": "custom",
                                "__globals__": {
                                    "divider_color": "globals\/colors?id=primary"
                                }
                            },
                            "elements": [],
                            "isInner": false,
                            "widgetType": "woocommerce-product-meta",
                            "elType": "widget"
                        }
                    ],
                    "isInner": false,
                    "elType": "column"
                }
            ],
            "isInner": false,
            "elType": "section"
        },
        {
            "id": "e6f896d",
            "settings": {
                "layout": "full_width",
                "padding": {
                    "unit": "%",
                    "top": "0",
                    "right": "5",
                    "bottom": "5",
                    "left": "5",
                    "isLinked": false
                }
            },
            "elements": [
                {
                    "id": "2600dde3",
                    "settings": {
                        "_column_size": 100,
                        "_inline_size": null,
                        "padding": {
                            "unit": "px",
                            "top": "25",
                            "right": "25",
                            "bottom": "25",
                            "left": "25",
                            "isLinked": true
                        }
                    },
                    "elements": [
                        {
                            "id": "51d3f977",
                            "settings": {
                                "posts_per_page": 6,
                                "columns": 6,
                                "columns_mobile": 2,
                                "image_border_radius": {
                                    "unit": "px",
                                    "top": "0",
                                    "right": "0",
                                    "bottom": "0",
                                    "left": "0",
                                    "isLinked": true
                                },
                                "title_color": "#838383",
                                "title_typography_typography": "custom",
                                "title_typography_font_family": "Poppins",
                                "title_typography_font_size": {
                                    "unit": "px",
                                    "size": 12,
                                    "sizes": []
                                },
                                "title_typography_font_weight": "400",
                                "title_typography_text_transform": "uppercase",
                                "title_typography_letter_spacing": {
                                    "unit": "px",
                                    "size": 1,
                                    "sizes": []
                                },
                                "button_text_color": "#000000",
                                "button_background_color": "#00000000",
                                "button_border_color": "#000000",
                                "button_typography_typography": "custom",
                                "button_typography_font_family": "Poppins",
                                "button_typography_font_size": {
                                    "unit": "px",
                                    "size": 10,
                                    "sizes": []
                                },
                                "button_typography_font_weight": "500",
                                "button_typography_text_transform": "uppercase",
                                "button_typography_letter_spacing": {
                                    "unit": "px",
                                    "size": 1,
                                    "sizes": []
                                },
                                "button_border_border": "solid",
                                "button_border_width": {
                                    "unit": "px",
                                    "top": "0",
                                    "right": "0",
                                    "bottom": "1",
                                    "left": "0",
                                    "isLinked": false
                                },
                                "button_border_radius": {
                                    "unit": "px",
                                    "top": "0",
                                    "right": "0",
                                    "bottom": "0",
                                    "left": "0",
                                    "isLinked": true
                                },
                                "button_text_padding": {
                                    "unit": "px",
                                    "top": "0",
                                    "right": "1",
                                    "bottom": "5",
                                    "left": "1",
                                    "isLinked": false
                                },
                                "view_cart_typography_typography": "custom",
                                "view_cart_typography_font_family": "Poppins",
                                "view_cart_typography_font_size": {
                                    "unit": "px",
                                    "size": 10,
                                    "sizes": []
                                },
                                "view_cart_typography_font_weight": "500",
                                "view_cart_typography_text_transform": "uppercase",
                                "view_cart_typography_letter_spacing": {
                                    "unit": "px",
                                    "size": 1,
                                    "sizes": []
                                },
                                "onsale_typography_typography": "custom",
                                "onsale_typography_font_size": {
                                    "unit": "px",
                                    "size": 14,
                                    "sizes": []
                                },
                                "onsale_typography_font_weight": "500",
                                "onsale_typography_text_transform": "uppercase",
                                "onsale_width": {
                                    "unit": "px",
                                    "size": 50,
                                    "sizes": []
                                },
                                "onsale_height": {
                                    "unit": "px",
                                    "size": 50,
                                    "sizes": []
                                },
                                "__globals__": {
                                    "title_color": "globals\/colors?id=secondary",
                                    "button_text_color": "globals\/colors?id=primary",
                                    "button_background_color": "globals\/colors?id=4270c24",
                                    "button_border_color": "globals\/colors?id=primary",
                                    "button_typography_typography": "",
                                    "view_cart_color": "globals\/colors?id=secondary",
                                    "button_hover_color": "globals\/colors?id=4641393",
                                    "button_hover_border_color": "globals\/colors?id=4641393",
                                    "button_hover_background_color": "globals\/colors?id=4270c24",
                                    "onsale_text_color": "globals\/colors?id=a9b4090",
                                    "onsale_text_background_color": "globals\/colors?id=accent"
                                }
                            },
                            "elements": [],
                            "isInner": false,
                            "widgetType": "woocommerce-product-related",
                            "elType": "widget"
                        }
                    ],
                    "isInner": false,
                    "elType": "column"
                }
            ],
            "isInner": false,
            "elType": "section"
        }
    ]
}