{
    "version": "0.4",
    "title": "Single Post",
    "type": "single-post",
    "metadata": {
        "template_type": "single-post",
        "include_in_zip": "1",
        "elementor_pro_required": "1",
        "elementor_library_type": "single-post",
        "elementor_pro_conditions": [
            "include\/singular\/post"
        ],
        "additional_template_information": [
            "This is a \"Single Post\" template for Elementor Pro.",
            "This template will display on: Posts."
        ],
        "wp_page_template": "default"
    },
    "content": [
        {
            "id": "592809f5",
            "settings": {
                "padding": {
                    "unit": "%",
                    "top": "1",
                    "right": "0",
                    "bottom": "3",
                    "left": "0",
                    "isLinked": false
                },
                "background_color": "#FCFCFC",
                "padding_tablet": {
                    "unit": "px",
                    "top": "25",
                    "right": "25",
                    "bottom": "25",
                    "left": "25",
                    "isLinked": true
                },
                "padding_mobile": {
                    "unit": "px",
                    "top": "15",
                    "right": "15",
                    "bottom": "15",
                    "left": "15",
                    "isLinked": true
                }
            },
            "elements": [
                {
                    "id": "8a746d3",
                    "settings": {
                        "_column_size": 100,
                        "_inline_size": null,
                        "background_color": "#FCFCFC",
                        "padding": {
                            "unit": "px",
                            "top": "55",
                            "right": "55",
                            "bottom": "55",
                            "left": "55",
                            "isLinked": true
                        },
                        "padding_mobile": {
                            "unit": "px",
                            "top": "0",
                            "right": "0",
                            "bottom": "0",
                            "left": "0",
                            "isLinked": true
                        },
                        "padding_tablet": {
                            "unit": "px",
                            "top": "0",
                            "right": "0",
                            "bottom": "0",
                            "left": "0",
                            "isLinked": true
                        }
                    },
                    "elements": [
                        {
                            "id": "4971e240",
                            "settings": {
                                "title": "",
                                "header_size": "h1",
                                "_padding": {
                                    "unit": "%",
                                    "top": "",
                                    "right": "",
                                    "bottom": "",
                                    "left": "",
                                    "isLinked": true
                                },
                                "_padding_tablet": {
                                    "unit": "%",
                                    "top": "0",
                                    "right": "0",
                                    "bottom": "8",
                                    "left": "0",
                                    "isLinked": ""
                                },
                                "_padding_mobile": {
                                    "unit": "%",
                                    "top": "0",
                                    "right": "0",
                                    "bottom": "12",
                                    "left": "0",
                                    "isLinked": ""
                                },
                                "align_mobile": "center",
                                "typography_text_transform": "uppercase",
                                "__dynamic__": {
                                    "title": "[elementor-tag id=\"cf7e78c\" name=\"post-title\" settings=\"%7B%7D\"]"
                                },
                                "_animation": "fadeIn",
                                "typography_typography": "custom",
                                "typography_font_size": {
                                    "unit": "px",
                                    "size": 30,
                                    "sizes": []
                                },
                                "typography_font_size_tablet": {
                                    "unit": "px",
                                    "size": "48",
                                    "sizes": []
                                },
                                "typography_font_size_mobile": {
                                    "unit": "px",
                                    "size": "36",
                                    "sizes": []
                                },
                                "typography_font_weight": "400",
                                "typography_line_height": {
                                    "unit": "em",
                                    "size": 1,
                                    "sizes": []
                                },
                                "typography_line_height_tablet": {
                                    "unit": "px",
                                    "size": "56",
                                    "sizes": []
                                },
                                "typography_line_height_mobile": {
                                    "unit": "px",
                                    "size": "44",
                                    "sizes": []
                                },
                                "typography_letter_spacing_tablet": {
                                    "unit": "px",
                                    "size": "-1",
                                    "sizes": []
                                },
                                "animation_duration": "fast",
                                "align": "center",
                                "__globals__": {
                                    "title_color": "globals\/colors?id=primary"
                                }
                            },
                            "elements": [],
                            "isInner": false,
                            "widgetType": "heading",
                            "elType": "widget"
                        },
                        {
                            "id": "369b08f",
                            "settings": {
                                "text_typography_typography": "custom",
                                "text_typography_font_size": {
                                    "unit": "px",
                                    "size": 10,
                                    "sizes": []
                                },
                                "alignment": "center",
                                "__globals__": {
                                    "link_color": "globals\/colors?id=4641393",
                                    "text_color": "globals\/colors?id=primary"
                                }
                            },
                            "elements": [],
                            "isInner": false,
                            "widgetType": "woocommerce-breadcrumb",
                            "elType": "widget"
                        },
                        {
                            "id": "1cb75c51",
                            "settings": {
                                "__dynamic__": {
                                    "excerpt": "[elementor-tag id=\"\" name=\"post-excerpt\" settings=\"%7B%22before%22%3A%22%22%2C%22after%22%3A%22%22%2C%22fallback%22%3A%22%22%7D\"]"
                                }
                            },
                            "elements": [],
                            "isInner": false,
                            "widgetType": "theme-post-excerpt",
                            "elType": "widget"
                        },
                        {
                            "id": "47b8e0d3",
                            "settings": {
                                "__dynamic__": {
                                    "image": "[elementor-tag id=\"\" name=\"post-featured-image\" settings=\"%7B%22fallback%22%3A%7B%22url%22%3A%22%22%2C%22id%22%3A%22%22%7D%7D\"]"
                                },
                                "image_size": "custom",
                                "image_custom_dimension": {
                                    "width": "1400",
                                    "height": "900"
                                }
                            },
                            "elements": [],
                            "isInner": false,
                            "widgetType": "theme-post-featured-image",
                            "elType": "widget"
                        },
                        {
                            "id": "1e987471",
                            "settings": {
                                "__globals__": {
                                    "text_color": "globals\/colors?id=primary",
                                    "typography_typography": "globals\/typography?id=text"
                                }
                            },
                            "elements": [],
                            "isInner": false,
                            "widgetType": "theme-post-content",
                            "elType": "widget"
                        },
                        {
                            "id": "6d193c1f",
                            "settings": {
                                "title": "SHARE",
                                "typography_typography": "custom",
                                "typography_font_size": {
                                    "unit": "px",
                                    "size": 12,
                                    "sizes": []
                                },
                                "typography_font_weight": "600",
                                "_margin": {
                                    "unit": "px",
                                    "top": "10",
                                    "right": "0",
                                    "bottom": "0",
                                    "left": "0",
                                    "isLinked": false
                                },
                                "_element_width": "auto"
                            },
                            "elements": [],
                            "isInner": false,
                            "widgetType": "heading",
                            "elType": "widget"
                        },
                        {
                            "id": "57e2f859",
                            "settings": {
                                "share_buttons": [
                                    {
                                        "_id": "b4f2b8c"
                                    },
                                    {
                                        "button": "twitter",
                                        "_id": "82a1198"
                                    },
                                    {
                                        "button": "linkedin",
                                        "_id": "22c4a68"
                                    },
                                    {
                                        "_id": "4fa3619",
                                        "button": "pinterest"
                                    },
                                    {
                                        "_id": "1c0f6a8",
                                        "button": "whatsapp"
                                    },
                                    {
                                        "_id": "cdb2e33",
                                        "button": "email"
                                    }
                                ],
                                "view": "icon",
                                "show_label": "",
                                "skin": "minimal",
                                "shape": "circle",
                                "column_gap": {
                                    "unit": "px",
                                    "size": 3,
                                    "sizes": []
                                },
                                "row_gap": {
                                    "unit": "px",
                                    "size": 0,
                                    "sizes": []
                                },
                                "button_size": {
                                    "unit": "px",
                                    "size": 0.5,
                                    "sizes": []
                                },
                                "icon_size": {
                                    "unit": "em",
                                    "size": 2.4,
                                    "sizes": []
                                },
                                "color_source": "custom",
                                "_margin": {
                                    "unit": "px",
                                    "top": "0",
                                    "right": "0",
                                    "bottom": "0",
                                    "left": "10",
                                    "isLinked": false
                                },
                                "_element_width": "auto",
                                "__globals__": {
                                    "secondary_color": "globals\/colors?id=primary",
                                    "secondary_color_hover": "globals\/colors?id=4641393",
                                    "primary_color_hover": "globals\/colors?id=4270c24",
                                    "primary_color": "globals\/colors?id=4270c24"
                                }
                            },
                            "elements": [],
                            "isInner": false,
                            "widgetType": "share-buttons",
                            "elType": "widget"
                        },
                        {
                            "id": "71c5339c",
                            "settings": {
                                "space_mobile": {
                                    "unit": "px",
                                    "size": 0,
                                    "sizes": []
                                }
                            },
                            "elements": [],
                            "isInner": false,
                            "widgetType": "spacer",
                            "elType": "widget"
                        },
                        {
                            "id": "54388369",
                            "settings": {
                                "prev_label": "Previous",
                                "next_label": "Next",
                                "label_typography_typography": "custom",
                                "label_typography_font_family": "Poppins",
                                "label_typography_font_size": {
                                    "unit": "px",
                                    "size": 14,
                                    "sizes": []
                                },
                                "label_typography_font_weight": "400",
                                "label_typography_text_transform": "uppercase",
                                "label_typography_letter_spacing": {
                                    "unit": "px",
                                    "size": 1,
                                    "sizes": []
                                },
                                "title_typography_typography": "custom",
                                "title_typography_font_size": {
                                    "unit": "px",
                                    "size": 10,
                                    "sizes": []
                                },
                                "title_typography_font_weight": "400",
                                "title_typography_text_transform": "capitalize",
                                "arrow_size": {
                                    "unit": "px",
                                    "size": 20,
                                    "sizes": []
                                },
                                "borders_width": {
                                    "unit": "px",
                                    "size": 1,
                                    "sizes": []
                                },
                                "borders_spacing": {
                                    "unit": "px",
                                    "size": 10,
                                    "sizes": []
                                },
                                "__globals__": {
                                    "label_color": "globals\/colors?id=primary",
                                    "label_hover_color": "globals\/colors?id=4641393",
                                    "text_color": "globals\/colors?id=secondary",
                                    "hover_color": "globals\/colors?id=4641393",
                                    "arrow_color": "globals\/colors?id=primary",
                                    "arrow_hover_color": "globals\/colors?id=4641393",
                                    "sep_color": "globals\/colors?id=primary"
                                },
                                "_padding_mobile": {
                                    "unit": "px",
                                    "top": "15",
                                    "right": "0",
                                    "bottom": "0",
                                    "left": "0",
                                    "isLinked": false
                                }
                            },
                            "elements": [],
                            "isInner": false,
                            "widgetType": "post-navigation",
                            "elType": "widget"
                        }
                    ],
                    "isInner": false,
                    "elType": "column"
                }
            ],
            "isInner": false,
            "elType": "section"
        }
    ],
    "page_settings": {
        "background_color": "#E5E9EF"
    }
}