{"content":[{"id":"3c386809","settings":{"layout":"full_width","gap":"no","height":"min-height","custom_height":{"unit":"vh","size":70},"background_background":"classic","background_image":{"id":"3379","url":"https:\/\/cliente.shazamlnv.com\/setasolar\/wp-content\/uploads\/2022\/04\/homepage2-hero-1.jpg"},"background_position":"center center","background_attachment":"fixed","background_repeat":"no-repeat","background_size":"cover","background_overlay_background":"classic","background_overlay_color":"#422e59","border_width":{"unit":"px","top":"0","right":"0","bottom":"6","left":"0","isLinked":false},"border_color":"#f7dc79","border_radius":{"unit":"px","top":"0","right":"0","bottom":"0","left":"0","isLinked":false},"animation":"fadeIn","animation_delay":50,"custom_height_mobile":{"unit":"vh","size":95},"background_overlay_opacity":{"unit":"px","size":0.7800000000000000266453525910037569701671600341796875},"border_border":"solid","background_overlay_color_b":"#57549a","background_overlay_gradient_angle":{"unit":"deg","size":300},"html_tag":"header","padding_mobile":{"unit":"em","top":"","right":"","bottom":"","left":"","isLinked":true}},"elements":[{"id":"555bb2d4","settings":{"_column_size":100},"elements":[{"id":"5876eaf3","settings":[],"elements":[{"id":"63542b34","settings":{"_column_size":100,"_inline_size":null,"_inline_size_tablet":100,"background_background":"classic","padding":{"unit":"%","top":"10","right":"15","bottom":"10","left":"15","isLinked":false},"padding_mobile":{"unit":"em","top":"1","right":"1","bottom":"1","left":"1","isLinked":true}},"elements":[{"id":"820fe8f","settings":{"title":"How Will You Forge Your Future?","header_size":"h1","title_color":"#f7dfaf","typography_typography":"custom","typography_font_size":{"unit":"rem","size":4},"typography_line_height":{"unit":"em","size":1.1999999999999999555910790149937383830547332763671875},"_margin":{"unit":"px","top":"0","right":"0","bottom":"20","left":"0","isLinked":false},"_animation":"fadeIn","_animation_delay":100,"typography_font_size_tablet":{"unit":"rem","size":3.5},"typography_font_size_mobile":{"unit":"px","size":42},"typography_line_height_mobile":{"unit":"em","size":1},"_margin_mobile":{"unit":"px","top":"0","right":"0","bottom":"0","left":"0","isLinked":true},"_padding_mobile":{"unit":"px","top":"0","right":"0","bottom":"0","left":"0","isLinked":true},"align":"center","typography_font_weight":"600","typography_line_height_tablet":{"unit":"em","size":1.1999999999999999555910790149937383830547332763671875},"typography_font_family":"Montserrat","typography_text_transform":"uppercase"},"elements":[],"isInner":false,"widgetType":"heading","elType":"widget"},{"id":"8953789","settings":{"editor":"<p>Lorem ipsum dolor sit amet, consectetur adipiscing elit. Phasellus tristique id dolor nec tempus. Duis eget magna ut mi efficitur molestie nulla eu magna.<\/p>","text_color":"#f7e6b4","typography_typography":"custom","typography_font_weight":"300","typography_line_height":{"unit":"px","size":34},"_animation":"fadeIn","_animation_delay":200,"_margin":{"unit":"px","top":"0","right":"0","bottom":"25","left":"0","isLinked":false},"_margin_mobile":{"unit":"px","top":"0","right":"0","bottom":"25","left":"0","isLinked":false},"_padding_mobile":{"unit":"px","top":"0","right":"0","bottom":"0","left":"0","isLinked":false},"align":"center","typography_font_size":{"unit":"rem","size":1.1999999999999999555910790149937383830547332763671875},"typography_font_size_mobile":{"unit":"px","size":14},"typography_line_height_tablet":{"unit":"px","size":34},"typography_line_height_mobile":{"unit":"px","size":26},"_margin_tablet":{"unit":"px","top":"0","right":"0","bottom":"0","left":"0","isLinked":true},"_padding_tablet":{"unit":"px","top":"0","right":"0","bottom":"0","left":"0","isLinked":true},"typography_font_family":"Muli"},"elements":[],"isInner":false,"widgetType":"text-editor","elType":"widget"},{"id":"50944f21","settings":{"text":"Enroll today","align":"center","typography_typography":"custom","typography_font_size":{"unit":"rem","size":""},"typography_text_transform":"uppercase","typography_line_height":{"unit":"px","size":21},"typography_letter_spacing":{"unit":"px","size":2},"border_radius":{"unit":"px","top":"3","right":"3","bottom":"3","left":"3","isLinked":true},"text_padding":{"unit":"px","top":"13","right":"32","bottom":"14","left":"32","isLinked":false},"_margin":{"unit":"px","top":"0","right":"0","bottom":"0","left":"0","isLinked":true},"typography_font_size_mobile":{"unit":"px","size":12},"typography_line_height_mobile":{"unit":"px","size":14},"_padding_tablet":{"unit":"px","top":"15","right":"0","bottom":"0","left":"0","isLinked":false},"_padding_mobile":{"unit":"px","top":"0","right":"0","bottom":"0","left":"0","isLinked":true},"typography_font_family":"Muli","typography_font_weight":"600","button_text_color":"#422e59","background_color":"#f7dc79","icon":"fa fa-graduation-cap","icon_indent":{"unit":"px","size":15},"hover_animation":"grow","_animation":"fadeIn","_animation_delay":300,"selected_icon":{"value":"fas fa-graduation-cap","library":"fa-solid"},"align_mobile":"center"},"elements":[],"isInner":false,"widgetType":"button","elType":"widget"}],"isInner":true,"elType":"column"}],"isInner":true,"elType":"section"}],"isInner":false,"elType":"column"}],"isInner":false,"elType":"section"},{"id":"6122a7ce","settings":{"structure":"60","margin":{"unit":"px","top":"-100","right":0,"bottom":"0","left":0,"isLinked":false},"z_index":2,"animation":"fadeInUp","animation_duration":"fast","padding_mobile":{"unit":"em","top":"","right":"","bottom":"","left":"","isLinked":true},"margin_mobile":{"unit":"px","top":"0","right":0,"bottom":"0","left":0,"isLinked":true}},"elements":[{"id":"3e087c5","settings":{"_column_size":16,"_inline_size":null,"_inline_size_mobile":50,"space_between_widgets":0,"background_background":"classic","background_color":"#f7f5ed","background_hover_background":"classic","background_hover_color":"#ffffff","border_border":"solid","border_width":{"unit":"px","top":"0","right":"2","bottom":"0","left":"2","isLinked":false},"border_color":"#f7e6b4","border_hover_border":"solid","border_hover_width":{"unit":"px","top":"0","right":"0","bottom":"0","left":"0","isLinked":true},"border_hover_color":"#f7dc79","box_shadow_hover_box_shadow_type":"yes","margin":{"unit":"%","top":"0","right":"0","bottom":"0","left":"0","isLinked":true},"margin_tablet":{"unit":"%","top":"","right":"","bottom":"","left":"","isLinked":true},"padding":{"unit":"px","top":"30","right":"30","bottom":"30","left":"30","isLinked":true},"padding_tablet":{"unit":"px","top":"20","right":"10","bottom":"20","left":"10","isLinked":false}},"elements":[{"id":"792fa36a","settings":{"icon":"fa fa-ticket","title_text":"Events","description_text":"","link":{"url":"#","is_external":"","nofollow":""},"primary_color":"#422e59","hover_primary_color":"#f7dc79","hover_animation":"grow","icon_space":{"unit":"px","size":30},"icon_size":{"unit":"px","size":40},"icon_size_tablet":{"unit":"px","size":50},"text_align":"center","title_color":"#422e59","title_typography_typography":"custom","title_typography_font_family":"Montserrat","title_typography_font_size":{"unit":"rem","size":1},"title_typography_font_size_tablet":{"unit":"rem","size":0.8000000000000000444089209850062616169452667236328125},"title_typography_font_weight":"600","title_typography_text_transform":"uppercase","title_typography_line_height":{"unit":"em","size":1},"title_typography_letter_spacing":{"unit":"px","size":1},"description_typography_typography":"custom","description_typography_font_family":"Muli","description_typography_font_size":{"unit":"rem","size":0.90000000000000002220446049250313080847263336181640625},"description_typography_line_height":{"unit":"em","size":1.1999999999999999555910790149937383830547332763671875},"_margin":{"unit":"px","top":"0","right":"0","bottom":"0","left":"0","isLinked":true},"_padding":{"unit":"px","top":"0","right":"0","bottom":"0","left":"0","isLinked":true},"selected_icon":{"value":"fas fa-ticket-alt","library":"fa-solid"},"__fa4_migrated":{"selected_icon":true}},"elements":[],"isInner":false,"widgetType":"icon-box","elType":"widget"}],"isInner":false,"elType":"column"},{"id":"27b58ed1","settings":{"_column_size":16,"_inline_size":null,"_inline_size_mobile":50,"space_between_widgets":0,"background_background":"classic","background_color":"#f7f5ed","background_hover_background":"classic","background_hover_color":"#ffffff","border_border":"solid","border_width":{"unit":"px","top":"0","right":"2","bottom":"0","left":"2","isLinked":false},"border_color":"#f7e6b4","border_hover_border":"solid","border_hover_width":{"unit":"px","top":"0","right":"0","bottom":"0","left":"0","isLinked":true},"border_hover_color":"#f7dc79","box_shadow_hover_box_shadow_type":"yes","margin":{"unit":"%","top":"0","right":"0","bottom":"0","left":"0","isLinked":true},"margin_tablet":{"unit":"%","top":"","right":"","bottom":"","left":"","isLinked":true},"padding":{"unit":"px","top":"30","right":"30","bottom":"30","left":"30","isLinked":true},"padding_tablet":{"unit":"px","top":"20","right":"10","bottom":"20","left":"10","isLinked":false}},"elements":[{"id":"7b65c15","settings":{"icon":"fa fa-building","title_text":"Housing","description_text":"","link":{"url":"#","is_external":"","nofollow":""},"primary_color":"#422e59","hover_primary_color":"#f7dc79","hover_animation":"grow","icon_space":{"unit":"px","size":30},"icon_size":{"unit":"px","size":40},"icon_size_tablet":{"unit":"px","size":50},"text_align":"center","title_color":"#422e59","title_typography_typography":"custom","title_typography_font_family":"Montserrat","title_typography_font_size":{"unit":"rem","size":1},"title_typography_font_size_tablet":{"unit":"rem","size":0.8000000000000000444089209850062616169452667236328125},"title_typography_font_weight":"600","title_typography_text_transform":"uppercase","title_typography_line_height":{"unit":"em","size":1},"title_typography_letter_spacing":{"unit":"px","size":1},"description_typography_typography":"custom","description_typography_font_family":"Muli","description_typography_font_size":{"unit":"rem","size":0.90000000000000002220446049250313080847263336181640625},"description_typography_line_height":{"unit":"em","size":1.1999999999999999555910790149937383830547332763671875},"_margin":{"unit":"px","top":"0","right":"0","bottom":"0","left":"0","isLinked":true},"_padding":{"unit":"px","top":"0","right":"0","bottom":"0","left":"0","isLinked":true},"selected_icon":{"value":"fas fa-building","library":"fa-solid"}},"elements":[],"isInner":false,"widgetType":"icon-box","elType":"widget"}],"isInner":false,"elType":"column"},{"id":"15d4ae48","settings":{"_column_size":16,"_inline_size":null,"_inline_size_mobile":50,"space_between_widgets":0,"background_background":"classic","background_color":"#f7f5ed","background_hover_background":"classic","background_hover_color":"#ffffff","border_border":"solid","border_width":{"unit":"px","top":"0","right":"2","bottom":"0","left":"2","isLinked":false},"border_color":"#f7e6b4","border_hover_border":"solid","border_hover_width":{"unit":"px","top":"0","right":"0","bottom":"0","left":"0","isLinked":true},"border_hover_color":"#f7dc79","box_shadow_hover_box_shadow_type":"yes","margin":{"unit":"%","top":"0","right":"0","bottom":"0","left":"0","isLinked":true},"margin_tablet":{"unit":"%","top":"","right":"","bottom":"","left":"","isLinked":true},"padding":{"unit":"px","top":"30","right":"30","bottom":"30","left":"30","isLinked":true},"padding_tablet":{"unit":"px","top":"20","right":"10","bottom":"20","left":"10","isLinked":false}},"elements":[{"id":"13c214e6","settings":{"icon":"fa fa-map","title_text":"Maps","description_text":"","link":{"url":"#","is_external":"","nofollow":""},"primary_color":"#422e59","hover_primary_color":"#f7dc79","hover_animation":"grow","icon_space":{"unit":"px","size":30},"icon_size":{"unit":"px","size":40},"icon_size_tablet":{"unit":"px","size":50},"text_align":"center","title_color":"#422e59","title_typography_typography":"custom","title_typography_font_family":"Montserrat","title_typography_font_size":{"unit":"rem","size":1},"title_typography_font_size_tablet":{"unit":"rem","size":0.8000000000000000444089209850062616169452667236328125},"title_typography_font_weight":"600","title_typography_text_transform":"uppercase","title_typography_line_height":{"unit":"em","size":1},"title_typography_letter_spacing":{"unit":"px","size":1},"description_typography_typography":"custom","description_typography_font_family":"Muli","description_typography_font_size":{"unit":"rem","size":0.90000000000000002220446049250313080847263336181640625},"description_typography_line_height":{"unit":"em","size":1.1999999999999999555910790149937383830547332763671875},"_margin":{"unit":"px","top":"0","right":"0","bottom":"0","left":"0","isLinked":true},"_padding":{"unit":"px","top":"0","right":"0","bottom":"0","left":"0","isLinked":true},"selected_icon":{"value":"fas fa-map","library":"fa-solid"}},"elements":[],"isInner":false,"widgetType":"icon-box","elType":"widget"}],"isInner":false,"elType":"column"},{"id":"45198981","settings":{"_column_size":16,"_inline_size":null,"_inline_size_mobile":50,"space_between_widgets":0,"background_background":"classic","background_color":"#f7f5ed","background_hover_background":"classic","background_hover_color":"#ffffff","border_border":"solid","border_width":{"unit":"px","top":"0","right":"2","bottom":"0","left":"2","isLinked":false},"border_color":"#f7e6b4","border_hover_border":"solid","border_hover_width":{"unit":"px","top":"0","right":"0","bottom":"0","left":"0","isLinked":true},"border_hover_color":"#f7dc79","box_shadow_hover_box_shadow_type":"yes","margin":{"unit":"%","top":"0","right":"0","bottom":"0","left":"0","isLinked":true},"margin_tablet":{"unit":"%","top":"","right":"","bottom":"","left":"","isLinked":true},"padding":{"unit":"px","top":"30","right":"30","bottom":"30","left":"30","isLinked":true},"padding_tablet":{"unit":"px","top":"20","right":"10","bottom":"20","left":"10","isLinked":false}},"elements":[{"id":"7555f6fb","settings":{"icon":"fa fa-users","title_text":"Social","description_text":"","link":{"url":"#","is_external":"","nofollow":""},"primary_color":"#422e59","hover_primary_color":"#f7dc79","hover_animation":"grow","icon_space":{"unit":"px","size":30},"icon_size":{"unit":"px","size":40},"icon_size_tablet":{"unit":"px","size":50},"text_align":"center","title_color":"#422e59","title_typography_typography":"custom","title_typography_font_family":"Montserrat","title_typography_font_size":{"unit":"rem","size":1},"title_typography_font_size_tablet":{"unit":"rem","size":0.8000000000000000444089209850062616169452667236328125},"title_typography_font_weight":"600","title_typography_text_transform":"uppercase","title_typography_line_height":{"unit":"em","size":1},"title_typography_letter_spacing":{"unit":"px","size":1},"description_typography_typography":"custom","description_typography_font_family":"Muli","description_typography_font_size":{"unit":"rem","size":0.90000000000000002220446049250313080847263336181640625},"description_typography_line_height":{"unit":"em","size":1.1999999999999999555910790149937383830547332763671875},"_margin":{"unit":"px","top":"0","right":"0","bottom":"0","left":"0","isLinked":true},"_padding":{"unit":"px","top":"0","right":"0","bottom":"0","left":"0","isLinked":true},"selected_icon":{"value":"fas fa-users","library":"fa-solid"}},"elements":[],"isInner":false,"widgetType":"icon-box","elType":"widget"}],"isInner":false,"elType":"column"},{"id":"4932e512","settings":{"_column_size":16,"_inline_size_mobile":50,"space_between_widgets":0,"background_background":"classic","background_color":"#f7f5ed","background_hover_background":"classic","background_hover_color":"#ffffff","border_border":"solid","border_width":{"unit":"px","top":"0","right":"2","bottom":"0","left":"2","isLinked":false},"border_color":"#f7e6b4","border_hover_border":"solid","border_hover_width":{"unit":"px","top":"0","right":"0","bottom":"0","left":"0","isLinked":true},"border_hover_color":"#f7dc79","box_shadow_hover_box_shadow_type":"yes","margin":{"unit":"%","top":"0","right":"0","bottom":"0","left":"0","isLinked":true},"margin_tablet":{"unit":"%","top":"","right":"","bottom":"","left":"","isLinked":true},"padding":{"unit":"px","top":"30","right":"30","bottom":"30","left":"30","isLinked":true},"padding_tablet":{"unit":"px","top":"20","right":"10","bottom":"20","left":"10","isLinked":false}},"elements":[{"id":"ad5f1ad","settings":{"icon":"fa fa-book","title_text":"Library","description_text":"","link":{"url":"#","is_external":"","nofollow":""},"primary_color":"#422e59","hover_primary_color":"#f7dc79","hover_animation":"grow","icon_space":{"unit":"px","size":30},"icon_size":{"unit":"px","size":40},"icon_size_tablet":{"unit":"px","size":50},"text_align":"center","title_color":"#422e59","title_typography_typography":"custom","title_typography_font_family":"Montserrat","title_typography_font_size":{"unit":"rem","size":1},"title_typography_font_size_tablet":{"unit":"rem","size":0.8000000000000000444089209850062616169452667236328125},"title_typography_font_weight":"600","title_typography_text_transform":"uppercase","title_typography_line_height":{"unit":"em","size":1},"title_typography_letter_spacing":{"unit":"px","size":1},"description_typography_typography":"custom","description_typography_font_family":"Muli","description_typography_font_size":{"unit":"rem","size":0.90000000000000002220446049250313080847263336181640625},"description_typography_line_height":{"unit":"em","size":1.1999999999999999555910790149937383830547332763671875},"_margin":{"unit":"px","top":"0","right":"0","bottom":"0","left":"0","isLinked":true},"_padding":{"unit":"px","top":"0","right":"0","bottom":"0","left":"0","isLinked":true},"selected_icon":{"value":"fas fa-book","library":"fa-solid"}},"elements":[],"isInner":false,"widgetType":"icon-box","elType":"widget"}],"isInner":false,"elType":"column"},{"id":"5264fdbb","settings":{"_column_size":16,"_inline_size":null,"_inline_size_mobile":50,"space_between_widgets":0,"background_background":"classic","background_color":"#f7f5ed","background_hover_background":"classic","background_hover_color":"#ffffff","border_border":"solid","border_width":{"unit":"px","top":"0","right":"2","bottom":"0","left":"2","isLinked":false},"border_color":"#f7e6b4","border_hover_border":"solid","border_hover_width":{"unit":"px","top":"0","right":"0","bottom":"0","left":"0","isLinked":true},"border_hover_color":"#f7dc79","box_shadow_hover_box_shadow_type":"yes","margin":{"unit":"%","top":"0","right":"0","bottom":"0","left":"0","isLinked":true},"margin_tablet":{"unit":"%","top":"","right":"","bottom":"","left":"","isLinked":true},"padding":{"unit":"px","top":"30","right":"30","bottom":"30","left":"30","isLinked":true},"padding_tablet":{"unit":"px","top":"20","right":"10","bottom":"20","left":"10","isLinked":false}},"elements":[{"id":"3c3d6420","settings":{"icon":"fa fa-diamond","title_text":"Admissions","description_text":"","link":{"url":"#","is_external":"","nofollow":""},"primary_color":"#422e59","hover_primary_color":"#f7dc79","hover_animation":"grow","icon_space":{"unit":"px","size":30},"icon_size":{"unit":"px","size":40},"icon_size_tablet":{"unit":"px","size":50},"text_align":"center","title_color":"#422e59","title_typography_typography":"custom","title_typography_font_family":"Montserrat","title_typography_font_size":{"unit":"rem","size":1},"title_typography_font_size_tablet":{"unit":"rem","size":0.8000000000000000444089209850062616169452667236328125},"title_typography_font_weight":"600","title_typography_text_transform":"uppercase","title_typography_line_height":{"unit":"em","size":1},"title_typography_letter_spacing":{"unit":"px","size":1},"description_typography_typography":"custom","description_typography_font_family":"Muli","description_typography_font_size":{"unit":"rem","size":0.90000000000000002220446049250313080847263336181640625},"description_typography_line_height":{"unit":"em","size":1.1999999999999999555910790149937383830547332763671875},"_margin":{"unit":"px","top":"0","right":"0","bottom":"0","left":"0","isLinked":true},"_padding":{"unit":"px","top":"0","right":"0","bottom":"0","left":"0","isLinked":true},"selected_icon":{"value":"far fa-gem","library":"fa-regular"}},"elements":[],"isInner":false,"widgetType":"icon-box","elType":"widget"}],"isInner":false,"elType":"column"}],"isInner":false,"elType":"section"},{"id":"4c86fcc7","settings":{"padding":{"unit":"px","top":"50","right":"0","bottom":"15","left":"0","isLinked":false},"padding_mobile":{"unit":"em","top":"2","right":"1","bottom":"2","left":"1","isLinked":false},"padding_tablet":{"unit":"em","top":"1","right":"1","bottom":"1","left":"1","isLinked":true},"background_background":"classic","background_color":"#ffffff"},"elements":[{"id":"541974a7","settings":{"_column_size":100,"animation":"fadeIn","_inline_size":null,"_inline_size_tablet":100,"padding":{"unit":"%","top":"4","right":"10","bottom":"0","left":"10","isLinked":false},"padding_mobile":{"unit":"%","top":"6","right":"6","bottom":"6","left":"6","isLinked":true}},"elements":[{"id":"515a40e5","settings":{"title":"About Us","typography_typography":"custom","typography_font_size":{"unit":"rem","size":3},"typography_line_height":{"unit":"px","size":44},"align":"center","title_color":"#422e59","typography_font_family":"Montserrat","typography_font_weight":"bold","typography_text_transform":"uppercase","_animation":"fadeIn"},"elements":[],"isInner":false,"widgetType":"heading","elType":"widget"},{"id":"b9eb452","settings":{"weight":{"unit":"px","size":3},"color":"#f7dc79","width":{"unit":"%","size":10},"align":"center","gap":{"unit":"px","size":0},"_padding":{"unit":"px","top":"15","right":"0","bottom":"0","left":"0","isLinked":false},"_animation":"fadeInUp","text":"Divider"},"elements":[],"isInner":false,"widgetType":"divider","elType":"widget"},{"id":"26c9fa1f","settings":{"editor":"<p>Lorem ipsum dolor sit amet, consectetur adipiscing elit. Vivamus eu mauris eleifend, rhoncus metus vel, vestibulum odio. Suspendisse eget ante vel arcu pretium eleifend vel quis dolor.<\/p>","align":"center","typography_typography":"custom","typography_line_height":{"unit":"em","size":1.5},"typography_font_family":"Muli","typography_font_size":{"unit":"rem","size":1.100000000000000088817841970012523233890533447265625},"_animation":"fadeIn","text_color":"#54595F"},"elements":[],"isInner":false,"widgetType":"text-editor","elType":"widget"}],"isInner":false,"elType":"column"}],"isInner":false,"elType":"section"},{"id":"7ea949fe","settings":{"structure":"20","background_background":"classic","padding":{"unit":"px","top":"15","right":"0","bottom":"70","left":"0","isLinked":false},"padding_mobile":{"unit":"em","top":"2","right":"1","bottom":"2","left":"1","isLinked":false},"padding_tablet":{"unit":"%","top":"2","right":"2","bottom":"2","left":"2","isLinked":true},"background_color":"#ffffff"},"elements":[{"id":"28e033a2","settings":{"_column_size":50,"_inline_size":55,"padding":{"unit":"px","top":"0","right":"060","bottom":"0","left":"10","isLinked":false},"padding_mobile":{"unit":"px","top":"0","right":"10","bottom":"0","left":"10","isLinked":false},"animation":"fadeIn","padding_tablet":{"unit":"px","top":"0","right":"15","bottom":"0","left":"0","isLinked":false}},"elements":[{"id":"20345f1a","settings":{"tabs":[{"tab_title":"Lorem ipsum dolor sit","tab_content":"<p>Lorem ipsum dolor sit amet, consectetur adipiscing elit. Viva mus eu mauris eleifend, rhoncus metus vel, vestibulum odio. Suspendisse eget ante vel arcu pretium eleifend vel quis dor in aliquam, elit quis lacinia ornare, nunc mauris vestibuluma.<\/p>","_id":"9d36d47"},{"tab_title":"Lorem ipsum dolor sit","tab_content":"<p>Lorem ipsum dolor sit amet, consectetur adipiscing elit. Viva mus eu mauris eleifend, rhoncus metus vel, vestibulum odio. Suspendisse eget ante vel arcu pretium eleifend vel quis dor in aliquam, elit quis lacinia ornare, nunc mauris vestibuluma.<\/p>","_id":"d0635ed"},{"tab_title":"Lorem ipsum dolor sit","tab_content":"<p>Lorem ipsum dolor sit amet, consectetur adipiscing elit. Viva mus eu mauris eleifend, rhoncus metus vel, vestibulum odio. Suspendisse eget ante vel arcu pretium eleifend vel quis dor in aliquam, elit quis lacinia ornare, nunc mauris vestibuluma.<\/p>","_id":"09da673"},{"tab_title":"Lorem ipsum dolor sit","tab_content":"<p>Lorem ipsum dolor sit amet, consectetur adipiscing elit. Viva mus eu mauris eleifend, rhoncus metus vel, vestibulum odio. Suspendisse eget ante vel arcu pretium eleifend vel quis dor in aliquam, elit quis lacinia ornare, nunc mauris vestibuluma.<\/p>","_id":"4987b32"},{"tab_title":"Lorem ipsum dolor sit","tab_content":"<p>Lorem ipsum dolor sit amet, consectetur adipiscing elit. Viva mus eu mauris eleifend, rhoncus metus vel, vestibulum odio. Suspendisse eget ante vel arcu pretium eleifend vel quis dor in aliquam, elit quis lacinia ornare, nunc mauris vestibuluma.<\/p>","_id":"079f9b4"}],"icon":"fa fa-angle-down","icon_active":"fa fa-angle-up","border_width":{"unit":"px","size":0},"space_between":{"unit":"px","size":25},"title_background":"#f7f5ed","title_color":"#777777","_padding":{"unit":"px","top":"0","right":"0","bottom":"0","left":"0","isLinked":true},"title_html_tag":"h3","tab_active_color":"#422e59","icon_align":"right","icon_active_color":"#f7dc79","icon_space":{"unit":"px","size":1},"content_typography_typography":"custom","content_typography_line_height":{"unit":"px","size":28},"content_padding":{"unit":"px","top":"0","right":"15","bottom":"0","left":"15","isLinked":false},"title_typography_typography":"custom","title_typography_font_family":"Muli","icon_color":"#422e59","_animation":"fadeIn","_animation_delay":200},"elements":[],"isInner":false,"widgetType":"toggle","elType":"widget"}],"isInner":false,"elType":"column"},{"id":"2114a641","settings":{"_column_size":50,"_inline_size":45,"padding":{"unit":"px","top":"0","right":"0","bottom":"0","left":"0","isLinked":true},"padding_mobile":{"unit":"px","top":"35","right":"10","bottom":"0","left":"10","isLinked":false},"animation":"fadeIn","animation_delay":150,"content_position":"center","content_position_tablet":"top","background_background":"classic","background_image":{"id":"3380","url":"https:\/\/cliente.shazamlnv.com\/setasolar\/wp-content\/uploads\/2022\/04\/about-us2.jpg"},"background_position":"center center","background_size":"cover"},"elements":[{"id":"557b7c67","settings":[],"elements":[],"isInner":false,"widgetType":"spacer","elType":"widget"}],"isInner":false,"elType":"column"}],"isInner":false,"elType":"section"},{"id":"46ef39e8","settings":{"background_background":"classic","background_color":"#f7f5ed","margin":{"unit":"px","top":"0","right":0,"bottom":"0","left":0,"isLinked":false},"padding":{"unit":"px","top":"50","right":"0","bottom":"15","left":"0","isLinked":false},"border_width":{"unit":"px","top":"0","right":"0","bottom":"0","left":"0","isLinked":true},"border_color":"#681a1e","border_radius":{"unit":"px","top":"0","right":"0","bottom":"0","left":"0","isLinked":true},"padding_mobile":{"unit":"em","top":"2","right":"1","bottom":"2","left":"1","isLinked":false},"padding_tablet":{"unit":"px","top":"15","right":"0","bottom":"0","left":"0","isLinked":false}},"elements":[{"id":"3c6f33f2","settings":{"_column_size":100,"animation":"fadeIn","_inline_size":null,"_inline_size_tablet":100,"padding":{"unit":"%","top":"4","right":"10","bottom":"0","left":"10","isLinked":false},"padding_mobile":{"unit":"%","top":"6","right":"6","bottom":"6","left":"6","isLinked":true}},"elements":[{"id":"53740865","settings":{"title":"Events","typography_typography":"custom","typography_font_size":{"unit":"rem","size":3},"typography_line_height":{"unit":"px","size":44},"align":"center","title_color":"#422e59","typography_font_family":"Montserrat","typography_font_weight":"bold","typography_text_transform":"uppercase","_animation":"fadeIn"},"elements":[],"isInner":false,"widgetType":"heading","elType":"widget"},{"id":"6c8f1bbd","settings":{"weight":{"unit":"px","size":3},"color":"#f7dc79","width":{"unit":"%","size":10},"align":"center","gap":{"unit":"px","size":0},"_padding":{"unit":"px","top":"15","right":"0","bottom":"0","left":"0","isLinked":false},"_animation":"fadeInUp","text":"Divider"},"elements":[],"isInner":false,"widgetType":"divider","elType":"widget"},{"id":"240a351","settings":{"editor":"<p>Lorem ipsum dolor sit amet, consectetur adipiscing elit. Vivamus eu mauris eleifend, rhoncus metus vel, vestibulum odio. Suspendisse eget ante vel arcu pretium eleifend vel quis dolor.<\/p>","align":"center","typography_typography":"custom","typography_line_height":{"unit":"em","size":1.5},"typography_font_family":"Muli","typography_font_size":{"unit":"rem","size":1.100000000000000088817841970012523233890533447265625},"_animation":"fadeIn","text_color":"#54595F"},"elements":[],"isInner":false,"widgetType":"text-editor","elType":"widget"}],"isInner":false,"elType":"column"}],"isInner":false,"elType":"section"},{"id":"44007766","settings":{"gap":"no","padding":{"unit":"px","top":"0","right":"0","bottom":"50","left":"0","isLinked":false},"padding_mobile":{"unit":"em","top":"2","right":"1","bottom":"2","left":"1","isLinked":false},"background_background":"classic","background_color":"#f7f5ed","padding_tablet":{"unit":"px","top":"0","right":"0","bottom":"25","left":"0","isLinked":false}},"elements":[{"id":"79ce48ec","settings":{"_column_size":100},"elements":[{"id":"76c9c262","settings":{"structure":"30","animation":"fadeIn","animation_delay":100},"elements":[{"id":"5a70489","settings":{"_column_size":33,"_inline_size":null,"_inline_size_tablet":33.2999999999999971578290569595992565155029296875,"padding_mobile":{"unit":"px","top":"0","right":"10","bottom":"25","left":"10","isLinked":false},"animation":"fadeIn","padding_tablet":{"unit":"px","top":"0","right":"10","bottom":"25","left":"10","isLinked":false}},"elements":[{"id":"649d3ddb","settings":{"text":"01 June","align":"left","size":"xs","typography_typography":"custom","typography_font_family":"Montserrat","typography_font_size":{"unit":"rem","size":""},"typography_line_height":{"unit":"px","size":20},"border_radius":{"unit":"px","top":"0","right":"0","bottom":"0","left":"0","isLinked":true},"_margin":{"unit":"px","top":"0","right":"0","bottom":"-40","left":"0","isLinked":false},"_z_index":1,"background_color":"#f7dc79","typography_font_weight":"600","button_text_color":"#422e59"},"elements":[],"isInner":false,"widgetType":"button","elType":"widget"},{"id":"428abcdf","settings":{"image":{"id":"3381","url":"https:\/\/cliente.shazamlnv.com\/setasolar\/wp-content\/uploads\/2022\/04\/event-4.jpg"},"image_size":"medium","width":{"unit":"%","size":100}},"elements":[],"isInner":false,"widgetType":"image","elType":"widget"},{"id":"452604e8","settings":{"title":"Annual Swap Meet","header_size":"h4","typography_typography":"custom","typography_font_size":{"unit":"rem","size":1.399999999999999911182158029987476766109466552734375},"typography_line_height":{"unit":"px","size":30},"_padding":{"unit":"px","top":"25","right":"0","bottom":"0","left":"0","isLinked":false},"title_color":"#422e59","typography_font_family":"Muli","typography_text_transform":"capitalize","link":{"url":"#","is_external":"","nofollow":""},"align_tablet":"center","typography_font_weight":"bold"},"elements":[],"isInner":false,"widgetType":"heading","elType":"widget"},{"id":"71ef12ea","settings":{"weight":{"unit":"px","size":3},"color":"#f7dc79","width":{"unit":"%","size":20},"gap":{"unit":"px","size":2},"_margin":{"unit":"px","top":"0","right":"0","bottom":"0","left":"0","isLinked":true},"_padding":{"unit":"px","top":"25","right":"0","bottom":"10","left":"0","isLinked":false},"align_tablet":"center","text":"Divider"},"elements":[],"isInner":false,"widgetType":"divider","elType":"widget"},{"id":"1134c6fc","settings":{"editor":"<p>June 09 at <strong>09:00 AM<\/strong><\/p><p>Paddington Hall<\/p>","text_color":"#777777","typography_typography":"custom","typography_font_weight":"400","typography_font_family":"Muli","align_tablet":"center"},"elements":[],"isInner":false,"widgetType":"text-editor","elType":"widget"}],"isInner":true,"elType":"column"},{"id":"1df8290c","settings":{"_column_size":33,"_inline_size":null,"_inline_size_tablet":33.39999999999999857891452847979962825775146484375,"padding_mobile":{"unit":"px","top":"0","right":"10","bottom":"25","left":"10","isLinked":false},"animation":"fadeIn","padding_tablet":{"unit":"px","top":"0","right":"10","bottom":"25","left":"10","isLinked":false}},"elements":[{"id":"5b91d993","settings":{"text":"09 June","align":"left","size":"xs","typography_typography":"custom","typography_font_family":"Montserrat","typography_font_size":{"unit":"rem","size":""},"typography_line_height":{"unit":"px","size":20},"border_radius":{"unit":"px","top":"0","right":"0","bottom":"0","left":"0","isLinked":true},"_margin":{"unit":"px","top":"0","right":"0","bottom":"-40","left":"0","isLinked":false},"_z_index":1,"background_color":"#f7dc79","typography_font_weight":"600","button_text_color":"#422e59"},"elements":[],"isInner":false,"widgetType":"button","elType":"widget"},{"id":"76aab80f","settings":{"image":{"id":"3382","url":"https:\/\/cliente.shazamlnv.com\/setasolar\/wp-content\/uploads\/2022\/04\/baim-hanif-89800-unsplash.jpg"},"image_size":"medium","width":{"unit":"%","size":100}},"elements":[],"isInner":false,"widgetType":"image","elType":"widget"},{"id":"236ba407","settings":{"title":"Class of 2020 Gala","header_size":"h4","typography_typography":"custom","typography_font_size":{"unit":"rem","size":1.399999999999999911182158029987476766109466552734375},"typography_line_height":{"unit":"px","size":30},"_padding":{"unit":"px","top":"25","right":"0","bottom":"0","left":"0","isLinked":false},"title_color":"#422e59","typography_font_family":"Muli","typography_text_transform":"capitalize","link":{"url":"#","is_external":"","nofollow":""},"align_tablet":"center","typography_font_weight":"bold"},"elements":[],"isInner":false,"widgetType":"heading","elType":"widget"},{"id":"1c9b3885","settings":{"weight":{"unit":"px","size":3},"color":"#f7dc79","width":{"unit":"%","size":20},"gap":{"unit":"px","size":2},"_margin":{"unit":"px","top":"0","right":"0","bottom":"0","left":"0","isLinked":true},"_padding":{"unit":"px","top":"25","right":"0","bottom":"10","left":"0","isLinked":false},"align_tablet":"center","text":"Divider"},"elements":[],"isInner":false,"widgetType":"divider","elType":"widget"},{"id":"602fe864","settings":{"editor":"<p>June 09 at <strong>09:00 AM<\/strong><\/p><p>Paddington Hall<\/p>","text_color":"#777777","typography_typography":"custom","typography_font_weight":"400","typography_font_family":"Muli","align_tablet":"center"},"elements":[],"isInner":false,"widgetType":"text-editor","elType":"widget"}],"isInner":true,"elType":"column"},{"id":"a2c9f3a","settings":{"_column_size":33,"_inline_size":null,"_inline_size_tablet":33.2999999999999971578290569595992565155029296875,"padding_mobile":{"unit":"px","top":"0","right":"10","bottom":"25","left":"10","isLinked":false},"animation":"fadeIn","padding_tablet":{"unit":"px","top":"0","right":"10","bottom":"25","left":"10","isLinked":false}},"elements":[{"id":"516c912b","settings":{"text":"01 June","align":"left","size":"xs","typography_typography":"custom","typography_font_family":"Volkhov","typography_font_size":{"unit":"px","size":16},"typography_line_height":{"unit":"px","size":20},"border_radius":{"unit":"px","top":"0","right":"0","bottom":"0","left":"0","isLinked":true},"_margin":{"unit":"px","top":"0","right":"0","bottom":"-40","left":"0","isLinked":false},"_z_index":1,"background_color":"#f7dc79"},"elements":[],"isInner":false,"widgetType":"button","elType":"widget"},{"id":"6ea44688","settings":{"text":"24 June","align":"left","size":"xs","typography_typography":"custom","typography_font_family":"Montserrat","typography_font_size":{"unit":"rem","size":""},"typography_line_height":{"unit":"px","size":20},"border_radius":{"unit":"px","top":"0","right":"0","bottom":"0","left":"0","isLinked":true},"_margin":{"unit":"px","top":"0","right":"0","bottom":"-40","left":"0","isLinked":false},"_z_index":1,"background_color":"#f7dc79","typography_font_weight":"600","button_text_color":"#422e59"},"elements":[],"isInner":false,"widgetType":"button","elType":"widget"},{"id":"48d07f56","settings":{"image":{"id":"3383","url":"https:\/\/cliente.shazamlnv.com\/setasolar\/wp-content\/uploads\/2022\/04\/course-3.jpg"},"image_size":"medium","width":{"unit":"%","size":100}},"elements":[],"isInner":false,"widgetType":"image","elType":"widget"},{"id":"c70ef88","settings":{"title":"Startup Workshop","header_size":"h4","typography_typography":"custom","typography_font_size":{"unit":"rem","size":1.399999999999999911182158029987476766109466552734375},"typography_line_height":{"unit":"px","size":30},"_padding":{"unit":"px","top":"25","right":"0","bottom":"0","left":"0","isLinked":false},"title_color":"#422e59","typography_font_family":"Muli","typography_text_transform":"capitalize","link":{"url":"#","is_external":"","nofollow":""},"align_tablet":"center","typography_font_weight":"bold"},"elements":[],"isInner":false,"widgetType":"heading","elType":"widget"},{"id":"4ab7885d","settings":{"weight":{"unit":"px","size":3},"color":"#f7dc79","width":{"unit":"%","size":20},"gap":{"unit":"px","size":2},"_margin":{"unit":"px","top":"0","right":"0","bottom":"0","left":"0","isLinked":true},"_padding":{"unit":"px","top":"25","right":"0","bottom":"10","left":"0","isLinked":false},"align_tablet":"center","text":"Divider"},"elements":[],"isInner":false,"widgetType":"divider","elType":"widget"},{"id":"7bc2a2c8","settings":{"editor":"<p>June 09 at <strong>09:00 AM<\/strong><\/p><p>Paddington Hall<\/p>","text_color":"#777777","typography_typography":"custom","typography_font_weight":"400","typography_font_family":"Muli","align_tablet":"center"},"elements":[],"isInner":false,"widgetType":"text-editor","elType":"widget"}],"isInner":true,"elType":"column"}],"isInner":true,"elType":"section"}],"isInner":false,"elType":"column"}],"isInner":false,"elType":"section"},{"id":"1f5ad752","settings":{"height":"min-height","custom_height":{"unit":"px","size":300},"background_background":"classic","background_image":{"id":"3384","url":"https:\/\/cliente.shazamlnv.com\/setasolar\/wp-content\/uploads\/2022\/04\/eli-francis-100644-unsplash.jpg"},"background_position":"center center","background_attachment":"fixed","background_repeat":"no-repeat","background_size":"cover","background_overlay_background":"classic","background_overlay_color":"#422e59","background_overlay_opacity":{"unit":"px","size":0.75},"custom_height_mobile":{"unit":"vh","size":""},"css_filters_css_filter":"custom","padding_tablet":{"unit":"%","top":"2","right":"2","bottom":"2","left":"2","isLinked":true},"padding_mobile":{"unit":"em","top":"2","right":"1","bottom":"2","left":"1","isLinked":false}},"elements":[{"id":"4c4a08c2","settings":{"_column_size":100},"elements":[{"id":"4c73ecd9","settings":{"gap":"no","structure":"40","padding_mobile":{"unit":"px","top":"25","right":"0","bottom":"25","left":"0","isLinked":false}},"elements":[{"id":"6a5944cf","settings":{"_column_size":25,"_inline_size":null,"animation":"fadeIn","animation_delay":450},"elements":[{"id":"34c68bd4","settings":{"title":"19228","align":"center","title_color":"#f7dc79","typography_typography":"custom","typography_font_size":{"unit":"rem","size":3},"typography_line_height":{"unit":"em","size":1.5},"_padding":{"unit":"px","top":"0","right":"0","bottom":"20","left":"0","isLinked":false},"typography_font_family":"Montserrat","typography_font_weight":"600"},"elements":[],"isInner":false,"widgetType":"heading","elType":"widget"},{"id":"2fa5237f","settings":{"weight":{"unit":"px","size":2},"color":"#f7dc79","width":{"unit":"%","size":10},"align":"center","gap":{"unit":"px","size":0},"text":"Divider"},"elements":[],"isInner":false,"widgetType":"divider","elType":"widget"},{"id":"43df3e6a","settings":{"editor":"<p>Success Stories<\/p>","align":"center","text_color":"#f7dc79","typography_typography":"custom","typography_font_size":{"unit":"rem","size":1.399999999999999911182158029987476766109466552734375},"typography_line_height":{"unit":"px","size":22},"typography_font_family":"Muli","typography_font_weight":"900"},"elements":[],"isInner":false,"widgetType":"text-editor","elType":"widget"}],"isInner":true,"elType":"column"},{"id":"58857cd7","settings":{"_column_size":25,"_inline_size":null,"animation":"fadeIn","animation_delay":450},"elements":[{"id":"62d9df87","settings":{"title":"9213","align":"center","title_color":"#f7dc79","typography_typography":"custom","typography_font_size":{"unit":"rem","size":3},"typography_line_height":{"unit":"em","size":1.5},"_padding":{"unit":"px","top":"0","right":"0","bottom":"20","left":"0","isLinked":false},"typography_font_family":"Montserrat","typography_font_weight":"600"},"elements":[],"isInner":false,"widgetType":"heading","elType":"widget"},{"id":"3b54736b","settings":{"weight":{"unit":"px","size":2},"color":"#f7dc79","width":{"unit":"%","size":10},"align":"center","gap":{"unit":"px","size":0},"text":"Divider"},"elements":[],"isInner":false,"widgetType":"divider","elType":"widget"},{"id":"506f6a50","settings":{"editor":"<p>Courses<\/p>","align":"center","text_color":"#f7dc79","typography_typography":"custom","typography_font_size":{"unit":"rem","size":1.399999999999999911182158029987476766109466552734375},"typography_line_height":{"unit":"px","size":22},"typography_font_family":"Muli","typography_font_weight":"900"},"elements":[],"isInner":false,"widgetType":"text-editor","elType":"widget"}],"isInner":true,"elType":"column"},{"id":"523a6b5e","settings":{"_column_size":25,"_inline_size":null,"padding_mobile":{"unit":"px","top":"0","right":"0","bottom":"15","left":"0","isLinked":false},"animation":"fadeIn","animation_delay":300},"elements":[{"id":"58e9e94c","settings":{"title":"1742","align":"center","title_color":"#f7dc79","typography_typography":"custom","typography_font_size":{"unit":"rem","size":3},"typography_line_height":{"unit":"em","size":1.5},"_padding":{"unit":"px","top":"0","right":"0","bottom":"20","left":"0","isLinked":false},"typography_font_family":"Montserrat","typography_font_weight":"600"},"elements":[],"isInner":false,"widgetType":"heading","elType":"widget"},{"id":"5e52c84c","settings":{"weight":{"unit":"px","size":2},"color":"#f7dc79","width":{"unit":"%","size":10},"align":"center","gap":{"unit":"px","size":0},"text":"Divider"},"elements":[],"isInner":false,"widgetType":"divider","elType":"widget"},{"id":"28478d77","settings":{"editor":"<p>Happy Students<\/p>","align":"center","text_color":"#f7dc79","typography_typography":"custom","typography_font_size":{"unit":"rem","size":1.399999999999999911182158029987476766109466552734375},"typography_line_height":{"unit":"px","size":22},"typography_font_family":"Muli","typography_font_weight":"900"},"elements":[],"isInner":false,"widgetType":"text-editor","elType":"widget"}],"isInner":true,"elType":"column"},{"id":"90a8e6f","settings":{"_column_size":25,"_inline_size":null,"animation":"fadeIn","animation_delay":450},"elements":[{"id":"a2d7bd1","settings":{"title":"67","align":"center","title_color":"#f7dc79","typography_typography":"custom","typography_font_size":{"unit":"rem","size":3},"typography_line_height":{"unit":"em","size":1.5},"_padding":{"unit":"px","top":"0","right":"0","bottom":"20","left":"0","isLinked":false},"typography_font_family":"Montserrat","typography_font_weight":"600"},"elements":[],"isInner":false,"widgetType":"heading","elType":"widget"},{"id":"5c30bdb6","settings":{"weight":{"unit":"px","size":2},"color":"#f7dc79","width":{"unit":"%","size":10},"align":"center","gap":{"unit":"px","size":0},"text":"Divider"},"elements":[],"isInner":false,"widgetType":"divider","elType":"widget"},{"id":"31dde198","settings":{"editor":"<p>Years Experience<\/p>","align":"center","text_color":"#f7dc79","typography_typography":"custom","typography_font_size":{"unit":"rem","size":1.399999999999999911182158029987476766109466552734375},"typography_line_height":{"unit":"px","size":22},"typography_font_family":"Muli","typography_font_weight":"900"},"elements":[],"isInner":false,"widgetType":"text-editor","elType":"widget"}],"isInner":true,"elType":"column"}],"isInner":true,"elType":"section"}],"isInner":false,"elType":"column"}],"isInner":false,"elType":"section"},{"id":"4043968f","settings":{"padding":{"unit":"px","top":"50","right":"0","bottom":"15","left":"0","isLinked":false},"padding_mobile":{"unit":"em","top":"2","right":"1","bottom":"2","left":"1","isLinked":false},"padding_tablet":{"unit":"px","top":"15","right":"0","bottom":"0","left":"0","isLinked":false},"background_background":"classic","background_color":"#ffffff"},"elements":[{"id":"72102e57","settings":{"_column_size":100,"animation":"fadeIn","_inline_size":null,"_inline_size_tablet":100,"padding":{"unit":"%","top":"4","right":"10","bottom":"0","left":"10","isLinked":false},"padding_mobile":{"unit":"em","top":"1","right":"1","bottom":"1","left":"1","isLinked":true}},"elements":[{"id":"74f422ff","settings":{"title":"Online Courses","typography_typography":"custom","typography_font_size":{"unit":"rem","size":3},"typography_line_height":{"unit":"px","size":44},"align":"center","title_color":"#422e59","typography_font_family":"Montserrat","typography_font_weight":"bold","typography_text_transform":"uppercase","_animation":"fadeIn"},"elements":[],"isInner":false,"widgetType":"heading","elType":"widget"},{"id":"6c694adb","settings":{"weight":{"unit":"px","size":3},"color":"#f7dc79","width":{"unit":"%","size":10},"align":"center","gap":{"unit":"px","size":0},"_padding":{"unit":"px","top":"15","right":"0","bottom":"0","left":"0","isLinked":false},"_animation":"fadeInUp","text":"Divider"},"elements":[],"isInner":false,"widgetType":"divider","elType":"widget"},{"id":"22757b52","settings":{"editor":"<p>Lorem ipsum dolor sit amet, consectetur adipiscing elit. Vivamus eu mauris eleifend, rhoncus metus vel, vestibulum odio. Suspendisse eget ante vel arcu pretium eleifend vel quis dolor.<\/p>","align":"center","typography_typography":"custom","typography_line_height":{"unit":"em","size":1.5},"text_color":"#54595F","typography_font_family":"Muli","typography_font_size":{"unit":"rem","size":1.100000000000000088817841970012523233890533447265625},"_animation":"fadeIn"},"elements":[],"isInner":false,"widgetType":"text-editor","elType":"widget"}],"isInner":false,"elType":"column"}],"isInner":false,"elType":"section"},{"id":"2eb9b77","settings":{"gap":"no","background_background":"classic","padding":{"unit":"px","top":"0","right":"0","bottom":"50","left":"0","isLinked":false},"padding_mobile":{"unit":"em","top":"2","right":"1","bottom":"2","left":"1","isLinked":false},"padding_tablet":{"unit":"px","top":"0","right":"0","bottom":"15","left":"0","isLinked":false},"animation":"fadeIn","animation_delay":100,"background_color":"#ffffff"},"elements":[{"id":"78884752","settings":{"_column_size":100},"elements":[{"id":"3db9d593","settings":{"structure":"40"},"elements":[{"id":"3cc13bea","settings":{"_column_size":25,"_inline_size":null,"animation":"fadeIn","_inline_size_tablet":50,"padding_mobile":{"unit":"px","top":"0","right":"10","bottom":"15","left":"10","isLinked":false},"padding_tablet":{"unit":"px","top":"0","right":"10","bottom":"25","left":"10","isLinked":false}},"elements":[{"id":"4d8ad760","settings":{"image":{"id":"3385","url":"https:\/\/cliente.shazamlnv.com\/setasolar\/wp-content\/uploads\/2022\/04\/course-5.jpg"},"image_size":"medium","width":{"unit":"%","size":100},"link_to":"custom","opacity_hover":{"unit":"px","size":0.8000000000000000444089209850062616169452667236328125},"background_hover_transition":{"unit":"px","size":0.299999999999999988897769753748434595763683319091796875},"hover_animation":"grow"},"elements":[],"isInner":false,"widgetType":"image","elType":"widget"},{"id":"17f6241b","settings":{"text":"$150","size":"xs","border_radius":{"unit":"px","top":"0","right":"0","bottom":"0","left":"0","isLinked":true},"_margin":{"unit":"px","top":"-33","right":"0","bottom":"0","left":"0","isLinked":false},"button_text_color":"#f7dc79","background_color":"#422e59"},"elements":[],"isInner":false,"widgetType":"button","elType":"widget"},{"id":"16f51206","settings":{"title":"Computer Science","header_size":"h4","align":"center","typography_typography":"custom","typography_font_size":{"unit":"rem","size":1.1999999999999999555910790149937383830547332763671875},"typography_line_height":{"unit":"px","size":30},"_padding":{"unit":"px","top":"25","right":"0","bottom":"0","left":"0","isLinked":false},"title_color":"#422e59","typography_font_family":"Muli","typography_font_weight":"bold","typography_text_transform":"capitalize"},"elements":[],"isInner":false,"widgetType":"heading","elType":"widget"},{"id":"140e3682","settings":{"weight":{"unit":"px","size":3},"color":"#f7dc79","width":{"unit":"%","size":10},"align":"center","gap":{"unit":"px","size":0},"_padding":{"unit":"px","top":"15","right":"0","bottom":"0","left":"0","isLinked":false},"text":"Divider"},"elements":[],"isInner":false,"widgetType":"divider","elType":"widget"},{"id":"74a33f76","settings":{"editor":"<p>Lorem ipsum dolor sit amet, consectetur adipiscing elit.<br><\/p>","align":"center","typography_typography":"custom","typography_line_height":{"unit":"em","size":1.5},"text_color":"#777777","typography_font_family":"Muli","typography_font_size":{"unit":"rem","size":""}},"elements":[],"isInner":false,"widgetType":"text-editor","elType":"widget"}],"isInner":true,"elType":"column"},{"id":"65fc7a3e","settings":{"_column_size":25,"_inline_size":null,"animation":"fadeIn","animation_delay":150,"_inline_size_tablet":50,"padding_mobile":{"unit":"px","top":"0","right":"10","bottom":"15","left":"10","isLinked":false},"padding_tablet":{"unit":"px","top":"0","right":"10","bottom":"25","left":"10","isLinked":false}},"elements":[{"id":"360fd52a","settings":{"image":{"id":"3386","url":"https:\/\/cliente.shazamlnv.com\/setasolar\/wp-content\/uploads\/2022\/04\/course-6.jpg"},"width":{"unit":"%","size":100},"opacity_hover":{"unit":"px","size":0.8000000000000000444089209850062616169452667236328125},"background_hover_transition":{"unit":"px","size":0.299999999999999988897769753748434595763683319091796875},"hover_animation":"grow","image_size":"medium"},"elements":[],"isInner":false,"widgetType":"image","elType":"widget"},{"id":"1f5e0b82","settings":{"text":"$135","size":"xs","border_radius":{"unit":"px","top":"0","right":"0","bottom":"0","left":"0","isLinked":true},"_margin":{"unit":"px","top":"-33","right":"0","bottom":"0","left":"0","isLinked":false},"button_text_color":"#f7dc79","background_color":"#422e59"},"elements":[],"isInner":false,"widgetType":"button","elType":"widget"},{"id":"e4234cc","settings":{"title":"Photography","header_size":"h4","align":"center","typography_typography":"custom","typography_font_size":{"unit":"rem","size":1.1999999999999999555910790149937383830547332763671875},"typography_line_height":{"unit":"px","size":30},"_padding":{"unit":"px","top":"25","right":"0","bottom":"0","left":"0","isLinked":false},"title_color":"#422e59","typography_font_family":"Muli","typography_font_weight":"bold","typography_text_transform":"capitalize"},"elements":[],"isInner":false,"widgetType":"heading","elType":"widget"},{"id":"4a55b9c6","settings":{"weight":{"unit":"px","size":3},"color":"#f7dc79","width":{"unit":"%","size":10},"align":"center","gap":{"unit":"px","size":0},"_padding":{"unit":"px","top":"15","right":"0","bottom":"0","left":"0","isLinked":false},"text":"Divider"},"elements":[],"isInner":false,"widgetType":"divider","elType":"widget"},{"id":"3126cbb6","settings":{"editor":"<p>Lorem ipsum dolor sit amet, consectetur adipiscing elit.<br><\/p>","align":"center","typography_typography":"custom","typography_line_height":{"unit":"em","size":1.5},"typography_font_family":"Muli","typography_font_size":{"unit":"rem","size":""}},"elements":[],"isInner":false,"widgetType":"text-editor","elType":"widget"}],"isInner":true,"elType":"column"},{"id":"73f32710","settings":{"_column_size":25,"_inline_size":null,"animation":"fadeIn","animation_delay":300,"_inline_size_tablet":50,"padding_mobile":{"unit":"px","top":"0","right":"10","bottom":"15","left":"10","isLinked":false},"padding_tablet":{"unit":"px","top":"0","right":"10","bottom":"25","left":"10","isLinked":false}},"elements":[{"id":"7fe4a9d6","settings":{"image":{"id":"3387","url":"https:\/\/cliente.shazamlnv.com\/setasolar\/wp-content\/uploads\/2022\/04\/course-7.1.jpg"},"width":{"unit":"%","size":100},"opacity_hover":{"unit":"px","size":0.8000000000000000444089209850062616169452667236328125},"background_hover_transition":{"unit":"px","size":0.299999999999999988897769753748434595763683319091796875},"hover_animation":"grow","image_size":"medium"},"elements":[],"isInner":false,"widgetType":"image","elType":"widget"},{"id":"77ac3153","settings":{"text":"$90","size":"xs","border_radius":{"unit":"px","top":"0","right":"0","bottom":"0","left":"0","isLinked":true},"_margin":{"unit":"px","top":"-33","right":"0","bottom":"0","left":"0","isLinked":false},"button_text_color":"#f7dc79","background_color":"#422e59"},"elements":[],"isInner":false,"widgetType":"button","elType":"widget"},{"id":"278f7d30","settings":{"title":"Networking For Beginners","header_size":"h4","align":"center","typography_typography":"custom","typography_font_size":{"unit":"rem","size":1.1999999999999999555910790149937383830547332763671875},"typography_line_height":{"unit":"px","size":30},"_padding":{"unit":"px","top":"25","right":"0","bottom":"0","left":"0","isLinked":false},"title_color":"#422e59","typography_font_family":"Muli","typography_font_weight":"bold","typography_text_transform":"capitalize"},"elements":[],"isInner":false,"widgetType":"heading","elType":"widget"},{"id":"54391a71","settings":{"weight":{"unit":"px","size":3},"color":"#f7dc79","width":{"unit":"%","size":10},"align":"center","gap":{"unit":"px","size":0},"_padding":{"unit":"px","top":"15","right":"0","bottom":"0","left":"0","isLinked":false},"text":"Divider"},"elements":[],"isInner":false,"widgetType":"divider","elType":"widget"},{"id":"73c00e50","settings":{"editor":"<p>Lorem ipsum dolor sit amet, consectetur adipiscing elit.<br><\/p>","align":"center","typography_typography":"custom","typography_line_height":{"unit":"em","size":1.5},"typography_font_family":"Muli","typography_font_size":{"unit":"rem","size":""}},"elements":[],"isInner":false,"widgetType":"text-editor","elType":"widget"}],"isInner":true,"elType":"column"},{"id":"1d7e0e1d","settings":{"_column_size":25,"_inline_size":null,"animation":"fadeIn","animation_delay":450,"_inline_size_tablet":50,"padding_mobile":{"unit":"px","top":"0","right":"10","bottom":"15","left":"10","isLinked":false},"padding_tablet":{"unit":"px","top":"0","right":"10","bottom":"25","left":"10","isLinked":false}},"elements":[{"id":"410162c5","settings":{"image":{"id":"3388","url":"https:\/\/cliente.shazamlnv.com\/setasolar\/wp-content\/uploads\/2022\/04\/course-8.jpg"},"width":{"unit":"%","size":100},"opacity_hover":{"unit":"px","size":0.8000000000000000444089209850062616169452667236328125},"background_hover_transition":{"unit":"px","size":0.299999999999999988897769753748434595763683319091796875},"hover_animation":"grow","image_size":"medium"},"elements":[],"isInner":false,"widgetType":"image","elType":"widget"},{"id":"2b9c34c4","settings":{"text":"$340","size":"xs","border_radius":{"unit":"px","top":"0","right":"0","bottom":"0","left":"0","isLinked":true},"_margin":{"unit":"px","top":"-33","right":"0","bottom":"0","left":"0","isLinked":false},"button_text_color":"#f7dc79","background_color":"#422e59"},"elements":[],"isInner":false,"widgetType":"button","elType":"widget"},{"id":"6e1e0cc3","settings":{"title":"Psychological Sciences","header_size":"h4","align":"center","typography_typography":"custom","typography_font_size":{"unit":"rem","size":1.1999999999999999555910790149937383830547332763671875},"typography_line_height":{"unit":"px","size":30},"_padding":{"unit":"px","top":"25","right":"0","bottom":"0","left":"0","isLinked":false},"title_color":"#422e59","typography_font_family":"Muli","typography_font_weight":"bold","typography_text_transform":"capitalize"},"elements":[],"isInner":false,"widgetType":"heading","elType":"widget"},{"id":"18ff64d4","settings":{"weight":{"unit":"px","size":3},"color":"#f7dc79","width":{"unit":"%","size":10},"align":"center","gap":{"unit":"px","size":0},"_padding":{"unit":"px","top":"15","right":"0","bottom":"0","left":"0","isLinked":false},"text":"Divider"},"elements":[],"isInner":false,"widgetType":"divider","elType":"widget"},{"id":"16ca3343","settings":{"editor":"<p>Lorem ipsum dolor sit amet, consectetur adipiscing elit.<br><\/p>","align":"center","typography_typography":"custom","typography_line_height":{"unit":"em","size":1.5},"typography_font_family":"Muli","typography_font_size":{"unit":"rem","size":""}},"elements":[],"isInner":false,"widgetType":"text-editor","elType":"widget"}],"isInner":true,"elType":"column"}],"isInner":true,"elType":"section"}],"isInner":false,"elType":"column"}],"isInner":false,"elType":"section"},{"id":"275d568e","settings":{"background_background":"classic","background_color":"#f5f5f5","padding":{"unit":"px","top":"50","right":"0","bottom":"15","left":"0","isLinked":false},"padding_mobile":{"unit":"em","top":"2","right":"1","bottom":"2","left":"1","isLinked":false},"padding_tablet":{"unit":"px","top":"15","right":"0","bottom":"0","left":"0","isLinked":false}},"elements":[{"id":"471726ed","settings":{"_column_size":100,"animation":"fadeIn","_inline_size":null,"_inline_size_tablet":100,"padding":{"unit":"%","top":"4","right":"10","bottom":"0","left":"10","isLinked":false},"padding_mobile":{"unit":"%","top":"6","right":"6","bottom":"6","left":"6","isLinked":true}},"elements":[{"id":"1c123633","settings":{"title":"What's happening","typography_typography":"custom","typography_font_size":{"unit":"rem","size":3},"typography_line_height":{"unit":"px","size":44},"align":"center","title_color":"#422e59","typography_font_family":"Montserrat","typography_font_weight":"bold","typography_text_transform":"uppercase","_animation":"fadeIn","typography_font_size_mobile":{"unit":"rem","size":2,"sizes":[]}},"elements":[],"isInner":false,"widgetType":"heading","elType":"widget"},{"id":"456db5ad","settings":{"weight":{"unit":"px","size":3},"color":"#f7dc79","width":{"unit":"%","size":10},"align":"center","gap":{"unit":"px","size":0},"_padding":{"unit":"px","top":"15","right":"0","bottom":"0","left":"0","isLinked":false},"_animation":"fadeInUp","text":"Divider"},"elements":[],"isInner":false,"widgetType":"divider","elType":"widget"},{"id":"3ea64e49","settings":{"editor":"<p>Lorem ipsum dolor sit amet, consectetur adipiscing elit. Vivamus eu mauris eleifend, rhoncus metus vel, vestibulum odio. Suspendisse eget ante vel arcu pretium eleifend vel quis dolor.<\/p>","align":"center","typography_typography":"custom","typography_line_height":{"unit":"em","size":1.5},"text_color":"#54595F","typography_font_family":"Muli","typography_font_size":{"unit":"rem","size":1.100000000000000088817841970012523233890533447265625},"_animation":"fadeIn"},"elements":[],"isInner":false,"widgetType":"text-editor","elType":"widget"}],"isInner":false,"elType":"column"}],"isInner":false,"elType":"section"},{"id":"6e5ef1e6","settings":{"structure":"30","background_background":"classic","background_color":"#f5f5f5","padding":{"unit":"px","top":"0","right":"0","bottom":"50","left":"0","isLinked":false},"padding_tablet":{"unit":"px","top":"0","right":"0","bottom":"15","left":"0","isLinked":false},"padding_mobile":{"unit":"em","top":"2","right":"1","bottom":"2","left":"1","isLinked":false}},"elements":[{"id":"b76fc82","settings":{"_column_size":33,"_inline_size":null,"_inline_size_tablet":100,"padding_tablet":{"unit":"px","top":"0","right":"10","bottom":"25","left":"10","isLinked":false},"animation":"fadeIn","animation_delay":100},"elements":[{"id":"18141a99","settings":{"layout":"full_width","content_width":{"unit":"px","size":500},"padding":{"unit":"px","top":"0","right":"0","bottom":"0","left":"0","isLinked":true},"animation":"fadeIn"},"elements":[{"id":"192a8707","settings":{"_column_size":100,"_inline_size":null,"space_between_widgets":0,"border_border":"solid","border_width":{"unit":"px","top":"2","right":"2","bottom":"2","left":"2","isLinked":true},"border_color":"#efefef","padding":{"unit":"px","top":"0","right":"0","bottom":"0","left":"0","isLinked":true},"background_background":"classic","background_color":"#f7f5ed","padding_tablet":{"unit":"px","top":"0","right":"0","bottom":"0","left":"0","isLinked":true},"_inline_size_tablet":100,"border_hover_border":"solid","border_hover_width":{"unit":"px","top":"2","right":"2","bottom":"2","left":"2","isLinked":true},"border_hover_color":"#f7dc79","box_shadow_hover_box_shadow_type":"yes","box_shadow_hover_box_shadow":{"horizontal":0,"vertical":0,"blur":10,"spread":0,"color":"rgba(66,46,89,0.48)"}},"elements":[{"id":"160e4765","settings":{"image":{"id":"3389","url":"https:\/\/cliente.shazamlnv.com\/setasolar\/wp-content\/uploads\/2022\/04\/post-4.jpg"},"image_size":"full","width":{"unit":"%","size":100}},"elements":[],"isInner":false,"widgetType":"image","elType":"widget"},{"id":"4ae4d51f","settings":{"editor":"<p>Social Science<\/p>","text_color":"#422e59","typography_typography":"custom","typography_font_size":{"unit":"rem","size":0.6999999999999999555910790149937383830547332763671875},"typography_font_weight":"700","typography_text_transform":"uppercase","_margin":{"unit":"%","top":"","right":"","bottom":"","left":"","isLinked":false},"_background_background":"classic","_background_size":"auto","typography_font_family":"Muli","_padding":{"unit":"px","top":"20","right":"30","bottom":"0","left":"30","isLinked":false}},"elements":[],"isInner":false,"widgetType":"text-editor","elType":"widget"},{"id":"a1db91b","settings":{"title":"Exciting Discoveries","_padding":{"unit":"px","top":"0","right":"30","bottom":"0","left":"30","isLinked":false},"header_size":"h3","align":"left","title_color":"#422e59","typography_typography":"custom","typography_font_family":"Muli","typography_font_size":{"unit":"rem","size":1.399999999999999911182158029987476766109466552734375},"typography_font_weight":"bold","typography_text_transform":"capitalize","typography_line_height":{"unit":"em","size":1.5}},"elements":[],"isInner":false,"widgetType":"heading","elType":"widget"},{"id":"1fe7ad8e","settings":{"editor":"<p>Lorem ipsum dolor sit amet, consectetur pis elit. Phasellus tristique id dolor nec tempus. Dui eget magna ut mi efficitur mostie. Nulla euagna feugiat, ullamcorper tempus magna.<\/p>","typography_typography":"custom","typography_font_size":{"unit":"rem","size":""},"typography_line_height":{"unit":"em","size":1.5},"_padding":{"unit":"em","top":"0","right":"2","bottom":"0","left":"2","isLinked":false},"align":"left","text_color":"#777777","typography_font_family":"Muli"},"elements":[],"isInner":false,"widgetType":"text-editor","elType":"widget"},{"id":"33b65911","settings":{"text":"Read More","size":"xs","_margin":{"unit":"px","top":"25","right":"25","bottom":"25","left":"25","isLinked":false},"border_radius":{"unit":"%","top":"","right":"","bottom":"","left":"","isLinked":true},"align":"left","icon":"fa fa-arrow-right","icon_align":"right","icon_indent":{"unit":"px","size":15},"typography_typography":"custom","typography_font_family":"Muli","typography_font_size":{"unit":"rem","size":0.8000000000000000444089209850062616169452667236328125},"typography_text_transform":"uppercase","button_text_color":"#f7e6b4","background_color":"#422e59","text_padding":{"unit":"px","top":"10","right":"15","bottom":"10","left":"15","isLinked":false},"selected_icon":{"value":"fas fa-arrow-right","library":"fa-solid"},"typography_font_weight":"600"},"elements":[],"isInner":false,"widgetType":"button","elType":"widget"}],"isInner":true,"elType":"column"}],"isInner":true,"elType":"section"}],"isInner":false,"elType":"column"},{"id":"30453856","settings":{"_column_size":33,"_inline_size":null,"_inline_size_tablet":50,"padding_tablet":{"unit":"px","top":"0","right":"10","bottom":"25","left":"10","isLinked":false},"animation":"fadeIn","animation_delay":200},"elements":[{"id":"a2d407f","settings":{"layout":"full_width","content_width":{"unit":"px","size":500},"padding":{"unit":"px","top":"0","right":"0","bottom":"0","left":"0","isLinked":true},"animation":"fadeIn","animation_delay":150},"elements":[{"id":"4e4d81d5","settings":{"_column_size":100,"_inline_size":null,"space_between_widgets":0,"border_border":"solid","border_width":{"unit":"px","top":"2","right":"2","bottom":"2","left":"2","isLinked":true},"border_color":"#efefef","padding":{"unit":"px","top":"0","right":"0","bottom":"0","left":"0","isLinked":true},"background_background":"classic","background_color":"#f7f5ed","border_hover_border":"solid","border_hover_width":{"unit":"px","top":"2","right":"2","bottom":"2","left":"2","isLinked":true},"border_hover_color":"#f7dc79","box_shadow_hover_box_shadow_type":"yes","box_shadow_hover_box_shadow":{"horizontal":0,"vertical":0,"blur":10,"spread":0,"color":"rgba(66,46,89,0.48)"},"padding_tablet":{"unit":"px","top":"0","right":"0","bottom":"0","left":"0","isLinked":true}},"elements":[{"id":"264f096f","settings":{"image":{"id":"3390","url":"https:\/\/cliente.shazamlnv.com\/setasolar\/wp-content\/uploads\/2022\/04\/post-5.jpg"},"image_size":"full","width":{"unit":"%","size":100}},"elements":[],"isInner":false,"widgetType":"image","elType":"widget"},{"id":"370e6fa8","settings":{"editor":"<p>Climate Change<\/p>","text_color":"#422e59","typography_typography":"custom","typography_font_size":{"unit":"rem","size":0.6999999999999999555910790149937383830547332763671875},"typography_font_weight":"700","typography_text_transform":"uppercase","_margin":{"unit":"%","top":"","right":"","bottom":"","left":"","isLinked":false},"_background_background":"classic","_background_size":"auto","typography_font_family":"Muli","_padding":{"unit":"px","top":"20","right":"30","bottom":"0","left":"30","isLinked":false}},"elements":[],"isInner":false,"widgetType":"text-editor","elType":"widget"},{"id":"62bb1e9a","settings":{"title":"Getting Warmer","_padding":{"unit":"px","top":"0","right":"30","bottom":"0","left":"30","isLinked":false},"align":"left","title_color":"#422e59","typography_typography":"custom","typography_font_family":"Muli","typography_font_size":{"unit":"rem","size":1.399999999999999911182158029987476766109466552734375},"typography_font_weight":"bold","typography_text_transform":"capitalize","typography_line_height":{"unit":"em","size":1.5}},"elements":[],"isInner":false,"widgetType":"heading","elType":"widget"},{"id":"93cb8eb","settings":{"editor":"<p>Lorem ipsum dolor sit amet, consectetur pis elit. Phasellus tristique id dolor nec tempus. Dui eget magna ut mi efficitur mostie. Nulla euagna feugiat, ullamcorper tempus magna.<\/p>","typography_typography":"custom","typography_font_size":{"unit":"rem","size":""},"typography_line_height":{"unit":"em","size":1.5},"_padding":{"unit":"px","top":"0","right":"30","bottom":"0","left":"30","isLinked":false},"align":"left","text_color":"#777777","typography_font_family":"Muli"},"elements":[],"isInner":false,"widgetType":"text-editor","elType":"widget"},{"id":"f68507e","settings":{"text":"Read More","size":"xs","_margin":{"unit":"px","top":"25","right":"25","bottom":"25","left":"25","isLinked":false},"border_radius":{"unit":"%","top":"","right":"","bottom":"","left":"","isLinked":true},"align":"left","icon":"fa fa-arrow-right","icon_align":"right","icon_indent":{"unit":"px","size":15},"typography_typography":"custom","typography_font_family":"Muli","typography_font_size":{"unit":"rem","size":0.8000000000000000444089209850062616169452667236328125},"typography_text_transform":"uppercase","button_text_color":"#f7e6b4","background_color":"#422e59","text_padding":{"unit":"px","top":"10","right":"15","bottom":"10","left":"15","isLinked":false},"selected_icon":{"value":"fas fa-arrow-right","library":"fa-solid"},"typography_font_weight":"600"},"elements":[],"isInner":false,"widgetType":"button","elType":"widget"}],"isInner":true,"elType":"column"}],"isInner":true,"elType":"section"}],"isInner":false,"elType":"column"},{"id":"7b394a52","settings":{"_column_size":33,"_inline_size":null,"_inline_size_tablet":50,"padding_tablet":{"unit":"px","top":"0","right":"10","bottom":"25","left":"10","isLinked":false},"animation":"fadeIn","animation_delay":300},"elements":[{"id":"25c816da","settings":{"layout":"full_width","content_width":{"unit":"px","size":500},"padding":{"unit":"px","top":"0","right":"0","bottom":"0","left":"0","isLinked":true},"animation":"fadeIn","animation_delay":300},"elements":[{"id":"4b12ca10","settings":{"_column_size":100,"_inline_size":null,"space_between_widgets":0,"border_border":"solid","border_width":{"unit":"px","top":"2","right":"2","bottom":"2","left":"2","isLinked":true},"border_color":"#efefef","padding":{"unit":"px","top":"0","right":"0","bottom":"0","left":"0","isLinked":true},"background_background":"classic","background_color":"#f7f5ed","border_hover_border":"solid","border_hover_width":{"unit":"px","top":"2","right":"2","bottom":"2","left":"2","isLinked":true},"border_hover_color":"#f7dc79","box_shadow_hover_box_shadow_type":"yes","box_shadow_hover_box_shadow":{"horizontal":0,"vertical":0,"blur":10,"spread":0,"color":"rgba(66,46,89,0.48)"},"padding_tablet":{"unit":"px","top":"0","right":"0","bottom":"0","left":"0","isLinked":true}},"elements":[{"id":"60358022","settings":{"image":{"id":"3391","url":"https:\/\/cliente.shazamlnv.com\/setasolar\/wp-content\/uploads\/2022\/04\/post-6.jpg"},"image_size":"full","width":{"unit":"%","size":100}},"elements":[],"isInner":false,"widgetType":"image","elType":"widget"},{"id":"7bc3d8ce","settings":{"editor":"<p>Community Outreach<\/p>","text_color":"#422e59","typography_typography":"custom","typography_font_size":{"unit":"rem","size":0.6999999999999999555910790149937383830547332763671875},"typography_font_weight":"700","typography_text_transform":"uppercase","_margin":{"unit":"%","top":"","right":"","bottom":"","left":"","isLinked":false},"_background_background":"classic","_background_size":"auto","typography_font_family":"Muli","_padding":{"unit":"px","top":"20","right":"30","bottom":"0","left":"30","isLinked":false}},"elements":[],"isInner":false,"widgetType":"text-editor","elType":"widget"},{"id":"495e127c","settings":{"title":"Tutoring Opportunities","_padding":{"unit":"px","top":"0","right":"30","bottom":"0","left":"30","isLinked":false},"align":"left","title_color":"#422e59","typography_typography":"custom","typography_font_family":"Muli","typography_font_size":{"unit":"rem","size":1.399999999999999911182158029987476766109466552734375},"typography_font_weight":"bold","typography_text_transform":"capitalize","typography_line_height":{"unit":"em","size":1.5}},"elements":[],"isInner":false,"widgetType":"heading","elType":"widget"},{"id":"34da43c4","settings":{"editor":"<p>Lorem ipsum dolor sit amet, consectetur pis elit. Phasellus tristique id dolor nec tempus. Dui eget magna ut mi efficitur mostie. Nulla euagna feugiat, ullamcorper tempus magna.<\/p>","typography_typography":"custom","typography_font_size":{"unit":"rem","size":""},"typography_line_height":{"unit":"em","size":1.5},"_padding":{"unit":"px","top":"0","right":"30","bottom":"0","left":"30","isLinked":false},"align":"left","text_color":"#777777","typography_font_family":"Muli"},"elements":[],"isInner":false,"widgetType":"text-editor","elType":"widget"},{"id":"3cef78fe","settings":{"text":"Read More","size":"xs","_margin":{"unit":"px","top":"25","right":"25","bottom":"25","left":"25","isLinked":false},"border_radius":{"unit":"%","top":"","right":"","bottom":"","left":"","isLinked":true},"align":"left","icon":"fa fa-arrow-right","icon_align":"right","icon_indent":{"unit":"px","size":15},"typography_typography":"custom","typography_font_family":"Muli","typography_font_size":{"unit":"rem","size":0.8000000000000000444089209850062616169452667236328125},"typography_text_transform":"uppercase","button_text_color":"#f7e6b4","background_color":"#422e59","text_padding":{"unit":"px","top":"10","right":"15","bottom":"10","left":"15","isLinked":false},"selected_icon":{"value":"fas fa-arrow-right","library":"fa-solid"},"typography_font_weight":"600"},"elements":[],"isInner":false,"widgetType":"button","elType":"widget"}],"isInner":true,"elType":"column"}],"isInner":true,"elType":"section"}],"isInner":false,"elType":"column"}],"isInner":false,"elType":"section"},{"id":"3a65db47","settings":{"background_background":"classic","padding":{"unit":"px","top":"72","right":"0","bottom":"72","left":"0","isLinked":false},"padding_tablet":{"unit":"px","top":"100","right":"0","bottom":"100","left":"0","isLinked":false},"padding_mobile":{"unit":"em","top":"2","right":"1","bottom":"2","left":"1","isLinked":false},"background_image":{"id":"3392","url":"https:\/\/cliente.shazamlnv.com\/setasolar\/wp-content\/uploads\/2022\/04\/homepage2-hero.jpg"},"background_position":"top center","background_attachment":"fixed","background_repeat":"no-repeat","background_size":"cover","background_overlay_background":"classic","background_overlay_color":"#422e59","background_overlay_opacity":{"unit":"px","size":0.8000000000000000444089209850062616169452667236328125}},"elements":[{"id":"6315ea6a","settings":{"_column_size":100,"_inline_size":null,"_inline_size_tablet":100,"padding_mobile":{"unit":"px","top":"0","right":"0","bottom":"0","left":"0","isLinked":true},"animation":"fadeIn","padding_tablet":{"unit":"px","top":"0","right":"25","bottom":"0","left":"25","isLinked":false},"padding":{"unit":"%","top":"0","right":"10","bottom":"0","left":"10","isLinked":false}},"elements":[{"id":"1d533e87","settings":{"title":"Your Future Starts Here.","align_mobile":"center","title_color":"#f7dc79","typography_typography":"custom","typography_font_size":{"unit":"rem","size":3},"typography_line_height":{"unit":"px","size":44},"align":"center","typography_font_family":"Montserrat","typography_font_weight":"bold","typography_text_transform":"uppercase","_animation":"fadeIn","typography_font_size_mobile":{"unit":"rem","size":2,"sizes":[]}},"elements":[],"isInner":false,"widgetType":"heading","elType":"widget"},{"id":"7d090da6","settings":{"weight":{"unit":"px","size":3},"color":"#f7dc79","width":{"unit":"%","size":10},"align":"center","gap":{"unit":"px","size":0},"_padding":{"unit":"px","top":"15","right":"0","bottom":"0","left":"0","isLinked":false},"_animation":"fadeInUp","text":"Divider"},"elements":[],"isInner":false,"widgetType":"divider","elType":"widget"},{"id":"624cbbe0","settings":{"editor":"<p>Lorem ipsum dolor sit amet, consectetur adipiscing elit. Vivamus eu mauris eleifend, rhoncus metus vel, vestibulum odio. Suspendisse eget ante vel arcu pretium eleifend vel quis dolor.<\/p>","align_mobile":"center","text_color":"#f7dc79","align":"center","typography_typography":"custom","typography_line_height":{"unit":"px","size":32},"typography_font_family":"Muli","typography_font_size":{"unit":"rem","size":1.100000000000000088817841970012523233890533447265625},"_animation":"fadeIn","_animation_delay":100,"typography_font_size_mobile":{"unit":"rem","size":0.8000000000000000444089209850062616169452667236328125,"sizes":[]},"typography_line_height_mobile":{"unit":"em","size":1.6999999999999999555910790149937383830547332763671875,"sizes":[]}},"elements":[],"isInner":false,"widgetType":"text-editor","elType":"widget"},{"id":"5bc25877","settings":{"text":"Learn More","align":"center","typography_typography":"custom","typography_font_family":"Muli","typography_font_size":{"unit":"rem","size":""},"typography_line_height":{"unit":"px","size":21},"typography_letter_spacing":{"unit":"px","size":2},"button_text_color":"#422e59","background_color":"#f7dc79","border_radius":{"unit":"px","top":"3","right":"3","bottom":"3","left":"3","isLinked":true},"text_padding":{"unit":"em","top":"","right":"","bottom":"","left":"","isLinked":false},"icon_indent":{"unit":"px","size":15},"typography_font_size_mobile":{"unit":"px","size":12},"typography_font_weight":"600","typography_text_transform":"uppercase","typography_line_height_mobile":{"unit":"px","size":14},"_margin":{"unit":"px","top":"0","right":"0","bottom":"0","left":"0","isLinked":true},"_padding_tablet":{"unit":"px","top":"15","right":"0","bottom":"0","left":"0","isLinked":false},"_padding_mobile":{"unit":"px","top":"0","right":"0","bottom":"0","left":"0","isLinked":true},"_animation":"fadeIn","_animation_delay":300,"align_mobile":"justify","hover_animation":"grow"},"elements":[],"isInner":false,"widgetType":"button","elType":"widget"}],"isInner":false,"elType":"column"}],"isInner":false,"elType":"section"}],"page_settings":[],"version":"0.4","title":"EDUCA\u00c7\u00c3O","type":"section"}