{
    "version": "0.4",
    "title": "404",
    "type": "section",
    "metadata": {
        "template_type": "single-404",
        "include_in_zip": "1",
        "elementor_pro_required": null,
        "wp_page_template": "elementor_canvas"
    },
    "content": [
        {
            "id": "28fd7e92",
            "settings": {
                "height": "min-height",
                "background_background": "classic",
                "background_color": "#242424",
                "padding": {
                    "unit": "px",
                    "top": "0",
                    "right": "0",
                    "bottom": "0",
                    "left": "0",
                    "isLinked": true
                },
                "custom_height": {
                    "unit": "vh",
                    "size": 100,
                    "sizes": []
                },
                "custom_height_mobile": {
                    "unit": "vh",
                    "size": 100,
                    "sizes": []
                },
                "padding_mobile": {
                    "unit": "px",
                    "top": "24",
                    "right": "0",
                    "bottom": "0",
                    "left": "0",
                    "isLinked": false
                }
            },
            "elements": [
                {
                    "id": "578cdaa2",
                    "settings": {
                        "_column_size": 100,
                        "_inline_size": null
                    },
                    "elements": [
                        {
                            "id": "38a0d396",
                            "settings": {
                                "image": {
                                    "id": 683,
                                    "url": "https:\/\/demo.detheme.com\/menzone\/wp-content\/uploads\/sites\/127\/2020\/04\/astro.png"
                                },
                                "image_size": "full",
                                "width": {
                                    "unit": "px",
                                    "size": 548,
                                    "sizes": []
                                },
                                "_margin": {
                                    "unit": "px",
                                    "top": "0",
                                    "right": "0",
                                    "bottom": "64",
                                    "left": "0",
                                    "isLinked": false
                                },
                                "_margin_mobile": {
                                    "unit": "px",
                                    "top": "0",
                                    "right": "0",
                                    "bottom": "24",
                                    "left": "0",
                                    "isLinked": false
                                }
                            },
                            "elements": [],
                            "isInner": false,
                            "widgetType": "image",
                            "elType": "widget"
                        },
                        {
                            "id": "21c21f74",
                            "settings": {
                                "image": {
                                    "id": 60,
                                    "url": "https:\/\/demo.detheme.com\/menzone\/wp-content\/uploads\/sites\/127\/2020\/04\/light-1.png"
                                },
                                "width": {
                                    "unit": "%",
                                    "size": 13,
                                    "sizes": []
                                },
                                "_margin": {
                                    "unit": "px",
                                    "top": "0",
                                    "right": "0",
                                    "bottom": "32",
                                    "left": "0",
                                    "isLinked": false
                                },
                                "width_mobile": {
                                    "unit": "px",
                                    "size": 107,
                                    "sizes": []
                                }
                            },
                            "elements": [],
                            "isInner": false,
                            "widgetType": "image",
                            "elType": "widget"
                        },
                        {
                            "id": "2143227c",
                            "settings": {
                                "title": "\nThe requested URL was not found on this server.\nThat's all we know",
                                "header_size": "span",
                                "align": "center",
                                "_margin": {
                                    "unit": "px",
                                    "top": "0",
                                    "right": "0",
                                    "bottom": "24",
                                    "left": "0",
                                    "isLinked": false
                                },
                                "title_color": "#FFFFFF"
                            },
                            "elements": [],
                            "isInner": false,
                            "widgetType": "heading",
                            "elType": "widget"
                        },
                        {
                            "id": "3319201",
                            "settings": {
                                "text": "Back Home",
                                "align": "center",
                                "selected_icon": {
                                    "value": "fas fa-home",
                                    "library": "fa-solid"
                                },
                                "icon_indent": {
                                    "unit": "px",
                                    "size": 13,
                                    "sizes": []
                                }
                            },
                            "elements": [],
                            "isInner": false,
                            "widgetType": "button",
                            "elType": "widget"
                        }
                    ],
                    "isInner": false,
                    "elType": "column"
                }
            ],
            "isInner": false,
            "elType": "section"
        }
    ]
}