{
    "version": "0.4",
    "title": "Blog",
    "type": "section",
    "metadata": {
        "template_type": "archive-blog",
        "include_in_zip": "1",
        "elementor_pro_required": null,
        "wp_page_template": "elementor_header_footer"
    },
    "content": [
        {
            "id": "7e677ffd",
            "settings": {
                "gap": "wider",
                "background_background": "classic",
                "background_color": "#F9F9F9",
                "padding": {
                    "unit": "px",
                    "top": "48",
                    "right": "0",
                    "bottom": "48",
                    "left": "0",
                    "isLinked": false
                }
            },
            "elements": [
                {
                    "id": "2d5918f7",
                    "settings": {
                        "_column_size": 100,
                        "_inline_size": null,
                        "padding_mobile": {
                            "unit": "px",
                            "top": "30",
                            "right": "30",
                            "bottom": "0",
                            "left": "30",
                            "isLinked": false
                        }
                    },
                    "elements": [
                        {
                            "id": "567fdc66",
                            "settings": {
                                "title": "Blog",
                                "header_size": "h1",
                                "typography_typography": "custom",
                                "typography_font_size_tablet": {
                                    "unit": "px",
                                    "size": 50,
                                    "sizes": []
                                },
                                "align": "center"
                            },
                            "elements": [],
                            "isInner": false,
                            "widgetType": "heading",
                            "elType": "widget"
                        }
                    ],
                    "isInner": false,
                    "elType": "column"
                }
            ],
            "isInner": false,
            "elType": "section"
        },
        {
            "id": "75105463",
            "settings": {
                "gap": "wider",
                "padding": {
                    "unit": "px",
                    "top": "96",
                    "right": "0",
                    "bottom": "96",
                    "left": "0",
                    "isLinked": false
                }
            },
            "elements": [
                {
                    "id": "31f3133d",
                    "settings": {
                        "_column_size": 100,
                        "_inline_size": null
                    },
                    "elements": [
                        {
                            "id": "2ee6ade",
                            "settings": {
                                "ekit_blog_posts_layout_style": "elementskit-post-image-card",
                                "ekit_blog_posts_cats": [
                                    "37"
                                ],
                                "ekit_blog_posts_floating_date": "yes",
                                "ekit_blog_posts_meta_select": [
                                    "author",
                                    "category",
                                    "comment"
                                ],
                                "ekit_blog_posts_author_image": "yes",
                                "ekit_blog_posts_meta_category_icons": {
                                    "value": "icon icon-burger-menu",
                                    "library": "ekiticons"
                                },
                                "ekit_blog_posts_meta_comment_icons": {
                                    "value": "icon icon-comments",
                                    "library": "ekiticons"
                                },
                                "ekit_blog_posts_btn_text": "Read more ",
                                "ekit_blog_posts_background_background": "classic",
                                "ekit_blog_posts_background_color": "#FFFFFF",
                                "ekit_blog_posts_shadow_box_shadow_type": "yes",
                                "ekit_blog_posts_shadow_box_shadow": {
                                    "horizontal": 0,
                                    "vertical": 0,
                                    "blur": 10,
                                    "spread": 0,
                                    "color": "rgba(0, 0, 0, 0)"
                                },
                                "ekit_blog_posts_radius": {
                                    "unit": "px",
                                    "top": "0",
                                    "right": "0",
                                    "bottom": "0",
                                    "left": "0",
                                    "isLinked": true
                                },
                                "ekit_blog_posts_padding": {
                                    "unit": "px",
                                    "top": "0",
                                    "right": "0",
                                    "bottom": "0",
                                    "left": "0",
                                    "isLinked": false
                                },
                                "ekit_blog_posts_margin": {
                                    "unit": "px",
                                    "top": "0",
                                    "right": "0",
                                    "bottom": "64",
                                    "left": "0",
                                    "isLinked": false
                                },
                                "ekit_blog_posts_text_content_wraper_padding": {
                                    "unit": "px",
                                    "top": "0",
                                    "right": "32",
                                    "bottom": "48",
                                    "left": "32",
                                    "isLinked": false
                                },
                                "ekit_blog_posts_border_border": "solid",
                                "ekit_blog_posts_border_width": {
                                    "unit": "px",
                                    "top": "1",
                                    "right": "1",
                                    "bottom": "1",
                                    "left": "1",
                                    "isLinked": true
                                },
                                "ekit_blog_posts_border_color": "#DEDEDE",
                                "ekit_blog_posts_content_border_style": "solid",
                                "ekit_blog_posts_content_border_dimensions": {
                                    "unit": "px",
                                    "top": "0",
                                    "right": "0",
                                    "bottom": "0",
                                    "left": "0",
                                    "isLinked": false
                                },
                                "ekit_blog_posts_content_border_color_normal": "#E0E0E0",
                                "ekit_blog_posts_feature_img_radius": {
                                    "unit": "px",
                                    "top": "0",
                                    "right": "0",
                                    "bottom": "0",
                                    "left": "0",
                                    "isLinked": true
                                },
                                "ekit_blog_posts_feature_img_margin": {
                                    "unit": "px",
                                    "top": "0",
                                    "right": "0",
                                    "bottom": "24",
                                    "left": "0",
                                    "isLinked": false
                                },
                                "ekit_blog_posts_feature_img_padding": {
                                    "unit": "px",
                                    "top": "0",
                                    "right": "0",
                                    "bottom": "0",
                                    "left": "0",
                                    "isLinked": false
                                },
                                "ekit_blog_posts_meta_typography_typography": "custom",
                                "ekit_blog_posts_meta_typography_font_size": {
                                    "unit": "px",
                                    "size": 14,
                                    "sizes": []
                                },
                                "ekit_blog_posts_meta_typography_line_height": {
                                    "unit": "em",
                                    "size": 1,
                                    "sizes": []
                                },
                                "ekit_blog_posts_meta_margin": {
                                    "unit": "px",
                                    "top": "0",
                                    "right": "0",
                                    "bottom": "24",
                                    "left": "0",
                                    "isLinked": false
                                },
                                "ekit_blog_posts_meta_item_margin": {
                                    "unit": "px",
                                    "top": "0",
                                    "right": "0",
                                    "bottom": "0",
                                    "left": "16",
                                    "isLinked": false
                                },
                                "ekit_blog_posts_meta_padding": {
                                    "unit": "px",
                                    "top": "0",
                                    "right": "0",
                                    "bottom": "0",
                                    "left": "0",
                                    "isLinked": false
                                },
                                "ekit_blog_posts_meta_icon_padding": {
                                    "unit": "px",
                                    "top": "0",
                                    "right": "0",
                                    "bottom": "0",
                                    "left": "0",
                                    "isLinked": false
                                },
                                "ekit_blog_posts_meta_icon_size": {
                                    "unit": "px",
                                    "size": 13,
                                    "sizes": []
                                },
                                "ekit_blog_posts_meta_color_normal": "#FF6400",
                                "ekit_blog_posts_floating_date_left_pos": {
                                    "unit": "px",
                                    "size": -16,
                                    "sizes": []
                                },
                                "ekit_blog_posts_floating_date_top_pos": {
                                    "unit": "px",
                                    "size": -12,
                                    "sizes": []
                                },
                                "ekit_blog_posts_floating_date_typography_group_typography": "custom",
                                "ekit_blog_posts_floating_date_typography_group_font_size": {
                                    "unit": "px",
                                    "size": 16,
                                    "sizes": []
                                },
                                "ekit_blog_posts_floating_date_typography_group_font_weight": "500",
                                "ekit_blog_posts_floating_date_color": "#FFFFFF",
                                "ekit_blog_posts_floating_date_month_typography_group_typography": "custom",
                                "ekit_blog_posts_floating_date_month_typography_group_font_size": {
                                    "unit": "px",
                                    "size": 10,
                                    "sizes": []
                                },
                                "ekit_blog_posts_floating_date_month_typography_group_font_weight": "300",
                                "ekit_blog_posts_floating_date_month_typography_group_text_transform": "uppercase",
                                "ekit_blog_posts_floating_date_month_typography_group_letter_spacing": {
                                    "unit": "px",
                                    "size": 1,
                                    "sizes": []
                                },
                                "ekit_blog_posts_floating_date_month_color": "#FFFFFF",
                                "ekit_blog_posts_floating_date_bg_color_group_background": "classic",
                                "ekit_blog_posts_floating_date_bg_color_group_color": "#FF6400",
                                "ekit_blog_posts_title_typography_typography": "custom",
                                "ekit_blog_posts_title_typography_font_family": "Montserrat",
                                "ekit_blog_posts_title_typography_font_size": {
                                    "unit": "px",
                                    "size": 21,
                                    "sizes": []
                                },
                                "ekit_blog_posts_title_typography_font_weight": "700",
                                "ekit_blog_posts_title_typography_line_height": {
                                    "unit": "em",
                                    "size": 1.4,
                                    "sizes": []
                                },
                                "ekit_blog_posts_title_color": "#333333",
                                "ekit_blog_posts_content_color": "#333333",
                                "ekit_blog_posts_content_margin": {
                                    "unit": "px",
                                    "top": "0",
                                    "right": "0",
                                    "bottom": "32",
                                    "left": "0",
                                    "isLinked": false
                                },
                                "ekit_blog_posts_author_img_shadow_box_shadow_type": "yes",
                                "ekit_blog_posts_author_img_shadow_box_shadow": {
                                    "horizontal": 0,
                                    "vertical": 0,
                                    "blur": 10,
                                    "spread": 0,
                                    "color": "rgba(0, 0, 0, 0)"
                                },
                                "ekit_blog_posts_author_img_margin": {
                                    "unit": "px",
                                    "top": "0",
                                    "right": "2",
                                    "bottom": "0",
                                    "left": "-22",
                                    "isLinked": false
                                },
                                "ekit_blog_posts_btn_text_padding": {
                                    "unit": "px",
                                    "top": "12",
                                    "right": "32",
                                    "bottom": "12",
                                    "left": "32",
                                    "isLinked": false
                                },
                                "ekit_blog_posts_btn_typography_typography": "custom",
                                "ekit_blog_posts_btn_typography_font_size": {
                                    "unit": "px",
                                    "size": 11,
                                    "sizes": []
                                },
                                "ekit_blog_posts_btn_typography_font_weight": "400",
                                "ekit_blog_posts_btn_typography_text_transform": "uppercase",
                                "ekit_blog_posts_btn_typography_letter_spacing": {
                                    "unit": "px",
                                    "size": 2,
                                    "sizes": []
                                },
                                "ekit_blog_posts_btn_text_color": "#FF6400",
                                "ekit_blog_posts_btn_bg_color_background": "classic",
                                "ekit_blog_posts_btn_bg_color_color": "rgba(2, 1, 1, 0)",
                                "ekit_blog_posts_btn_hover_color": "#FFFFFF",
                                "ekit_blog_posts_btn_bg_hover_color_background": "classic",
                                "ekit_blog_posts_btn_bg_hover_color_color": "#FF6400",
                                "ekit_blog_posts_btn_border_style": "solid",
                                "ekit_blog_posts_btn_border_dimensions": {
                                    "unit": "px",
                                    "top": "1",
                                    "right": "1",
                                    "bottom": "1",
                                    "left": "1",
                                    "isLinked": true
                                },
                                "ekit_blog_posts_btn_border_color": "#FF6400",
                                "ekit_blog_posts_btn_hover_border_color": "#FF6400",
                                "ekit_blog_posts_btn_border_radius": {
                                    "unit": "px",
                                    "top": "0",
                                    "right": "0",
                                    "bottom": "0",
                                    "left": "0",
                                    "isLinked": true
                                },
                                "ekit_blog_posts_num": 6
                            },
                            "elements": [],
                            "isInner": false,
                            "widgetType": "elementskit-blog-posts",
                            "elType": "widget"
                        }
                    ],
                    "isInner": false,
                    "elType": "column"
                }
            ],
            "isInner": false,
            "elType": "section"
        },
        {
            "id": "17f3e5a7",
            "settings": {
                "layout": "full_width",
                "gap": "wider",
                "custom_height": {
                    "unit": "px",
                    "size": 700,
                    "sizes": []
                },
                "background_position": "center center",
                "background_repeat": "no-repeat",
                "background_size": "cover",
                "padding": {
                    "unit": "%",
                    "top": "0",
                    "right": "5",
                    "bottom": "0",
                    "left": "5",
                    "isLinked": false
                },
                "padding_tablet": {
                    "unit": "px",
                    "top": "0",
                    "right": "0",
                    "bottom": "0",
                    "left": "0",
                    "isLinked": false
                }
            },
            "elements": [
                {
                    "id": "1cbb089d",
                    "settings": {
                        "_column_size": 100,
                        "_inline_size": null,
                        "padding": {
                            "unit": "px",
                            "top": "0",
                            "right": "0",
                            "bottom": "0",
                            "left": "0",
                            "isLinked": false
                        }
                    },
                    "elements": [
                        {
                            "id": "5107dbaa",
                            "settings": {
                                "height_inner": "min-height",
                                "custom_height_inner": {
                                    "unit": "px",
                                    "size": 600,
                                    "sizes": []
                                },
                                "structure": "30",
                                "background_background": "classic",
                                "background_image": {
                                    "url": "https:\/\/demo.detheme.com\/menzone\/wp-content\/uploads\/sites\/127\/2020\/04\/workplace-of-business-modern-male-accessories-and-PS82W7G.jpg",
                                    "id": 627
                                },
                                "background_position": "center center",
                                "background_repeat": "no-repeat",
                                "background_size": "cover",
                                "margin": {
                                    "unit": "px",
                                    "top": "0",
                                    "right": 0,
                                    "bottom": "0",
                                    "left": 0,
                                    "isLinked": false
                                },
                                "padding": {
                                    "unit": "px",
                                    "top": "96",
                                    "right": "32",
                                    "bottom": "96",
                                    "left": "32",
                                    "isLinked": false
                                },
                                "custom_height_inner_tablet": {
                                    "unit": "px",
                                    "size": 200,
                                    "sizes": []
                                }
                            },
                            "elements": [
                                {
                                    "id": "74529f6b",
                                    "settings": {
                                        "_column_size": 33,
                                        "_inline_size": 20
                                    },
                                    "elements": [],
                                    "isInner": true,
                                    "elType": "column"
                                },
                                {
                                    "id": "34c2a8d6",
                                    "settings": {
                                        "_column_size": 33,
                                        "_inline_size": 59.332,
                                        "content_position": "center",
                                        "_inline_size_tablet": 100
                                    },
                                    "elements": [
                                        {
                                            "id": "2c4bc1ce",
                                            "settings": {
                                                "title": "Subscribe to our Newsletter and get 40% off on all products",
                                                "align": "center",
                                                "title_color": "#FFFFFF",
                                                "typography_typography": "custom",
                                                "typography_line_height": {
                                                    "unit": "em",
                                                    "size": 1.1,
                                                    "sizes": []
                                                },
                                                "_margin": {
                                                    "unit": "px",
                                                    "top": "0",
                                                    "right": "0",
                                                    "bottom": "48",
                                                    "left": "0",
                                                    "isLinked": false
                                                },
                                                "typography_font_size_mobile": {
                                                    "unit": "px",
                                                    "size": 28,
                                                    "sizes": []
                                                }
                                            },
                                            "elements": [],
                                            "isInner": false,
                                            "widgetType": "heading",
                                            "elType": "widget"
                                        },
                                        {
                                            "id": "45ed85bf",
                                            "settings": {
                                                "ekit_mail_chimp_email_address_placeholder": "Email Address",
                                                "ekit_mail_chimp_email_icons": {
                                                    "value": "",
                                                    "library": ""
                                                },
                                                "ekit_mail_chimp_submit": "Sign Up",
                                                "ekit_mail_chimp_submit_icons": {
                                                    "value": "",
                                                    "library": ""
                                                },
                                                "ekit_mail_chimp_success_message": "Successfully listed this email",
                                                "ekit_mail_chimp_select_listed_id": "19fae928e7",
                                                "ekit_mail_chimp_input_style_radius": {
                                                    "unit": "px",
                                                    "top": "0",
                                                    "right": "0",
                                                    "bottom": "0",
                                                    "left": "0",
                                                    "isLinked": true
                                                },
                                                "ekit_mail_chimp_input_style_border_border": "solid",
                                                "ekit_mail_chimp_input_style_border_width": {
                                                    "unit": "px",
                                                    "top": "0",
                                                    "right": "0",
                                                    "bottom": "1",
                                                    "left": "0",
                                                    "isLinked": false
                                                },
                                                "ekit_mail_chimp_input_style_border_color": "rgba(255, 255, 255, 0.46)",
                                                "ekit_mail_chimp_input_style_padding": {
                                                    "unit": "px",
                                                    "top": "8",
                                                    "right": "16",
                                                    "bottom": "9",
                                                    "left": "5",
                                                    "isLinked": false
                                                },
                                                "ekit_mail_chimp_input_style_width__switch": "yes",
                                                "ekit_mail_chimp_input_style_margin_right": {
                                                    "unit": "px",
                                                    "size": 0,
                                                    "sizes": []
                                                },
                                                "ekit_mail_chimp_input_style_placeholder_color": "rgba(255, 255, 255, 0.88)",
                                                "ekit_mail_chimp_button_typography_typography": "custom",
                                                "ekit_mail_chimp_button_typography_font_family": "Space Mono",
                                                "ekit_mail_chimp_button_typography_font_size": {
                                                    "unit": "px",
                                                    "size": 11,
                                                    "sizes": []
                                                },
                                                "ekit_mail_chimp_button_typography_font_weight": "500",
                                                "ekit_mail_chimp_button_typography_text_transform": "uppercase",
                                                "ekit_mail_chimp_button_typography_letter_spacing": {
                                                    "unit": "px",
                                                    "size": 2,
                                                    "sizes": []
                                                },
                                                "ekit_mail_chimp_button_border_radius": {
                                                    "unit": "px",
                                                    "top": "0",
                                                    "right": "0",
                                                    "bottom": "0",
                                                    "left": "0",
                                                    "isLinked": true
                                                },
                                                "ekit_mail_chimp_button_color": "#FFFFFF",
                                                "ekit_mail_chimp_button_background_background": "classic",
                                                "ekit_mail_chimp_button_background_color": "#FF6400",
                                                "ekit_mail_chimp_button_color_hover": "",
                                                "ekit_mail_chimp_button_background_hover_background": "classic",
                                                "_margin": {
                                                    "unit": "%",
                                                    "top": "0",
                                                    "right": "10",
                                                    "bottom": "0",
                                                    "left": "10",
                                                    "isLinked": false
                                                },
                                                "ekit_mail_chimp_input_style_background_background": "classic",
                                                "ekit_mail_chimp_input_style_background_color": "rgba(255, 255, 255, 0)",
                                                "_padding": {
                                                    "unit": "px",
                                                    "top": "24",
                                                    "right": "48",
                                                    "bottom": "24",
                                                    "left": "48",
                                                    "isLinked": false
                                                },
                                                "_background_background": "classic",
                                                "_background_color": "#333333",
                                                "_margin_mobile": {
                                                    "unit": "px",
                                                    "top": "0",
                                                    "right": "0",
                                                    "bottom": "0",
                                                    "left": "0",
                                                    "isLinked": false
                                                },
                                                "_padding_mobile": {
                                                    "unit": "px",
                                                    "top": "0",
                                                    "right": "0",
                                                    "bottom": "0",
                                                    "left": "0",
                                                    "isLinked": false
                                                }
                                            },
                                            "elements": [],
                                            "isInner": false,
                                            "widgetType": "elementskit-mail-chimp",
                                            "elType": "widget"
                                        }
                                    ],
                                    "isInner": true,
                                    "elType": "column"
                                },
                                {
                                    "id": "787fc155",
                                    "settings": {
                                        "_column_size": 33,
                                        "_inline_size": 20
                                    },
                                    "elements": [],
                                    "isInner": true,
                                    "elType": "column"
                                }
                            ],
                            "isInner": true,
                            "elType": "section"
                        }
                    ],
                    "isInner": false,
                    "elType": "column"
                }
            ],
            "isInner": false,
            "elType": "section"
        }
    ]
}