{
    "version": "0.4",
    "title": "Coming Soon",
    "type": "page",
    "metadata": {
        "template_type": "single-page",
        "include_in_zip": "1",
        "elementor_pro_required": null,
        "wp_page_template": "elementor_canvas"
    },
    "content": [
        {
            "id": "4b1ac26a",
            "settings": {
                "gap": "wider",
                "height": "min-height",
                "custom_height": {
                    "unit": "vh",
                    "size": 100,
                    "sizes": []
                },
                "background_background": "classic",
                "background_color": "#333333",
                "background_image": {
                    "id": 704,
                    "url": "https:\/\/demo.detheme.com\/menzone\/wp-content\/uploads\/sites\/127\/2020\/04\/leaving-shopping-mall-KASSXKW.jpg"
                },
                "background_position": "center right",
                "background_repeat": "no-repeat",
                "background_size": "cover",
                "background_overlay_background": "classic",
                "background_overlay_color": "#000000",
                "background_overlay_opacity": {
                    "unit": "px",
                    "size": 0.64,
                    "sizes": []
                },
                "overlay_blend_mode": "multiply",
                "padding_mobile": {
                    "unit": "px",
                    "top": "0",
                    "right": "0",
                    "bottom": "0",
                    "left": "0",
                    "isLinked": false
                },
                "custom_height_mobile": {
                    "unit": "vh",
                    "size": 100,
                    "sizes": []
                }
            },
            "elements": [
                {
                    "id": "4f1a788b",
                    "settings": {
                        "_column_size": 100,
                        "_inline_size": null,
                        "padding_mobile": {
                            "unit": "px",
                            "top": "0",
                            "right": "0",
                            "bottom": "0",
                            "left": "0",
                            "isLinked": false
                        }
                    },
                    "elements": [
                        {
                            "id": "10330649",
                            "settings": {
                                "image": {
                                    "url": "https:\/\/demo.detheme.com\/menzone\/wp-content\/uploads\/sites\/127\/2020\/04\/light-1.png",
                                    "id": 60
                                },
                                "width": {
                                    "unit": "px",
                                    "size": 123,
                                    "sizes": []
                                },
                                "_margin": {
                                    "unit": "px",
                                    "top": "0",
                                    "right": "0",
                                    "bottom": "48",
                                    "left": "0",
                                    "isLinked": false
                                }
                            },
                            "elements": [],
                            "isInner": false,
                            "widgetType": "image",
                            "elType": "widget"
                        },
                        {
                            "id": "38c5553c",
                            "settings": {
                                "title": "NEW STORE OPENING SOON",
                                "align": "center",
                                "typography_typography": "custom",
                                "typography_font_weight": "900",
                                "typography_text_transform": "uppercase",
                                "_margin": {
                                    "unit": "px",
                                    "top": "0",
                                    "right": "0",
                                    "bottom": "24",
                                    "left": "0",
                                    "isLinked": false
                                },
                                "typography_font_size": {
                                    "unit": "px",
                                    "size": 45,
                                    "sizes": []
                                },
                                "typography_letter_spacing": {
                                    "unit": "px",
                                    "size": 2,
                                    "sizes": []
                                },
                                "typography_font_size_tablet": {
                                    "unit": "px",
                                    "size": 38,
                                    "sizes": []
                                },
                                "header_size": "h1",
                                "title_color": "#FFFFFF",
                                "typography_font_size_mobile": {
                                    "unit": "px",
                                    "size": 38,
                                    "sizes": []
                                }
                            },
                            "elements": [],
                            "isInner": false,
                            "widgetType": "heading",
                            "elType": "widget"
                        },
                        {
                            "id": "f1b0f34",
                            "settings": {
                                "structure": "30"
                            },
                            "elements": [
                                {
                                    "id": "3add7dc1",
                                    "settings": {
                                        "_column_size": 33,
                                        "_inline_size": 20
                                    },
                                    "elements": [],
                                    "isInner": true,
                                    "elType": "column"
                                },
                                {
                                    "id": "129cd1a2",
                                    "settings": {
                                        "_column_size": 33,
                                        "_inline_size": 59.332,
                                        "_inline_size_tablet": 100
                                    },
                                    "elements": [
                                        {
                                            "id": "4978fdd2",
                                            "settings": {
                                                "editor": "<p>Duis mollis, est non commodo luctus, nisi erat porttitor ligula, eget lacinia odio sem nec elit. Lorem ipsum dolor sit amet, consectetur adipiscing elit. Lorem ipsum dolor sit amet, consectetur adipiscing elit. Ut elit tellus luctus nec\u00a0<\/p>",
                                                "align": "center",
                                                "text_color": "#FFFFFF",
                                                "_margin": {
                                                    "unit": "px",
                                                    "top": "0",
                                                    "right": "0",
                                                    "bottom": "64",
                                                    "left": "0",
                                                    "isLinked": false
                                                },
                                                "_margin_mobile": {
                                                    "unit": "px",
                                                    "top": "0",
                                                    "right": "0",
                                                    "bottom": "0",
                                                    "left": "0",
                                                    "isLinked": false
                                                }
                                            },
                                            "elements": [],
                                            "isInner": false,
                                            "widgetType": "text-editor",
                                            "elType": "widget"
                                        }
                                    ],
                                    "isInner": true,
                                    "elType": "column"
                                },
                                {
                                    "id": "33fc8fa5",
                                    "settings": {
                                        "_column_size": 33,
                                        "_inline_size": 20
                                    },
                                    "elements": [],
                                    "isInner": true,
                                    "elType": "column"
                                }
                            ],
                            "isInner": true,
                            "elType": "section"
                        },
                        {
                            "id": "2b649f8b",
                            "settings": {
                                "premium_countdown_date_time": "2021-02-05 03:04",
                                "premium_countdown_separator_text": ":",
                                "premium_countdown_expiry_redirection_": "#",
                                "premium_countdown_day_singular": "Day",
                                "premium_countdown_day_plural": "Days",
                                "premium_countdown_week_singular": "Week",
                                "premium_countdown_week_plural": "Weeks",
                                "premium_countdown_month_singular": "Month",
                                "premium_countdown_month_plural": "Months",
                                "premium_countdown_year_singular": "Year",
                                "premium_countdown_year_plural": "Years",
                                "premium_countdown_hour_singular": "Hour",
                                "premium_countdown_hour_plural": "Hours",
                                "premium_countdown_minute_singular": "Minute",
                                "premium_countdown_minute_plural": "Minutes",
                                "premium_countdown_second_singular": "Second",
                                "premium_countdown_second_plural": "Seconds",
                                "premium_countdown_digit_color": "#FFFFFF",
                                "premium_countdown_digit_typo_typography": "custom",
                                "premium_countdown_digit_typo_font_size": {
                                    "unit": "px",
                                    "size": 90,
                                    "sizes": []
                                },
                                "premium_countdown_digit_typo_font_size_tablet": {
                                    "unit": "px",
                                    "size": 38,
                                    "sizes": []
                                },
                                "premium_countdown_digit_typo_font_size_mobile": {
                                    "unit": "px",
                                    "size": 28,
                                    "sizes": []
                                },
                                "premium_countdown_digit_typo_font_weight": "400",
                                "premium_countdown_digit_bg_size": {
                                    "unit": "px",
                                    "size": 1,
                                    "sizes": []
                                },
                                "premium_countdown_digit_bg_size_mobile": {
                                    "unit": "px",
                                    "size": 1,
                                    "sizes": []
                                },
                                "premium_countdown_unit_color": "#FFFFFF",
                                "premium_countdown_unit_typo_typography": "custom",
                                "premium_countdown_unit_typo_font_size": {
                                    "unit": "px",
                                    "size": 16,
                                    "sizes": []
                                },
                                "premium_countdown_unit_typo_font_size_mobile": {
                                    "unit": "px",
                                    "size": 10,
                                    "sizes": []
                                },
                                "premium_countdown_unit_typo_font_weight": "400",
                                "premium_countdown_unit_typo_text_transform": "uppercase",
                                "premium_countdown_unit_typo_letter_spacing": {
                                    "unit": "px",
                                    "size": 1,
                                    "sizes": []
                                },
                                "premium_countdown_separator_width": {
                                    "unit": "px",
                                    "size": 90,
                                    "sizes": []
                                },
                                "premium_countdown_separator_width_tablet": {
                                    "unit": "px",
                                    "size": 60,
                                    "sizes": []
                                },
                                "premium_countdown_separator_width_mobile": {
                                    "unit": "px",
                                    "size": 11,
                                    "sizes": []
                                },
                                "premium_countdown_expire_text_url": "url"
                            },
                            "elements": [],
                            "isInner": false,
                            "widgetType": "premium-countdown-timer",
                            "elType": "widget"
                        }
                    ],
                    "isInner": false,
                    "elType": "column"
                }
            ],
            "isInner": false,
            "elType": "section"
        },
        {
            "id": "785f6104",
            "settings": [],
            "elements": [
                {
                    "id": "7d41d635",
                    "settings": {
                        "_column_size": 100,
                        "_inline_size": null
                    },
                    "elements": [],
                    "isInner": false,
                    "elType": "column"
                }
            ],
            "isInner": false,
            "elType": "section"
        }
    ]
}