{
    "version": "0.4",
    "title": "Contact Metform",
    "type": "section",
    "metadata": {
        "template_type": "section-other",
        "include_in_zip": "1",
        "elementor_pro_required": null,
        "wp_page_template": "elementor_canvas"
    },
    "content": [
        {
            "id": "3d0008ed",
            "settings": {
                "gap": "no",
                "background_background": "classic",
                "background_color": "#ffffff",
                "border_radius": {
                    "unit": "px",
                    "top": "0",
                    "right": "0",
                    "bottom": "0",
                    "left": "0",
                    "isLinked": true
                },
                "box_shadow_box_shadow": {
                    "horizontal": 30,
                    "vertical": 30,
                    "blur": 80,
                    "spread": 0,
                    "color": "rgba(0,0,0,0.1)"
                },
                "padding": {
                    "unit": "px",
                    "top": "0",
                    "right": "0",
                    "bottom": "0",
                    "left": "0",
                    "isLinked": true
                },
                "padding_tablet": {
                    "unit": "px",
                    "top": "35",
                    "right": "15",
                    "bottom": "35",
                    "left": "15",
                    "isLinked": false
                }
            },
            "elements": [
                {
                    "id": "4ed0c084",
                    "settings": {
                        "_column_size": 100,
                        "padding": {
                            "unit": "px",
                            "top": "20",
                            "right": "20",
                            "bottom": "20",
                            "left": "20",
                            "isLinked": true
                        },
                        "padding_mobile": {
                            "unit": "px",
                            "top": "0",
                            "right": "0",
                            "bottom": "0",
                            "left": "0",
                            "isLinked": false
                        },
                        "margin": {
                            "unit": "px",
                            "top": "0",
                            "right": "0",
                            "bottom": "0",
                            "left": "0",
                            "isLinked": false
                        }
                    },
                    "elements": [
                        {
                            "id": "2e6bf2de",
                            "settings": {
                                "gap": "extended",
                                "structure": "20",
                                "margin_mobile": {
                                    "unit": "px",
                                    "top": "0",
                                    "right": 0,
                                    "bottom": "0",
                                    "left": 0,
                                    "isLinked": false
                                },
                                "padding_mobile": {
                                    "unit": "px",
                                    "top": "0",
                                    "right": "0",
                                    "bottom": "0",
                                    "left": "0",
                                    "isLinked": false
                                },
                                "margin": {
                                    "unit": "px",
                                    "top": "0",
                                    "right": 0,
                                    "bottom": "24",
                                    "left": 0,
                                    "isLinked": false
                                }
                            },
                            "elements": [
                                {
                                    "id": "612af3c3",
                                    "settings": {
                                        "_column_size": 50,
                                        "_inline_size": null,
                                        "margin_mobile": {
                                            "unit": "px",
                                            "top": "0",
                                            "right": "0",
                                            "bottom": "24",
                                            "left": "0",
                                            "isLinked": false
                                        },
                                        "padding": {
                                            "unit": "px",
                                            "top": "0",
                                            "right": "10",
                                            "bottom": "0",
                                            "left": "0",
                                            "isLinked": false
                                        },
                                        "padding_mobile": {
                                            "unit": "px",
                                            "top": "0",
                                            "right": "0",
                                            "bottom": "0",
                                            "left": "0",
                                            "isLinked": false
                                        }
                                    },
                                    "elements": [
                                        {
                                            "id": "44706319",
                                            "settings": {
                                                "mf_input_label": "First Name",
                                                "mf_input_name": "mf-first-name",
                                                "mf_input_placeholder": "Anderson",
                                                "mf_input_help_text": "Enter your first name here",
                                                "mf_input_label_typography_typography": "custom",
                                                "mf_input_label_typography_font_weight": "500",
                                                "mf_input_label_typography_line_height": {
                                                    "unit": "px",
                                                    "size": 21,
                                                    "sizes": []
                                                },
                                                "mf_input_min_length": 1,
                                                "mf_input_label_color": "#333333",
                                                "mf_input_label_margin": {
                                                    "unit": "px",
                                                    "top": "0",
                                                    "right": "0",
                                                    "bottom": "5",
                                                    "left": "0",
                                                    "isLinked": false
                                                },
                                                "mf_input_padding": {
                                                    "unit": "px",
                                                    "top": "15",
                                                    "right": "25",
                                                    "bottom": "15",
                                                    "left": "25",
                                                    "isLinked": false
                                                },
                                                "mf_input_color": "#333333",
                                                "mf_input_border_border": "solid",
                                                "mf_input_border_width": {
                                                    "unit": "px",
                                                    "top": "1",
                                                    "right": "1",
                                                    "bottom": "1",
                                                    "left": "1",
                                                    "isLinked": true
                                                },
                                                "mf_input_border_color": "#DEDEDE",
                                                "mf_input_typgraphy_typography": "custom",
                                                "mf_input_typgraphy_font_family": "Helvetica",
                                                "mf_input_typgraphy_font_size": {
                                                    "unit": "px",
                                                    "size": 14,
                                                    "sizes": []
                                                },
                                                "mf_input_typgraphy_font_weight": "400",
                                                "mf_input_typgraphy_line_height": {
                                                    "unit": "px",
                                                    "size": 15,
                                                    "sizes": []
                                                },
                                                "mf_input_box_shadow_box_shadow_type": "yes",
                                                "mf_input_box_shadow_box_shadow": {
                                                    "horizontal": 0,
                                                    "vertical": 3,
                                                    "blur": 5,
                                                    "spread": 0,
                                                    "color": "rgba(0, 0, 0, 0)"
                                                },
                                                "mf_input_place_holder_typography_typography": "custom",
                                                "mf_input_place_holder_typography_font_weight": "300",
                                                "mf_input_placeholder_color": "#777777",
                                                "mf_input_help_text_typography_typography": "custom",
                                                "mf_input_help_text_typography_font_size": {
                                                    "unit": "px",
                                                    "size": 12,
                                                    "sizes": []
                                                },
                                                "mf_input_help_text_typography_font_weight": "400",
                                                "mf_input_help_text_typography_font_style": "italic",
                                                "mf_input_help_text_typography_line_height": {
                                                    "unit": "px",
                                                    "size": 14,
                                                    "sizes": []
                                                },
                                                "mf_input_help_text_padding": {
                                                    "unit": "px",
                                                    "top": "3",
                                                    "right": "0",
                                                    "bottom": "0",
                                                    "left": "0",
                                                    "isLinked": false
                                                },
                                                "mf_input_required": "yes",
                                                "mf_input_required_indicator_color": "#B60404",
                                                "mf_input_validation_warning_message": "Something went wrong."
                                            },
                                            "elements": [],
                                            "isInner": false,
                                            "widgetType": "mf-text",
                                            "elType": "widget"
                                        }
                                    ],
                                    "isInner": true,
                                    "elType": "column"
                                },
                                {
                                    "id": "3b90f761",
                                    "settings": {
                                        "_column_size": 50,
                                        "_inline_size": null,
                                        "margin_mobile": {
                                            "unit": "px",
                                            "top": "0",
                                            "right": "0",
                                            "bottom": "24",
                                            "left": "0",
                                            "isLinked": false
                                        },
                                        "padding": {
                                            "unit": "px",
                                            "top": "0",
                                            "right": "0",
                                            "bottom": "0",
                                            "left": "10",
                                            "isLinked": false
                                        },
                                        "padding_mobile": {
                                            "unit": "px",
                                            "top": "0",
                                            "right": "0",
                                            "bottom": "0",
                                            "left": "0",
                                            "isLinked": false
                                        }
                                    },
                                    "elements": [
                                        {
                                            "id": "3ab163cc",
                                            "settings": {
                                                "mf_input_label": "Last Name",
                                                "mf_input_name": "mf-last-name",
                                                "mf_input_placeholder": "Mikoo",
                                                "mf_input_help_text": "Enter your last name here",
                                                "mf_input_label_color": "#333333",
                                                "mf_input_label_typography_typography": "custom",
                                                "mf_input_label_typography_font_weight": "500",
                                                "mf_input_label_typography_line_height": {
                                                    "unit": "px",
                                                    "size": 21,
                                                    "sizes": []
                                                },
                                                "mf_input_label_margin": {
                                                    "unit": "px",
                                                    "top": "0",
                                                    "right": "0",
                                                    "bottom": "5",
                                                    "left": "0",
                                                    "isLinked": false
                                                },
                                                "mf_input_padding": {
                                                    "unit": "px",
                                                    "top": "15",
                                                    "right": "25",
                                                    "bottom": "15",
                                                    "left": "25",
                                                    "isLinked": false
                                                },
                                                "mf_input_color": "#333333",
                                                "mf_input_border_border": "solid",
                                                "mf_input_border_width": {
                                                    "unit": "px",
                                                    "top": "1",
                                                    "right": "1",
                                                    "bottom": "1",
                                                    "left": "1",
                                                    "isLinked": true
                                                },
                                                "mf_input_border_color": "#DEDEDE",
                                                "mf_input_typgraphy_typography": "custom",
                                                "mf_input_typgraphy_font_family": "Helvetica",
                                                "mf_input_typgraphy_font_size": {
                                                    "unit": "px",
                                                    "size": 14,
                                                    "sizes": []
                                                },
                                                "mf_input_typgraphy_font_weight": "400",
                                                "mf_input_typgraphy_line_height": {
                                                    "unit": "px",
                                                    "size": 15,
                                                    "sizes": []
                                                },
                                                "mf_input_box_shadow_box_shadow_type": "yes",
                                                "mf_input_box_shadow_box_shadow": {
                                                    "horizontal": 0,
                                                    "vertical": 3,
                                                    "blur": 5,
                                                    "spread": 0,
                                                    "color": "rgba(0, 0, 0, 0)"
                                                },
                                                "mf_input_place_holder_typography_typography": "custom",
                                                "mf_input_place_holder_typography_font_weight": "300",
                                                "mf_input_placeholder_color": "#777777",
                                                "mf_input_help_text_typography_typography": "custom",
                                                "mf_input_help_text_typography_font_size": {
                                                    "unit": "px",
                                                    "size": 12,
                                                    "sizes": []
                                                },
                                                "mf_input_help_text_typography_font_weight": "400",
                                                "mf_input_help_text_typography_font_style": "italic",
                                                "mf_input_help_text_typography_line_height": {
                                                    "unit": "px",
                                                    "size": 14,
                                                    "sizes": []
                                                },
                                                "mf_input_help_text_padding": {
                                                    "unit": "px",
                                                    "top": "3",
                                                    "right": "0",
                                                    "bottom": "0",
                                                    "left": "0",
                                                    "isLinked": false
                                                },
                                                "mf_input_required": "yes",
                                                "mf_input_required_indicator_color": "#B60404",
                                                "mf_input_validation_warning_message": "Something went wrong."
                                            },
                                            "elements": [],
                                            "isInner": false,
                                            "widgetType": "mf-text",
                                            "elType": "widget"
                                        }
                                    ],
                                    "isInner": true,
                                    "elType": "column"
                                }
                            ],
                            "isInner": true,
                            "elType": "section"
                        },
                        {
                            "id": "331a5a27",
                            "settings": {
                                "gap": "extended",
                                "structure": "20",
                                "margin": {
                                    "unit": "px",
                                    "top": "0",
                                    "right": 0,
                                    "bottom": "24",
                                    "left": 0,
                                    "isLinked": false
                                }
                            },
                            "elements": [
                                {
                                    "id": "27604fa",
                                    "settings": {
                                        "_column_size": 50,
                                        "_inline_size": null,
                                        "margin_mobile": {
                                            "unit": "px",
                                            "top": "0",
                                            "right": "0",
                                            "bottom": "24",
                                            "left": "0",
                                            "isLinked": false
                                        },
                                        "padding": {
                                            "unit": "px",
                                            "top": "0",
                                            "right": "10",
                                            "bottom": "0",
                                            "left": "0",
                                            "isLinked": false
                                        },
                                        "padding_mobile": {
                                            "unit": "px",
                                            "top": "0",
                                            "right": "0",
                                            "bottom": "0",
                                            "left": "0",
                                            "isLinked": false
                                        }
                                    },
                                    "elements": [
                                        {
                                            "id": "2883dcdb",
                                            "settings": {
                                                "mf_input_label": "Email Address",
                                                "mf_input_name": "mf-email",
                                                "mf_input_placeholder": "",
                                                "mf_input_help_text": "Example: user@website.com",
                                                "mf_input_required": "yes",
                                                "mf_input_label_color": "#333333",
                                                "mf_input_label_typography_typography": "custom",
                                                "mf_input_label_typography_font_weight": "500",
                                                "mf_input_label_typography_line_height": {
                                                    "unit": "px",
                                                    "size": 21,
                                                    "sizes": []
                                                },
                                                "mf_input_label_margin": {
                                                    "unit": "px",
                                                    "top": "0",
                                                    "right": "0",
                                                    "bottom": "5",
                                                    "left": "0",
                                                    "isLinked": false
                                                },
                                                "mf_input_required_indicator_color": "#B60404",
                                                "mf_input_padding": {
                                                    "unit": "px",
                                                    "top": "15",
                                                    "right": "25",
                                                    "bottom": "15",
                                                    "left": "25",
                                                    "isLinked": false
                                                },
                                                "mf_input_color": "#333333",
                                                "mf_input_border_border": "solid",
                                                "mf_input_border_width": {
                                                    "unit": "px",
                                                    "top": "1",
                                                    "right": "1",
                                                    "bottom": "1",
                                                    "left": "1",
                                                    "isLinked": true
                                                },
                                                "mf_input_border_color": "#DEDEDE",
                                                "mf_input_typgraphy_typography": "custom",
                                                "mf_input_typgraphy_font_family": "Helvetica",
                                                "mf_input_typgraphy_font_size": {
                                                    "unit": "px",
                                                    "size": 14,
                                                    "sizes": []
                                                },
                                                "mf_input_typgraphy_font_weight": "400",
                                                "mf_input_typgraphy_line_height": {
                                                    "unit": "px",
                                                    "size": 15,
                                                    "sizes": []
                                                },
                                                "mf_input_box_shadow_box_shadow_type": "yes",
                                                "mf_input_box_shadow_box_shadow": {
                                                    "horizontal": 0,
                                                    "vertical": 3,
                                                    "blur": 5,
                                                    "spread": 0,
                                                    "color": "rgba(0, 0, 0, 0)"
                                                },
                                                "mf_input_place_holder_typography_typography": "custom",
                                                "mf_input_place_holder_typography_font_weight": "300",
                                                "mf_input_placeholder_color": "#777777",
                                                "mf_input_help_text_typography_typography": "custom",
                                                "mf_input_help_text_typography_font_size": {
                                                    "unit": "px",
                                                    "size": 12,
                                                    "sizes": []
                                                },
                                                "mf_input_help_text_typography_font_weight": "400",
                                                "mf_input_help_text_typography_font_style": "italic",
                                                "mf_input_help_text_typography_line_height": {
                                                    "unit": "px",
                                                    "size": 14,
                                                    "sizes": []
                                                },
                                                "mf_input_help_text_padding": {
                                                    "unit": "px",
                                                    "top": "3",
                                                    "right": "0",
                                                    "bottom": "0",
                                                    "left": "0",
                                                    "isLinked": false
                                                },
                                                "mf_input_validation_warning_message": "Something went wrong."
                                            },
                                            "elements": [],
                                            "isInner": false,
                                            "widgetType": "mf-email",
                                            "elType": "widget"
                                        }
                                    ],
                                    "isInner": true,
                                    "elType": "column"
                                },
                                {
                                    "id": "7d018f85",
                                    "settings": {
                                        "_column_size": 50,
                                        "_inline_size": null,
                                        "margin_mobile": {
                                            "unit": "px",
                                            "top": "0",
                                            "right": "0",
                                            "bottom": "24",
                                            "left": "0",
                                            "isLinked": false
                                        },
                                        "padding": {
                                            "unit": "px",
                                            "top": "0",
                                            "right": "0",
                                            "bottom": "0",
                                            "left": "10",
                                            "isLinked": false
                                        },
                                        "padding_mobile": {
                                            "unit": "px",
                                            "top": "0",
                                            "right": "0",
                                            "bottom": "0",
                                            "left": "0",
                                            "isLinked": false
                                        }
                                    },
                                    "elements": [
                                        {
                                            "id": "18297d92",
                                            "settings": {
                                                "mf_input_label": "Subject",
                                                "mf_input_name": "mf-subject",
                                                "mf_input_placeholder": "",
                                                "mf_input_help_text": "How can we help you?",
                                                "mf_input_required": "yes",
                                                "mf_input_label_color": "#333333",
                                                "mf_input_label_typography_typography": "custom",
                                                "mf_input_label_typography_font_weight": "500",
                                                "mf_input_label_typography_line_height": {
                                                    "unit": "px",
                                                    "size": 21,
                                                    "sizes": []
                                                },
                                                "mf_input_label_margin": {
                                                    "unit": "px",
                                                    "top": "0",
                                                    "right": "0",
                                                    "bottom": "5",
                                                    "left": "0",
                                                    "isLinked": false
                                                },
                                                "mf_input_required_indicator_color": "#B60404",
                                                "mf_input_padding": {
                                                    "unit": "px",
                                                    "top": "15",
                                                    "right": "25",
                                                    "bottom": "15",
                                                    "left": "25",
                                                    "isLinked": false
                                                },
                                                "mf_input_color": "#333333",
                                                "mf_input_border_border": "solid",
                                                "mf_input_border_width": {
                                                    "unit": "px",
                                                    "top": "1",
                                                    "right": "1",
                                                    "bottom": "1",
                                                    "left": "1",
                                                    "isLinked": true
                                                },
                                                "mf_input_border_color": "#DEDEDE",
                                                "mf_input_typgraphy_typography": "custom",
                                                "mf_input_typgraphy_font_family": "Helvetica",
                                                "mf_input_typgraphy_font_size": {
                                                    "unit": "px",
                                                    "size": 14,
                                                    "sizes": []
                                                },
                                                "mf_input_typgraphy_font_weight": "400",
                                                "mf_input_typgraphy_line_height": {
                                                    "unit": "px",
                                                    "size": 15,
                                                    "sizes": []
                                                },
                                                "mf_input_box_shadow_box_shadow_type": "yes",
                                                "mf_input_box_shadow_box_shadow": {
                                                    "horizontal": 0,
                                                    "vertical": 3,
                                                    "blur": 5,
                                                    "spread": 0,
                                                    "color": "rgba(0, 0, 0, 0)"
                                                },
                                                "mf_input_place_holder_typography_typography": "custom",
                                                "mf_input_place_holder_typography_font_weight": "300",
                                                "mf_input_placeholder_color": "#777777",
                                                "mf_input_help_text_typography_typography": "custom",
                                                "mf_input_help_text_typography_font_size": {
                                                    "unit": "px",
                                                    "size": 12,
                                                    "sizes": []
                                                },
                                                "mf_input_help_text_typography_font_weight": "400",
                                                "mf_input_help_text_typography_font_style": "italic",
                                                "mf_input_help_text_typography_line_height": {
                                                    "unit": "px",
                                                    "size": 14,
                                                    "sizes": []
                                                },
                                                "mf_input_help_text_padding": {
                                                    "unit": "px",
                                                    "top": "3",
                                                    "right": "0",
                                                    "bottom": "0",
                                                    "left": "0",
                                                    "isLinked": false
                                                },
                                                "mf_input_validation_warning_message": "Something went wrong."
                                            },
                                            "elements": [],
                                            "isInner": false,
                                            "widgetType": "mf-text",
                                            "elType": "widget"
                                        }
                                    ],
                                    "isInner": true,
                                    "elType": "column"
                                }
                            ],
                            "isInner": true,
                            "elType": "section"
                        },
                        {
                            "id": "44c144f6",
                            "settings": {
                                "gap": "extended"
                            },
                            "elements": [
                                {
                                    "id": "71b4c974",
                                    "settings": {
                                        "_column_size": 100,
                                        "_inline_size": null,
                                        "space_between_widgets": 0,
                                        "margin": {
                                            "unit": "px",
                                            "top": "7",
                                            "right": "0",
                                            "bottom": "0",
                                            "left": "0",
                                            "isLinked": false
                                        },
                                        "padding": {
                                            "unit": "px",
                                            "top": "0",
                                            "right": "0",
                                            "bottom": "0",
                                            "left": "0",
                                            "isLinked": false
                                        }
                                    },
                                    "elements": [
                                        {
                                            "id": "d78234d",
                                            "settings": {
                                                "mf_input_label": "Comments \/ Questions",
                                                "mf_input_name": "mf-comment",
                                                "mf_input_placeholder": "",
                                                "mf_input_required": "yes",
                                                "mf_input_label_color": "#333333",
                                                "mf_input_label_typography_typography": "custom",
                                                "mf_input_label_typography_font_weight": "500",
                                                "mf_input_label_typography_line_height": {
                                                    "unit": "px",
                                                    "size": 21,
                                                    "sizes": []
                                                },
                                                "mf_input_label_margin": {
                                                    "unit": "px",
                                                    "top": "0",
                                                    "right": "0",
                                                    "bottom": "5",
                                                    "left": "0",
                                                    "isLinked": false
                                                },
                                                "mf_input_required_indicator_color": "#B60404",
                                                "mf_input_padding": {
                                                    "unit": "px",
                                                    "top": "15",
                                                    "right": "25",
                                                    "bottom": "15",
                                                    "left": "25",
                                                    "isLinked": false
                                                },
                                                "mf_input_color": "#333333",
                                                "mf_input_border_border": "solid",
                                                "mf_input_border_width": {
                                                    "unit": "px",
                                                    "top": "1",
                                                    "right": "1",
                                                    "bottom": "1",
                                                    "left": "1",
                                                    "isLinked": true
                                                },
                                                "mf_input_border_color": "#DEDEDE",
                                                "mf_input_typgraphy_typography": "custom",
                                                "mf_input_typgraphy_font_family": "Helvetica",
                                                "mf_input_typgraphy_font_size": {
                                                    "unit": "px",
                                                    "size": 14,
                                                    "sizes": []
                                                },
                                                "mf_input_typgraphy_font_weight": "400",
                                                "mf_input_typgraphy_line_height": {
                                                    "unit": "px",
                                                    "size": 15,
                                                    "sizes": []
                                                },
                                                "mf_input_box_shadow_box_shadow_type": "yes",
                                                "mf_input_box_shadow_box_shadow": {
                                                    "horizontal": 0,
                                                    "vertical": 3,
                                                    "blur": 5,
                                                    "spread": 0,
                                                    "color": "rgba(0, 0, 0, 0)"
                                                },
                                                "mf_input_place_holder_typography_typography": "custom",
                                                "mf_input_place_holder_typography_font_weight": "300",
                                                "mf_input_placeholder_color": "#777777",
                                                "mf_input_help_text_typography_typography": "custom",
                                                "mf_input_help_text_typography_font_size": {
                                                    "unit": "px",
                                                    "size": 12,
                                                    "sizes": []
                                                },
                                                "mf_input_help_text_typography_font_weight": "400",
                                                "mf_input_help_text_typography_font_style": "italic",
                                                "mf_input_help_text_typography_line_height": {
                                                    "unit": "px",
                                                    "size": 14,
                                                    "sizes": []
                                                },
                                                "mf_input_help_text_padding": {
                                                    "unit": "px",
                                                    "top": "3",
                                                    "right": "0",
                                                    "bottom": "0",
                                                    "left": "0",
                                                    "isLinked": false
                                                },
                                                "mf_textarea_field_height": {
                                                    "unit": "px",
                                                    "size": 140,
                                                    "sizes": []
                                                },
                                                "mf_input_validation_warning_message": "Something went wrong.",
                                                "mf_input_background_background": "classic",
                                                "mf_input_background_color": "#FFFFFF"
                                            },
                                            "elements": [],
                                            "isInner": false,
                                            "widgetType": "mf-textarea",
                                            "elType": "widget"
                                        },
                                        {
                                            "id": "54e8dcf2",
                                            "settings": {
                                                "_margin": {
                                                    "unit": "px",
                                                    "top": "40",
                                                    "right": "0",
                                                    "bottom": "0",
                                                    "left": "0",
                                                    "isLinked": false
                                                },
                                                "mf_recaptcha_type": "recaptcha-v2",
                                                "mf_input_label": "reCAPTCHA",
                                                "mf_input_placeholder": "reCAPTCHA"
                                            },
                                            "elements": [],
                                            "isInner": false,
                                            "widgetType": "mf-recaptcha",
                                            "elType": "widget"
                                        },
                                        {
                                            "id": "e313f1a",
                                            "settings": {
                                                "mf_btn_text": "Send Message",
                                                "mf_btn_align": "left",
                                                "mf_btn_text_padding": {
                                                    "unit": "px",
                                                    "top": "15",
                                                    "right": "20",
                                                    "bottom": "15",
                                                    "left": "20",
                                                    "isLinked": false
                                                },
                                                "mf_btn_typography_typography": "custom",
                                                "mf_btn_typography_font_family": "Space Mono",
                                                "mf_btn_typography_font_size": {
                                                    "unit": "px",
                                                    "size": 11,
                                                    "sizes": []
                                                },
                                                "mf_btn_typography_font_weight": "500",
                                                "mf_btn_typography_line_height": {
                                                    "unit": "px",
                                                    "size": "",
                                                    "sizes": []
                                                },
                                                "mf_btn_bg_color_background": "classic",
                                                "mf_btn_bg_color_color": "#FF6400",
                                                "mf_btn_box_shadow_group_box_shadow_type": "yes",
                                                "mf_btn_box_shadow_group_box_shadow": {
                                                    "horizontal": 0,
                                                    "vertical": 7,
                                                    "blur": 15,
                                                    "spread": 0,
                                                    "color": "rgba(66, 133, 244, 0)"
                                                },
                                                "_margin": {
                                                    "unit": "px",
                                                    "top": "40",
                                                    "right": "0",
                                                    "bottom": "0",
                                                    "left": "0",
                                                    "isLinked": false
                                                },
                                                "mf_btn_typography_letter_spacing": {
                                                    "unit": "px",
                                                    "size": 2,
                                                    "sizes": []
                                                },
                                                "mf_btn_text_color": "#FFFFFF",
                                                "mf_btn_border_radius": {
                                                    "unit": "px",
                                                    "top": "0",
                                                    "right": "0",
                                                    "bottom": "0",
                                                    "left": "0",
                                                    "isLinked": true
                                                }
                                            },
                                            "elements": [],
                                            "isInner": false,
                                            "widgetType": "mf-button",
                                            "elType": "widget"
                                        },
                                        {
                                            "id": "64bc6298",
                                            "elType": "widget",
                                            "settings": {
                                                "_padding": {
                                                    "unit": "px",
                                                    "top": "0",
                                                    "right": "15",
                                                    "bottom": "0",
                                                    "left": "15",
                                                    "isLinked": false
                                                },
                                                "_margin": {
                                                    "unit": "px",
                                                    "top": "20",
                                                    "right": "0",
                                                    "bottom": "0",
                                                    "left": "0",
                                                    "isLinked": false
                                                },
                                                "mf_response_padding": {
                                                    "unit": "px",
                                                    "top": "12",
                                                    "right": "30",
                                                    "bottom": "12",
                                                    "left": "30",
                                                    "isLinked": false
                                                },
                                                "mf_response_typography_typography": "custom",
                                                "mf_response_typography_font_family": "Helvetica",
                                                "mf_response_typography_font_size": {
                                                    "unit": "px",
                                                    "size": 16,
                                                    "sizes": []
                                                },
                                                "mf_response_typography_font_weight": "500",
                                                "mf_response_typography_line_height": {
                                                    "unit": "px",
                                                    "size": 21,
                                                    "sizes": []
                                                }
                                            },
                                            "elements": [],
                                            "widgetType": "mf-response"
                                        }
                                    ],
                                    "isInner": true,
                                    "elType": "column"
                                }
                            ],
                            "isInner": true,
                            "elType": "section"
                        }
                    ],
                    "isInner": false,
                    "elType": "column"
                }
            ],
            "isInner": false,
            "elType": "section"
        }
    ]
}