{
    "version": "0.4",
    "title": "gallery",
    "type": "page",
    "metadata": {
        "template_type": "single-page",
        "include_in_zip": "1",
        "elementor_pro_required": null,
        "wp_page_template": "elementor_header_footer"
    },
    "content": [
        {
            "id": "6ffd8375",
            "settings": {
                "gap": "wider",
                "background_background": "classic",
                "background_color": "#F9F9F9",
                "padding": {
                    "unit": "px",
                    "top": "48",
                    "right": "0",
                    "bottom": "48",
                    "left": "0",
                    "isLinked": false
                }
            },
            "elements": [
                {
                    "id": "6b7a375a",
                    "settings": {
                        "_column_size": 100,
                        "_inline_size": null,
                        "padding_mobile": {
                            "unit": "px",
                            "top": "30",
                            "right": "30",
                            "bottom": "0",
                            "left": "30",
                            "isLinked": false
                        }
                    },
                    "elements": [
                        {
                            "id": "d811026",
                            "settings": {
                                "title": "Gallery",
                                "header_size": "h1",
                                "typography_typography": "custom",
                                "typography_font_size_tablet": {
                                    "unit": "px",
                                    "size": 50,
                                    "sizes": []
                                },
                                "align": "center"
                            },
                            "elements": [],
                            "isInner": false,
                            "widgetType": "heading",
                            "elType": "widget"
                        }
                    ],
                    "isInner": false,
                    "elType": "column"
                }
            ],
            "isInner": false,
            "elType": "section"
        },
        {
            "id": "5f02b990",
            "settings": {
                "background_background": "classic",
                "padding": {
                    "unit": "px",
                    "top": "96",
                    "right": "0",
                    "bottom": "48",
                    "left": "0",
                    "isLinked": false
                },
                "gap": "wider"
            },
            "elements": [
                {
                    "id": "12bd3c2b",
                    "settings": {
                        "_column_size": 100,
                        "_inline_size": null
                    },
                    "elements": [
                        {
                            "id": "2f778469",
                            "settings": {
                                "premium_gallery_img_size_select": "metro",
                                "pemium_gallery_even_img_height": {
                                    "unit": "px",
                                    "size": 347,
                                    "sizes": []
                                },
                                "premium_gallery_images_fit": "cover",
                                "premium_gallery_load_more_text": "Load More",
                                "premium_gallery_filter": "",
                                "premium_gallery_first_cat_label": "All",
                                "premium_gallery_cats_content": [
                                    {
                                        "premium_gallery_img_cat": "Category 1",
                                        "_id": "05ddc42",
                                        "premium_gallery_img_cat_rotation": ""
                                    },
                                    {
                                        "premium_gallery_img_cat": "Category 2",
                                        "_id": "0336813",
                                        "premium_gallery_img_cat_rotation": ""
                                    },
                                    {
                                        "premium_gallery_img_cat": "Category 3",
                                        "premium_gallery_img_cat_rotation": "",
                                        "_id": "1d7f01d"
                                    }
                                ],
                                "premium_gallery_img_content": [
                                    {
                                        "premium_gallery_img_name": "Mattis Fermentum Magna Euismod",
                                        "premium_gallery_img_category": "Category 1",
                                        "_id": "3aaaa87",
                                        "premium_gallery_img": {
                                            "id": 695,
                                            "url": "https:\/\/demo.detheme.com\/menzone\/wp-content\/uploads\/sites\/127\/2020\/04\/young-man-with-sunglasses-at-park-784T3HL.jpg"
                                        },
                                        "premium_gallery_image_cell": {
                                            "unit": "px",
                                            "size": 3,
                                            "sizes": []
                                        },
                                        "premium_gallery_image_cell_tablet": {
                                            "unit": "px",
                                            "size": "",
                                            "sizes": []
                                        },
                                        "premium_gallery_image_cell_mobile": {
                                            "unit": "px",
                                            "size": "",
                                            "sizes": []
                                        },
                                        "premium_gallery_image_vcell": {
                                            "unit": "px",
                                            "size": 6,
                                            "sizes": []
                                        },
                                        "premium_gallery_image_vcell_tablet": {
                                            "unit": "px",
                                            "size": "",
                                            "sizes": []
                                        },
                                        "premium_gallery_image_vcell_mobile": {
                                            "unit": "px",
                                            "size": "",
                                            "sizes": []
                                        },
                                        "premium_gallery_video": "true",
                                        "premium_gallery_video_type": "youtube",
                                        "premium_gallery_video_url": "https:\/\/www.youtube.com\/watch?v=BrlUXBD8GPI",
                                        "premium_gallery_video_self": {
                                            "url": "",
                                            "id": ""
                                        },
                                        "premium_gallery_video_self_url": "",
                                        "premium_gallery_video_controls": "true",
                                        "premium_gallery_video_mute": "",
                                        "premium_gallery_img_desc": "",
                                        "premium_gallery_img_link_type": "url",
                                        "premium_gallery_img_link": {
                                            "url": "#",
                                            "is_external": "",
                                            "nofollow": "",
                                            "custom_attributes": ""
                                        },
                                        "premium_gallery_img_existing": "",
                                        "premium_gallery_link_whole": "",
                                        "premium_gallery_lightbox_whole": ""
                                    },
                                    {
                                        "premium_gallery_img_name": "Consectetur Cursus Lorem",
                                        "premium_gallery_img_category": "Category 2, Category 3",
                                        "_id": "611b04b",
                                        "premium_gallery_img": {
                                            "id": 694,
                                            "url": "https:\/\/demo.detheme.com\/menzone\/wp-content\/uploads\/sites\/127\/2020\/04\/smiling-man-with-beard-and-glasses-PHWGANP.jpg"
                                        },
                                        "premium_gallery_image_cell": {
                                            "unit": "px",
                                            "size": 3,
                                            "sizes": []
                                        },
                                        "premium_gallery_image_cell_tablet": {
                                            "unit": "px",
                                            "size": "",
                                            "sizes": []
                                        },
                                        "premium_gallery_image_cell_mobile": {
                                            "unit": "px",
                                            "size": "",
                                            "sizes": []
                                        },
                                        "premium_gallery_image_vcell": {
                                            "unit": "px",
                                            "size": 3,
                                            "sizes": []
                                        },
                                        "premium_gallery_image_vcell_tablet": {
                                            "unit": "px",
                                            "size": "",
                                            "sizes": []
                                        },
                                        "premium_gallery_image_vcell_mobile": {
                                            "unit": "px",
                                            "size": "",
                                            "sizes": []
                                        },
                                        "premium_gallery_video": "",
                                        "premium_gallery_video_type": "youtube",
                                        "premium_gallery_video_url": "",
                                        "premium_gallery_video_self": {
                                            "url": "",
                                            "id": ""
                                        },
                                        "premium_gallery_video_self_url": "",
                                        "premium_gallery_video_controls": "true",
                                        "premium_gallery_video_mute": "",
                                        "premium_gallery_img_desc": "",
                                        "premium_gallery_img_link_type": "url",
                                        "premium_gallery_img_link": {
                                            "url": "#",
                                            "is_external": "",
                                            "nofollow": "",
                                            "custom_attributes": ""
                                        },
                                        "premium_gallery_img_existing": "",
                                        "premium_gallery_link_whole": "",
                                        "premium_gallery_lightbox_whole": ""
                                    },
                                    {
                                        "premium_gallery_img_name": "Pharetra Inceptos Dolor Commodo Etiam",
                                        "premium_gallery_img_category": "Category 3",
                                        "premium_gallery_img": {
                                            "id": 693,
                                            "url": "https:\/\/demo.detheme.com\/menzone\/wp-content\/uploads\/sites\/127\/2020\/04\/portrait-of-a-brutal-man-in-sunglasses-and-watch-o-CSA84HT.jpg"
                                        },
                                        "premium_gallery_image_cell": {
                                            "unit": "px",
                                            "size": 6,
                                            "sizes": []
                                        },
                                        "premium_gallery_image_cell_tablet": {
                                            "unit": "px",
                                            "size": "",
                                            "sizes": []
                                        },
                                        "premium_gallery_image_cell_mobile": {
                                            "unit": "px",
                                            "size": "",
                                            "sizes": []
                                        },
                                        "premium_gallery_image_vcell": {
                                            "unit": "px",
                                            "size": 6,
                                            "sizes": []
                                        },
                                        "premium_gallery_image_vcell_tablet": {
                                            "unit": "px",
                                            "size": "",
                                            "sizes": []
                                        },
                                        "premium_gallery_image_vcell_mobile": {
                                            "unit": "px",
                                            "size": "",
                                            "sizes": []
                                        },
                                        "premium_gallery_video": "",
                                        "premium_gallery_video_type": "youtube",
                                        "premium_gallery_video_url": "",
                                        "premium_gallery_video_self": {
                                            "url": "",
                                            "id": ""
                                        },
                                        "premium_gallery_video_self_url": "",
                                        "premium_gallery_video_controls": "true",
                                        "premium_gallery_video_mute": "",
                                        "premium_gallery_img_desc": "",
                                        "premium_gallery_img_link_type": "url",
                                        "premium_gallery_img_link": {
                                            "url": "#",
                                            "is_external": "",
                                            "nofollow": "",
                                            "custom_attributes": ""
                                        },
                                        "premium_gallery_img_existing": "",
                                        "premium_gallery_link_whole": "",
                                        "premium_gallery_lightbox_whole": "",
                                        "_id": "9e4ab9a"
                                    },
                                    {
                                        "premium_gallery_img_name": "Ridiculus Inceptos",
                                        "premium_gallery_img_category": "Category 2",
                                        "premium_gallery_img": {
                                            "id": 645,
                                            "url": "https:\/\/demo.detheme.com\/menzone\/wp-content\/uploads\/sites\/127\/2020\/04\/serious-businessman-walking-with-cellphone-and-hol-UABJXKP.jpg"
                                        },
                                        "premium_gallery_image_cell": {
                                            "unit": "px",
                                            "size": 3,
                                            "sizes": []
                                        },
                                        "premium_gallery_image_cell_tablet": {
                                            "unit": "px",
                                            "size": "",
                                            "sizes": []
                                        },
                                        "premium_gallery_image_cell_mobile": {
                                            "unit": "px",
                                            "size": "",
                                            "sizes": []
                                        },
                                        "premium_gallery_image_vcell": {
                                            "unit": "px",
                                            "size": 3,
                                            "sizes": []
                                        },
                                        "premium_gallery_image_vcell_tablet": {
                                            "unit": "px",
                                            "size": "",
                                            "sizes": []
                                        },
                                        "premium_gallery_image_vcell_mobile": {
                                            "unit": "px",
                                            "size": "",
                                            "sizes": []
                                        },
                                        "premium_gallery_video": "",
                                        "premium_gallery_video_type": "youtube",
                                        "premium_gallery_video_url": "",
                                        "premium_gallery_video_self": {
                                            "url": "",
                                            "id": ""
                                        },
                                        "premium_gallery_video_self_url": "",
                                        "premium_gallery_video_controls": "true",
                                        "premium_gallery_video_mute": "",
                                        "premium_gallery_img_desc": "",
                                        "premium_gallery_img_link_type": "url",
                                        "premium_gallery_img_link": {
                                            "url": "#",
                                            "is_external": "",
                                            "nofollow": "",
                                            "custom_attributes": ""
                                        },
                                        "premium_gallery_img_existing": "",
                                        "premium_gallery_link_whole": "",
                                        "premium_gallery_lightbox_whole": "",
                                        "_id": "7fb7159"
                                    },
                                    {
                                        "premium_gallery_img_name": "Mollis Risus Malesuada Elit",
                                        "premium_gallery_img_category": "Category 1",
                                        "premium_gallery_img": {
                                            "id": 644,
                                            "url": "https:\/\/demo.detheme.com\/menzone\/wp-content\/uploads\/sites\/127\/2020\/04\/portrait-of-a-young-man-in-a-studio-PWU68ML.jpg"
                                        },
                                        "premium_gallery_image_cell": {
                                            "unit": "px",
                                            "size": 4,
                                            "sizes": []
                                        },
                                        "premium_gallery_image_cell_tablet": {
                                            "unit": "px",
                                            "size": "",
                                            "sizes": []
                                        },
                                        "premium_gallery_image_cell_mobile": {
                                            "unit": "px",
                                            "size": "",
                                            "sizes": []
                                        },
                                        "premium_gallery_image_vcell": {
                                            "unit": "px",
                                            "size": 6,
                                            "sizes": []
                                        },
                                        "premium_gallery_image_vcell_tablet": {
                                            "unit": "px",
                                            "size": "",
                                            "sizes": []
                                        },
                                        "premium_gallery_image_vcell_mobile": {
                                            "unit": "px",
                                            "size": "",
                                            "sizes": []
                                        },
                                        "premium_gallery_video": "",
                                        "premium_gallery_video_type": "youtube",
                                        "premium_gallery_video_url": "",
                                        "premium_gallery_video_self": {
                                            "url": "",
                                            "id": ""
                                        },
                                        "premium_gallery_video_self_url": "",
                                        "premium_gallery_video_controls": "true",
                                        "premium_gallery_video_mute": "",
                                        "premium_gallery_img_desc": "",
                                        "premium_gallery_img_link_type": "url",
                                        "premium_gallery_img_link": {
                                            "url": "#",
                                            "is_external": "",
                                            "nofollow": "",
                                            "custom_attributes": ""
                                        },
                                        "premium_gallery_img_existing": "",
                                        "premium_gallery_link_whole": "",
                                        "premium_gallery_lightbox_whole": "",
                                        "_id": "88777ba"
                                    },
                                    {
                                        "premium_gallery_img_name": "Fringilla Vulputate Ullamcorper",
                                        "premium_gallery_img_category": "Category 1",
                                        "premium_gallery_img": {
                                            "id": 643,
                                            "url": "https:\/\/demo.detheme.com\/menzone\/wp-content\/uploads\/sites\/127\/2020\/04\/portrait-of-a-young-hipster-man-in-a-studio-copy-s-PXCSY2B.jpg"
                                        },
                                        "premium_gallery_image_cell": {
                                            "unit": "px",
                                            "size": 5,
                                            "sizes": []
                                        },
                                        "premium_gallery_image_cell_tablet": {
                                            "unit": "px",
                                            "size": "",
                                            "sizes": []
                                        },
                                        "premium_gallery_image_cell_mobile": {
                                            "unit": "px",
                                            "size": "",
                                            "sizes": []
                                        },
                                        "premium_gallery_image_vcell": {
                                            "unit": "px",
                                            "size": 3,
                                            "sizes": []
                                        },
                                        "premium_gallery_image_vcell_tablet": {
                                            "unit": "px",
                                            "size": "",
                                            "sizes": []
                                        },
                                        "premium_gallery_image_vcell_mobile": {
                                            "unit": "px",
                                            "size": "",
                                            "sizes": []
                                        },
                                        "premium_gallery_video": "",
                                        "premium_gallery_video_type": "youtube",
                                        "premium_gallery_video_url": "",
                                        "premium_gallery_video_self": {
                                            "url": "",
                                            "id": ""
                                        },
                                        "premium_gallery_video_self_url": "",
                                        "premium_gallery_video_controls": "true",
                                        "premium_gallery_video_mute": "",
                                        "premium_gallery_img_desc": "",
                                        "premium_gallery_img_link_type": "url",
                                        "premium_gallery_img_link": {
                                            "url": "#",
                                            "is_external": "",
                                            "nofollow": "",
                                            "custom_attributes": ""
                                        },
                                        "premium_gallery_img_existing": "",
                                        "premium_gallery_link_whole": "",
                                        "premium_gallery_lightbox_whole": "",
                                        "_id": "a8d92d6"
                                    },
                                    {
                                        "premium_gallery_img_name": "Pharetra Vestibulum Quam",
                                        "premium_gallery_img_category": "Category 1",
                                        "premium_gallery_img": {
                                            "id": 642,
                                            "url": "https:\/\/demo.detheme.com\/menzone\/wp-content\/uploads\/sites\/127\/2020\/04\/portrait-of-a-young-hipster-man-in-a-studio-copy-s-PHEFBM4.jpg"
                                        },
                                        "premium_gallery_image_cell": {
                                            "unit": "px",
                                            "size": 3,
                                            "sizes": []
                                        },
                                        "premium_gallery_image_cell_tablet": {
                                            "unit": "px",
                                            "size": "",
                                            "sizes": []
                                        },
                                        "premium_gallery_image_cell_mobile": {
                                            "unit": "px",
                                            "size": "",
                                            "sizes": []
                                        },
                                        "premium_gallery_image_vcell": {
                                            "unit": "px",
                                            "size": 6,
                                            "sizes": []
                                        },
                                        "premium_gallery_image_vcell_tablet": {
                                            "unit": "px",
                                            "size": "",
                                            "sizes": []
                                        },
                                        "premium_gallery_image_vcell_mobile": {
                                            "unit": "px",
                                            "size": "",
                                            "sizes": []
                                        },
                                        "premium_gallery_video": "",
                                        "premium_gallery_video_type": "youtube",
                                        "premium_gallery_video_url": "",
                                        "premium_gallery_video_self": {
                                            "url": "",
                                            "id": ""
                                        },
                                        "premium_gallery_video_self_url": "",
                                        "premium_gallery_video_controls": "true",
                                        "premium_gallery_video_mute": "",
                                        "premium_gallery_img_desc": "",
                                        "premium_gallery_img_link_type": "url",
                                        "premium_gallery_img_link": {
                                            "url": "#",
                                            "is_external": "",
                                            "nofollow": "",
                                            "custom_attributes": ""
                                        },
                                        "premium_gallery_img_existing": "",
                                        "premium_gallery_link_whole": "",
                                        "premium_gallery_lightbox_whole": "",
                                        "_id": "6060668"
                                    },
                                    {
                                        "premium_gallery_img_name": "Vulputate Pellentesque Condimentum",
                                        "premium_gallery_img_category": "Category 1",
                                        "premium_gallery_img": {
                                            "id": 641,
                                            "url": "https:\/\/demo.detheme.com\/menzone\/wp-content\/uploads\/sites\/127\/2020\/04\/portrait-of-a-young-hipster-man-in-a-studio-copy-s-DYPKCQS.jpg"
                                        },
                                        "premium_gallery_image_cell": {
                                            "unit": "px",
                                            "size": 5,
                                            "sizes": []
                                        },
                                        "premium_gallery_image_cell_tablet": {
                                            "unit": "px",
                                            "size": "",
                                            "sizes": []
                                        },
                                        "premium_gallery_image_cell_mobile": {
                                            "unit": "px",
                                            "size": "",
                                            "sizes": []
                                        },
                                        "premium_gallery_image_vcell": {
                                            "unit": "px",
                                            "size": 3,
                                            "sizes": []
                                        },
                                        "premium_gallery_image_vcell_tablet": {
                                            "unit": "px",
                                            "size": "",
                                            "sizes": []
                                        },
                                        "premium_gallery_image_vcell_mobile": {
                                            "unit": "px",
                                            "size": "",
                                            "sizes": []
                                        },
                                        "premium_gallery_video": "",
                                        "premium_gallery_video_type": "youtube",
                                        "premium_gallery_video_url": "",
                                        "premium_gallery_video_self": {
                                            "url": "",
                                            "id": ""
                                        },
                                        "premium_gallery_video_self_url": "",
                                        "premium_gallery_video_controls": "true",
                                        "premium_gallery_video_mute": "",
                                        "premium_gallery_img_desc": "",
                                        "premium_gallery_img_link_type": "url",
                                        "premium_gallery_img_link": {
                                            "url": "#",
                                            "is_external": "",
                                            "nofollow": "",
                                            "custom_attributes": ""
                                        },
                                        "premium_gallery_img_existing": "",
                                        "premium_gallery_link_whole": "",
                                        "premium_gallery_lightbox_whole": "",
                                        "_id": "f2435a8"
                                    }
                                ],
                                "premium_gallery_img_style": "style1",
                                "premium_gallery_img_effect": "zoomout",
                                "premium_gallery_videos_icon": {
                                    "value": "icon icon-play1",
                                    "library": "ekiticons"
                                },
                                "premium_gallery_lightbox_type": "yes",
                                "premium_gallery_icons_style_overlay": "rgba(0, 0, 0, 0.83)",
                                "hover_css_filters_css_filter": "custom",
                                "premium_gallery_title_color": "#F8F8F8",
                                "premium_gallery_title_typo_typography": "custom",
                                "premium_gallery_title_typo_font_size": {
                                    "unit": "px",
                                    "size": 21,
                                    "sizes": []
                                },
                                "premium_gallery_title_typo_font_weight": "600",
                                "premium_gallery_title_typo_line_height": {
                                    "unit": "em",
                                    "size": 1.3,
                                    "sizes": []
                                },
                                "premium_gallery_content_margin": {
                                    "unit": "px",
                                    "top": "0",
                                    "right": "0",
                                    "bottom": "0",
                                    "left": "0",
                                    "isLinked": false
                                },
                                "premium_gallery_content_padding": {
                                    "unit": "px",
                                    "top": "0",
                                    "right": "40",
                                    "bottom": "24",
                                    "left": "40",
                                    "isLinked": false
                                },
                                "premium_gallery_style1_icons_position": {
                                    "unit": "%",
                                    "size": 50,
                                    "sizes": []
                                },
                                "premium_gallery_icons_size": {
                                    "unit": "px",
                                    "size": 16,
                                    "sizes": []
                                },
                                "premium_gallery_icons_style_color": "#FFFFFF",
                                "premium_gallery_icons_style_border_border": "double",
                                "premium_gallery_icons_style_border_width": {
                                    "unit": "px",
                                    "top": "1",
                                    "right": "1",
                                    "bottom": "1",
                                    "left": "1",
                                    "isLinked": true
                                },
                                "premium_gallery_icons_style_border_color": "#FFFFFF",
                                "premium_gallery_icons_style_padding": {
                                    "unit": "px",
                                    "top": "23",
                                    "right": "24",
                                    "bottom": "23",
                                    "left": "24",
                                    "isLinked": false
                                },
                                "premium_gallery_icons_style_color_hover": "#333333",
                                "premium_gallery_icons_style_background_hover": "#FFFFFF"
                            },
                            "elements": [],
                            "isInner": false,
                            "widgetType": "premium-img-gallery",
                            "elType": "widget"
                        }
                    ],
                    "isInner": false,
                    "elType": "column"
                }
            ],
            "isInner": false,
            "elType": "section"
        },
        {
            "id": "943b618",
            "settings": {
                "layout": "full_width",
                "gap": "wider",
                "padding": {
                    "unit": "%",
                    "top": "0",
                    "right": "5",
                    "bottom": "0",
                    "left": "5",
                    "isLinked": false
                }
            },
            "elements": [
                {
                    "id": "66febcf3",
                    "settings": {
                        "_column_size": 100,
                        "_inline_size": null,
                        "padding": {
                            "unit": "px",
                            "top": "0",
                            "right": "0",
                            "bottom": "0",
                            "left": "0",
                            "isLinked": false
                        }
                    },
                    "elements": [
                        {
                            "id": "716eb1db",
                            "settings": {
                                "layout": "full_width",
                                "background_color": "#F9F9F9",
                                "margin": {
                                    "unit": "px",
                                    "top": "0",
                                    "right": 0,
                                    "bottom": "0",
                                    "left": 0,
                                    "isLinked": false
                                },
                                "padding": {
                                    "unit": "px",
                                    "top": "0",
                                    "right": "0",
                                    "bottom": "48",
                                    "left": "0",
                                    "isLinked": false
                                }
                            },
                            "elements": [
                                {
                                    "id": "4b3a20a8",
                                    "settings": {
                                        "_column_size": 100,
                                        "_inline_size": null
                                    },
                                    "elements": [
                                        {
                                            "id": "2094dd95",
                                            "settings": {
                                                "ekit_client_logo_repiter": [
                                                    {
                                                        "ekit_client_logo_list_title": "1",
                                                        "_id": "82aa8be",
                                                        "ekit_client_logo_image_normal": {
                                                            "id": 550,
                                                            "url": "https:\/\/demo.detheme.com\/menzone\/wp-content\/uploads\/sites\/127\/2020\/04\/logo1.png"
                                                        },
                                                        "ekit_client_logo_enable_hover_logo": "",
                                                        "ekit_client_logo_image_hover": {
                                                            "url": "",
                                                            "id": ""
                                                        },
                                                        "ekit_client_logo_enable_link": "",
                                                        "ekit_client_logo_website_link": {
                                                            "url": "",
                                                            "is_external": "",
                                                            "nofollow": "",
                                                            "custom_attributes": ""
                                                        }
                                                    },
                                                    {
                                                        "ekit_client_logo_list_title": "2",
                                                        "ekit_client_logo_image_normal": {
                                                            "id": 551,
                                                            "url": "https:\/\/demo.detheme.com\/menzone\/wp-content\/uploads\/sites\/127\/2020\/04\/logo2.png"
                                                        },
                                                        "ekit_client_logo_enable_hover_logo": "",
                                                        "ekit_client_logo_image_hover": {
                                                            "url": "",
                                                            "id": ""
                                                        },
                                                        "ekit_client_logo_enable_link": "",
                                                        "ekit_client_logo_website_link": {
                                                            "url": "",
                                                            "is_external": "",
                                                            "nofollow": "",
                                                            "custom_attributes": ""
                                                        },
                                                        "_id": "0dc7968"
                                                    },
                                                    {
                                                        "ekit_client_logo_list_title": "3",
                                                        "ekit_client_logo_image_normal": {
                                                            "id": 552,
                                                            "url": "https:\/\/demo.detheme.com\/menzone\/wp-content\/uploads\/sites\/127\/2020\/04\/logo3.png"
                                                        },
                                                        "ekit_client_logo_enable_hover_logo": "",
                                                        "ekit_client_logo_image_hover": {
                                                            "url": "",
                                                            "id": ""
                                                        },
                                                        "ekit_client_logo_enable_link": "",
                                                        "ekit_client_logo_website_link": {
                                                            "url": "",
                                                            "is_external": "",
                                                            "nofollow": "",
                                                            "custom_attributes": ""
                                                        },
                                                        "_id": "a379956"
                                                    },
                                                    {
                                                        "ekit_client_logo_list_title": "4",
                                                        "ekit_client_logo_image_normal": {
                                                            "id": 553,
                                                            "url": "https:\/\/demo.detheme.com\/menzone\/wp-content\/uploads\/sites\/127\/2020\/04\/logo8.png"
                                                        },
                                                        "ekit_client_logo_enable_hover_logo": "",
                                                        "ekit_client_logo_image_hover": {
                                                            "url": "",
                                                            "id": ""
                                                        },
                                                        "ekit_client_logo_enable_link": "",
                                                        "ekit_client_logo_website_link": {
                                                            "url": "",
                                                            "is_external": "",
                                                            "nofollow": "",
                                                            "custom_attributes": ""
                                                        },
                                                        "_id": "b870093"
                                                    },
                                                    {
                                                        "ekit_client_logo_list_title": "5",
                                                        "ekit_client_logo_image_normal": {
                                                            "id": 554,
                                                            "url": "https:\/\/demo.detheme.com\/menzone\/wp-content\/uploads\/sites\/127\/2020\/04\/logo4.png"
                                                        },
                                                        "ekit_client_logo_enable_hover_logo": "",
                                                        "ekit_client_logo_image_hover": {
                                                            "url": "",
                                                            "id": ""
                                                        },
                                                        "ekit_client_logo_enable_link": "",
                                                        "ekit_client_logo_website_link": {
                                                            "url": "",
                                                            "is_external": "",
                                                            "nofollow": "",
                                                            "custom_attributes": ""
                                                        },
                                                        "_id": "16f91ac"
                                                    },
                                                    {
                                                        "ekit_client_logo_list_title": "6",
                                                        "ekit_client_logo_image_normal": {
                                                            "id": 555,
                                                            "url": "https:\/\/demo.detheme.com\/menzone\/wp-content\/uploads\/sites\/127\/2020\/04\/logo5.png"
                                                        },
                                                        "ekit_client_logo_enable_hover_logo": "",
                                                        "ekit_client_logo_image_hover": {
                                                            "url": "",
                                                            "id": ""
                                                        },
                                                        "ekit_client_logo_enable_link": "",
                                                        "ekit_client_logo_website_link": {
                                                            "url": "",
                                                            "is_external": "",
                                                            "nofollow": "",
                                                            "custom_attributes": ""
                                                        },
                                                        "_id": "038805f"
                                                    },
                                                    {
                                                        "ekit_client_logo_list_title": "7",
                                                        "ekit_client_logo_image_normal": {
                                                            "id": 556,
                                                            "url": "https:\/\/demo.detheme.com\/menzone\/wp-content\/uploads\/sites\/127\/2020\/04\/logo6.png"
                                                        },
                                                        "ekit_client_logo_enable_hover_logo": "",
                                                        "ekit_client_logo_image_hover": {
                                                            "url": "",
                                                            "id": ""
                                                        },
                                                        "ekit_client_logo_enable_link": "",
                                                        "ekit_client_logo_website_link": {
                                                            "url": "",
                                                            "is_external": "",
                                                            "nofollow": "",
                                                            "custom_attributes": ""
                                                        },
                                                        "_id": "d9a1a76"
                                                    },
                                                    {
                                                        "ekit_client_logo_list_title": "8",
                                                        "ekit_client_logo_image_normal": {
                                                            "id": 557,
                                                            "url": "https:\/\/demo.detheme.com\/menzone\/wp-content\/uploads\/sites\/127\/2020\/04\/logo7.png"
                                                        },
                                                        "ekit_client_logo_enable_hover_logo": "",
                                                        "ekit_client_logo_image_hover": {
                                                            "url": "",
                                                            "id": ""
                                                        },
                                                        "ekit_client_logo_enable_link": "",
                                                        "ekit_client_logo_website_link": {
                                                            "url": "",
                                                            "is_external": "",
                                                            "nofollow": "",
                                                            "custom_attributes": ""
                                                        },
                                                        "_id": "3d6e1f3"
                                                    },
                                                    {
                                                        "ekit_client_logo_list_title": "9",
                                                        "ekit_client_logo_image_normal": {
                                                            "id": 558,
                                                            "url": "https:\/\/demo.detheme.com\/menzone\/wp-content\/uploads\/sites\/127\/2020\/04\/logo9.png"
                                                        },
                                                        "ekit_client_logo_enable_hover_logo": "",
                                                        "ekit_client_logo_image_hover": {
                                                            "url": "",
                                                            "id": ""
                                                        },
                                                        "ekit_client_logo_enable_link": "",
                                                        "ekit_client_logo_website_link": {
                                                            "url": "",
                                                            "is_external": "",
                                                            "nofollow": "",
                                                            "custom_attributes": ""
                                                        },
                                                        "_id": "9ee701b"
                                                    },
                                                    {
                                                        "ekit_client_logo_list_title": "10",
                                                        "ekit_client_logo_image_normal": {
                                                            "id": 559,
                                                            "url": "https:\/\/demo.detheme.com\/menzone\/wp-content\/uploads\/sites\/127\/2020\/04\/logo10.png"
                                                        },
                                                        "ekit_client_logo_enable_hover_logo": "",
                                                        "ekit_client_logo_image_hover": {
                                                            "url": "",
                                                            "id": ""
                                                        },
                                                        "ekit_client_logo_enable_link": "",
                                                        "ekit_client_logo_website_link": {
                                                            "url": "",
                                                            "is_external": "",
                                                            "nofollow": "",
                                                            "custom_attributes": ""
                                                        },
                                                        "_id": "689ca18"
                                                    }
                                                ],
                                                "ekit_client_logo_left_right_spacing": {
                                                    "unit": "px",
                                                    "size": 40,
                                                    "sizes": []
                                                },
                                                "ekit_client_logo_top_bottom_spacing": {
                                                    "unit": "px",
                                                    "size": 0,
                                                    "sizes": []
                                                },
                                                "ekit_client_logo_speed": 4000,
                                                "ekit_client_logo_rows": "1",
                                                "ekit_client_logo_client_logo_background_group_background": "classic",
                                                "ekit_client_logo_client_logo_background_group_color": "rgba(2, 1, 1, 0)",
                                                "ekit_client_logo_image_box_shadow_group_box_shadow_type": "yes",
                                                "ekit_client_logo_image_box_shadow_group_box_shadow": {
                                                    "horizontal": 0,
                                                    "vertical": 0,
                                                    "blur": 10,
                                                    "spread": 0,
                                                    "color": "rgba(0, 0, 0, 0)"
                                                },
                                                "ekit_client_logo_opacity": {
                                                    "unit": "",
                                                    "size": 0.5,
                                                    "sizes": []
                                                },
                                                "ekit_client_logo_left_right_spacing_tablet": {
                                                    "unit": "px",
                                                    "size": 20,
                                                    "sizes": []
                                                },
                                                "ekit_client_logo_top_bottom_spacing_tablet": {
                                                    "unit": "px",
                                                    "size": 0,
                                                    "sizes": []
                                                },
                                                "ekit_client_logo_slidetosho_tablet": {
                                                    "unit": "px",
                                                    "size": 5,
                                                    "sizes": []
                                                },
                                                "_margin_tablet": {
                                                    "unit": "px",
                                                    "top": "-40",
                                                    "right": "0",
                                                    "bottom": "0",
                                                    "left": "0",
                                                    "isLinked": false
                                                },
                                                "_padding_tablet": {
                                                    "unit": "px",
                                                    "top": "0",
                                                    "right": "0",
                                                    "bottom": "0",
                                                    "left": "0",
                                                    "isLinked": false
                                                },
                                                "ekit_client_logo_slidetosho": {
                                                    "unit": "px",
                                                    "size": 6,
                                                    "sizes": []
                                                },
                                                "ekit_client_logo_left_right_spacing_mobile": {
                                                    "unit": "px",
                                                    "size": 20,
                                                    "sizes": []
                                                },
                                                "ekit_client_logo_slidetosho_mobile": {
                                                    "unit": "px",
                                                    "size": 2,
                                                    "sizes": []
                                                }
                                            },
                                            "elements": [],
                                            "isInner": false,
                                            "widgetType": "elementskit-client-logo",
                                            "elType": "widget"
                                        }
                                    ],
                                    "isInner": true,
                                    "elType": "column"
                                }
                            ],
                            "isInner": true,
                            "elType": "section"
                        }
                    ],
                    "isInner": false,
                    "elType": "column"
                }
            ],
            "isInner": false,
            "elType": "section"
        },
        {
            "id": "5fcd00b4",
            "settings": {
                "layout": "full_width",
                "gap": "wider",
                "custom_height": {
                    "unit": "px",
                    "size": 700,
                    "sizes": []
                },
                "background_position": "center center",
                "background_repeat": "no-repeat",
                "background_size": "cover",
                "padding": {
                    "unit": "%",
                    "top": "0",
                    "right": "5",
                    "bottom": "0",
                    "left": "5",
                    "isLinked": false
                },
                "padding_tablet": {
                    "unit": "px",
                    "top": "0",
                    "right": "0",
                    "bottom": "0",
                    "left": "0",
                    "isLinked": false
                }
            },
            "elements": [
                {
                    "id": "22de06d",
                    "settings": {
                        "_column_size": 100,
                        "_inline_size": null,
                        "padding": {
                            "unit": "px",
                            "top": "0",
                            "right": "0",
                            "bottom": "0",
                            "left": "0",
                            "isLinked": false
                        }
                    },
                    "elements": [
                        {
                            "id": "1ac980f6",
                            "settings": {
                                "height_inner": "min-height",
                                "custom_height_inner": {
                                    "unit": "px",
                                    "size": 600,
                                    "sizes": []
                                },
                                "structure": "30",
                                "background_background": "classic",
                                "background_image": {
                                    "url": "https:\/\/demo.detheme.com\/menzone\/wp-content\/uploads\/sites\/127\/2020\/04\/workplace-of-business-modern-male-accessories-and-PS82W7G.jpg",
                                    "id": 627
                                },
                                "background_position": "center center",
                                "background_repeat": "no-repeat",
                                "background_size": "cover",
                                "margin": {
                                    "unit": "px",
                                    "top": "48",
                                    "right": 0,
                                    "bottom": "0",
                                    "left": 0,
                                    "isLinked": false
                                },
                                "padding": {
                                    "unit": "px",
                                    "top": "96",
                                    "right": "32",
                                    "bottom": "96",
                                    "left": "32",
                                    "isLinked": false
                                },
                                "custom_height_inner_tablet": {
                                    "unit": "px",
                                    "size": 200,
                                    "sizes": []
                                }
                            },
                            "elements": [
                                {
                                    "id": "7bc0cc",
                                    "settings": {
                                        "_column_size": 33,
                                        "_inline_size": 20
                                    },
                                    "elements": [],
                                    "isInner": true,
                                    "elType": "column"
                                },
                                {
                                    "id": "257dffd3",
                                    "settings": {
                                        "_column_size": 33,
                                        "_inline_size": 59.332,
                                        "content_position": "center",
                                        "_inline_size_tablet": 100
                                    },
                                    "elements": [
                                        {
                                            "id": "14c7a4de",
                                            "settings": {
                                                "title": "Subscribe to our Newsletter and get 40% off on all products",
                                                "align": "center",
                                                "title_color": "#FFFFFF",
                                                "typography_typography": "custom",
                                                "typography_line_height": {
                                                    "unit": "em",
                                                    "size": 1.1,
                                                    "sizes": []
                                                },
                                                "_margin": {
                                                    "unit": "px",
                                                    "top": "0",
                                                    "right": "0",
                                                    "bottom": "48",
                                                    "left": "0",
                                                    "isLinked": false
                                                },
                                                "typography_font_size_mobile": {
                                                    "unit": "px",
                                                    "size": 28,
                                                    "sizes": []
                                                }
                                            },
                                            "elements": [],
                                            "isInner": false,
                                            "widgetType": "heading",
                                            "elType": "widget"
                                        },
                                        {
                                            "id": "5e25d2a4",
                                            "settings": {
                                                "ekit_mail_chimp_email_address_placeholder": "Email Address",
                                                "ekit_mail_chimp_email_icons": {
                                                    "value": "",
                                                    "library": ""
                                                },
                                                "ekit_mail_chimp_submit": "Sign Up",
                                                "ekit_mail_chimp_submit_icons": {
                                                    "value": "",
                                                    "library": ""
                                                },
                                                "ekit_mail_chimp_success_message": "Successfully listed this email",
                                                "ekit_mail_chimp_select_listed_id": "19fae928e7",
                                                "ekit_mail_chimp_input_style_radius": {
                                                    "unit": "px",
                                                    "top": "0",
                                                    "right": "0",
                                                    "bottom": "0",
                                                    "left": "0",
                                                    "isLinked": true
                                                },
                                                "ekit_mail_chimp_input_style_border_border": "solid",
                                                "ekit_mail_chimp_input_style_border_width": {
                                                    "unit": "px",
                                                    "top": "0",
                                                    "right": "0",
                                                    "bottom": "1",
                                                    "left": "0",
                                                    "isLinked": false
                                                },
                                                "ekit_mail_chimp_input_style_border_color": "rgba(255, 255, 255, 0.46)",
                                                "ekit_mail_chimp_input_style_padding": {
                                                    "unit": "px",
                                                    "top": "8",
                                                    "right": "16",
                                                    "bottom": "9",
                                                    "left": "5",
                                                    "isLinked": false
                                                },
                                                "ekit_mail_chimp_input_style_width__switch": "yes",
                                                "ekit_mail_chimp_input_style_margin_right": {
                                                    "unit": "px",
                                                    "size": 0,
                                                    "sizes": []
                                                },
                                                "ekit_mail_chimp_input_style_placeholder_color": "rgba(255, 255, 255, 0.88)",
                                                "ekit_mail_chimp_button_typography_typography": "custom",
                                                "ekit_mail_chimp_button_typography_font_family": "Space Mono",
                                                "ekit_mail_chimp_button_typography_font_size": {
                                                    "unit": "px",
                                                    "size": 11,
                                                    "sizes": []
                                                },
                                                "ekit_mail_chimp_button_typography_font_weight": "500",
                                                "ekit_mail_chimp_button_typography_text_transform": "uppercase",
                                                "ekit_mail_chimp_button_typography_letter_spacing": {
                                                    "unit": "px",
                                                    "size": 2,
                                                    "sizes": []
                                                },
                                                "ekit_mail_chimp_button_border_radius": {
                                                    "unit": "px",
                                                    "top": "0",
                                                    "right": "0",
                                                    "bottom": "0",
                                                    "left": "0",
                                                    "isLinked": true
                                                },
                                                "ekit_mail_chimp_button_color": "#FFFFFF",
                                                "ekit_mail_chimp_button_background_background": "classic",
                                                "ekit_mail_chimp_button_background_color": "#FF6400",
                                                "ekit_mail_chimp_button_color_hover": "",
                                                "ekit_mail_chimp_button_background_hover_background": "classic",
                                                "_margin": {
                                                    "unit": "%",
                                                    "top": "0",
                                                    "right": "10",
                                                    "bottom": "0",
                                                    "left": "10",
                                                    "isLinked": false
                                                },
                                                "ekit_mail_chimp_input_style_background_background": "classic",
                                                "ekit_mail_chimp_input_style_background_color": "rgba(255, 255, 255, 0)",
                                                "_padding": {
                                                    "unit": "px",
                                                    "top": "24",
                                                    "right": "48",
                                                    "bottom": "24",
                                                    "left": "48",
                                                    "isLinked": false
                                                },
                                                "_background_background": "classic",
                                                "_background_color": "#333333",
                                                "_margin_mobile": {
                                                    "unit": "px",
                                                    "top": "0",
                                                    "right": "0",
                                                    "bottom": "0",
                                                    "left": "0",
                                                    "isLinked": false
                                                },
                                                "_padding_mobile": {
                                                    "unit": "px",
                                                    "top": "0",
                                                    "right": "0",
                                                    "bottom": "0",
                                                    "left": "0",
                                                    "isLinked": false
                                                }
                                            },
                                            "elements": [],
                                            "isInner": false,
                                            "widgetType": "elementskit-mail-chimp",
                                            "elType": "widget"
                                        }
                                    ],
                                    "isInner": true,
                                    "elType": "column"
                                },
                                {
                                    "id": "67bdfa9",
                                    "settings": {
                                        "_column_size": 33,
                                        "_inline_size": 20
                                    },
                                    "elements": [],
                                    "isInner": true,
                                    "elType": "column"
                                }
                            ],
                            "isInner": true,
                            "elType": "section"
                        }
                    ],
                    "isInner": false,
                    "elType": "column"
                }
            ],
            "isInner": false,
            "elType": "section"
        }
    ]
}