{
    "version": "0.4",
    "title": "Global Kit Styles",
    "type": "section",
    "metadata": {
        "template_type": "global-styles",
        "include_in_zip": "1",
        "elementor_pro_required": null,
        "additional_template_information": [
            "These are the global theme styles configured through the Elementor Theme Styles area."
        ],
        "wp_page_template": "default"
    },
    "content": [],
    "page_settings": {
        "body_color": "#333333",
        "body_typography_typography": "custom",
        "body_typography_font_family": "Nunito Sans",
        "h1_typography_typography": "custom",
        "paragraph_spacing": {
            "unit": "em",
            "size": "1.5",
            "sizes": []
        },
        "link_normal_color": "#FF6400",
        "link_normal_typography_typography": "custom",
        "h1_typography_font_size": {
            "unit": "px",
            "size": "67",
            "sizes": []
        },
        "h1_typography_font_weight": "900",
        "h1_typography_text_transform": "capitalize",
        "h1_typography_line_height": {
            "unit": "em",
            "size": "1",
            "sizes": []
        },
        "h2_typography_typography": "custom",
        "h2_typography_font_size": {
            "unit": "px",
            "size": "50",
            "sizes": []
        },
        "h2_typography_font_weight": "900",
        "h2_typography_text_transform": "capitalize",
        "h2_typography_line_height": {
            "unit": "em",
            "size": "1.1",
            "sizes": []
        },
        "h3_typography_typography": "custom",
        "h3_typography_font_size": {
            "unit": "px",
            "size": "38",
            "sizes": []
        },
        "h3_typography_font_weight": "900",
        "h3_typography_text_transform": "uppercase",
        "h3_typography_line_height": {
            "unit": "em",
            "size": "1.2",
            "sizes": []
        },
        "h4_typography_typography": "custom",
        "h4_typography_font_size": {
            "unit": "px",
            "size": "28",
            "sizes": []
        },
        "h4_typography_font_weight": "900",
        "h4_typography_text_transform": "capitalize",
        "h4_typography_line_height": {
            "unit": "em",
            "size": "1.3",
            "sizes": []
        },
        "h5_typography_typography": "custom",
        "h5_typography_font_size": {
            "unit": "px",
            "size": "21",
            "sizes": []
        },
        "h5_typography_font_weight": "900",
        "h5_typography_text_transform": "capitalize",
        "h5_typography_line_height": {
            "unit": "em",
            "size": "1.4",
            "sizes": []
        },
        "h6_typography_typography": "custom",
        "h6_typography_font_size": {
            "unit": "px",
            "size": "16",
            "sizes": []
        },
        "h6_typography_font_weight": "900",
        "h6_typography_text_transform": "capitalize",
        "h6_typography_line_height": {
            "unit": "em",
            "size": "1",
            "sizes": []
        },
        "button_typography_typography": "custom",
        "button_typography_font_family": "Space Mono",
        "button_typography_font_size": {
            "unit": "px",
            "size": "11",
            "sizes": []
        },
        "button_typography_font_weight": "500",
        "button_typography_text_transform": "uppercase",
        "button_typography_line_height": {
            "unit": "em",
            "size": "1.5",
            "sizes": []
        },
        "button_typography_letter_spacing": {
            "unit": "px",
            "size": "2",
            "sizes": []
        },
        "button_text_color": "#FFFFFF",
        "button_background_color": "#FF6400",
        "button_border_border": "solid",
        "button_border_width": {
            "unit": "px",
            "top": "0",
            "right": "0",
            "bottom": "0",
            "left": "0",
            "isLinked": "1"
        },
        "button_border_radius": {
            "unit": "px",
            "top": "0",
            "right": "0",
            "bottom": "0",
            "left": "0",
            "isLinked": "1"
        },
        "body_typography_font_weight": "300",
        "form_label_color": "#333333",
        "form_field_border_border": "solid",
        "form_field_border_width": {
            "unit": "px",
            "top": "1",
            "right": "1",
            "bottom": "1",
            "left": "1",
            "isLinked": "1"
        },
        "form_field_border_color": "#DEDEDE",
        "form_field_border_radius": {
            "unit": "px",
            "top": "0",
            "right": "0",
            "bottom": "0",
            "left": "0",
            "isLinked": "1"
        },
        "h1_color": "#333333",
        "h2_color": "#333333",
        "h3_color": "#333333",
        "h4_color": "#333333",
        "h5_color": "#333333",
        "h6_color": "#333333",
        "form_field_text_color": "#333333",
        "form_field_background_color": "#FFFFFF",
        "default_generic_fonts": "Sans-serif",
        "space_between_widgets": 0,
        "viewport_md": "",
        "viewport_lg": "",
        "custom_colors": [
            {
                "_id": "11722e8a",
                "title": "Saved Color #1",
                "color": "#FFF"
            },
            {
                "_id": "7695aa2f",
                "title": "Saved Color #2",
                "color": "#F9F9F9"
            },
            {
                "_id": "5d9565d7",
                "title": "Saved Color #3",
                "color": "#DEDEDE"
            },
            {
                "_id": "48a13acc",
                "title": "Saved Color #4",
                "color": "#333333"
            },
            {
                "_id": "28cc010",
                "title": "Saved Color #5",
                "color": "#777777"
            },
            {
                "_id": "374ce8b",
                "title": "Saved Color #6",
                "color": "#CEFF4F"
            },
            {
                "_id": "63332d38",
                "title": "Saved Color #7",
                "color": "#87BA00"
            },
            {
                "_id": "344439ea",
                "title": "Saved Color #8",
                "color": "#A2A2A2"
            },
            {
                "_id": "3ce8da1",
                "title": "Saved Color #9",
                "color": "#C5C5C5"
            },
            {
                "_id": "537e132a",
                "title": "Saved Color #10",
                "color": "#FF6400"
            },
            {
                "_id": "29c28cb8",
                "title": "Saved Color #11",
                "color": "#FFF3EC"
            }
        ]
    }
}