{
    "version": "0.4",
    "title": "Single Product",
    "type": "section",
    "metadata": {
        "template_type": "single-product",
        "include_in_zip": "1",
        "elementor_pro_required": null,
        "wp_page_template": "elementor_header_footer"
    },
    "content": [
        {
            "id": "11f6e14a",
            "settings": {
                "layout": "full_width",
                "gap": "wider",
                "padding": {
                    "unit": "%",
                    "top": "0",
                    "right": "5",
                    "bottom": "0",
                    "left": "5",
                    "isLinked": false
                },
                "padding_tablet": {
                    "unit": "px",
                    "top": "0",
                    "right": "0",
                    "bottom": "0",
                    "left": "0",
                    "isLinked": false
                }
            },
            "elements": [
                {
                    "id": "6db0ec96",
                    "settings": {
                        "_column_size": 100,
                        "_inline_size": null,
                        "padding": {
                            "unit": "%",
                            "top": "0",
                            "right": "0",
                            "bottom": "0",
                            "left": "0",
                            "isLinked": false
                        },
                        "padding_tablet": {
                            "unit": "px",
                            "top": "0",
                            "right": "0",
                            "bottom": "0",
                            "left": "0",
                            "isLinked": true
                        }
                    },
                    "elements": [
                        {
                            "id": "48d3ec1f",
                            "settings": {
                                "structure": "30",
                                "background_background": "classic",
                                "background_color": "#F9F9F9",
                                "margin": {
                                    "unit": "px",
                                    "top": "0",
                                    "right": 0,
                                    "bottom": "0",
                                    "left": 0,
                                    "isLinked": false
                                },
                                "padding": {
                                    "unit": "px",
                                    "top": "96",
                                    "right": "0",
                                    "bottom": "48",
                                    "left": "0",
                                    "isLinked": false
                                },
                                "padding_tablet": {
                                    "unit": "px",
                                    "top": "48",
                                    "right": "30",
                                    "bottom": "48",
                                    "left": "30",
                                    "isLinked": false
                                }
                            },
                            "elements": [
                                {
                                    "id": "1449a242",
                                    "settings": {
                                        "_column_size": 33,
                                        "_inline_size": 45.179,
                                        "padding": {
                                            "unit": "px",
                                            "top": "0",
                                            "right": "0",
                                            "bottom": "0",
                                            "left": "0",
                                            "isLinked": false
                                        }
                                    },
                                    "elements": [
                                        {
                                            "id": "7b233321",
                                            "settings": [],
                                            "elements": [],
                                            "isInner": false,
                                            "widgetType": "wl-single-product-image",
                                            "elType": "widget"
                                        }
                                    ],
                                    "isInner": true,
                                    "elType": "column"
                                },
                                {
                                    "id": "470a9481",
                                    "settings": {
                                        "_column_size": 33,
                                        "_inline_size": 5.556
                                    },
                                    "elements": [],
                                    "isInner": true,
                                    "elType": "column"
                                },
                                {
                                    "id": "d9bab64",
                                    "settings": {
                                        "_column_size": 33,
                                        "_inline_size": 48.598,
                                        "content_position": "center"
                                    },
                                    "elements": [
                                        {
                                            "id": "4a944580",
                                            "settings": {
                                                "_margin": {
                                                    "unit": "px",
                                                    "top": "0",
                                                    "right": "0",
                                                    "bottom": "16",
                                                    "left": "0",
                                                    "isLinked": false
                                                },
                                                "product_rating_color": "#FFD200",
                                                "product_rating_link_typography_typography": "custom",
                                                "product_rating_link_typography_font_size": {
                                                    "unit": "px",
                                                    "size": 14,
                                                    "sizes": []
                                                },
                                                "rating_margin": {
                                                    "unit": "px",
                                                    "top": "6",
                                                    "right": "6",
                                                    "bottom": "6",
                                                    "left": "6",
                                                    "isLinked": true
                                                }
                                            },
                                            "elements": [],
                                            "isInner": false,
                                            "widgetType": "wl-single-product-rating",
                                            "elType": "widget"
                                        },
                                        {
                                            "id": "92e848a",
                                            "settings": {
                                                "product_title_typography_typography": "custom",
                                                "product_title_typography_font_size": {
                                                    "unit": "px",
                                                    "size": 38,
                                                    "sizes": []
                                                },
                                                "_margin": {
                                                    "unit": "px",
                                                    "top": "0",
                                                    "right": "0",
                                                    "bottom": "32",
                                                    "left": "0",
                                                    "isLinked": false
                                                }
                                            },
                                            "elements": [],
                                            "isInner": false,
                                            "widgetType": "wl-single-product-title",
                                            "elType": "widget"
                                        },
                                        {
                                            "id": "62450616",
                                            "settings": {
                                                "product_price_color": "#777777",
                                                "product_price_typography_typography": "custom",
                                                "product_price_typography_font_size": {
                                                    "unit": "px",
                                                    "size": 15,
                                                    "sizes": []
                                                },
                                                "product_price_typography_font_weight": "300",
                                                "product_sale_price_color": "#FF6400",
                                                "product_sale_price_typography_typography": "custom",
                                                "product_sale_price_typography_font_size": {
                                                    "unit": "px",
                                                    "size": 18,
                                                    "sizes": []
                                                },
                                                "product_sale_price_typography_font_weight": "700"
                                            },
                                            "elements": [],
                                            "isInner": false,
                                            "widgetType": "wl-single-product-price",
                                            "elType": "widget"
                                        },
                                        {
                                            "id": "1f6e919d",
                                            "settings": [],
                                            "elements": [],
                                            "isInner": false,
                                            "widgetType": "wl-single-product-stock",
                                            "elType": "widget"
                                        },
                                        {
                                            "id": "4ee91974",
                                            "settings": {
                                                "meta_text_typography_typography": "custom",
                                                "meta_text_typography_font_weight": "500"
                                            },
                                            "elements": [],
                                            "isInner": false,
                                            "widgetType": "wl-single-product-meta",
                                            "elType": "widget"
                                        },
                                        {
                                            "id": "3e3b7970",
                                            "settings": {
                                                "button_color": "#FFFFFF",
                                                "button_typography_typography": "custom",
                                                "button_typography_font_family": "Space Mono",
                                                "button_typography_font_size": {
                                                    "unit": "px",
                                                    "size": 11,
                                                    "sizes": []
                                                },
                                                "button_typography_font_weight": "500",
                                                "button_typography_text_transform": "uppercase",
                                                "button_typography_letter_spacing": {
                                                    "unit": "px",
                                                    "size": 2,
                                                    "sizes": []
                                                },
                                                "button_padding": {
                                                    "unit": "px",
                                                    "top": "16",
                                                    "right": "48",
                                                    "bottom": "16",
                                                    "left": "48",
                                                    "isLinked": false
                                                },
                                                "button_border_border": "solid",
                                                "button_border_width": {
                                                    "unit": "px",
                                                    "top": "0",
                                                    "right": "0",
                                                    "bottom": "0",
                                                    "left": "0",
                                                    "isLinked": true
                                                },
                                                "button_background_color": "#FF6400",
                                                "_margin": {
                                                    "unit": "px",
                                                    "top": "48",
                                                    "right": "0",
                                                    "bottom": "32",
                                                    "left": "0",
                                                    "isLinked": false
                                                },
                                                "button_border_color": "#FFFFFF"
                                            },
                                            "elements": [],
                                            "isInner": false,
                                            "widgetType": "wl-product-add-to-cart",
                                            "elType": "widget"
                                        },
                                        {
                                            "id": "4b77a847",
                                            "settings": [],
                                            "elements": [],
                                            "isInner": false,
                                            "widgetType": "wl-single-product-short-description",
                                            "elType": "widget"
                                        },
                                        {
                                            "id": "58db5d4c",
                                            "settings": {
                                                "ekit_socialshare_list_align": "left",
                                                "ekit_socialshare_add_icons": [
                                                    {
                                                        "ekit_socialshare_icons": {
                                                            "value": "icon icon-facebook",
                                                            "library": "ekiticons"
                                                        },
                                                        "ekit_socialshare_icon_hover_bg_color": "#3B5998",
                                                        "ekit_socialshare_label_text": "facebook",
                                                        "_id": "aedb126",
                                                        "ekit_socialshare_label": "",
                                                        "ekit_socialshare_icon_color": "#A2A2A2",
                                                        "ekit_socialshare_icon_color_tablet": "",
                                                        "ekit_socialshare_icon_color_mobile": "",
                                                        "ekit_socialshare_icon_bg_color": "rgba(206, 255, 79, 0)",
                                                        "ekit_socialshare_icon_bg_color_tablet": "",
                                                        "ekit_socialshare_icon_bg_color_mobile": "",
                                                        "ekit_socialshare_border_border": "solid",
                                                        "ekit_socialshare_border_width": {
                                                            "unit": "px",
                                                            "top": "1",
                                                            "right": "1",
                                                            "bottom": "1",
                                                            "left": "1",
                                                            "isLinked": true
                                                        },
                                                        "ekit_socialshare_border_width_tablet": {
                                                            "unit": "px",
                                                            "top": "",
                                                            "right": "",
                                                            "bottom": "",
                                                            "left": "",
                                                            "isLinked": true
                                                        },
                                                        "ekit_socialshare_border_width_mobile": {
                                                            "unit": "px",
                                                            "top": "",
                                                            "right": "",
                                                            "bottom": "",
                                                            "left": "",
                                                            "isLinked": true
                                                        },
                                                        "ekit_socialshare_border_color": "#C5C5C5",
                                                        "ekit_socialshare_icon_normal_text_shadow_text_shadow_type": "",
                                                        "ekit_socialshare_icon_normal_text_shadow_text_shadow": {
                                                            "horizontal": 0,
                                                            "vertical": 0,
                                                            "blur": 10,
                                                            "color": "rgba(0,0,0,0.3)"
                                                        },
                                                        "ekit_socialshare_list_box_shadow_box_shadow_type": "",
                                                        "ekit_socialshare_list_box_shadow_box_shadow": {
                                                            "horizontal": 0,
                                                            "vertical": 0,
                                                            "blur": 10,
                                                            "spread": 0,
                                                            "color": "rgba(0,0,0,0.5)"
                                                        },
                                                        "ekit_socialshare_list_box_shadow_box_shadow_position": " ",
                                                        "ekit_socialshare_icon_hover_color": "#FFFFFF",
                                                        "ekit_socialshare_icon_hover_color_tablet": "",
                                                        "ekit_socialshare_icon_hover_color_mobile": "",
                                                        "ekit_socialshare_icon_hover_bg_color_tablet": "",
                                                        "ekit_socialshare_icon_hover_bg_color_mobile": "",
                                                        "ekit_socialshare_icon_hover_text_shadow_text_shadow_type": "",
                                                        "ekit_socialshare_icon_hover_text_shadow_text_shadow": {
                                                            "horizontal": 0,
                                                            "vertical": 0,
                                                            "blur": 10,
                                                            "color": "rgba(0,0,0,0.3)"
                                                        },
                                                        "ekit_socialshare_list_box_shadow_hover_box_shadow_type": "",
                                                        "ekit_socialshare_list_box_shadow_hover_box_shadow": {
                                                            "horizontal": 0,
                                                            "vertical": 0,
                                                            "blur": 10,
                                                            "spread": 0,
                                                            "color": "rgba(0,0,0,0.5)"
                                                        },
                                                        "ekit_socialshare_list_box_shadow_hover_box_shadow_position": " ",
                                                        "ekit_socialshare_border_hover_border": "solid",
                                                        "ekit_socialshare_border_hover_width": {
                                                            "unit": "px",
                                                            "top": "1",
                                                            "right": "1",
                                                            "bottom": "1",
                                                            "left": "1",
                                                            "isLinked": true
                                                        },
                                                        "ekit_socialshare_border_hover_width_tablet": {
                                                            "unit": "px",
                                                            "top": "",
                                                            "right": "",
                                                            "bottom": "",
                                                            "left": "",
                                                            "isLinked": true
                                                        },
                                                        "ekit_socialshare_border_hover_width_mobile": {
                                                            "unit": "px",
                                                            "top": "",
                                                            "right": "",
                                                            "bottom": "",
                                                            "left": "",
                                                            "isLinked": true
                                                        },
                                                        "ekit_socialshare_border_hover_color": "#3B5998"
                                                    },
                                                    {
                                                        "ekit_socialshare_icons": {
                                                            "value": "fab fa-twitter",
                                                            "library": "fa-brands"
                                                        },
                                                        "ekit_socialshare_icon_hover_bg_color": "#1D9FEF",
                                                        "ekit_socialshare_label_text": "twitter",
                                                        "ekit_socialshare_label": "Twitter",
                                                        "ekit_socialshare_icon_color": "#A2A2A2",
                                                        "ekit_socialshare_icon_color_tablet": "",
                                                        "ekit_socialshare_icon_color_mobile": "",
                                                        "ekit_socialshare_icon_bg_color": "rgba(206, 255, 79, 0)",
                                                        "ekit_socialshare_icon_bg_color_tablet": "",
                                                        "ekit_socialshare_icon_bg_color_mobile": "",
                                                        "ekit_socialshare_border_border": "solid",
                                                        "ekit_socialshare_border_width": {
                                                            "unit": "px",
                                                            "top": "1",
                                                            "right": "1",
                                                            "bottom": "1",
                                                            "left": "1",
                                                            "isLinked": true
                                                        },
                                                        "ekit_socialshare_border_width_tablet": {
                                                            "unit": "px",
                                                            "top": "",
                                                            "right": "",
                                                            "bottom": "",
                                                            "left": "",
                                                            "isLinked": true
                                                        },
                                                        "ekit_socialshare_border_width_mobile": {
                                                            "unit": "px",
                                                            "top": "",
                                                            "right": "",
                                                            "bottom": "",
                                                            "left": "",
                                                            "isLinked": true
                                                        },
                                                        "ekit_socialshare_border_color": "#C5C5C5",
                                                        "ekit_socialshare_icon_normal_text_shadow_text_shadow_type": "",
                                                        "ekit_socialshare_icon_normal_text_shadow_text_shadow": {
                                                            "horizontal": 0,
                                                            "vertical": 0,
                                                            "blur": 10,
                                                            "color": "rgba(0,0,0,0.3)"
                                                        },
                                                        "ekit_socialshare_list_box_shadow_box_shadow_type": "",
                                                        "ekit_socialshare_list_box_shadow_box_shadow": {
                                                            "horizontal": 0,
                                                            "vertical": 0,
                                                            "blur": 10,
                                                            "spread": 0,
                                                            "color": "rgba(0,0,0,0.5)"
                                                        },
                                                        "ekit_socialshare_list_box_shadow_box_shadow_position": " ",
                                                        "ekit_socialshare_icon_hover_color": "#FFFFFF",
                                                        "ekit_socialshare_icon_hover_color_tablet": "",
                                                        "ekit_socialshare_icon_hover_color_mobile": "",
                                                        "ekit_socialshare_icon_hover_bg_color_tablet": "",
                                                        "ekit_socialshare_icon_hover_bg_color_mobile": "",
                                                        "ekit_socialshare_icon_hover_text_shadow_text_shadow_type": "",
                                                        "ekit_socialshare_icon_hover_text_shadow_text_shadow": {
                                                            "horizontal": 0,
                                                            "vertical": 0,
                                                            "blur": 10,
                                                            "color": "rgba(0,0,0,0.3)"
                                                        },
                                                        "ekit_socialshare_list_box_shadow_hover_box_shadow_type": "",
                                                        "ekit_socialshare_list_box_shadow_hover_box_shadow": {
                                                            "horizontal": 0,
                                                            "vertical": 0,
                                                            "blur": 10,
                                                            "spread": 0,
                                                            "color": "rgba(0,0,0,0.5)"
                                                        },
                                                        "ekit_socialshare_list_box_shadow_hover_box_shadow_position": " ",
                                                        "ekit_socialshare_border_hover_border": "solid",
                                                        "ekit_socialshare_border_hover_width": {
                                                            "unit": "px",
                                                            "top": "1",
                                                            "right": "1",
                                                            "bottom": "1",
                                                            "left": "1",
                                                            "isLinked": true
                                                        },
                                                        "ekit_socialshare_border_hover_width_tablet": {
                                                            "unit": "px",
                                                            "top": "",
                                                            "right": "",
                                                            "bottom": "",
                                                            "left": "",
                                                            "isLinked": true
                                                        },
                                                        "ekit_socialshare_border_hover_width_mobile": {
                                                            "unit": "px",
                                                            "top": "",
                                                            "right": "",
                                                            "bottom": "",
                                                            "left": "",
                                                            "isLinked": true
                                                        },
                                                        "ekit_socialshare_border_hover_color": "#1D9FEF",
                                                        "_id": "b7e6683"
                                                    },
                                                    {
                                                        "ekit_socialshare_icons": {
                                                            "value": "icon icon-instagram-1",
                                                            "library": "ekiticons"
                                                        },
                                                        "ekit_socialshare_icon_hover_bg_color": "#3F729B",
                                                        "ekit_socialshare_label_text": "instagram",
                                                        "ekit_socialshare_label": "instagram",
                                                        "ekit_socialshare_icon_color": "#A2A2A2",
                                                        "ekit_socialshare_icon_color_tablet": "",
                                                        "ekit_socialshare_icon_color_mobile": "",
                                                        "ekit_socialshare_icon_bg_color": "rgba(206, 255, 79, 0)",
                                                        "ekit_socialshare_icon_bg_color_tablet": "",
                                                        "ekit_socialshare_icon_bg_color_mobile": "",
                                                        "ekit_socialshare_border_border": "solid",
                                                        "ekit_socialshare_border_width": {
                                                            "unit": "px",
                                                            "top": "1",
                                                            "right": "1",
                                                            "bottom": "1",
                                                            "left": "1",
                                                            "isLinked": true
                                                        },
                                                        "ekit_socialshare_border_width_tablet": {
                                                            "unit": "px",
                                                            "top": "",
                                                            "right": "",
                                                            "bottom": "",
                                                            "left": "",
                                                            "isLinked": true
                                                        },
                                                        "ekit_socialshare_border_width_mobile": {
                                                            "unit": "px",
                                                            "top": "",
                                                            "right": "",
                                                            "bottom": "",
                                                            "left": "",
                                                            "isLinked": true
                                                        },
                                                        "ekit_socialshare_border_color": "#C5C5C5",
                                                        "ekit_socialshare_icon_normal_text_shadow_text_shadow_type": "",
                                                        "ekit_socialshare_icon_normal_text_shadow_text_shadow": {
                                                            "horizontal": 0,
                                                            "vertical": 0,
                                                            "blur": 10,
                                                            "color": "rgba(0,0,0,0.3)"
                                                        },
                                                        "ekit_socialshare_list_box_shadow_box_shadow_type": "",
                                                        "ekit_socialshare_list_box_shadow_box_shadow": {
                                                            "horizontal": 0,
                                                            "vertical": 0,
                                                            "blur": 10,
                                                            "spread": 0,
                                                            "color": "rgba(0,0,0,0.5)"
                                                        },
                                                        "ekit_socialshare_list_box_shadow_box_shadow_position": " ",
                                                        "ekit_socialshare_icon_hover_color": "#FFFFFF",
                                                        "ekit_socialshare_icon_hover_color_tablet": "",
                                                        "ekit_socialshare_icon_hover_color_mobile": "",
                                                        "ekit_socialshare_icon_hover_bg_color_tablet": "",
                                                        "ekit_socialshare_icon_hover_bg_color_mobile": "",
                                                        "ekit_socialshare_icon_hover_text_shadow_text_shadow_type": "",
                                                        "ekit_socialshare_icon_hover_text_shadow_text_shadow": {
                                                            "horizontal": 0,
                                                            "vertical": 0,
                                                            "blur": 10,
                                                            "color": "rgba(0,0,0,0.3)"
                                                        },
                                                        "ekit_socialshare_list_box_shadow_hover_box_shadow_type": "",
                                                        "ekit_socialshare_list_box_shadow_hover_box_shadow": {
                                                            "horizontal": 0,
                                                            "vertical": 0,
                                                            "blur": 10,
                                                            "spread": 0,
                                                            "color": "rgba(0,0,0,0.5)"
                                                        },
                                                        "ekit_socialshare_list_box_shadow_hover_box_shadow_position": " ",
                                                        "ekit_socialshare_border_hover_border": "solid",
                                                        "ekit_socialshare_border_hover_width": {
                                                            "unit": "px",
                                                            "top": "1",
                                                            "right": "1",
                                                            "bottom": "1",
                                                            "left": "1",
                                                            "isLinked": true
                                                        },
                                                        "ekit_socialshare_border_hover_width_tablet": {
                                                            "unit": "px",
                                                            "top": "",
                                                            "right": "",
                                                            "bottom": "",
                                                            "left": "",
                                                            "isLinked": true
                                                        },
                                                        "ekit_socialshare_border_hover_width_mobile": {
                                                            "unit": "px",
                                                            "top": "",
                                                            "right": "",
                                                            "bottom": "",
                                                            "left": "",
                                                            "isLinked": true
                                                        },
                                                        "ekit_socialshare_border_hover_color": "#3F729B",
                                                        "_id": "86bd694"
                                                    },
                                                    {
                                                        "ekit_socialshare_icons": {
                                                            "value": "fab fa-pinterest-p",
                                                            "library": "fa-brands"
                                                        },
                                                        "ekit_socialshare_icon_hover_bg_color": "#BD081B",
                                                        "ekit_socialshare_label_text": "pinterest",
                                                        "ekit_socialshare_label": "pinterest",
                                                        "ekit_socialshare_icon_color": "#A2A2A2",
                                                        "ekit_socialshare_icon_color_tablet": "",
                                                        "ekit_socialshare_icon_color_mobile": "",
                                                        "ekit_socialshare_icon_bg_color": "rgba(206, 255, 79, 0)",
                                                        "ekit_socialshare_icon_bg_color_tablet": "",
                                                        "ekit_socialshare_icon_bg_color_mobile": "",
                                                        "ekit_socialshare_border_border": "solid",
                                                        "ekit_socialshare_border_width": {
                                                            "unit": "px",
                                                            "top": "1",
                                                            "right": "1",
                                                            "bottom": "1",
                                                            "left": "1",
                                                            "isLinked": true
                                                        },
                                                        "ekit_socialshare_border_width_tablet": {
                                                            "unit": "px",
                                                            "top": "",
                                                            "right": "",
                                                            "bottom": "",
                                                            "left": "",
                                                            "isLinked": true
                                                        },
                                                        "ekit_socialshare_border_width_mobile": {
                                                            "unit": "px",
                                                            "top": "",
                                                            "right": "",
                                                            "bottom": "",
                                                            "left": "",
                                                            "isLinked": true
                                                        },
                                                        "ekit_socialshare_border_color": "#C5C5C5",
                                                        "ekit_socialshare_icon_normal_text_shadow_text_shadow_type": "",
                                                        "ekit_socialshare_icon_normal_text_shadow_text_shadow": {
                                                            "horizontal": 0,
                                                            "vertical": 0,
                                                            "blur": 10,
                                                            "color": "rgba(0,0,0,0.3)"
                                                        },
                                                        "ekit_socialshare_list_box_shadow_box_shadow_type": "",
                                                        "ekit_socialshare_list_box_shadow_box_shadow": {
                                                            "horizontal": 0,
                                                            "vertical": 0,
                                                            "blur": 10,
                                                            "spread": 0,
                                                            "color": "rgba(0,0,0,0.5)"
                                                        },
                                                        "ekit_socialshare_list_box_shadow_box_shadow_position": " ",
                                                        "ekit_socialshare_icon_hover_color": "#FFFFFF",
                                                        "ekit_socialshare_icon_hover_color_tablet": "",
                                                        "ekit_socialshare_icon_hover_color_mobile": "",
                                                        "ekit_socialshare_icon_hover_bg_color_tablet": "",
                                                        "ekit_socialshare_icon_hover_bg_color_mobile": "",
                                                        "ekit_socialshare_icon_hover_text_shadow_text_shadow_type": "",
                                                        "ekit_socialshare_icon_hover_text_shadow_text_shadow": {
                                                            "horizontal": 0,
                                                            "vertical": 0,
                                                            "blur": 10,
                                                            "color": "rgba(0,0,0,0.3)"
                                                        },
                                                        "ekit_socialshare_list_box_shadow_hover_box_shadow_type": "",
                                                        "ekit_socialshare_list_box_shadow_hover_box_shadow": {
                                                            "horizontal": 0,
                                                            "vertical": 0,
                                                            "blur": 10,
                                                            "spread": 0,
                                                            "color": "rgba(0,0,0,0.5)"
                                                        },
                                                        "ekit_socialshare_list_box_shadow_hover_box_shadow_position": " ",
                                                        "ekit_socialshare_border_hover_border": "solid",
                                                        "ekit_socialshare_border_hover_width": {
                                                            "unit": "px",
                                                            "top": "1",
                                                            "right": "1",
                                                            "bottom": "1",
                                                            "left": "1",
                                                            "isLinked": true
                                                        },
                                                        "ekit_socialshare_border_hover_width_tablet": {
                                                            "unit": "px",
                                                            "top": "",
                                                            "right": "",
                                                            "bottom": "",
                                                            "left": "",
                                                            "isLinked": true
                                                        },
                                                        "ekit_socialshare_border_hover_width_mobile": {
                                                            "unit": "px",
                                                            "top": "",
                                                            "right": "",
                                                            "bottom": "",
                                                            "left": "",
                                                            "isLinked": true
                                                        },
                                                        "ekit_socialshare_border_hover_color": "#BD081B",
                                                        "_id": "99b2f15"
                                                    }
                                                ],
                                                "ekit_socialshare_list_line_height": {
                                                    "unit": "px",
                                                    "size": 35,
                                                    "sizes": []
                                                },
                                                "ekit_socialshare_list_margin": {
                                                    "unit": "px",
                                                    "top": "0",
                                                    "right": "8",
                                                    "bottom": "0",
                                                    "left": "0",
                                                    "isLinked": false
                                                }
                                            },
                                            "elements": [],
                                            "isInner": false,
                                            "widgetType": "elementskit-social-share",
                                            "elType": "widget"
                                        }
                                    ],
                                    "isInner": true,
                                    "elType": "column"
                                }
                            ],
                            "isInner": true,
                            "elType": "section"
                        }
                    ],
                    "isInner": false,
                    "elType": "column"
                }
            ],
            "isInner": false,
            "elType": "section"
        },
        {
            "id": "7a91e0eb",
            "settings": {
                "gap": "wider",
                "padding": {
                    "unit": "px",
                    "top": "48",
                    "right": "0",
                    "bottom": "48",
                    "left": "0",
                    "isLinked": false
                }
            },
            "elements": [
                {
                    "id": "d575fe8",
                    "settings": {
                        "_column_size": 100,
                        "_inline_size": null
                    },
                    "elements": [
                        {
                            "id": "7b79d1b1",
                            "settings": {
                                "tab_background_color": "#F9F9F9",
                                "tab_border_color": "#DEDEDE",
                                "tab_typography_typography": "custom",
                                "tab_typography_font_size": {
                                    "unit": "px",
                                    "size": 11,
                                    "sizes": []
                                },
                                "tab_typography_font_weight": "700",
                                "tab_typography_text_transform": "uppercase",
                                "tab_typography_letter_spacing": {
                                    "unit": "px",
                                    "size": 2,
                                    "sizes": []
                                },
                                "tab_border_radius": {
                                    "unit": "px",
                                    "size": 0,
                                    "sizes": []
                                },
                                "tab_text_align": "center",
                                "active_tab_text_color": "#000000",
                                "content_heading_typography_typography": "custom",
                                "content_heading_typography_font_size": {
                                    "unit": "px",
                                    "size": 0,
                                    "sizes": []
                                },
                                "tab_text_align_mobile": "left",
                                "active_tab_background_color": "#FFFFFF"
                            },
                            "elements": [],
                            "isInner": false,
                            "widgetType": "wl-product-data-tabs",
                            "elType": "widget"
                        }
                    ],
                    "isInner": false,
                    "elType": "column"
                }
            ],
            "isInner": false,
            "elType": "section"
        },
        {
            "id": "6376eec9",
            "settings": {
                "gap": "wider",
                "padding": {
                    "unit": "px",
                    "top": "0",
                    "right": "0",
                    "bottom": "48",
                    "left": "0",
                    "isLinked": false
                }
            },
            "elements": [
                {
                    "id": "10e38484",
                    "settings": {
                        "_column_size": 100,
                        "_inline_size": null
                    },
                    "elements": [
                        {
                            "id": "70f02b02",
                            "settings": {
                                "columns_mobile": 1,
                                "related_heading_typography_typography": "custom",
                                "related_heading_typography_font_size": {
                                    "unit": "px",
                                    "size": 28,
                                    "sizes": []
                                },
                                "related_heading_margin": {
                                    "unit": "px",
                                    "top": "0",
                                    "right": "0",
                                    "bottom": "32",
                                    "left": "0",
                                    "isLinked": false
                                }
                            },
                            "elements": [],
                            "isInner": false,
                            "widgetType": "wl-product-related",
                            "elType": "widget"
                        }
                    ],
                    "isInner": false,
                    "elType": "column"
                }
            ],
            "isInner": false,
            "elType": "section"
        }
    ]
}