{"content":[{"id":"7201d5b","settings":{"background_background":"classic","background_image":{"id":2689,"url":"https:\/\/cliente.shazamlnv.com\/wp-content\/uploads\/2022\/02\/motion_hero.jpg","alt":"","source":"library"},"background_position":"center center","background_attachment":"scroll","background_repeat":"no-repeat","background_size":"cover","background_overlay_background":"gradient","background_overlay_color":"#000000","background_overlay_color_b":"#8a00a5","background_overlay_gradient_angle":{"unit":"deg","size":90},"border_width":{"unit":"px","top":"0","right":"0","bottom":"0","left":"0","isLinked":true},"border_color":"#ffffff","shape_divider_top_color":"#e25738","shape_divider_top_width":{"unit":"%","size":241},"shape_divider_top_height":{"unit":"px","size":20},"shape_divider_bottom":"tilt","shape_divider_bottom_color":"#e25738","shape_divider_bottom_width":{"unit":"%","size":300},"shape_divider_bottom_height":{"unit":"px","size":250},"shape_divider_bottom_negative":"yes","gap":"wide","shape_divider_top":"tilt","padding":{"unit":"px","top":"150","right":"0","bottom":"350","left":"0","isLinked":false},"shape_divider_top_height_tablet":{"unit":"px","size":20},"shape_divider_bottom_height_tablet":{"unit":"px","size":310}},"elements":[{"id":"23ee6d8","settings":{"_column_size":100,"_inline_size":null},"elements":[{"id":"5d2dc3e7","settings":{"image":{"id":"891","url":"https:\/\/cliente.shazamlnv.com\/wp-content\/uploads\/2021\/12\/motion_logo.png"}},"elements":[],"isInner":false,"widgetType":"image","elType":"widget"},{"id":"657771f5","settings":{"title":"Motion Fitness Club","align":"center","title_color":"#ffffff","typography_typography":"custom","typography_font_size":{"unit":"px","size":17},"typography_font_family":"Roboto","typography_font_weight":"500","typography_font_style":"normal","header_size":"p","typography_text_transform":"uppercase","typography_letter_spacing":{"unit":"px","size":4}},"elements":[],"isInner":false,"widgetType":"heading","elType":"widget"},{"id":"c6777fd","settings":[],"elements":[],"isInner":false,"widgetType":"spacer","elType":"widget"},{"id":"fdf835e","settings":{"title":"Coloque As Coisas Em Movimento.","align":"center","title_color":"#ffffff","typography_typography":"custom","typography_font_size":{"unit":"px","size":86},"typography_font_family":"Roboto","typography_font_weight":"900","typography_font_style":"italic","header_size":"h1","typography_font_size_mobile":{"unit":"px","size":48}},"elements":[],"isInner":false,"widgetType":"heading","elType":"widget"},{"id":"5608ec98","settings":{"title":"A ACADEMIA MAIS BEM AVALIADA DE S\u00c3O PAULO","align":"center","title_color":"#ffffff","typography_typography":"custom","typography_font_size":{"unit":"px","size":16},"typography_font_family":"Roboto","typography_font_weight":"500","typography_text_transform":"uppercase","typography_font_style":"italic","typography_letter_spacing":{"unit":"px","size":10},"typography_letter_spacing_mobile":{"unit":"px","size":0}},"elements":[],"isInner":false,"widgetType":"heading","elType":"widget"}],"isInner":false,"elType":"column"}],"isInner":false,"elType":"section"},{"id":"26d6f2ef","settings":{"gap":"wide","background_background":"gradient","background_color":"#e25738","shape_divider_bottom_width":{"unit":"%","size":163},"shape_divider_bottom_height":{"unit":"px","size":27},"margin":{"unit":"px","top":"","right":0,"bottom":"","left":0,"isLinked":true},"shape_divider_bottom_color":"#2d2d2d","shape_divider_bottom_above_content":"yes","padding":{"unit":"px","top":"50","right":"0","bottom":"0","left":"0","isLinked":false},"box_shadow_box_shadow":{"horizontal":0,"vertical":0,"blur":100,"spread":0,"color":"rgba(0,0,0,0.5)"},"box_shadow_box_shadow_position":"inset"},"elements":[{"id":"207165d9","settings":{"_column_size":100,"_inline_size":null},"elements":[{"id":"131cc9d8","settings":{"content_position":"middle","structure":"20","margin":{"unit":"px","top":"-220","right":0,"bottom":"0","left":0,"isLinked":false},"z_index":0},"elements":[{"id":"4f123327","settings":{"_column_size":50,"_inline_size":65,"margin":{"unit":"px","top":"0","right":"20","bottom":"0","left":"20","isLinked":false},"padding":{"unit":"px","top":"0","right":"0","bottom":"0","left":"0","isLinked":false}},"elements":[{"id":"351493fb","settings":{"icon":"fa fa-quote-left","align":"left","primary_color":"#ffffff","size":{"unit":"px","size":14},"_margin":{"unit":"px","top":"0","right":"0","bottom":"-20","left":"0","isLinked":false}},"elements":[],"isInner":false,"widgetType":"icon","elType":"widget"},{"id":"81df9da","settings":{"title":"Melhor Clube Fitness De Todos Os Tempos","align":"left","title_color":"#ffffff","typography_typography":"custom","typography_font_size":{"unit":"px","size":""},"typography_font_family":"Roboto","typography_font_weight":"900","typography_font_style":"normal","typography_line_height":{"unit":"em","size":1.399999999999999911182158029987476766109466552734375},"size":"large"},"elements":[],"isInner":false,"widgetType":"heading","elType":"widget"},{"id":"4a09e249","settings":{"editor":"<p><span>Um gin\u00e1sio, abrevia\u00e7\u00e3o de gin\u00e1sio, \u00e9 um local ao ar livre ou coberto para gin\u00e1stica, atletismo e servi\u00e7os de gin\u00e1stica.\u00a0<\/span><span>A palavra \u00e9 derivada do antigo gin\u00e1sio grego.\u00a0<\/span><span>Eles s\u00e3o comumente encontrados em centros de atletismo e fitness e como espa\u00e7os de atividade e aprendizagem em institui\u00e7\u00f5es educacionais.\u00a0<\/span><span>\u201cGin\u00e1sio\u201d tamb\u00e9m \u00e9 uma g\u00edria para \u201ccentro de fitness\u201d, que geralmente \u00e9 uma instala\u00e7\u00e3o interna.<\/span><\/p>","text_color":"#ffffff","typography_typography":"custom","typography_font_size":{"unit":"px","size":16},"typography_font_family":"Roboto","typography_font_weight":"normal","typography_line_height":{"unit":"em","size":1.399999999999999911182158029987476766109466552734375}},"elements":[],"isInner":false,"widgetType":"text-editor","elType":"widget"},{"id":"393bdc7e","settings":{"title":"James Jackson","align":"left","title_color":"#ffffff","typography_typography":"custom","typography_font_size":{"unit":"px","size":20},"typography_font_family":"Roboto","typography_font_weight":"normal","typography_font_style":"normal","typography_line_height":{"unit":"em","size":1.399999999999999911182158029987476766109466552734375},"header_size":"p","_margin":{"unit":"px","top":"0","right":"0","bottom":"-20","left":"0","isLinked":false}},"elements":[],"isInner":false,"widgetType":"heading","elType":"widget"},{"id":"5d3d4119","settings":{"title":"Membro desde 2009","align":"left","title_color":"#ffffff","typography_typography":"custom","typography_font_size":{"unit":"px","size":14},"typography_font_family":"Roboto","typography_font_weight":"normal","typography_font_style":"normal","typography_line_height":{"unit":"em","size":1.399999999999999911182158029987476766109466552734375},"header_size":"p"},"elements":[],"isInner":false,"widgetType":"heading","elType":"widget"}],"isInner":true,"elType":"column"},{"id":"2e4627b3","settings":{"_column_size":50,"_inline_size":35},"elements":[{"id":"533ab5b9","settings":{"image":{"id":2748,"url":"https:\/\/cliente.shazamlnv.com\/wp-content\/uploads\/2022\/02\/team6_a.jpg","alt":"","source":"library"},"image_size":"full","image_border_border":"solid","image_border_width":{"unit":"px","top":"0","right":"20","bottom":"5","left":"0","isLinked":false},"image_border_color":"rgba(45,45,45,0.17)","image_border_radius":{"unit":"px","top":"500","right":"500","bottom":"0","left":"500","isLinked":false},"_margin":{"unit":"px","top":"0","right":"0","bottom":"30","left":"0","isLinked":false}},"elements":[],"isInner":false,"widgetType":"image","elType":"widget"}],"isInner":true,"elType":"column"}],"isInner":true,"elType":"section"}],"isInner":false,"elType":"column"}],"isInner":false,"elType":"section"},{"id":"708f0fed","settings":{"gap":"wide","background_background":"classic","background_color":"#30003f","background_color_b":"#f45858","background_gradient_angle":{"unit":"deg","size":160},"shape_divider_top":"tilt","shape_divider_top_color":"#f2295b","shape_divider_top_width":{"unit":"%","size":50},"shape_divider_top_height":{"unit":"px","size":20}},"elements":[{"id":"7d709833","settings":{"_column_size":100,"_inline_size":null},"elements":[{"id":"53719bf2","settings":{"space":{"unit":"px","size":40}},"elements":[],"isInner":false,"widgetType":"spacer","elType":"widget"},{"id":"75d214cd","settings":{"title":"Programas Para Todos","align":"center","title_color":"#ffffff","typography_typography":"custom","typography_font_size":{"unit":"px","size":36},"typography_font_family":"Roboto","typography_font_weight":"900","typography_font_style":"normal","typography_line_height":{"unit":"em","size":1.399999999999999911182158029987476766109466552734375},"_margin":{"unit":"px","top":"0","right":"0","bottom":"-25","left":"0","isLinked":false}},"elements":[],"isInner":false,"widgetType":"heading","elType":"widget"},{"id":"3234d45","settings":{"title":"A PARTIR DE APENAS R$ 59 \/ M\u00caS","align":"center","title_color":"#969696","typography_typography":"custom","typography_font_size":{"unit":"px","size":14},"typography_font_family":"Roboto","typography_font_weight":"normal","typography_font_style":"normal","typography_line_height":{"unit":"em","size":1.399999999999999911182158029987476766109466552734375},"header_size":"p","_margin":{"unit":"px","top":"0","right":"0","bottom":"-20","left":"0","isLinked":false},"typography_text_transform":"uppercase","typography_letter_spacing":{"unit":"px","size":4}},"elements":[],"isInner":false,"widgetType":"heading","elType":"widget"},{"id":"27b00291","settings":{"space":{"unit":"px","size":20}},"elements":[],"isInner":false,"widgetType":"spacer","elType":"widget"},{"id":"210f9bc9","settings":{"gap":"wide","structure":"30"},"elements":[{"id":"7c770483","settings":{"_column_size":33,"_inline_size":null},"elements":[{"id":"4c518fa6","settings":{"image":{"id":2691,"url":"https:\/\/cliente.shazamlnv.com\/wp-content\/uploads\/2022\/02\/crossfit_motion.jpg","alt":"","source":"library"},"title_text":"Crossfit","description_text":"O CrossFit atrai tanto homens quanto mulheres e uma an\u00e1lise estat\u00edstica de 2014 mostrou que os participantes do CrossFit eram igualmente 50% homens e 50% mulheres.","image_space":{"unit":"px","size":0},"image_size":{"unit":"%","size":100},"text_align":"left","title_bottom_space":{"unit":"px","size":10},"title_color":"#ffffff","title_typography_typography":"custom","title_typography_font_size":{"unit":"px","size":22},"title_typography_font_family":"Roboto","title_typography_font_weight":"900","title_typography_text_transform":"uppercase","title_typography_font_style":"italic","title_typography_line_height":{"unit":"em","size":1},"title_typography_letter_spacing":{"unit":"px","size":1},"description_color":"#ffffff","description_typography_typography":"custom","description_typography_font_size":{"unit":"px","size":15},"description_typography_font_family":"Roboto","description_typography_font_weight":"300","description_typography_line_height":{"unit":"em","size":1.399999999999999911182158029987476766109466552734375},"_padding":{"unit":"px","top":"25","right":"25","bottom":"35","left":"25","isLinked":false},"_animation":"fadeIn","animation_duration":"fast","_background_background":"gradient","_background_color":"#e25738","_background_gradient_angle":{"unit":"deg","size":80},"_border_border":"solid","_border_width":{"unit":"px","top":"2","right":"2","bottom":"100","left":"0","isLinked":false},"_border_color":"rgba(0,0,0,0.09)","_border_radius":{"unit":"px","top":"5","right":"5","bottom":"200","left":"5","isLinked":false},"_box_shadow_box_shadow_type":"yes","_box_shadow_box_shadow":{"horizontal":0,"vertical":0,"blur":40,"spread":0,"color":"rgba(0,0,0,0.15)"}},"elements":[],"isInner":false,"widgetType":"image-box","elType":"widget"},{"id":"6a71e6ea","settings":{"text":"SESS\u00c3O DE TESTE GR\u00c1TIS","align":"right","typography_typography":"custom","typography_font_size":{"unit":"px","size":13},"typography_font_family":"Roboto","typography_font_weight":"normal","typography_text_transform":"uppercase","typography_line_height":{"unit":"em","size":1.399999999999999911182158029987476766109466552734375},"button_text_color":"#ffffff","background_color":"#8a00a5","hover_color":"#ffffff","button_background_hover_color":"#6e0089","border_width":{"unit":"px","top":"2","right":"2","bottom":"2","left":"2","isLinked":true},"border_radius":{"unit":"px","top":"50","right":"5","bottom":"5","left":"50","isLinked":false},"button_box_shadow_box_shadow_type":"yes","button_box_shadow_box_shadow":{"horizontal":0,"vertical":0,"blur":16,"spread":0,"color":"rgba(0,0,0,0.11)"},"text_padding":{"unit":"px","top":"15","right":"25","bottom":"15","left":"25","isLinked":false},"_margin":{"unit":"px","top":"-95","right":"0","bottom":"0","left":"0","isLinked":false},"_padding":{"unit":"px","top":"0","right":"0","bottom":"0","left":"0","isLinked":false},"link":{"url":"#contact","is_external":"","nofollow":""}},"elements":[],"isInner":false,"widgetType":"button","elType":"widget"}],"isInner":true,"elType":"column"},{"id":"73182957","settings":{"_column_size":33,"_inline_size":null},"elements":[{"id":"c4ae430","settings":{"image":{"id":2692,"url":"https:\/\/cliente.shazamlnv.com\/wp-content\/uploads\/2022\/02\/yoga.jpg","alt":"","source":"library"},"title_text":"Yoga","description_text":"Yoga (\/ \u02c8jo\u028a\u0261\u0259 \/;) \u00e9 um grupo de pr\u00e1ticas ou disciplinas f\u00edsicas, mentais e espirituais originadas na \u00cdndia antiga.","image_space":{"unit":"px","size":0},"image_size":{"unit":"%","size":100},"text_align":"left","title_bottom_space":{"unit":"px","size":10},"title_color":"#ffffff","title_typography_typography":"custom","title_typography_font_size":{"unit":"px","size":22},"title_typography_font_family":"Roboto","title_typography_font_weight":"900","title_typography_text_transform":"uppercase","title_typography_font_style":"italic","title_typography_line_height":{"unit":"em","size":1},"title_typography_letter_spacing":{"unit":"px","size":1},"description_color":"#ffffff","description_typography_typography":"custom","description_typography_font_size":{"unit":"px","size":15},"description_typography_font_family":"Roboto","description_typography_font_weight":"300","description_typography_line_height":{"unit":"em","size":1.399999999999999911182158029987476766109466552734375},"_padding":{"unit":"px","top":"25","right":"25","bottom":"35","left":"25","isLinked":false},"_animation":"fadeIn","_background_background":"gradient","_background_color":"#e25738","_background_gradient_angle":{"unit":"deg","size":80},"_border_border":"solid","_border_width":{"unit":"px","top":"2","right":"2","bottom":"100","left":"0","isLinked":false},"_border_color":"rgba(0,0,0,0.09)","_border_radius":{"unit":"px","top":"5","right":"5","bottom":"200","left":"5","isLinked":false},"_box_shadow_box_shadow_type":"yes","_box_shadow_box_shadow":{"horizontal":0,"vertical":0,"blur":40,"spread":0,"color":"rgba(0,0,0,0.15)"}},"elements":[],"isInner":false,"widgetType":"image-box","elType":"widget"},{"id":"16bc272","settings":{"text":"SESS\u00c3O DE TESTE GR\u00c1TIS","align":"right","typography_typography":"custom","typography_font_size":{"unit":"px","size":13},"typography_font_family":"Roboto","typography_font_weight":"normal","typography_text_transform":"uppercase","typography_line_height":{"unit":"em","size":1.399999999999999911182158029987476766109466552734375},"button_text_color":"#ffffff","background_color":"#8a00a5","hover_color":"#ffffff","button_background_hover_color":"#6e0089","border_width":{"unit":"px","top":"2","right":"2","bottom":"2","left":"2","isLinked":true},"border_radius":{"unit":"px","top":"50","right":"5","bottom":"5","left":"50","isLinked":false},"button_box_shadow_box_shadow_type":"yes","button_box_shadow_box_shadow":{"horizontal":0,"vertical":0,"blur":16,"spread":0,"color":"rgba(0,0,0,0.11)"},"text_padding":{"unit":"px","top":"15","right":"25","bottom":"15","left":"25","isLinked":false},"_margin":{"unit":"px","top":"-95","right":"0","bottom":"0","left":"0","isLinked":false},"_padding":{"unit":"px","top":"0","right":"0","bottom":"0","left":"0","isLinked":false},"link":{"url":"#contact","is_external":"","nofollow":""}},"elements":[],"isInner":false,"widgetType":"button","elType":"widget"}],"isInner":true,"elType":"column"},{"id":"6e5db04e","settings":{"_column_size":33,"_inline_size":null},"elements":[{"id":"55de64cd","settings":{"image":{"id":2693,"url":"https:\/\/cliente.shazamlnv.com\/wp-content\/uploads\/2022\/02\/dance_motion.jpg","alt":"","source":"library"},"title_text":"Dance","description_text":"A dan\u00e7a \u00e9 uma forma de arte perform\u00e1tica que consiste em sequ\u00eancias de movimento humano propositalmente selecionadas. Esse movimento tem valor est\u00e9tico e simb\u00f3lico.","image_space":{"unit":"px","size":0},"image_size":{"unit":"%","size":100},"text_align":"left","title_bottom_space":{"unit":"px","size":10},"title_color":"#ffffff","title_typography_typography":"custom","title_typography_font_size":{"unit":"px","size":22},"title_typography_font_family":"Roboto","title_typography_font_weight":"900","title_typography_text_transform":"uppercase","title_typography_font_style":"italic","title_typography_line_height":{"unit":"em","size":1},"title_typography_letter_spacing":{"unit":"px","size":1},"description_color":"#ffffff","description_typography_typography":"custom","description_typography_font_size":{"unit":"px","size":15},"description_typography_font_family":"Roboto","description_typography_font_weight":"300","description_typography_line_height":{"unit":"em","size":1.399999999999999911182158029987476766109466552734375},"_padding":{"unit":"px","top":"25","right":"25","bottom":"35","left":"25","isLinked":false},"_animation":"fadeIn","animation_duration":"slow","_background_background":"gradient","_background_color":"#e25738","_background_gradient_angle":{"unit":"deg","size":80},"_border_border":"solid","_border_width":{"unit":"px","top":"2","right":"2","bottom":"100","left":"0","isLinked":false},"_border_color":"rgba(0,0,0,0.09)","_border_radius":{"unit":"px","top":"5","right":"5","bottom":"200","left":"5","isLinked":false},"_box_shadow_box_shadow_type":"yes","_box_shadow_box_shadow":{"horizontal":0,"vertical":0,"blur":40,"spread":0,"color":"rgba(0,0,0,0.15)"}},"elements":[],"isInner":false,"widgetType":"image-box","elType":"widget"},{"id":"5b51e76c","settings":{"text":"SESS\u00c3O DE TESTE GR\u00c1TIS","align":"right","typography_typography":"custom","typography_font_size":{"unit":"px","size":13},"typography_font_family":"Roboto","typography_font_weight":"normal","typography_text_transform":"uppercase","typography_line_height":{"unit":"em","size":1.399999999999999911182158029987476766109466552734375},"button_text_color":"#ffffff","background_color":"#8a00a5","hover_color":"#ffffff","button_background_hover_color":"#6e0089","border_width":{"unit":"px","top":"2","right":"2","bottom":"2","left":"2","isLinked":true},"border_radius":{"unit":"px","top":"50","right":"5","bottom":"5","left":"50","isLinked":false},"button_box_shadow_box_shadow_type":"yes","button_box_shadow_box_shadow":{"horizontal":0,"vertical":0,"blur":16,"spread":0,"color":"rgba(0,0,0,0.11)"},"text_padding":{"unit":"px","top":"15","right":"25","bottom":"15","left":"25","isLinked":false},"_margin":{"unit":"px","top":"-95","right":"0","bottom":"0","left":"0","isLinked":false},"_padding":{"unit":"px","top":"0","right":"0","bottom":"0","left":"0","isLinked":false},"link":{"url":"#contact","is_external":"","nofollow":""}},"elements":[],"isInner":false,"widgetType":"button","elType":"widget"}],"isInner":true,"elType":"column"}],"isInner":true,"elType":"section"},{"id":"5a2c97c3","settings":{"space":{"unit":"px","size":80}},"elements":[],"isInner":false,"widgetType":"spacer","elType":"widget"}],"isInner":false,"elType":"column"}],"isInner":false,"elType":"section"},{"id":"73b21e3c","settings":{"gap":"wide","height":"full","background_background":"classic","background_color":"#f2295b","background_color_b":"#e25738","background_gradient_angle":{"unit":"deg","size":160},"background_image":{"id":2694,"url":"https:\/\/cliente.shazamlnv.com\/wp-content\/uploads\/2022\/02\/quote_motion.jpg","alt":"","source":"library"},"background_position":"center center","background_attachment":"fixed","background_repeat":"no-repeat","background_size":"cover","background_overlay_background":"gradient","background_overlay_color":"#000000","background_overlay_color_b":"#8a00a5","background_overlay_gradient_angle":{"unit":"deg","size":90},"shape_divider_top":"tilt","shape_divider_top_color":"#30003f","shape_divider_top_width":{"unit":"%","size":50},"shape_divider_top_height":{"unit":"px","size":20},"shape_divider_top_above_content":"yes","shape_divider_bottom":"tilt","shape_divider_bottom_color":"#f2295b","shape_divider_bottom_height":{"unit":"px","size":20},"padding_mobile":{"unit":"px","top":"30","right":"0","bottom":"50","left":"0","isLinked":false}},"elements":[{"id":"3886f508","settings":{"_column_size":100,"_inline_size":null},"elements":[{"id":"22412610","settings":{"gap":"wide"},"elements":[{"id":"6752ddd2","settings":{"_column_size":100,"_inline_size":null},"elements":[{"id":"44245d23","settings":{"view":"stacked","icon":"fa fa-quote-left","primary_color":"#8a00a5","secondary_color":"#ffffff","size":{"unit":"px","size":25},"icon_padding":{"unit":"px","size":18},"_margin":{"unit":"px","top":"0","right":"0","bottom":"-49","left":"0","isLinked":false},"_z_index":1},"elements":[],"isInner":false,"widgetType":"icon","elType":"widget"},{"id":"7df6c7a6","settings":{"title":"Bom Melhor Melhor. Nunca O Deixe Descansar. At\u00e9 Que O Seu Bem Seja Melhor E O Seu Melhor Seja O Melhor.","align":"center","title_color":"#ffffff","typography_typography":"custom","typography_font_size":{"unit":"px","size":44},"typography_font_family":"Roboto","typography_font_weight":"900","typography_font_style":"italic","typography_line_height":{"unit":"em","size":1.399999999999999911182158029987476766109466552734375},"_margin":{"unit":"px","top":"0","right":"0","bottom":"0","left":"0","isLinked":false},"_padding":{"unit":"px","top":"80","right":"50","bottom":"50","left":"50","isLinked":false},"_background_background":"gradient","_background_color":"#000000","_background_color_b":"rgba(255,255,255,0)","_border_radius":{"unit":"px","top":"50","right":"50","bottom":"50","left":"50","isLinked":true},"typography_font_size_mobile":{"unit":"px","size":28},"_padding_mobile":{"unit":"px","top":"40","right":"20","bottom":"40","left":"20","isLinked":false},"size":"large"},"elements":[],"isInner":false,"widgetType":"heading","elType":"widget"},{"id":"220f94fa","settings":{"title":"Morgana Silva","align":"center","title_color":"#ffffff","typography_typography":"custom","typography_font_size":{"unit":"px","size":20},"typography_font_family":"Roboto","typography_font_weight":"normal","typography_font_style":"normal","typography_line_height":{"unit":"em","size":1.399999999999999911182158029987476766109466552734375},"header_size":"p","_margin":{"unit":"px","top":"0","right":"0","bottom":"-20","left":"0","isLinked":false}},"elements":[],"isInner":false,"widgetType":"heading","elType":"widget"}],"isInner":true,"elType":"column"}],"isInner":true,"elType":"section"},{"id":"25ed5b02","settings":{"title":"Membro desde 2009","align":"center","title_color":"#ffffff","typography_typography":"custom","typography_font_size":{"unit":"px","size":14},"typography_font_family":"Roboto","typography_font_weight":"normal","typography_font_style":"normal","typography_line_height":{"unit":"em","size":1.399999999999999911182158029987476766109466552734375},"header_size":"p"},"elements":[],"isInner":false,"widgetType":"heading","elType":"widget"}],"isInner":false,"elType":"column"}],"isInner":false,"elType":"section"},{"id":"70c22dbf","settings":{"gap":"wide","background_background":"gradient","background_color":"#f2295b","background_color_b":"#e25738","background_gradient_angle":{"unit":"deg","size":160},"shape_divider_top_color":"#30003f","shape_divider_top_width":{"unit":"%","size":50},"shape_divider_top_height":{"unit":"px","size":20},"shape_divider_top_above_content":"yes"},"elements":[{"id":"1a9f3220","settings":{"_column_size":100,"_inline_size":null},"elements":[{"id":"23236be9","settings":[],"elements":[],"isInner":false,"widgetType":"spacer","elType":"widget"},{"id":"5d58af56","settings":{"title":"Nossos Instrutores","align":"center","title_color":"#ffffff","typography_typography":"custom","typography_font_size":{"unit":"px","size":36},"typography_font_family":"Roboto","typography_font_weight":"900","typography_font_style":"normal","typography_line_height":{"unit":"em","size":1.399999999999999911182158029987476766109466552734375},"_margin":{"unit":"px","top":"0","right":"0","bottom":"-25","left":"0","isLinked":false}},"elements":[],"isInner":false,"widgetType":"heading","elType":"widget"},{"id":"56dddc16","settings":{"title":"MAIS DE 20 ANOS DE EXPERI\u00caNCIA","align":"center","title_color":"rgba(255,255,255,0.69)","typography_typography":"custom","typography_font_size":{"unit":"px","size":14},"typography_font_family":"Roboto","typography_font_weight":"normal","typography_font_style":"normal","typography_line_height":{"unit":"em","size":1.399999999999999911182158029987476766109466552734375},"header_size":"p","_margin":{"unit":"px","top":"0","right":"0","bottom":"-20","left":"0","isLinked":false},"typography_text_transform":"uppercase","typography_letter_spacing":{"unit":"px","size":4}},"elements":[],"isInner":false,"widgetType":"heading","elType":"widget"},{"id":"6aa3bfdf","settings":{"space":{"unit":"px","size":20}},"elements":[],"isInner":false,"widgetType":"spacer","elType":"widget"},{"id":"61c27403","settings":{"gap":"wide","structure":"20"},"elements":[{"id":"4c277b3d","settings":{"_column_size":50,"_inline_size":null},"elements":[{"id":"60855de1","settings":{"image":{"id":2695,"url":"https:\/\/cliente.shazamlnv.com\/wp-content\/uploads\/2022\/02\/motion_team2.jpg","alt":"","source":"library"},"title_text":"ELIZABETH NORTON","description_text":"Instrutora de Yoga","image_space":{"unit":"px","size":0},"image_size":{"unit":"%","size":100},"text_align":"left","title_bottom_space":{"unit":"px","size":5},"title_color":"#ffffff","title_typography_typography":"custom","title_typography_font_size":{"unit":"px","size":22},"title_typography_font_family":"Roboto","title_typography_font_weight":"900","title_typography_text_transform":"uppercase","title_typography_font_style":"italic","title_typography_line_height":{"unit":"em","size":1},"title_typography_letter_spacing":{"unit":"px","size":1},"description_color":"#ffffff","description_typography_typography":"custom","description_typography_font_size":{"unit":"px","size":15},"description_typography_font_family":"Roboto","description_typography_font_weight":"300","description_typography_line_height":{"unit":"em","size":1.399999999999999911182158029987476766109466552734375},"_padding":{"unit":"px","top":"25","right":"25","bottom":"35","left":"25","isLinked":false},"_animation":"fadeIn","_background_background":"classic","_background_color":"#30003f","_background_gradient_angle":{"unit":"deg","size":80},"_border_border":"solid","_border_width":{"unit":"px","top":"2","right":"2","bottom":"100","left":"0","isLinked":false},"_border_color":"rgba(0,0,0,0.09)","_border_radius":{"unit":"px","top":"5","right":"5","bottom":"200","left":"5","isLinked":false},"_box_shadow_box_shadow_type":"yes","_box_shadow_box_shadow":{"horizontal":0,"vertical":0,"blur":40,"spread":0,"color":"rgba(0,0,0,0.15)"}},"elements":[],"isInner":false,"widgetType":"image-box","elType":"widget"},{"id":"2d66b60","settings":{"social_icon_list":[{"social":"fa fa-facebook","_id":"01mmy1o"},{"social":"fa fa-twitter","_id":"5qog24q"},{"social":"fa fa-linkedin","_id":"pxg6sed"},{"social":"fa fa-instagram","_id":"nokujlp"}],"shape":"circle","align":"right","icon_color":"custom","icon_primary_color":"#8a00a5","icon_secondary_color":"#ffffff","icon_size":{"unit":"px","size":18},"icon_padding":{"unit":"em","size":0.59999999999999997779553950749686919152736663818359375},"_margin":{"unit":"px","top":"-95","right":"0","bottom":"0","left":"0","isLinked":false}},"elements":[],"isInner":false,"widgetType":"social-icons","elType":"widget"}],"isInner":true,"elType":"column"},{"id":"3f83ffd0","settings":{"_column_size":50,"_inline_size":null},"elements":[{"id":"66e406be","settings":{"image":{"id":2696,"url":"https:\/\/cliente.shazamlnv.com\/wp-content\/uploads\/2022\/02\/motion_team1.jpg","alt":"","source":"library"},"title_text":"James Taylor","description_text":"Instrutor Crossfit","image_space":{"unit":"px","size":0},"image_size":{"unit":"%","size":100},"text_align":"left","title_bottom_space":{"unit":"px","size":5},"title_color":"#ffffff","title_typography_typography":"custom","title_typography_font_size":{"unit":"px","size":22},"title_typography_font_family":"Roboto","title_typography_font_weight":"900","title_typography_text_transform":"uppercase","title_typography_font_style":"italic","title_typography_line_height":{"unit":"em","size":1},"title_typography_letter_spacing":{"unit":"px","size":1},"description_color":"#ffffff","description_typography_typography":"custom","description_typography_font_size":{"unit":"px","size":15},"description_typography_font_family":"Roboto","description_typography_font_weight":"300","description_typography_line_height":{"unit":"em","size":1.399999999999999911182158029987476766109466552734375},"_padding":{"unit":"px","top":"25","right":"25","bottom":"35","left":"25","isLinked":false},"_animation":"fadeIn","_background_background":"classic","_background_color":"#30003f","_background_gradient_angle":{"unit":"deg","size":80},"_border_border":"solid","_border_width":{"unit":"px","top":"2","right":"2","bottom":"100","left":"0","isLinked":false},"_border_color":"rgba(0,0,0,0.09)","_border_radius":{"unit":"px","top":"5","right":"5","bottom":"200","left":"5","isLinked":false},"_box_shadow_box_shadow_type":"yes","_box_shadow_box_shadow":{"horizontal":0,"vertical":0,"blur":40,"spread":0,"color":"rgba(0,0,0,0.15)"}},"elements":[],"isInner":false,"widgetType":"image-box","elType":"widget"},{"id":"3fc2c8f2","settings":{"social_icon_list":[{"social":"fa fa-facebook","_id":"01mmy1o"},{"social":"fa fa-twitter","_id":"5qog24q"},{"social":"fa fa-linkedin","_id":"pxg6sed"},{"social":"fa fa-instagram","_id":"nokujlp"}],"shape":"circle","align":"right","icon_color":"custom","icon_primary_color":"#8a00a5","icon_secondary_color":"#ffffff","icon_size":{"unit":"px","size":18},"icon_padding":{"unit":"em","size":0.59999999999999997779553950749686919152736663818359375},"_margin":{"unit":"px","top":"-95","right":"0","bottom":"0","left":"0","isLinked":false}},"elements":[],"isInner":false,"widgetType":"social-icons","elType":"widget"}],"isInner":true,"elType":"column"}],"isInner":true,"elType":"section"},{"id":"28126943","settings":{"space":{"unit":"px","size":80}},"elements":[],"isInner":false,"widgetType":"spacer","elType":"widget"}],"isInner":false,"elType":"column"}],"isInner":false,"elType":"section"},{"id":"2cf218f9","settings":{"gap":"wide","background_background":"classic","background_color":"#30003f","background_color_b":"#f45858","background_gradient_angle":{"unit":"deg","size":160},"shape_divider_top":"tilt","shape_divider_top_color":"#e25738","shape_divider_top_width":{"unit":"%","size":50},"shape_divider_top_height":{"unit":"px","size":20}},"elements":[{"id":"427c93b3","settings":{"_column_size":100,"_inline_size":null},"elements":[{"id":"685b7421","settings":[],"elements":[],"isInner":false,"widgetType":"spacer","elType":"widget"},{"id":"5c506e72","settings":{"title":"Cronograma Di\u00e1rio","align":"center","title_color":"#ffffff","typography_typography":"custom","typography_font_size":{"unit":"px","size":36},"typography_font_family":"Roboto","typography_font_weight":"900","typography_font_style":"normal","typography_line_height":{"unit":"em","size":1.399999999999999911182158029987476766109466552734375},"_margin":{"unit":"px","top":"0","right":"0","bottom":"-25","left":"0","isLinked":false}},"elements":[],"isInner":false,"widgetType":"heading","elType":"widget"},{"id":"2c78df2d","settings":{"title":"SEGUNDA A SEXTA","align":"center","title_color":"#969696","typography_typography":"custom","typography_font_size":{"unit":"px","size":14},"typography_font_family":"Roboto","typography_font_weight":"normal","typography_font_style":"normal","typography_line_height":{"unit":"em","size":1.399999999999999911182158029987476766109466552734375},"header_size":"p","_margin":{"unit":"px","top":"0","right":"0","bottom":"-20","left":"0","isLinked":false},"typography_text_transform":"uppercase","typography_letter_spacing":{"unit":"px","size":4}},"elements":[],"isInner":false,"widgetType":"heading","elType":"widget"},{"id":"14eb31a5","settings":{"space":{"unit":"px","size":20}},"elements":[],"isInner":false,"widgetType":"spacer","elType":"widget"},{"id":"6957cd69","settings":{"gap":"wide"},"elements":[{"id":"d2e6ae8","settings":{"_column_size":100,"_inline_size":null},"elements":[{"id":"53e475ca","settings":{"tabs":[{"tab_title":"Segunda-feira","tab_content":"<p><strong><span>10h00 - 10h45<\/span><br \/><\/strong><br \/><span>Tipo de exerc\u00edcio de\u00a0<strong>ciclo puro<\/strong>\u00a0:<\/span><br \/><br \/><span>Aparelhos\u00a0Cardio\u00a0Gymnasia, como sinos, barras paralelas, prancha de salto, pista de corrida, bolas de t\u00eanis, campo de cr\u00edquete, \u00e1rea de esgrima e assim por diante s\u00e3o usados \u200b\u200bcomo exerc\u00edcios.\u00a0Com tempo seguro, os locais ao ar livre s\u00e3o os mais favor\u00e1veis \u200b\u200b\u00e0 sa\u00fade.\u00a0As academias eram populares na Gr\u00e9cia antiga.\u00a0Seus curr\u00edculos inclu\u00edam Gymnastica militaria ou autodefesa, gymnastica medica ou fisioterapia para ajudar os doentes e feridos, e gymnastica athletica para preparo f\u00edsico e esportes, do boxe \u00e0 dan\u00e7a<\/span><br \/><br \/><br \/><strong><span>11h00 - 11h45<\/span><\/strong><span>\u00a0Tipo de exerc\u00edcio<\/span><br \/><strong><span>puro de bomba<\/span><\/strong><br \/><span>: for\u00e7a<\/span><br \/><br \/><span>Esses gin\u00e1sios tamb\u00e9m tinham professores de sabedoria e filosofia.\u00a0Os eventos de gin\u00e1stica comunit\u00e1ria foram realizados como parte das celebra\u00e7\u00f5es durante os v\u00e1rios festivais da aldeia.\u00a0Na Gr\u00e9cia antiga, havia uma frase de desprezo: \"Ele n\u00e3o sabe nadar nem escrever.\"\u00a0Depois de um tempo, por\u00e9m, os atletas ol\u00edmpicos come\u00e7aram a treinar em pr\u00e9dios s\u00f3 para eles.<\/span><br \/><br \/><br \/><strong><span>13h00 - 13h45<\/span><\/strong><span>\u00a0Tipo de exerc\u00edcio de<\/span><br \/><strong><span>puro combate<\/span><\/strong><br \/><span>: For\u00e7a<\/span><br \/><br \/><span>Esses gin\u00e1sios tamb\u00e9m tinham professores de sabedoria e filosofia.\u00a0Os eventos de gin\u00e1stica comunit\u00e1ria foram realizados como parte das celebra\u00e7\u00f5es durante os v\u00e1rios festivais da aldeia.\u00a0Na Gr\u00e9cia antiga, havia uma frase de desprezo: \"Ele n\u00e3o sabe nadar nem escrever.\"\u00a0Depois de um tempo, por\u00e9m, os atletas ol\u00edmpicos come\u00e7aram a treinar em pr\u00e9dios s\u00f3 para eles.<\/span><\/p>","_id":"kxazl2m"},{"tab_title":"Ter\u00e7a-feira","tab_content":"<p><strong><span>10h00 - 10h45<\/span><br \/><\/strong><br \/><span>Tipo de exerc\u00edcio de\u00a0<strong>ciclo puro<\/strong>\u00a0:<\/span><br \/><br \/><span>Aparelhos\u00a0Cardio\u00a0Gymnasia, como sinos, barras paralelas, prancha de salto, pista de corrida, bolas de t\u00eanis, campo de cr\u00edquete, \u00e1rea de esgrima e assim por diante s\u00e3o usados \u200b\u200bcomo exerc\u00edcios.\u00a0Com tempo seguro, os locais ao ar livre s\u00e3o os mais favor\u00e1veis \u200b\u200b\u00e0 sa\u00fade.\u00a0As academias eram populares na Gr\u00e9cia antiga.\u00a0Seus curr\u00edculos inclu\u00edam Gymnastica militaria ou autodefesa, gymnastica medica ou fisioterapia para ajudar os doentes e feridos, e gymnastica athletica para preparo f\u00edsico e esportes, do boxe \u00e0 dan\u00e7a<\/span><br \/><br \/><br \/><strong><span>11h00 - 11h45<\/span><\/strong><span>\u00a0Tipo de exerc\u00edcio<\/span><br \/><strong><span>puro de bomba<\/span><\/strong><br \/><span>: for\u00e7a<\/span><br \/><br \/><span>Esses gin\u00e1sios tamb\u00e9m tinham professores de sabedoria e filosofia.\u00a0Os eventos de gin\u00e1stica comunit\u00e1ria foram realizados como parte das celebra\u00e7\u00f5es durante os v\u00e1rios festivais da aldeia.\u00a0Na Gr\u00e9cia antiga, havia uma frase de desprezo: \"Ele n\u00e3o sabe nadar nem escrever.\"\u00a0Depois de um tempo, por\u00e9m, os atletas ol\u00edmpicos come\u00e7aram a treinar em pr\u00e9dios s\u00f3 para eles.<\/span><\/p>","_id":"p6166pv"},{"tab_title":"Quarta-feira","tab_content":"<p><strong><span>10h00 - 10h45<\/span><br \/><\/strong><br \/><span>Tipo de exerc\u00edcio de\u00a0<strong>ciclo puro<\/strong>\u00a0:<\/span><br \/><br \/><span>Aparelhos\u00a0Cardio\u00a0Gymnasia, como sinos, barras paralelas, prancha de salto, pista de corrida, bolas de t\u00eanis, campo de cr\u00edquete, \u00e1rea de esgrima e assim por diante s\u00e3o usados \u200b\u200bcomo exerc\u00edcios.\u00a0Com tempo seguro, os locais ao ar livre s\u00e3o os mais favor\u00e1veis \u200b\u200b\u00e0 sa\u00fade.\u00a0As academias eram populares na Gr\u00e9cia antiga.\u00a0Seus curr\u00edculos inclu\u00edam Gymnastica militaria ou autodefesa, gymnastica medica ou fisioterapia para ajudar os doentes e feridos, e gymnastica athletica para preparo f\u00edsico e esportes, do boxe \u00e0 dan\u00e7a<\/span><br \/><br \/><br \/><strong><span>11h00 - 11h45<\/span><\/strong><span>\u00a0Tipo de exerc\u00edcio<\/span><br \/><strong><span>puro de bomba<\/span><\/strong><br \/><span>: for\u00e7a<\/span><br \/><br \/><span>Esses gin\u00e1sios tamb\u00e9m tinham professores de sabedoria e filosofia.\u00a0Os eventos de gin\u00e1stica comunit\u00e1ria foram realizados como parte das celebra\u00e7\u00f5es durante os v\u00e1rios festivais da aldeia.\u00a0Na Gr\u00e9cia antiga, havia uma frase de desprezo: \"Ele n\u00e3o sabe nadar nem escrever.\"\u00a0Depois de um tempo, por\u00e9m, os atletas ol\u00edmpicos come\u00e7aram a treinar em pr\u00e9dios s\u00f3 para eles.<\/span><br \/><br \/><br \/><strong><span>13h00 - 13h45<\/span><\/strong><span>\u00a0Tipo de exerc\u00edcio de<\/span><br \/><strong><span>puro combate<\/span><\/strong><br \/><span>: For\u00e7a<\/span><br \/><br \/><span>Esses gin\u00e1sios tamb\u00e9m tinham professores de sabedoria e filosofia.\u00a0Os eventos de gin\u00e1stica comunit\u00e1ria foram realizados como parte das celebra\u00e7\u00f5es durante os v\u00e1rios festivais da aldeia.\u00a0Na Gr\u00e9cia antiga, havia uma frase de desprezo: \"Ele n\u00e3o sabe nadar nem escrever.\"\u00a0Depois de um tempo, por\u00e9m, os atletas ol\u00edmpicos come\u00e7aram a treinar em pr\u00e9dios s\u00f3 para eles.<\/span><\/p>","_id":"ul3dack"},{"tab_title":"Quinta-feira","tab_content":"<p><strong><span>11h00 - 11h45<\/span><\/strong><span>\u00a0Tipo de exerc\u00edcio com<\/span><br \/><strong><span>bomba pura<\/span><\/strong><br \/><span>: For\u00e7a<\/span><br \/><br \/><span>Esses gin\u00e1sios tamb\u00e9m tinham professores de sabedoria e filosofia.\u00a0Os eventos de gin\u00e1stica comunit\u00e1ria foram realizados como parte das celebra\u00e7\u00f5es durante os v\u00e1rios festivais da aldeia.\u00a0Na Gr\u00e9cia antiga, havia uma frase de desprezo: \"Ele n\u00e3o sabe nadar nem escrever.\"\u00a0Depois de um tempo, por\u00e9m, os atletas ol\u00edmpicos come\u00e7aram a treinar em pr\u00e9dios s\u00f3 para eles.<\/span><br \/><br \/><br \/><strong><span>13h00 - 13h45<\/span><\/strong><span>\u00a0Tipo de exerc\u00edcio de<\/span><br \/><strong><span>puro combate<\/span><\/strong><br \/><span>: For\u00e7a<\/span><br \/><br \/><span>Esses gin\u00e1sios tamb\u00e9m tinham professores de sabedoria e filosofia.\u00a0Os eventos de gin\u00e1stica comunit\u00e1ria foram realizados como parte das celebra\u00e7\u00f5es durante os v\u00e1rios festivais da aldeia.\u00a0Na Gr\u00e9cia antiga, havia uma frase de desprezo: \"Ele n\u00e3o sabe nadar nem escrever.\"\u00a0Depois de um tempo, por\u00e9m, os atletas ol\u00edmpicos come\u00e7aram a treinar em pr\u00e9dios s\u00f3 para eles.<\/span><\/p>","_id":"s5ecf9q"},{"tab_title":"Sexta-feira","tab_content":"<p><strong><span>10h00 - 10h45<\/span><br \/><\/strong><br \/><span>Tipo de exerc\u00edcio de\u00a0<strong>ciclo puro<\/strong>\u00a0:<\/span><br \/><br \/><span>Aparelhos\u00a0Cardio\u00a0Gymnasia, como sinos, barras paralelas, prancha de salto, pista de corrida, bolas de t\u00eanis, campo de cr\u00edquete, \u00e1rea de esgrima e assim por diante s\u00e3o usados \u200b\u200bcomo exerc\u00edcios.\u00a0Com tempo seguro, os locais ao ar livre s\u00e3o os mais favor\u00e1veis \u200b\u200b\u00e0 sa\u00fade.\u00a0As academias eram populares na Gr\u00e9cia antiga.\u00a0Seus curr\u00edculos inclu\u00edam Gymnastica militaria ou autodefesa, gymnastica medica ou fisioterapia para ajudar os doentes e feridos, e gymnastica athletica para preparo f\u00edsico e esportes, do boxe \u00e0 dan\u00e7a<\/span><br \/><br \/><br \/><strong><span>11h00 - 11h45<\/span><\/strong><span>\u00a0Tipo de exerc\u00edcio<\/span><br \/><strong><span>puro de bomba<\/span><\/strong><br \/><span>: for\u00e7a<\/span><br \/><br \/><span>Esses gin\u00e1sios tamb\u00e9m tinham professores de sabedoria e filosofia.\u00a0Os eventos de gin\u00e1stica comunit\u00e1ria foram realizados como parte das celebra\u00e7\u00f5es durante os v\u00e1rios festivais da aldeia.\u00a0Na Gr\u00e9cia antiga, havia uma frase de desprezo: \"Ele n\u00e3o sabe nadar nem escrever.\"\u00a0Depois de um tempo, por\u00e9m, os atletas ol\u00edmpicos come\u00e7aram a treinar em pr\u00e9dios s\u00f3 para eles.<\/span><br \/><br \/><br \/><strong><span>13h00 - 13h45<\/span><\/strong><span>\u00a0Tipo de exerc\u00edcio de<\/span><br \/><strong><span>puro combate<\/span><\/strong><br \/><span>: For\u00e7a<\/span><br \/><br \/><span>Esses gin\u00e1sios tamb\u00e9m tinham professores de sabedoria e filosofia.\u00a0Os eventos de gin\u00e1stica comunit\u00e1ria foram realizados como parte das celebra\u00e7\u00f5es durante os v\u00e1rios festivais da aldeia.\u00a0Na Gr\u00e9cia antiga, havia uma frase de desprezo: \"Ele n\u00e3o sabe nadar nem escrever.\"\u00a0Depois de um tempo, por\u00e9m, os atletas ol\u00edmpicos come\u00e7aram a treinar em pr\u00e9dios s\u00f3 para eles.<\/span><\/p>","_id":"6cu3h85"}],"border_width":{"unit":"px","size":2},"border_color":"#30003f","background_color":"#f2295b","tab_color":"#ffffff","tab_typography_typography":"custom","tab_typography_font_size":{"unit":"px","size":16},"tab_typography_font_family":"Roboto","tab_typography_font_weight":"bold","tab_typography_line_height":{"unit":"em","size":1},"content_color":"#ffffff","content_typography_typography":"custom","content_typography_font_size":{"unit":"px","size":15},"content_typography_font_family":"Roboto","content_typography_font_weight":"300","content_typography_line_height":{"unit":"em","size":1.399999999999999911182158029987476766109466552734375},"_padding":{"unit":"px","top":"0","right":"50","bottom":"50","left":"0","isLinked":false},"_background_background":"gradient","_background_color":"rgba(22,22,22,0)","_background_color_stop":{"unit":"%","size":61},"_background_color_b":"rgba(242,41,91,0.37)","_background_gradient_angle":{"unit":"deg","size":120},"_border_width":{"unit":"px","top":"0","right":"2","bottom":"2","left":"0","isLinked":false},"_border_color":"#190035","_border_radius":{"unit":"px","top":"0","right":"20","bottom":"300","left":"20","isLinked":false},"_padding_mobile":{"unit":"px","top":"0","right":"0","bottom":"0","left":"0","isLinked":true}},"elements":[],"isInner":false,"widgetType":"tabs","elType":"widget"}],"isInner":true,"elType":"column"}],"isInner":true,"elType":"section"},{"id":"7dd96b07","settings":{"space":{"unit":"px","size":80}},"elements":[],"isInner":false,"widgetType":"spacer","elType":"widget"}],"isInner":false,"elType":"column"}],"isInner":false,"elType":"section"},{"id":"5a7f8611","settings":{"gap":"wide","background_background":"gradient","background_color":"#f2295b","background_color_b":"#e25738","background_gradient_angle":{"unit":"deg","size":160},"shape_divider_top_color":"#30003f","shape_divider_top_width":{"unit":"%","size":50},"shape_divider_top_height":{"unit":"px","size":20},"shape_divider_top_above_content":"yes","shape_divider_top":"tilt","shape_divider_bottom":"tilt","shape_divider_bottom_color":"#30003f","shape_divider_bottom_height":{"unit":"px","size":20}},"elements":[{"id":"8ad6d3f","settings":{"_column_size":100,"_inline_size":null},"elements":[{"id":"66fc784a","settings":[],"elements":[],"isInner":false,"widgetType":"spacer","elType":"widget"},{"id":"709a6931","settings":{"title":"Entrar Em Contato","align":"center","title_color":"#ffffff","typography_typography":"custom","typography_font_size":{"unit":"px","size":36},"typography_font_family":"Roboto","typography_font_weight":"900","typography_font_style":"normal","typography_line_height":{"unit":"em","size":1.399999999999999911182158029987476766109466552734375},"_margin":{"unit":"px","top":"0","right":"0","bottom":"-25","left":"0","isLinked":false}},"elements":[],"isInner":false,"widgetType":"heading","elType":"widget"},{"id":"302023cc","settings":{"title":"VAMOS COLOCAR AS COISAS EM MOVIMENTO","align":"center","title_color":"rgba(255,255,255,0.69)","typography_typography":"custom","typography_font_size":{"unit":"px","size":14},"typography_font_family":"Roboto","typography_font_weight":"normal","typography_font_style":"normal","typography_line_height":{"unit":"em","size":1.399999999999999911182158029987476766109466552734375},"header_size":"p","_margin":{"unit":"px","top":"0","right":"0","bottom":"-20","left":"0","isLinked":false},"typography_text_transform":"uppercase","typography_letter_spacing":{"unit":"px","size":4}},"elements":[],"isInner":false,"widgetType":"heading","elType":"widget"},{"id":"858969c","settings":{"space":{"unit":"px","size":20}},"elements":[],"isInner":false,"widgetType":"spacer","elType":"widget"},{"id":"1594b985","settings":{"gap":"wide"},"elements":[{"id":"1ca334f7","settings":{"_column_size":100,"_inline_size":null},"elements":[{"id":"27682670","settings":{"address":"S\u00e3o paulo","height":{"unit":"px","size":400},"_padding":{"unit":"px","top":"50","right":"50","bottom":"50","left":"0","isLinked":false},"_padding_mobile":{"unit":"px","top":"0","right":"0","bottom":"0","left":"0","isLinked":true},"_background_background":"gradient","_background_color":"rgba(0,0,0,0.06)","_background_color_b":"rgba(242,41,91,0)","_background_gradient_angle":{"unit":"deg","size":290},"_border_border":"solid","_border_width":{"unit":"px","top":"0","right":"0","bottom":"0","left":"0","isLinked":false},"_border_color":"rgba(0,0,0,0.09)","_border_radius":{"unit":"px","top":"0","right":"20","bottom":"300","left":"20","isLinked":false}},"elements":[],"isInner":false,"widgetType":"google_maps","elType":"widget"}],"isInner":true,"elType":"column"}],"isInner":true,"elType":"section"},{"id":"31816855","settings":{"anchor":"contact"},"elements":[],"isInner":false,"widgetType":"menu-anchor","elType":"widget"},{"id":"52a4d386","settings":{"gap":"wide","structure":"20"},"elements":[{"id":"2acdf6d6","settings":{"_column_size":50,"_inline_size":60},"elements":[{"id":"f938287","settings":{"form_name":"New Form","form_fields":[{"_id":"name","field_label":"Nome","placeholder":"Nome","previous_button":"","next_button":"","file_sizes":"","file_types":"","allow_multiple_upload":"","max_files":"","acceptance_text":"","checked_by_default":"","field_min":"","field_max":"","min_date":"","max_date":"","use_native_date":"","use_native_time":""},{"_id":"email","field_type":"email","required":"true","field_label":"E-mail","placeholder":"E-mail","previous_button":"","next_button":"","file_sizes":"","file_types":"","allow_multiple_upload":"","max_files":"","acceptance_text":"","checked_by_default":"","field_min":"","field_max":"","min_date":"","max_date":"","use_native_date":"","use_native_time":""},{"field_type":"select","field_label":"Eu tenho interesse em:","placeholder":"Class","field_options":"Aulas de Yoga\nAulas de Dan\u00e7a\nAulas de Crossfit","_id":"field_1","previous_button":"","next_button":"","file_sizes":"","file_types":"","allow_multiple_upload":"","max_files":"","acceptance_text":"","checked_by_default":"","field_min":"","field_max":"","min_date":"","max_date":"","use_native_date":"","use_native_time":""},{"_id":"message","field_type":"textarea","field_label":"Mensagem","placeholder":"Mensagem","previous_button":"","next_button":"","file_sizes":"","file_types":"","allow_multiple_upload":"","max_files":"","acceptance_text":"","checked_by_default":"","field_min":"","field_max":"","min_date":"","max_date":"","use_native_date":"","use_native_time":""}],"input_size":"md","show_labels":"","button_text":"Enviar Formul\u00e1rio","button_size":"md","email_content":"[all-fields]","email_content_2":"[all-fields]","success_message":"The form was sent successfully!","error_message":"There's something wrong... Please fill in the required fields.","required_field_message":"Required","invalid_message":"There's something wrong... The form is invalid.","row_gap":{"unit":"px","size":20},"label_spacing":{"unit":"px","size":4},"label_color":"#ffffff","label_typography_typography":"custom","label_typography_font_size":{"unit":"px","size":15},"label_typography_font_family":"Roboto","label_typography_font_weight":"300","field_text_color":"#3d3d3d","field_typography_typography":"custom","field_typography_font_size":{"unit":"px","size":15},"field_typography_font_family":"Roboto","field_typography_font_weight":"normal","field_typography_line_height":{"unit":"em","size":2},"field_border_width":{"unit":"px","top":"0","right":"0","bottom":"0","left":"0","isLinked":true},"field_border_radius":{"unit":"px","top":"25","right":"25","bottom":"25","left":"25","isLinked":true},"button_typography_typography":"custom","button_typography_font_size":{"unit":"px","size":16},"button_typography_font_family":"Roboto","button_typography_font_weight":"500","button_background_color":"#8a00a5","button_border_radius":{"unit":"px","top":"25","right":"25","bottom":"25","left":"25","isLinked":true},"step_next_label":"Next","step_previous_label":"Previous"},"elements":[],"isInner":false,"widgetType":"form","elType":"widget"}],"isInner":true,"elType":"column"},{"id":"70dacab3","settings":{"_column_size":50,"_inline_size":40,"margin":{"unit":"px","top":"0","right":"50","bottom":"0","left":"0","isLinked":false}},"elements":[{"id":"7c0ab741","settings":{"title":"Observa\u00e7\u00e3o: Preencha o formul\u00e1rio ao lado para que possamos entrar em contato diretamente com voc\u00ea.","header_size":"p","title_color":"#ffffff","typography_typography":"custom","typography_font_size":{"unit":"px","size":15},"typography_font_family":"Roboto","typography_font_weight":"300","typography_line_height":{"unit":"em","size":1.399999999999999911182158029987476766109466552734375}},"elements":[],"isInner":false,"widgetType":"heading","elType":"widget"},{"id":"11916948","settings":{"icon_list":[{"text":"+11 98765-4321","icon":"fa fa-phone-square","_id":"xertqbp","selected_icon":{"value":"fas fa-phone-square","library":"fa-solid"},"__fa4_migrated":{"selected_icon":true}},{"text":"motion@fitnessclub.com","icon":"fa fa-envelope","_id":"7rymwzv","selected_icon":{"value":"fas fa-envelope","library":"fa-solid"},"__fa4_migrated":{"selected_icon":true}},{"text":"S\u00e3o paulo","icon":"fa fa-map-marker","_id":"sxzm7c5","selected_icon":{"value":"fas fa-map-marker-alt","library":"fa-solid"},"__fa4_migrated":{"selected_icon":true}}],"space_between":{"unit":"px","size":6},"icon_color":"#ffffff","text_indent":{"unit":"px","size":14},"text_color":"#ffffff","icon_typography_typography":"custom","icon_typography_font_size":{"unit":"px","size":15},"icon_typography_font_family":"Roboto","icon_typography_font_weight":"300","icon_typography_line_height":{"unit":"em","size":1.399999999999999911182158029987476766109466552734375}},"elements":[],"isInner":false,"widgetType":"icon-list","elType":"widget"},{"id":"6c5c0089","settings":{"social_icon_list":[{"social":"fa fa-facebook","_id":"y2svm0c"},{"social":"fa fa-twitter","_id":"hb3lw47"},{"social":"fa fa-wordpress","_id":"7wmx7h1"},{"social":"fa fa-linkedin","_id":"njahlk3"}],"shape":"circle","align":"left","icon_color":"custom","icon_primary_color":"rgba(0,0,0,0)","icon_secondary_color":"#ffffff","icon_size":{"unit":"px","size":18},"icon_padding":{"unit":"em","size":0.6999999999999999555910790149937383830547332763671875},"image_border_border":"solid","image_border_width":{"unit":"px","top":"2","right":"2","bottom":"2","left":"2","isLinked":true},"image_border_color":"#ffffff","hover_primary_color":"#8a00a5","hover_secondary_color":"#ffffff","hover_border_color":"rgba(0,0,0,0)"},"elements":[],"isInner":false,"widgetType":"social-icons","elType":"widget"}],"isInner":true,"elType":"column"}],"isInner":true,"elType":"section"},{"id":"4fa45d7d","settings":{"space":{"unit":"px","size":80}},"elements":[],"isInner":false,"widgetType":"spacer","elType":"widget"}],"isInner":false,"elType":"column"}],"isInner":false,"elType":"section"},{"id":"5796f81e","settings":{"background_background":"classic","background_color":"#30003f"},"elements":[{"id":"393e9a04","settings":{"_column_size":100,"_inline_size":null},"elements":[{"id":"30d2cf4e","settings":{"title":"Desenvolvido por <font color=\"#ffd100\">Shazam\/LNV<\/font>","size":"small","align":"center","title_color":"#FFFFFF"},"elements":[],"isInner":false,"widgetType":"heading","elType":"widget"}],"isInner":false,"elType":"column"}],"isInner":false,"elType":"section"}],"page_settings":[],"version":"0.4","title":"ACADEMIA 6","type":"page"}