{
    "version": "0.4",
    "title": "Blog Archive",
    "type": "archive",
    "metadata": {
        "template_type": "archive-blog",
        "include_in_zip": "1",
        "elementor_pro_required": "1",
        "elementor_library_type": "archive",
        "elementor_pro_conditions": [
            "include\/archive"
        ],
        "additional_template_information": [
            "This is a \"Archive\" template for Elementor Pro.",
            "This template will display on: All Archives."
        ],
        "wp_page_template": "default"
    },
    "content": [
        {
            "id": "484629ca",
            "settings": {
                "background_background": "classic",
                "background_color": "#006AC8",
                "padding": {
                    "unit": "px",
                    "top": "20",
                    "right": "0",
                    "bottom": "20",
                    "left": "0",
                    "isLinked": false
                },
                "height": "min-height",
                "custom_height": {
                    "unit": "px",
                    "size": 150,
                    "sizes": []
                }
            },
            "elements": [
                {
                    "id": "3cf1bb6b",
                    "settings": {
                        "_column_size": 100,
                        "_inline_size": null,
                        "align": "center"
                    },
                    "elements": [
                        {
                            "id": "5735466c",
                            "settings": {
                                "__dynamic__": {
                                    "title": "[elementor-tag id=\"\" name=\"archive-title\" settings=\"%7B%7D\"]"
                                },
                                "title": "Add Your Heading Text Here",
                                "align": "center",
                                "title_color": "#FFFFFF",
                                "typography_typography": "custom",
                                "typography_font_family": "Rubik",
                                "typography_font_size": {
                                    "unit": "px",
                                    "size": 40,
                                    "sizes": []
                                },
                                "typography_font_weight": "500",
                                "_animation": "fadeInDown"
                            },
                            "elements": [],
                            "isInner": false,
                            "widgetType": "theme-archive-title",
                            "elType": "widget"
                        }
                    ],
                    "isInner": false,
                    "elType": "column"
                }
            ],
            "isInner": false,
            "elType": "section"
        },
        {
            "id": "346a07e7",
            "settings": {
                "background_background": "classic",
                "background_color": "#FBFBFB",
                "margin": {
                    "unit": "px",
                    "top": "0",
                    "right": 0,
                    "bottom": "0",
                    "left": 0,
                    "isLinked": false
                },
                "padding": {
                    "unit": "px",
                    "top": "150",
                    "right": "0",
                    "bottom": "150",
                    "left": "0",
                    "isLinked": false
                },
                "padding_mobile": {
                    "unit": "px",
                    "top": "20",
                    "right": "20",
                    "bottom": "20",
                    "left": "20",
                    "isLinked": true
                }
            },
            "elements": [
                {
                    "id": "40081d27",
                    "settings": {
                        "_column_size": 100,
                        "_inline_size": null,
                        "padding": {
                            "unit": "px",
                            "top": "0",
                            "right": "0",
                            "bottom": "0",
                            "left": "0",
                            "isLinked": false
                        }
                    },
                    "elements": [
                        {
                            "id": "4092a1a0",
                            "settings": {
                                "archive_classic_thumbnail_size_size": "large",
                                "archive_classic_item_ratio": {
                                    "unit": "px",
                                    "size": 1.100000000000000088817841970012523233890533447265625,
                                    "sizes": []
                                },
                                "archive_classic_meta_data": [],
                                "archive_classic_meta_separator": "\/\/\/",
                                "archive_classic_read_more_text": "Read More",
                                "archive_cards_meta_separator": "\u2022",
                                "archive_cards_read_more_text": "Read More \u00bb",
                                "archive_full_content_meta_separator": "\/\/\/",
                                "archive_classic_title_color": "#2B2B2B",
                                "archive_classic_title_typography_typography": "custom",
                                "archive_classic_title_typography_font_family": "Rubik",
                                "archive_classic_title_typography_font_size": {
                                    "unit": "px",
                                    "size": 24,
                                    "sizes": []
                                },
                                "archive_classic_title_typography_font_weight": "500",
                                "archive_classic_title_typography_line_height": {
                                    "unit": "px",
                                    "size": 34,
                                    "sizes": []
                                },
                                "archive_classic_excerpt_color": "rgba(43, 43, 43, 0.55)",
                                "archive_classic_excerpt_typography_typography": "custom",
                                "archive_classic_excerpt_typography_font_family": "Rubik",
                                "archive_classic_excerpt_typography_font_size": {
                                    "unit": "px",
                                    "size": 16,
                                    "sizes": []
                                },
                                "archive_classic_excerpt_typography_font_weight": "400",
                                "archive_classic_excerpt_spacing": {
                                    "unit": "px",
                                    "size": 20,
                                    "sizes": []
                                },
                                "archive_classic_read_more_color": "#0069C8",
                                "archive_classic_read_more_typography_typography": "custom",
                                "archive_classic_read_more_typography_font_family": "Rubik",
                                "archive_classic_read_more_typography_font_size": {
                                    "unit": "px",
                                    "size": 16,
                                    "sizes": []
                                },
                                "archive_classic_read_more_typography_font_weight": "500",
                                "archive_classic_read_more_typography_line_height": {
                                    "unit": "px",
                                    "size": 26,
                                    "sizes": []
                                },
                                "pagination_page_limit": "5",
                                "pagination_prev_label": "&laquo; Previous",
                                "pagination_next_label": "Next &raquo;",
                                "nothing_found_message": "It seems we can't find what you're looking for.",
                                "archive_classic_title_spacing": {
                                    "unit": "px",
                                    "size": 20,
                                    "sizes": []
                                },
                                "pagination_type": "",
                                "_animation": "fadeInDown"
                            },
                            "elements": [],
                            "isInner": false,
                            "widgetType": "archive-posts",
                            "elType": "widget"
                        }
                    ],
                    "isInner": false,
                    "elType": "column"
                }
            ],
            "isInner": false,
            "elType": "section"
        }
    ]
}