{
    "version": "0.4",
    "title": "Product Archive",
    "type": "product-archive",
    "metadata": {
        "template_type": "archive-product",
        "include_in_zip": "1",
        "elementor_pro_required": "1",
        "elementor_library_type": "product-archive",
        "elementor_pro_conditions": [
            "include\/product_archive"
        ],
        "additional_template_information": [
            "This is a \"Product Archive\" template for Elementor Pro.",
            "This template will display on: All Product Archives."
        ],
        "wp_page_template": "default"
    },
    "content": [
        {
            "id": "3f140172",
            "settings": {
                "background_background": "classic",
                "background_color": "#006AC8",
                "padding": {
                    "unit": "px",
                    "top": "20",
                    "right": "0",
                    "bottom": "20",
                    "left": "0",
                    "isLinked": false
                },
                "height": "min-height",
                "custom_height": {
                    "unit": "px",
                    "size": 150,
                    "sizes": []
                }
            },
            "elements": [
                {
                    "id": "11d11a4b",
                    "settings": {
                        "_column_size": 100,
                        "_inline_size": null,
                        "align": "center"
                    },
                    "elements": [
                        {
                            "id": "7cb26987",
                            "settings": {
                                "__dynamic__": {
                                    "title": "[elementor-tag id=\"\" name=\"archive-title\" settings=\"%7B%22include_context%22%3A%22%22%7D\"]"
                                },
                                "title": "Add Your Heading Text Here",
                                "align": "center",
                                "title_color": "#FFFFFF",
                                "typography_typography": "custom",
                                "typography_font_family": "Rubik",
                                "typography_font_size": {
                                    "unit": "px",
                                    "size": 40,
                                    "sizes": []
                                },
                                "typography_font_weight": "500",
                                "_animation": "fadeInDown"
                            },
                            "elements": [],
                            "isInner": false,
                            "widgetType": "theme-archive-title",
                            "elType": "widget"
                        }
                    ],
                    "isInner": false,
                    "elType": "column"
                }
            ],
            "isInner": false,
            "elType": "section"
        },
        {
            "id": "61ea4deb",
            "settings": {
                "background_background": "classic",
                "background_color": "#FBFBFB",
                "margin": {
                    "unit": "px",
                    "top": "0",
                    "right": 0,
                    "bottom": "0",
                    "left": 0,
                    "isLinked": false
                },
                "padding": {
                    "unit": "px",
                    "top": "100",
                    "right": "0",
                    "bottom": "100",
                    "left": "0",
                    "isLinked": false
                },
                "padding_tablet": {
                    "unit": "px",
                    "top": "50",
                    "right": "20",
                    "bottom": "0",
                    "left": "20",
                    "isLinked": false
                }
            },
            "elements": [
                {
                    "id": "4673891c",
                    "settings": {
                        "_column_size": 100,
                        "_inline_size": null
                    },
                    "elements": [
                        {
                            "id": "5643146c",
                            "settings": {
                                "column_gap": {
                                    "unit": "px",
                                    "size": 0
                                },
                                "image_border_radius": {
                                    "unit": "px",
                                    "top": "0",
                                    "right": "0",
                                    "bottom": "0",
                                    "left": "0",
                                    "isLinked": true
                                },
                                "title_typography_typography": "custom",
                                "title_typography_font_size": {
                                    "unit": "px",
                                    "size": 18
                                },
                                "title_typography_font_size_mobile": {
                                    "unit": "px",
                                    "size": 13
                                },
                                "title_typography_font_weight": "400",
                                "title_spacing": {
                                    "unit": "px",
                                    "size": 20
                                },
                                "star_size": {
                                    "unit": "em",
                                    "size": 0.40000000000000002220446049250313080847263336181640625
                                },
                                "price_color": "#2B2B2B",
                                "price_typography_typography": "custom",
                                "price_typography_font_family": "Rubik",
                                "price_typography_font_size": {
                                    "unit": "px",
                                    "size": 18
                                },
                                "price_typography_font_size_mobile": {
                                    "unit": "px",
                                    "size": 15
                                },
                                "old_price_typography_font_family": "Playfair Display",
                                "button_background_color": "rgba(0, 105, 200, 0)",
                                "button_border_color": "#0069C8",
                                "button_typography_typography": "custom",
                                "button_typography_font_size_mobile": {
                                    "unit": "px",
                                    "size": 15
                                },
                                "button_border_border": "solid",
                                "button_border_width": {
                                    "unit": "px",
                                    "top": "1",
                                    "right": "1",
                                    "bottom": "1",
                                    "left": "1",
                                    "isLinked": true
                                },
                                "box_border_width": {
                                    "unit": "px",
                                    "top": "0",
                                    "right": "0",
                                    "bottom": "0",
                                    "left": "0",
                                    "isLinked": true
                                },
                                "box_border_radius": {
                                    "unit": "px",
                                    "size": 0
                                },
                                "box_padding_tablet": {
                                    "unit": "px",
                                    "top": "20",
                                    "right": "20",
                                    "bottom": "20",
                                    "left": "20",
                                    "isLinked": true
                                },
                                "box_padding_mobile": {
                                    "unit": "px",
                                    "top": "15",
                                    "right": "15",
                                    "bottom": "15",
                                    "left": "15",
                                    "isLinked": true
                                },
                                "box_border_color": "#d6d6d6",
                                "nothing_found_message": "It seems we can't find what you're looking for.",
                                "align": "center",
                                "image_spacing": {
                                    "unit": "px",
                                    "size": 20,
                                    "sizes": []
                                },
                                "title_color": "#2B2B2B",
                                "title_typography_font_family": "Rubik",
                                "title_typography_line_height": {
                                    "unit": "px",
                                    "size": 28,
                                    "sizes": []
                                },
                                "price_typography_font_weight": "500",
                                "button_spacing": {
                                    "unit": "px",
                                    "size": 20,
                                    "sizes": []
                                },
                                "show_onsale_flash": "",
                                "box_padding": {
                                    "unit": "px",
                                    "top": "10",
                                    "right": "10",
                                    "bottom": "10",
                                    "left": "10",
                                    "isLinked": true
                                },
                                "button_border_radius": {
                                    "unit": "px",
                                    "top": "0",
                                    "right": "0",
                                    "bottom": "0",
                                    "left": "0",
                                    "isLinked": true
                                },
                                "button_text_color": "rgba(0, 105, 200, 0.84)",
                                "button_typography_font_family": "Rubik",
                                "button_typography_font_size": {
                                    "unit": "px",
                                    "size": 16,
                                    "sizes": []
                                },
                                "button_typography_font_weight": "500",
                                "button_hover_color": "rgba(0, 105, 200, 0.8)",
                                "button_hover_border_color": "rgba(0, 105, 200, 0.8)",
                                "button_text_padding": {
                                    "unit": "px",
                                    "top": "10",
                                    "right": "5",
                                    "bottom": "10",
                                    "left": "5",
                                    "isLinked": false
                                },
                                "view_cart_color": "#0069C8",
                                "view_cart_typography_typography": "custom",
                                "view_cart_typography_font_family": "Rubik",
                                "view_cart_typography_font_size": {
                                    "unit": "px",
                                    "size": 14,
                                    "sizes": []
                                },
                                "column_gap_mobile": {
                                    "unit": "px",
                                    "size": 0,
                                    "sizes": []
                                },
                                "row_gap_mobile": {
                                    "unit": "px",
                                    "size": 20,
                                    "sizes": []
                                },
                                "button_border_width_mobile": {
                                    "unit": "px",
                                    "top": "0",
                                    "right": "0",
                                    "bottom": "0",
                                    "left": "0",
                                    "isLinked": true
                                },
                                "_animation": "fadeInDown"
                            },
                            "elements": [],
                            "isInner": false,
                            "widgetType": "wc-archive-products",
                            "elType": "widget"
                        }
                    ],
                    "isInner": false,
                    "elType": "column"
                }
            ],
            "isInner": false,
            "elType": "section"
        }
    ]
}