{
    "version": "0.4",
    "title": "Services",
    "type": "page",
    "metadata": {
        "template_type": "single-page",
        "include_in_zip": "1",
        "elementor_pro_required": "1",
        "wp_page_template": "default"
    },
    "content": [
        {
            "id": "47f43c71",
            "settings": {
                "background_background": "classic",
                "background_color": "#D4D4D4",
                "padding": {
                    "unit": "px",
                    "top": "20",
                    "right": "0",
                    "bottom": "20",
                    "left": "0",
                    "isLinked": false
                }
            },
            "elements": [
                {
                    "id": "5482b582",
                    "settings": {
                        "_column_size": 100,
                        "_inline_size": null,
                        "align": "center",
                        "align_tablet": "center",
                        "align_mobile": "center",
                        "space_between_widgets": 0,
                        "space_between_widgets_tablet": 0,
                        "space_between_widgets_mobile": 0,
                        "padding": {
                            "unit": "px",
                            "top": "20",
                            "right": "0",
                            "bottom": "20",
                            "left": "0",
                            "isLinked": false
                        }
                    },
                    "elements": [
                        {
                            "id": "53a2ae6b",
                            "settings": {
                                "title": "Home \/",
                                "header_size": "span",
                                "title_color": "#2B2B2B",
                                "typography_typography": "custom",
                                "typography_font_family": "Rubik",
                                "typography_font_size": {
                                    "unit": "px",
                                    "size": 14,
                                    "sizes": []
                                },
                                "typography_font_weight": "500",
                                "typography_text_transform": "uppercase",
                                "typography_line_height": {
                                    "unit": "px",
                                    "size": 24,
                                    "sizes": []
                                },
                                "typography_letter_spacing": {
                                    "unit": "px",
                                    "size": 2.399999999999999911182158029987476766109466552734375,
                                    "sizes": []
                                },
                                "_margin_tablet": {
                                    "unit": "px",
                                    "top": "0",
                                    "right": "0",
                                    "bottom": "0",
                                    "left": "30",
                                    "isLinked": false
                                },
                                "_element_width": "auto"
                            },
                            "elements": [],
                            "isInner": false,
                            "widgetType": "heading",
                            "elType": "widget"
                        },
                        {
                            "id": "186d358b",
                            "settings": {
                                "title": "Services",
                                "header_size": "span",
                                "title_color": "#0069C8",
                                "typography_typography": "custom",
                                "typography_font_family": "Rubik",
                                "typography_font_size": {
                                    "unit": "px",
                                    "size": 14,
                                    "sizes": []
                                },
                                "typography_font_weight": "500",
                                "typography_text_transform": "uppercase",
                                "typography_line_height": {
                                    "unit": "px",
                                    "size": 24,
                                    "sizes": []
                                },
                                "typography_letter_spacing": {
                                    "unit": "px",
                                    "size": 2.399999999999999911182158029987476766109466552734375,
                                    "sizes": []
                                },
                                "_margin_tablet": {
                                    "unit": "px",
                                    "top": "0",
                                    "right": "0",
                                    "bottom": "0",
                                    "left": "0",
                                    "isLinked": false
                                },
                                "_element_width": "auto",
                                "_element_width_tablet": "auto",
                                "_element_vertical_align_tablet": "flex-start",
                                "_margin": {
                                    "unit": "px",
                                    "top": "0",
                                    "right": "0",
                                    "bottom": "0",
                                    "left": "5",
                                    "isLinked": false
                                }
                            },
                            "elements": [],
                            "isInner": false,
                            "widgetType": "heading",
                            "elType": "widget"
                        }
                    ],
                    "isInner": false,
                    "elType": "column"
                }
            ],
            "isInner": false,
            "elType": "section"
        },
        {
            "id": "112025b4",
            "settings": {
                "background_background": "classic",
                "background_color": "#FBFBFB",
                "margin": {
                    "unit": "px",
                    "top": "",
                    "right": 0,
                    "bottom": "",
                    "left": 0,
                    "isLinked": true
                },
                "padding": {
                    "unit": "px",
                    "top": "100",
                    "right": "0",
                    "bottom": "150",
                    "left": "0",
                    "isLinked": false
                },
                "padding_mobile": {
                    "unit": "px",
                    "top": "0",
                    "right": "0",
                    "bottom": "0",
                    "left": "0",
                    "isLinked": true
                },
                "margin_mobile": {
                    "unit": "px",
                    "top": "",
                    "right": 0,
                    "bottom": "",
                    "left": 0,
                    "isLinked": true
                }
            },
            "elements": [
                {
                    "id": "a730bda",
                    "settings": {
                        "_column_size": 100,
                        "_inline_size": null,
                        "padding": {
                            "unit": "px",
                            "top": "0",
                            "right": "0",
                            "bottom": "0",
                            "left": "0",
                            "isLinked": true
                        }
                    },
                    "elements": [
                        {
                            "id": "51f041af",
                            "settings": {
                                "structure": "20",
                                "margin": {
                                    "unit": "px",
                                    "top": "",
                                    "right": 0,
                                    "bottom": "",
                                    "left": 0,
                                    "isLinked": true
                                },
                                "padding": {
                                    "unit": "px",
                                    "top": "0",
                                    "right": "0",
                                    "bottom": "0",
                                    "left": "0",
                                    "isLinked": false
                                },
                                "margin_mobile": {
                                    "unit": "px",
                                    "top": "0",
                                    "right": 0,
                                    "bottom": "0",
                                    "left": 0,
                                    "isLinked": true
                                }
                            },
                            "elements": [
                                {
                                    "id": "549ef4dd",
                                    "settings": {
                                        "_column_size": 50,
                                        "_inline_size": 61.71900000000000119371179607696831226348876953125,
                                        "padding_mobile": {
                                            "unit": "px",
                                            "top": "0",
                                            "right": "0",
                                            "bottom": "0",
                                            "left": "0",
                                            "isLinked": true
                                        }
                                    },
                                    "elements": [
                                        {
                                            "id": "4109b02e",
                                            "settings": {
                                                "image": {
                                                    "url": "https:\/\/kits.almarkhatype.com\/wp-content\/uploads\/2020\/08\/servicescraft.jpg",
                                                    "id": 2945
                                                },
                                                "width": {
                                                    "unit": "%",
                                                    "size": 100,
                                                    "sizes": []
                                                },
                                                "space": {
                                                    "unit": "%",
                                                    "size": 100,
                                                    "sizes": []
                                                },
                                                "_animation": "fadeInDown"
                                            },
                                            "elements": [],
                                            "isInner": false,
                                            "widgetType": "image",
                                            "elType": "widget"
                                        }
                                    ],
                                    "isInner": true,
                                    "elType": "column"
                                },
                                {
                                    "id": "630ce341",
                                    "settings": {
                                        "_column_size": 50,
                                        "_inline_size": 38.28099999999999880628820392303168773651123046875,
                                        "margin_mobile": {
                                            "unit": "px",
                                            "top": "0",
                                            "right": "0",
                                            "bottom": "0",
                                            "left": "0",
                                            "isLinked": true
                                        }
                                    },
                                    "elements": [],
                                    "isInner": true,
                                    "elType": "column"
                                }
                            ],
                            "isInner": true,
                            "elType": "section"
                        },
                        {
                            "id": "4e0826f",
                            "settings": {
                                "structure": "20",
                                "margin": {
                                    "unit": "px",
                                    "top": "",
                                    "right": 0,
                                    "bottom": "",
                                    "left": 0,
                                    "isLinked": true
                                },
                                "padding": {
                                    "unit": "px",
                                    "top": "0",
                                    "right": "0",
                                    "bottom": "0",
                                    "left": "0",
                                    "isLinked": false
                                },
                                "margin_mobile": {
                                    "unit": "px",
                                    "top": "",
                                    "right": 0,
                                    "bottom": "",
                                    "left": 0,
                                    "isLinked": true
                                },
                                "padding_mobile": {
                                    "unit": "px",
                                    "top": "90",
                                    "right": "10",
                                    "bottom": "90",
                                    "left": "10",
                                    "isLinked": false
                                }
                            },
                            "elements": [
                                {
                                    "id": "788e947e",
                                    "settings": {
                                        "_column_size": 50,
                                        "_inline_size": 47.69200000000000017053025658242404460906982421875,
                                        "padding_mobile": {
                                            "unit": "px",
                                            "top": "0",
                                            "right": "0",
                                            "bottom": "0",
                                            "left": "0",
                                            "isLinked": false
                                        }
                                    },
                                    "elements": [
                                        {
                                            "id": "653872ba",
                                            "settings": {
                                                "title": "Hand-crafted furniture uses passion and love in every work we make.",
                                                "typography_typography": "custom",
                                                "typography_font_family": "Rubik",
                                                "typography_font_size": {
                                                    "unit": "px",
                                                    "size": 35,
                                                    "sizes": []
                                                },
                                                "typography_font_weight": "400",
                                                "typography_line_height": {
                                                    "unit": "px",
                                                    "size": 45,
                                                    "sizes": []
                                                },
                                                "_animation": "fadeInDown",
                                                "align_mobile": "center",
                                                "typography_font_size_tablet": {
                                                    "unit": "px",
                                                    "size": 24,
                                                    "sizes": []
                                                },
                                                "typography_font_size_mobile": {
                                                    "unit": "px",
                                                    "size": 24,
                                                    "sizes": []
                                                },
                                                "typography_line_height_tablet": {
                                                    "unit": "px",
                                                    "size": 34,
                                                    "sizes": []
                                                },
                                                "typography_line_height_mobile": {
                                                    "unit": "px",
                                                    "size": 34,
                                                    "sizes": []
                                                },
                                                "_animation_delay": 500,
                                                "_padding_mobile": {
                                                    "unit": "px",
                                                    "top": "0",
                                                    "right": "0",
                                                    "bottom": "0",
                                                    "left": "0",
                                                    "isLinked": false
                                                }
                                            },
                                            "elements": [],
                                            "isInner": false,
                                            "widgetType": "heading",
                                            "elType": "widget"
                                        }
                                    ],
                                    "isInner": true,
                                    "elType": "column"
                                },
                                {
                                    "id": "53c6fb24",
                                    "settings": {
                                        "_column_size": 50,
                                        "_inline_size": 52.30799999999999982946974341757595539093017578125,
                                        "margin": {
                                            "unit": "px",
                                            "top": "-300",
                                            "right": "0",
                                            "bottom": "0",
                                            "left": "0",
                                            "isLinked": false
                                        },
                                        "padding": {
                                            "unit": "px",
                                            "top": "0",
                                            "right": "0",
                                            "bottom": "0",
                                            "left": "0",
                                            "isLinked": true
                                        },
                                        "margin_mobile": {
                                            "unit": "px",
                                            "top": "0",
                                            "right": "0",
                                            "bottom": "0",
                                            "left": "0",
                                            "isLinked": false
                                        }
                                    },
                                    "elements": [
                                        {
                                            "id": "727a78fb",
                                            "settings": {
                                                "image": {
                                                    "url": "https:\/\/kits.almarkhatype.com\/wp-content\/uploads\/2020\/08\/servicegroup.jpg",
                                                    "id": 2947
                                                },
                                                "width": {
                                                    "unit": "%",
                                                    "size": 100,
                                                    "sizes": []
                                                },
                                                "space": {
                                                    "unit": "%",
                                                    "size": 100,
                                                    "sizes": []
                                                },
                                                "_box_shadow_box_shadow_type": "yes",
                                                "_box_shadow_box_shadow": {
                                                    "horizontal": 39,
                                                    "vertical": -32,
                                                    "blur": 70,
                                                    "spread": 0,
                                                    "color": "rgba(49, 44, 44, 0.11)"
                                                },
                                                "_animation": "fadeInDown",
                                                "align": "left",
                                                "_margin": {
                                                    "unit": "px",
                                                    "top": "0",
                                                    "right": "0",
                                                    "bottom": "0",
                                                    "left": "0",
                                                    "isLinked": false
                                                },
                                                "align_mobile": "right",
                                                "width_mobile": {
                                                    "unit": "%",
                                                    "size": 53,
                                                    "sizes": []
                                                },
                                                "space_mobile": {
                                                    "unit": "%",
                                                    "size": 100,
                                                    "sizes": []
                                                },
                                                "_margin_mobile": {
                                                    "unit": "px",
                                                    "top": "-310",
                                                    "right": "-10",
                                                    "bottom": "0",
                                                    "left": "0",
                                                    "isLinked": false
                                                },
                                                "_animation_delay": 1000
                                            },
                                            "elements": [],
                                            "isInner": false,
                                            "widgetType": "image",
                                            "elType": "widget"
                                        }
                                    ],
                                    "isInner": true,
                                    "elType": "column"
                                }
                            ],
                            "isInner": true,
                            "elType": "section"
                        }
                    ],
                    "isInner": false,
                    "elType": "column"
                }
            ],
            "isInner": false,
            "elType": "section"
        },
        {
            "id": "7f6effe4",
            "settings": {
                "background_background": "classic",
                "background_color": "#FBFBFB",
                "margin": {
                    "unit": "px",
                    "top": "0",
                    "right": 0,
                    "bottom": "0",
                    "left": 0,
                    "isLinked": false
                },
                "padding": {
                    "unit": "px",
                    "top": "0",
                    "right": "0",
                    "bottom": "150",
                    "left": "0",
                    "isLinked": false
                },
                "padding_mobile": {
                    "unit": "px",
                    "top": "20",
                    "right": "20",
                    "bottom": "20",
                    "left": "20",
                    "isLinked": true
                }
            },
            "elements": [
                {
                    "id": "56505042",
                    "settings": {
                        "_column_size": 100,
                        "_inline_size": null,
                        "padding": {
                            "unit": "px",
                            "top": "0",
                            "right": "0",
                            "bottom": "0",
                            "left": "0",
                            "isLinked": true
                        }
                    },
                    "elements": [
                        {
                            "id": "49ee98f5",
                            "settings": {
                                "structure": "30",
                                "background_background": "classic",
                                "margin": {
                                    "unit": "px",
                                    "top": "",
                                    "right": 0,
                                    "bottom": "",
                                    "left": 0,
                                    "isLinked": true
                                },
                                "padding": {
                                    "unit": "px",
                                    "top": "10",
                                    "right": "0",
                                    "bottom": "10",
                                    "left": "0",
                                    "isLinked": false
                                },
                                "padding_mobile": {
                                    "unit": "px",
                                    "top": "10",
                                    "right": "10",
                                    "bottom": "10",
                                    "left": "10",
                                    "isLinked": true
                                }
                            },
                            "elements": [
                                {
                                    "id": "18b4f9db",
                                    "settings": {
                                        "_column_size": 33,
                                        "_inline_size": null,
                                        "background_background": "classic",
                                        "background_color": "rgba(181, 211, 239, 0.29)",
                                        "margin": {
                                            "unit": "px",
                                            "top": "0",
                                            "right": "10",
                                            "bottom": "0",
                                            "left": "10",
                                            "isLinked": false
                                        },
                                        "padding": {
                                            "unit": "px",
                                            "top": "70",
                                            "right": "50",
                                            "bottom": "70",
                                            "left": "50",
                                            "isLinked": false
                                        },
                                        "margin_mobile": {
                                            "unit": "px",
                                            "top": "0",
                                            "right": "0",
                                            "bottom": "0",
                                            "left": "0",
                                            "isLinked": false
                                        }
                                    },
                                    "elements": [
                                        {
                                            "id": "4adc6c04",
                                            "settings": {
                                                "image": {
                                                    "url": "https:\/\/kits.almarkhatype.com\/wp-content\/uploads\/2020\/07\/Curtain.png",
                                                    "id": 540
                                                },
                                                "title_text": "Custom Curtain",
                                                "description_text": "Amet minim mollit non deserunt ullamco. Amet minim mollit non deserunt ullamco. ",
                                                "image_space": {
                                                    "unit": "px",
                                                    "size": 5,
                                                    "sizes": []
                                                },
                                                "image_size": {
                                                    "unit": "%",
                                                    "size": 35,
                                                    "sizes": []
                                                },
                                                "title_bottom_space": {
                                                    "unit": "px",
                                                    "size": 10,
                                                    "sizes": []
                                                },
                                                "title_color": "#2B2B2B",
                                                "title_typography_typography": "custom",
                                                "title_typography_font_family": "Rubik",
                                                "title_typography_font_size": {
                                                    "unit": "px",
                                                    "size": 20,
                                                    "sizes": []
                                                },
                                                "title_typography_font_weight": "500",
                                                "description_color": "rgba(43, 43, 43, 0.53)",
                                                "description_typography_typography": "custom",
                                                "description_typography_font_family": "Rubik",
                                                "description_typography_font_size": {
                                                    "unit": "px",
                                                    "size": 16,
                                                    "sizes": []
                                                },
                                                "description_typography_font_weight": "400",
                                                "image_opacity_hover": {
                                                    "unit": "px",
                                                    "size": 0.2099999999999999922284388276239042170345783233642578125,
                                                    "sizes": []
                                                },
                                                "_animation": "fadeInDown",
                                                "_animation_delay": 500
                                            },
                                            "elements": [],
                                            "isInner": false,
                                            "widgetType": "image-box",
                                            "elType": "widget"
                                        }
                                    ],
                                    "isInner": true,
                                    "elType": "column"
                                },
                                {
                                    "id": "4cd9b1b5",
                                    "settings": {
                                        "_column_size": 33,
                                        "_inline_size": null,
                                        "background_background": "classic",
                                        "background_color": "rgba(181, 211, 239, 0.29)",
                                        "margin": {
                                            "unit": "px",
                                            "top": "0",
                                            "right": "10",
                                            "bottom": "0",
                                            "left": "10",
                                            "isLinked": false
                                        },
                                        "padding": {
                                            "unit": "px",
                                            "top": "70",
                                            "right": "50",
                                            "bottom": "70",
                                            "left": "50",
                                            "isLinked": false
                                        },
                                        "margin_mobile": {
                                            "unit": "px",
                                            "top": "10",
                                            "right": "0",
                                            "bottom": "0",
                                            "left": "0",
                                            "isLinked": false
                                        }
                                    },
                                    "elements": [
                                        {
                                            "id": "5165d696",
                                            "settings": {
                                                "image": {
                                                    "url": "https:\/\/kits.almarkhatype.com\/wp-content\/uploads\/2020\/07\/Single-Seat-Sofa.png",
                                                    "id": 543
                                                },
                                                "title_text": "Custom Chair",
                                                "description_text": "Amet minim mollit non deserunt ullamco. Amet minimmollit non deserunt ullamco. ",
                                                "image_space": {
                                                    "unit": "px",
                                                    "size": 5,
                                                    "sizes": []
                                                },
                                                "image_size": {
                                                    "unit": "%",
                                                    "size": 35,
                                                    "sizes": []
                                                },
                                                "title_bottom_space": {
                                                    "unit": "px",
                                                    "size": 10,
                                                    "sizes": []
                                                },
                                                "title_color": "#2B2B2B",
                                                "title_typography_typography": "custom",
                                                "title_typography_font_family": "Rubik",
                                                "title_typography_font_size": {
                                                    "unit": "px",
                                                    "size": 20,
                                                    "sizes": []
                                                },
                                                "title_typography_font_weight": "500",
                                                "description_color": "rgba(43, 43, 43, 0.53)",
                                                "description_typography_typography": "custom",
                                                "description_typography_font_family": "Rubik",
                                                "description_typography_font_size": {
                                                    "unit": "px",
                                                    "size": 16,
                                                    "sizes": []
                                                },
                                                "description_typography_font_weight": "400",
                                                "image_opacity_hover": {
                                                    "unit": "px",
                                                    "size": 0.2099999999999999922284388276239042170345783233642578125,
                                                    "sizes": []
                                                },
                                                "description_typography_line_height": {
                                                    "unit": "px",
                                                    "size": 26,
                                                    "sizes": []
                                                },
                                                "_animation": "fadeInDown",
                                                "_animation_delay": 1000
                                            },
                                            "elements": [],
                                            "isInner": false,
                                            "widgetType": "image-box",
                                            "elType": "widget"
                                        }
                                    ],
                                    "isInner": true,
                                    "elType": "column"
                                },
                                {
                                    "id": "17729db5",
                                    "settings": {
                                        "_column_size": 33,
                                        "_inline_size": null,
                                        "background_background": "classic",
                                        "background_color": "rgba(181, 211, 239, 0.29)",
                                        "margin": {
                                            "unit": "px",
                                            "top": "0",
                                            "right": "10",
                                            "bottom": "0",
                                            "left": "10",
                                            "isLinked": false
                                        },
                                        "padding": {
                                            "unit": "px",
                                            "top": "70",
                                            "right": "50",
                                            "bottom": "70",
                                            "left": "50",
                                            "isLinked": false
                                        },
                                        "margin_mobile": {
                                            "unit": "px",
                                            "top": "10",
                                            "right": "0",
                                            "bottom": "0",
                                            "left": "0",
                                            "isLinked": false
                                        }
                                    },
                                    "elements": [
                                        {
                                            "id": "3bfa28db",
                                            "settings": {
                                                "image": {
                                                    "url": "https:\/\/kits.almarkhatype.com\/wp-content\/uploads\/2020\/07\/Standing-Lamp.png",
                                                    "id": 545
                                                },
                                                "title_text": "Custom Lamp",
                                                "description_text": "Amet minim mollit non deserunt ullamco. Amet minim mollit non deserunt ullamco. ",
                                                "image_space": {
                                                    "unit": "px",
                                                    "size": 5,
                                                    "sizes": []
                                                },
                                                "image_size": {
                                                    "unit": "%",
                                                    "size": 35,
                                                    "sizes": []
                                                },
                                                "title_bottom_space": {
                                                    "unit": "px",
                                                    "size": 10,
                                                    "sizes": []
                                                },
                                                "title_color": "#2B2B2B",
                                                "title_typography_typography": "custom",
                                                "title_typography_font_family": "Rubik",
                                                "title_typography_font_size": {
                                                    "unit": "px",
                                                    "size": 20,
                                                    "sizes": []
                                                },
                                                "title_typography_font_weight": "500",
                                                "description_color": "rgba(43, 43, 43, 0.53)",
                                                "description_typography_typography": "custom",
                                                "description_typography_font_family": "Rubik",
                                                "description_typography_font_size": {
                                                    "unit": "px",
                                                    "size": 16,
                                                    "sizes": []
                                                },
                                                "description_typography_font_weight": "400",
                                                "image_opacity_hover": {
                                                    "unit": "px",
                                                    "size": 0.2099999999999999922284388276239042170345783233642578125,
                                                    "sizes": []
                                                },
                                                "_animation": "fadeInDown",
                                                "_animation_delay": 1500
                                            },
                                            "elements": [],
                                            "isInner": false,
                                            "widgetType": "image-box",
                                            "elType": "widget"
                                        }
                                    ],
                                    "isInner": true,
                                    "elType": "column"
                                }
                            ],
                            "isInner": true,
                            "elType": "section"
                        },
                        {
                            "id": "6f042726",
                            "settings": {
                                "structure": "30",
                                "background_background": "classic",
                                "margin": {
                                    "unit": "px",
                                    "top": "",
                                    "right": 0,
                                    "bottom": "",
                                    "left": 0,
                                    "isLinked": true
                                },
                                "padding": {
                                    "unit": "px",
                                    "top": "10",
                                    "right": "0",
                                    "bottom": "10",
                                    "left": "0",
                                    "isLinked": false
                                },
                                "padding_mobile": {
                                    "unit": "px",
                                    "top": "10",
                                    "right": "10",
                                    "bottom": "10",
                                    "left": "10",
                                    "isLinked": true
                                }
                            },
                            "elements": [
                                {
                                    "id": "2d5aecfc",
                                    "settings": {
                                        "_column_size": 33,
                                        "_inline_size": null,
                                        "background_background": "classic",
                                        "background_color": "rgba(181, 211, 239, 0.29)",
                                        "margin": {
                                            "unit": "px",
                                            "top": "0",
                                            "right": "10",
                                            "bottom": "0",
                                            "left": "10",
                                            "isLinked": false
                                        },
                                        "padding": {
                                            "unit": "px",
                                            "top": "70",
                                            "right": "50",
                                            "bottom": "70",
                                            "left": "50",
                                            "isLinked": false
                                        },
                                        "margin_mobile": {
                                            "unit": "px",
                                            "top": "0",
                                            "right": "0",
                                            "bottom": "0",
                                            "left": "0",
                                            "isLinked": false
                                        }
                                    },
                                    "elements": [
                                        {
                                            "id": "27787918",
                                            "settings": {
                                                "image": {
                                                    "url": "https:\/\/kits.almarkhatype.com\/wp-content\/uploads\/2020\/07\/Sink.png",
                                                    "id": 2164
                                                },
                                                "title_text": "Wastafel Install",
                                                "description_text": "Amet minim mollit non deserunt ullamco. Amet minim mollit non deserunt ullamco. ",
                                                "image_space": {
                                                    "unit": "px",
                                                    "size": 5,
                                                    "sizes": []
                                                },
                                                "image_size": {
                                                    "unit": "%",
                                                    "size": 35,
                                                    "sizes": []
                                                },
                                                "title_bottom_space": {
                                                    "unit": "px",
                                                    "size": 10,
                                                    "sizes": []
                                                },
                                                "title_color": "#2B2B2B",
                                                "title_typography_typography": "custom",
                                                "title_typography_font_family": "Rubik",
                                                "title_typography_font_size": {
                                                    "unit": "px",
                                                    "size": 20,
                                                    "sizes": []
                                                },
                                                "title_typography_font_weight": "500",
                                                "description_color": "rgba(43, 43, 43, 0.53)",
                                                "description_typography_typography": "custom",
                                                "description_typography_font_family": "Rubik",
                                                "description_typography_font_size": {
                                                    "unit": "px",
                                                    "size": 16,
                                                    "sizes": []
                                                },
                                                "description_typography_font_weight": "400",
                                                "image_opacity_hover": {
                                                    "unit": "px",
                                                    "size": 0.2099999999999999922284388276239042170345783233642578125,
                                                    "sizes": []
                                                },
                                                "_animation": "fadeInDown",
                                                "_animation_delay": 500
                                            },
                                            "elements": [],
                                            "isInner": false,
                                            "widgetType": "image-box",
                                            "elType": "widget"
                                        }
                                    ],
                                    "isInner": true,
                                    "elType": "column"
                                },
                                {
                                    "id": "12a734f6",
                                    "settings": {
                                        "_column_size": 33,
                                        "_inline_size": null,
                                        "background_background": "classic",
                                        "background_color": "rgba(181, 211, 239, 0.29)",
                                        "margin": {
                                            "unit": "px",
                                            "top": "0",
                                            "right": "10",
                                            "bottom": "0",
                                            "left": "10",
                                            "isLinked": false
                                        },
                                        "padding": {
                                            "unit": "px",
                                            "top": "70",
                                            "right": "50",
                                            "bottom": "70",
                                            "left": "50",
                                            "isLinked": false
                                        },
                                        "margin_mobile": {
                                            "unit": "px",
                                            "top": "10",
                                            "right": "0",
                                            "bottom": "0",
                                            "left": "0",
                                            "isLinked": false
                                        }
                                    },
                                    "elements": [
                                        {
                                            "id": "5825faa2",
                                            "settings": {
                                                "image": {
                                                    "url": "https:\/\/kits.almarkhatype.com\/wp-content\/uploads\/2020\/07\/Lounge-Chair.png",
                                                    "id": 2165
                                                },
                                                "title_text": "Lounge Custome",
                                                "description_text": "Amet minim mollit non deserunt ullamco. Amet minim mollit non deserunt ullamco. ",
                                                "image_space": {
                                                    "unit": "px",
                                                    "size": 5,
                                                    "sizes": []
                                                },
                                                "image_size": {
                                                    "unit": "%",
                                                    "size": 35,
                                                    "sizes": []
                                                },
                                                "title_bottom_space": {
                                                    "unit": "px",
                                                    "size": 10,
                                                    "sizes": []
                                                },
                                                "title_color": "#2B2B2B",
                                                "title_typography_typography": "custom",
                                                "title_typography_font_family": "Rubik",
                                                "title_typography_font_size": {
                                                    "unit": "px",
                                                    "size": 20,
                                                    "sizes": []
                                                },
                                                "title_typography_font_weight": "500",
                                                "description_color": "rgba(43, 43, 43, 0.53)",
                                                "description_typography_typography": "custom",
                                                "description_typography_font_family": "Rubik",
                                                "description_typography_font_size": {
                                                    "unit": "px",
                                                    "size": 16,
                                                    "sizes": []
                                                },
                                                "description_typography_font_weight": "400",
                                                "image_opacity_hover": {
                                                    "unit": "px",
                                                    "size": 0.2099999999999999922284388276239042170345783233642578125,
                                                    "sizes": []
                                                },
                                                "_animation": "fadeInDown",
                                                "description_typography_line_height": {
                                                    "unit": "px",
                                                    "size": 26,
                                                    "sizes": []
                                                },
                                                "_animation_delay": 1000
                                            },
                                            "elements": [],
                                            "isInner": false,
                                            "widgetType": "image-box",
                                            "elType": "widget"
                                        }
                                    ],
                                    "isInner": true,
                                    "elType": "column"
                                },
                                {
                                    "id": "fe9c23b",
                                    "settings": {
                                        "_column_size": 33,
                                        "_inline_size": null,
                                        "background_background": "classic",
                                        "background_color": "rgba(181, 211, 239, 0.29)",
                                        "margin": {
                                            "unit": "px",
                                            "top": "0",
                                            "right": "10",
                                            "bottom": "0",
                                            "left": "10",
                                            "isLinked": false
                                        },
                                        "padding": {
                                            "unit": "px",
                                            "top": "70",
                                            "right": "50",
                                            "bottom": "70",
                                            "left": "50",
                                            "isLinked": false
                                        },
                                        "margin_mobile": {
                                            "unit": "px",
                                            "top": "10",
                                            "right": "0",
                                            "bottom": "0",
                                            "left": "0",
                                            "isLinked": false
                                        }
                                    },
                                    "elements": [
                                        {
                                            "id": "368e6ca8",
                                            "settings": {
                                                "image": {
                                                    "url": "https:\/\/kits.almarkhatype.com\/wp-content\/uploads\/2020\/07\/Workbench.png",
                                                    "id": 2167
                                                },
                                                "title_text": "Learn Desk",
                                                "description_text": "Amet minim mollit non deserunt ullamco. Amet minim mollit non deserunt ullamco. ",
                                                "image_space": {
                                                    "unit": "px",
                                                    "size": 5,
                                                    "sizes": []
                                                },
                                                "image_size": {
                                                    "unit": "%",
                                                    "size": 35,
                                                    "sizes": []
                                                },
                                                "title_bottom_space": {
                                                    "unit": "px",
                                                    "size": 10,
                                                    "sizes": []
                                                },
                                                "title_color": "#2B2B2B",
                                                "title_typography_typography": "custom",
                                                "title_typography_font_family": "Rubik",
                                                "title_typography_font_size": {
                                                    "unit": "px",
                                                    "size": 20,
                                                    "sizes": []
                                                },
                                                "title_typography_font_weight": "500",
                                                "description_color": "rgba(43, 43, 43, 0.53)",
                                                "description_typography_typography": "custom",
                                                "description_typography_font_family": "Rubik",
                                                "description_typography_font_size": {
                                                    "unit": "px",
                                                    "size": 16,
                                                    "sizes": []
                                                },
                                                "description_typography_font_weight": "400",
                                                "image_opacity_hover": {
                                                    "unit": "px",
                                                    "size": 0.2099999999999999922284388276239042170345783233642578125,
                                                    "sizes": []
                                                },
                                                "_animation": "fadeInDown",
                                                "_animation_delay": 1500
                                            },
                                            "elements": [],
                                            "isInner": false,
                                            "widgetType": "image-box",
                                            "elType": "widget"
                                        }
                                    ],
                                    "isInner": true,
                                    "elType": "column"
                                }
                            ],
                            "isInner": true,
                            "elType": "section"
                        }
                    ],
                    "isInner": false,
                    "elType": "column"
                }
            ],
            "isInner": false,
            "elType": "section"
        }
    ],
    "page_settings": {
        "hide_title": "yes"
    }
}