{
    "version": "0.4",
    "title": "Theme Builder &#8211; Header -2",
    "type": "header",
    "metadata": {
        "template_type": "section-header",
        "include_in_zip": "1",
        "elementor_pro_required": "1",
        "elementor_library_type": "header",
        "elementor_pro_conditions": [
            "include\/woocommerce\/product_archive",
            "include\/woocommerce"
        ],
        "additional_template_information": [
            "This is a \"Header\" template for Elementor Pro.",
            "This template will display on: All Product Archives &amp; Entire Shop."
        ],
        "wp_page_template": "default"
    },
    "content": [
        {
            "id": "516c7f03",
            "settings": {
                "custom_height": {
                    "unit": "px",
                    "size": 215,
                    "sizes": []
                },
                "custom_height_mobile": {
                    "unit": "px",
                    "size": 0,
                    "sizes": []
                },
                "content_position": "middle",
                "structure": "30",
                "background_background": "classic",
                "margin": {
                    "unit": "px",
                    "top": "",
                    "right": 0,
                    "bottom": "",
                    "left": 0,
                    "isLinked": true
                },
                "padding": {
                    "unit": "px",
                    "top": "25",
                    "right": "20",
                    "bottom": "25",
                    "left": "20",
                    "isLinked": false
                },
                "padding_tablet": {
                    "unit": "px",
                    "top": "20",
                    "right": "20",
                    "bottom": "20",
                    "left": "20",
                    "isLinked": false
                },
                "padding_mobile": {
                    "unit": "px",
                    "top": "15",
                    "right": "15",
                    "bottom": "15",
                    "left": "15",
                    "isLinked": true
                },
                "background_color": "#EEEEEE",
                "sticky": "top"
            },
            "elements": [
                {
                    "id": "6ae4cf66",
                    "settings": {
                        "_column_size": 33,
                        "_inline_size": 25,
                        "_inline_size_tablet": 80,
                        "_inline_size_mobile": 85,
                        "content_position": "center",
                        "margin_mobile": {
                            "unit": "px",
                            "top": "0",
                            "right": "0",
                            "bottom": "0",
                            "left": "0",
                            "isLinked": false
                        },
                        "padding": {
                            "unit": "px",
                            "top": "0",
                            "right": "0",
                            "bottom": "0",
                            "left": "0",
                            "isLinked": true
                        }
                    },
                    "elements": [
                        {
                            "id": "26f6c99b",
                            "settings": {
                                "__dynamic__": {
                                    "image": "[elementor-tag id=\"\" name=\"site-logo\" settings=\"%7B%7D\"]",
                                    "link": "[elementor-tag id=\"\" name=\"site-url\" settings=\"%7B%7D\"]"
                                },
                                "align": "left",
                                "width": {
                                    "unit": "%",
                                    "size": 100,
                                    "sizes": []
                                },
                                "space": {
                                    "unit": "%",
                                    "size": 80,
                                    "sizes": []
                                }
                            },
                            "elements": [],
                            "isInner": false,
                            "widgetType": "theme-site-logo",
                            "elType": "widget"
                        }
                    ],
                    "isInner": false,
                    "elType": "column"
                },
                {
                    "id": "2d9925a0",
                    "settings": {
                        "_column_size": 33,
                        "_inline_size": 65,
                        "_inline_size_tablet": 6,
                        "_inline_size_mobile": 15,
                        "content_position": "center",
                        "content_position_tablet": "center",
                        "align_tablet": "flex-start",
                        "html_tag": "footer",
                        "padding": {
                            "unit": "px",
                            "top": "0",
                            "right": "0",
                            "bottom": "0",
                            "left": "0",
                            "isLinked": true
                        }
                    },
                    "elements": [
                        {
                            "id": "51c63f1",
                            "settings": {
                                "align_items": "center",
                                "pointer": "none",
                                "menu_typography_typography": "custom",
                                "menu_typography_font_family": "Rubik",
                                "menu_typography_font_size": {
                                    "unit": "px",
                                    "size": 14,
                                    "sizes": []
                                },
                                "menu_typography_font_weight": "500",
                                "menu_typography_text_transform": "uppercase",
                                "color_menu_item": "#2B2B2B",
                                "indicator": "chevron",
                                "color_dropdown_item": "#2B2B2B",
                                "background_color_dropdown_item": "#EEEEEE",
                                "color_dropdown_item_hover": "#0069C8",
                                "color_dropdown_item_active": "#0069C8",
                                "background_color_dropdown_item_active": "#EEEEEE",
                                "dropdown_typography_typography": "custom",
                                "dropdown_typography_font_family": "Rubik",
                                "dropdown_typography_font_size": {
                                    "unit": "px",
                                    "size": 14,
                                    "sizes": []
                                },
                                "dropdown_typography_font_weight": "500",
                                "dropdown_typography_text_transform": "uppercase",
                                "padding_horizontal_dropdown_item": {
                                    "unit": "px",
                                    "size": 28,
                                    "sizes": []
                                },
                                "padding_vertical_dropdown_item": {
                                    "unit": "px",
                                    "size": 15,
                                    "sizes": []
                                },
                                "color_menu_item_hover": "#0069C8",
                                "color_menu_item_active": "#0069C8",
                                "menu_space_between": {
                                    "unit": "px",
                                    "size": 5,
                                    "sizes": []
                                },
                                "background_color_dropdown_item_hover": "rgba(43, 43, 43, 0)",
                                "toggle_color": "#2B2B2B",
                                "toggle_background_color": "rgba(2, 1, 1, 0)",
                                "toggle_color_hover": "#2B2B2B",
                                "toggle_size": {
                                    "unit": "px",
                                    "size": 25,
                                    "sizes": []
                                },
                                "toggle_border_width": {
                                    "unit": "px",
                                    "size": 0,
                                    "sizes": []
                                },
                                "menu_typography_line_height": {
                                    "unit": "px",
                                    "size": "",
                                    "sizes": []
                                },
                                "toggle_background_color_hover": "rgba(2, 1, 1, 0)",
                                "full_width": "stretch"
                            },
                            "elements": [],
                            "isInner": false,
                            "widgetType": "nav-menu",
                            "elType": "widget"
                        }
                    ],
                    "isInner": false,
                    "elType": "column"
                },
                {
                    "id": "3b10dbb3",
                    "settings": {
                        "_column_size": 33,
                        "_inline_size": 9.33200000000000073896444519050419330596923828125,
                        "padding": {
                            "unit": "px",
                            "top": "0",
                            "right": "0",
                            "bottom": "0",
                            "left": "0",
                            "isLinked": true
                        },
                        "_inline_size_tablet": 14,
                        "hide_mobile": "hidden-phone",
                        "content_position": "center",
                        "margin": {
                            "unit": "px",
                            "top": "0",
                            "right": "0",
                            "bottom": "0",
                            "left": "0",
                            "isLinked": false
                        }
                    },
                    "elements": [
                        {
                            "id": "1143d8f6",
                            "settings": {
                                "skin": "full_screen",
                                "placeholder": "Search...",
                                "button_text": "Search",
                                "toggle_size": {
                                    "unit": "px",
                                    "size": 30,
                                    "sizes": []
                                },
                                "input_typography_typography": "custom",
                                "input_typography_font_family": "Rubik",
                                "input_typography_font_size": {
                                    "unit": "px",
                                    "size": 24,
                                    "sizes": []
                                },
                                "input_typography_font_weight": "500",
                                "input_text_color": "#FBFBFB",
                                "border_radius": {
                                    "unit": "px",
                                    "size": "",
                                    "sizes": []
                                },
                                "toggle_color": "#2B2B2B",
                                "toggle_background_color": "rgba(2, 1, 1, 0)",
                                "toggle_icon_size": {
                                    "unit": "px",
                                    "size": 70,
                                    "sizes": []
                                },
                                "toggle_border_radius": {
                                    "unit": "px",
                                    "size": 40,
                                    "sizes": []
                                },
                                "_margin": {
                                    "unit": "px",
                                    "top": "0",
                                    "right": "15",
                                    "bottom": "0",
                                    "left": "0",
                                    "isLinked": false
                                },
                                "_element_width": "auto",
                                "_element_width_tablet": "auto",
                                "_element_vertical_align": "center",
                                "_margin_tablet": {
                                    "unit": "px",
                                    "top": "0",
                                    "right": "10",
                                    "bottom": "0",
                                    "left": "10",
                                    "isLinked": false
                                }
                            },
                            "elements": [],
                            "isInner": false,
                            "widgetType": "search-form",
                            "elType": "widget"
                        },
                        {
                            "id": "35b68df9",
                            "settings": {
                                "icon": "cart-solid",
                                "items_indicator": "none",
                                "show_subtotal": "",
                                "alignment": "right",
                                "toggle_button_icon_color": "#2B2B2B",
                                "toggle_button_border_width": {
                                    "unit": "px",
                                    "size": 0,
                                    "sizes": []
                                },
                                "toggle_icon_size": {
                                    "unit": "px",
                                    "size": 24,
                                    "sizes": []
                                },
                                "toggle_button_padding": {
                                    "unit": "px",
                                    "top": "0",
                                    "right": "0",
                                    "bottom": "0",
                                    "left": "0",
                                    "isLinked": true
                                },
                                "_margin": {
                                    "unit": "px",
                                    "top": "0",
                                    "right": "0",
                                    "bottom": "0",
                                    "left": "25",
                                    "isLinked": false
                                },
                                "_element_width": "auto",
                                "toggle_button_background_color": "rgba(2, 1, 1, 0)"
                            },
                            "elements": [],
                            "isInner": false,
                            "widgetType": "woocommerce-menu-cart",
                            "elType": "widget"
                        }
                    ],
                    "isInner": false,
                    "elType": "column"
                }
            ],
            "isInner": false,
            "elType": "section"
        }
    ]
}