{
    "version": "0.4",
    "title": "404 Not Found",
    "type": "error-404",
    "metadata": {
        "template_type": "single-404",
        "include_in_zip": "1",
        "elementor_pro_required": "1",
        "elementor_library_type": "error-404",
        "elementor_pro_conditions": [
            "include\/singular\/not_found404"
        ],
        "additional_template_information": [
            "This is a \"Error 404\" template for Elementor Pro.",
            "This template will display on: 404 Page."
        ],
        "wp_page_template": "default"
    },
    "content": [
        {
            "id": "289deb57",
            "settings": {
                "margin": {
                    "unit": "px",
                    "top": "90",
                    "right": 0,
                    "bottom": "100",
                    "left": 0,
                    "isLinked": false
                },
                "padding": {
                    "unit": "px",
                    "top": "0",
                    "right": "0",
                    "bottom": "0",
                    "left": "0",
                    "isLinked": false
                }
            },
            "elements": [
                {
                    "id": "9fae393",
                    "settings": {
                        "_column_size": 100,
                        "_inline_size": null,
                        "background_background": "classic",
                        "background_image": {
                            "url": "http:\/\/demo.puriwp.com\/furnitra\/wp-content\/uploads\/2020\/10\/Banner-3-Rev-02.jpg",
                            "id": 516
                        },
                        "background_position": "center center",
                        "background_ypos": {
                            "unit": "px",
                            "size": -33,
                            "sizes": []
                        },
                        "background_repeat": "no-repeat",
                        "background_size": "cover",
                        "margin": {
                            "unit": "px",
                            "top": "0",
                            "right": "0",
                            "bottom": "0",
                            "left": "0",
                            "isLinked": false
                        },
                        "padding": {
                            "unit": "px",
                            "top": "150",
                            "right": "0",
                            "bottom": "150",
                            "left": "40",
                            "isLinked": false
                        },
                        "background_position_mobile": "initial",
                        "background_xpos_mobile": {
                            "unit": "px",
                            "size": -643,
                            "sizes": []
                        },
                        "background_repeat_mobile": "no-repeat",
                        "background_size_mobile": "cover",
                        "margin_mobile": {
                            "unit": "px",
                            "top": "0",
                            "right": "0",
                            "bottom": "0",
                            "left": "0",
                            "isLinked": false
                        },
                        "padding_mobile": {
                            "unit": "px",
                            "top": "200",
                            "right": "0",
                            "bottom": "200",
                            "left": "50",
                            "isLinked": false
                        }
                    },
                    "elements": [
                        {
                            "id": "2aa12516",
                            "settings": {
                                "title": "page not found",
                                "title_color": "#141414",
                                "typography_typography": "custom",
                                "typography_font_family": "Maven Pro",
                                "typography_font_size": {
                                    "unit": "px",
                                    "size": 22,
                                    "sizes": []
                                },
                                "typography_font_weight": "400",
                                "typography_text_transform": "uppercase",
                                "typography_line_height": {
                                    "unit": "em",
                                    "size": 0,
                                    "sizes": []
                                },
                                "typography_letter_spacing": {
                                    "unit": "px",
                                    "size": 10,
                                    "sizes": []
                                },
                                "_margin": {
                                    "unit": "px",
                                    "top": "0",
                                    "right": "0",
                                    "bottom": "0",
                                    "left": "0",
                                    "isLinked": false
                                },
                                "_padding": {
                                    "unit": "px",
                                    "top": "0",
                                    "right": "0",
                                    "bottom": "0",
                                    "left": "0",
                                    "isLinked": false
                                },
                                "typography_letter_spacing_mobile": {
                                    "unit": "px",
                                    "size": 3.899999999999999911182158029987476766109466552734375,
                                    "sizes": []
                                },
                                "typography_letter_spacing_tablet": {
                                    "unit": "px",
                                    "size": 7.29999999999999982236431605997495353221893310546875,
                                    "sizes": []
                                },
                                "_margin_mobile": {
                                    "unit": "px",
                                    "top": "0",
                                    "right": "0",
                                    "bottom": "0",
                                    "left": "0",
                                    "isLinked": false
                                },
                                "_padding_mobile": {
                                    "unit": "px",
                                    "top": "0",
                                    "right": "0",
                                    "bottom": "0",
                                    "left": "0",
                                    "isLinked": false
                                },
                                "align": "center"
                            },
                            "elements": [],
                            "isInner": false,
                            "widgetType": "heading",
                            "elType": "widget"
                        }
                    ],
                    "isInner": false,
                    "elType": "column"
                }
            ],
            "isInner": false,
            "elType": "section"
        }
    ]
}