{
    "version": "0.4",
    "title": "Footer",
    "type": "footer",
    "metadata": {
        "template_type": "section-footer",
        "include_in_zip": "1",
        "elementor_pro_required": "1",
        "elementor_library_type": "footer",
        "elementor_pro_conditions": [
            "include\/general"
        ],
        "additional_template_information": [
            "This is a \"Footer\" template for Elementor Pro.",
            "This template will display on: Entire Site."
        ],
        "wp_page_template": "default"
    },
    "content": [
        {
            "id": "19ff1b7",
            "settings": {
                "gap": "no",
                "border_border": "solid",
                "border_width": {
                    "unit": "px",
                    "top": "1",
                    "right": "0",
                    "bottom": "1",
                    "left": "0",
                    "isLinked": false
                },
                "border_color": "#F0F0F0",
                "margin": {
                    "unit": "px",
                    "top": "0",
                    "right": 0,
                    "bottom": "0",
                    "left": 0,
                    "isLinked": false
                },
                "padding": {
                    "unit": "px",
                    "top": "0",
                    "right": "0",
                    "bottom": "0",
                    "left": "0",
                    "isLinked": false
                },
                "margin_mobile": {
                    "unit": "px",
                    "top": "0",
                    "right": 0,
                    "bottom": "0",
                    "left": 0,
                    "isLinked": false
                },
                "padding_mobile": {
                    "unit": "px",
                    "top": "0",
                    "right": "0",
                    "bottom": "0",
                    "left": "0",
                    "isLinked": false
                }
            },
            "elements": [
                {
                    "id": "2faf897d",
                    "settings": {
                        "_column_size": 100,
                        "_inline_size": null
                    },
                    "elements": [
                        {
                            "id": "4063ad39",
                            "settings": {
                                "structure": "40",
                                "margin": {
                                    "unit": "px",
                                    "top": "-6",
                                    "right": 0,
                                    "bottom": "0",
                                    "left": 0,
                                    "isLinked": false
                                },
                                "padding": {
                                    "unit": "px",
                                    "top": "50",
                                    "right": "0",
                                    "bottom": "50",
                                    "left": "0",
                                    "isLinked": false
                                },
                                "margin_mobile": {
                                    "unit": "px",
                                    "top": "10",
                                    "right": 0,
                                    "bottom": "0",
                                    "left": 0,
                                    "isLinked": false
                                },
                                "padding_mobile": {
                                    "unit": "px",
                                    "top": "30",
                                    "right": "20",
                                    "bottom": "30",
                                    "left": "20",
                                    "isLinked": false
                                },
                                "content_position": "top",
                                "margin_tablet": {
                                    "unit": "px",
                                    "top": "0",
                                    "right": 0,
                                    "bottom": "0",
                                    "left": 0,
                                    "isLinked": false
                                },
                                "padding_tablet": {
                                    "unit": "px",
                                    "top": "50",
                                    "right": "20",
                                    "bottom": "50",
                                    "left": "20",
                                    "isLinked": false
                                }
                            },
                            "elements": [
                                {
                                    "id": "7e0f5a5d",
                                    "settings": {
                                        "_column_size": 25,
                                        "_inline_size": 48.683999999999997498889570124447345733642578125,
                                        "margin": {
                                            "unit": "px",
                                            "top": "0",
                                            "right": "0",
                                            "bottom": "0",
                                            "left": "0",
                                            "isLinked": false
                                        },
                                        "padding": {
                                            "unit": "px",
                                            "top": "0",
                                            "right": "10",
                                            "bottom": "0",
                                            "left": "0",
                                            "isLinked": false
                                        },
                                        "margin_mobile": {
                                            "unit": "px",
                                            "top": "0",
                                            "right": "0",
                                            "bottom": "0",
                                            "left": "0",
                                            "isLinked": false
                                        },
                                        "padding_mobile": {
                                            "unit": "px",
                                            "top": "0",
                                            "right": "0",
                                            "bottom": "0",
                                            "left": "0",
                                            "isLinked": false
                                        },
                                        "_inline_size_tablet": 40
                                    },
                                    "elements": [
                                        {
                                            "id": "7bb8291a",
                                            "settings": {
                                                "form_name": "New Form",
                                                "form_fields": [
                                                    {
                                                        "custom_id": "email",
                                                        "field_type": "email",
                                                        "required": "true",
                                                        "field_label": "Get Your Latest Update",
                                                        "placeholder": "Type Your E-Mail Here",
                                                        "width": "60",
                                                        "_id": "031db29"
                                                    }
                                                ],
                                                "button_width": "40",
                                                "step_next_label": "Next",
                                                "step_previous_label": "Previous",
                                                "button_text": "subscribe",
                                                "email_content": "[all-fields]",
                                                "email_content_2": "[all-fields]",
                                                "success_message": "The form was sent successfully.",
                                                "error_message": "An error occurred.",
                                                "required_field_message": "This field is required.",
                                                "invalid_message": "There's something wrong. The form is invalid.",
                                                "column_gap": {
                                                    "unit": "px",
                                                    "size": 0,
                                                    "sizes": []
                                                },
                                                "row_gap": {
                                                    "unit": "px",
                                                    "size": 0,
                                                    "sizes": []
                                                },
                                                "label_color": "#141414",
                                                "label_typography_typography": "custom",
                                                "label_typography_font_family": "Maven Pro",
                                                "label_typography_font_weight": "500",
                                                "label_typography_text_transform": "uppercase",
                                                "label_typography_line_height": {
                                                    "unit": "em",
                                                    "size": 3.20000000000000017763568394002504646778106689453125,
                                                    "sizes": []
                                                },
                                                "label_typography_letter_spacing": {
                                                    "unit": "px",
                                                    "size": 2.600000000000000088817841970012523233890533447265625,
                                                    "sizes": []
                                                },
                                                "html_color": "#7A7A7A",
                                                "html_typography_typography": "custom",
                                                "html_typography_font_family": "Maven Pro",
                                                "html_typography_font_weight": "400",
                                                "html_typography_text_transform": "uppercase",
                                                "field_typography_typography": "custom",
                                                "field_typography_font_family": "Maven Pro",
                                                "field_typography_font_weight": "400",
                                                "field_background_color": "#F3F3F3",
                                                "field_border_width": {
                                                    "unit": "px",
                                                    "top": "0",
                                                    "right": "0",
                                                    "bottom": "0",
                                                    "left": "0",
                                                    "isLinked": true
                                                },
                                                "button_typography_typography": "custom",
                                                "button_typography_font_family": "Maven Pro",
                                                "button_typography_font_size": {
                                                    "unit": "px",
                                                    "size": 11,
                                                    "sizes": []
                                                },
                                                "button_typography_font_weight": "500",
                                                "button_typography_text_transform": "uppercase",
                                                "button_typography_letter_spacing": {
                                                    "unit": "px",
                                                    "size": 3.79999999999999982236431605997495353221893310546875,
                                                    "sizes": []
                                                },
                                                "button_background_color": "#000000",
                                                "button_border_radius": {
                                                    "unit": "px",
                                                    "top": "0",
                                                    "right": "0",
                                                    "bottom": "0",
                                                    "left": "0",
                                                    "isLinked": false
                                                },
                                                "button_text_padding": {
                                                    "unit": "px",
                                                    "top": "0",
                                                    "right": "10",
                                                    "bottom": "0",
                                                    "left": "10",
                                                    "isLinked": false
                                                },
                                                "steps_typography_typography": "custom",
                                                "steps_typography_font_family": "Maven Pro",
                                                "steps_typography_font_weight": "500",
                                                "steps_typography_text_transform": "uppercase",
                                                "label_typography_font_size_tablet": {
                                                    "unit": "px",
                                                    "size": 12,
                                                    "sizes": []
                                                },
                                                "field_typography_font_size_tablet": {
                                                    "unit": "px",
                                                    "size": 12,
                                                    "sizes": []
                                                },
                                                "button_typography_font_size_tablet": {
                                                    "unit": "px",
                                                    "size": 11,
                                                    "sizes": []
                                                },
                                                "_margin": {
                                                    "unit": "px",
                                                    "top": "0",
                                                    "right": "0",
                                                    "bottom": "0",
                                                    "left": "0",
                                                    "isLinked": false
                                                },
                                                "_padding": {
                                                    "unit": "px",
                                                    "top": "0",
                                                    "right": "50",
                                                    "bottom": "0",
                                                    "left": "0",
                                                    "isLinked": false
                                                },
                                                "label_spacing": {
                                                    "unit": "px",
                                                    "size": 17,
                                                    "sizes": []
                                                },
                                                "_margin_mobile": {
                                                    "unit": "px",
                                                    "top": "0",
                                                    "right": "0",
                                                    "bottom": "0",
                                                    "left": "0",
                                                    "isLinked": false
                                                },
                                                "_padding_mobile": {
                                                    "unit": "px",
                                                    "top": "0",
                                                    "right": "0",
                                                    "bottom": "0",
                                                    "left": "0",
                                                    "isLinked": false
                                                },
                                                "button_background_hover_color": "#F3F3F3",
                                                "button_hover_color": "#141414"
                                            },
                                            "elements": [],
                                            "isInner": false,
                                            "widgetType": "form",
                                            "elType": "widget"
                                        }
                                    ],
                                    "isInner": true,
                                    "elType": "column"
                                },
                                {
                                    "id": "507c8b3d",
                                    "settings": {
                                        "_column_size": 25,
                                        "_inline_size": 17.71900000000000119371179607696831226348876953125,
                                        "margin": {
                                            "unit": "px",
                                            "top": "0",
                                            "right": "0",
                                            "bottom": "0",
                                            "left": "0",
                                            "isLinked": false
                                        },
                                        "padding": {
                                            "unit": "px",
                                            "top": "20",
                                            "right": "0",
                                            "bottom": "0",
                                            "left": "0",
                                            "isLinked": false
                                        },
                                        "margin_mobile": {
                                            "unit": "px",
                                            "top": "50",
                                            "right": "0",
                                            "bottom": "0",
                                            "left": "0",
                                            "isLinked": false
                                        },
                                        "padding_mobile": {
                                            "unit": "px",
                                            "top": "0",
                                            "right": "0",
                                            "bottom": "0",
                                            "left": "0",
                                            "isLinked": false
                                        },
                                        "_inline_size_tablet": 20,
                                        "margin_tablet": {
                                            "unit": "px",
                                            "top": "5",
                                            "right": "0",
                                            "bottom": "0",
                                            "left": "0",
                                            "isLinked": false
                                        },
                                        "padding_tablet": {
                                            "unit": "px",
                                            "top": "0",
                                            "right": "0",
                                            "bottom": "0",
                                            "left": "0",
                                            "isLinked": false
                                        }
                                    },
                                    "elements": [
                                        {
                                            "id": "4891b4ae",
                                            "settings": {
                                                "title": "Quicklinks",
                                                "title_color": "#141414",
                                                "typography_typography": "custom",
                                                "typography_font_family": "Maven Pro",
                                                "typography_font_size": {
                                                    "unit": "px",
                                                    "size": 15,
                                                    "sizes": []
                                                },
                                                "typography_font_weight": "500",
                                                "typography_text_transform": "uppercase",
                                                "typography_letter_spacing": {
                                                    "unit": "px",
                                                    "size": 5,
                                                    "sizes": []
                                                },
                                                "typography_font_size_tablet": {
                                                    "unit": "px",
                                                    "size": 12,
                                                    "sizes": []
                                                }
                                            },
                                            "elements": [],
                                            "isInner": false,
                                            "widgetType": "heading",
                                            "elType": "widget"
                                        },
                                        {
                                            "id": "27686fc8",
                                            "settings": {
                                                "layout": "vertical",
                                                "align_items": "left",
                                                "pointer": "none",
                                                "dropdown": "none",
                                                "menu_typography_typography": "custom",
                                                "menu_typography_font_family": "Maven Pro",
                                                "menu_typography_font_size": {
                                                    "unit": "px",
                                                    "size": 13,
                                                    "sizes": []
                                                },
                                                "menu_typography_font_weight": "400",
                                                "menu_typography_text_transform": "capitalize",
                                                "menu_typography_letter_spacing": {
                                                    "unit": "px",
                                                    "size": 1.5,
                                                    "sizes": []
                                                },
                                                "color_menu_item": "#9D9999",
                                                "_margin": {
                                                    "unit": "px",
                                                    "top": "0",
                                                    "right": "0",
                                                    "bottom": "0",
                                                    "left": "-19",
                                                    "isLinked": false
                                                },
                                                "_padding": {
                                                    "unit": "px",
                                                    "top": "0",
                                                    "right": "0",
                                                    "bottom": "0",
                                                    "left": "0",
                                                    "isLinked": false
                                                },
                                                "color_menu_item_hover": "#000000"
                                            },
                                            "elements": [],
                                            "isInner": false,
                                            "widgetType": "nav-menu",
                                            "elType": "widget"
                                        }
                                    ],
                                    "isInner": true,
                                    "elType": "column"
                                },
                                {
                                    "id": "440c6bc7",
                                    "settings": {
                                        "_column_size": 25,
                                        "_inline_size": 20.702999999999999403144101961515843868255615234375,
                                        "margin": {
                                            "unit": "px",
                                            "top": "0",
                                            "right": "0",
                                            "bottom": "0",
                                            "left": "0",
                                            "isLinked": false
                                        },
                                        "padding": {
                                            "unit": "px",
                                            "top": "20",
                                            "right": "0",
                                            "bottom": "0",
                                            "left": "0",
                                            "isLinked": false
                                        },
                                        "margin_mobile": {
                                            "unit": "px",
                                            "top": "50",
                                            "right": "0",
                                            "bottom": "0",
                                            "left": "0",
                                            "isLinked": false
                                        },
                                        "padding_mobile": {
                                            "unit": "px",
                                            "top": "0",
                                            "right": "0",
                                            "bottom": "0",
                                            "left": "0",
                                            "isLinked": false
                                        },
                                        "_inline_size_tablet": 20,
                                        "margin_tablet": {
                                            "unit": "px",
                                            "top": "0",
                                            "right": "0",
                                            "bottom": "0",
                                            "left": "0",
                                            "isLinked": false
                                        },
                                        "padding_tablet": {
                                            "unit": "px",
                                            "top": "0",
                                            "right": "0",
                                            "bottom": "0",
                                            "left": "0",
                                            "isLinked": false
                                        }
                                    },
                                    "elements": [
                                        {
                                            "id": "222171a",
                                            "settings": {
                                                "title": "Customer care",
                                                "title_color": "#141414",
                                                "typography_typography": "custom",
                                                "typography_font_family": "Maven Pro",
                                                "typography_font_size": {
                                                    "unit": "px",
                                                    "size": 15,
                                                    "sizes": []
                                                },
                                                "typography_font_weight": "500",
                                                "typography_text_transform": "uppercase",
                                                "typography_letter_spacing": {
                                                    "unit": "px",
                                                    "size": 5,
                                                    "sizes": []
                                                },
                                                "typography_font_size_tablet": {
                                                    "unit": "px",
                                                    "size": 12,
                                                    "sizes": []
                                                },
                                                "typography_line_height_tablet": {
                                                    "unit": "em",
                                                    "size": 1.6999999999999999555910790149937383830547332763671875,
                                                    "sizes": []
                                                }
                                            },
                                            "elements": [],
                                            "isInner": false,
                                            "widgetType": "heading",
                                            "elType": "widget"
                                        },
                                        {
                                            "id": "23d52c73",
                                            "settings": {
                                                "layout": "vertical",
                                                "align_items": "left",
                                                "pointer": "none",
                                                "dropdown": "none",
                                                "menu_typography_typography": "custom",
                                                "menu_typography_font_family": "Maven Pro",
                                                "menu_typography_font_size": {
                                                    "unit": "px",
                                                    "size": 13,
                                                    "sizes": []
                                                },
                                                "menu_typography_font_weight": "400",
                                                "menu_typography_text_transform": "capitalize",
                                                "menu_typography_letter_spacing": {
                                                    "unit": "px",
                                                    "size": 1.5,
                                                    "sizes": []
                                                },
                                                "color_menu_item": "#9D9999",
                                                "_margin": {
                                                    "unit": "px",
                                                    "top": "0",
                                                    "right": "0",
                                                    "bottom": "0",
                                                    "left": "-19",
                                                    "isLinked": false
                                                },
                                                "_padding": {
                                                    "unit": "px",
                                                    "top": "0",
                                                    "right": "0",
                                                    "bottom": "0",
                                                    "left": "0",
                                                    "isLinked": false
                                                },
                                                "color_menu_item_hover": "#000000"
                                            },
                                            "elements": [],
                                            "isInner": false,
                                            "widgetType": "nav-menu",
                                            "elType": "widget"
                                        }
                                    ],
                                    "isInner": true,
                                    "elType": "column"
                                },
                                {
                                    "id": "7b5561ec",
                                    "settings": {
                                        "_column_size": 25,
                                        "_inline_size": 12.8499999999999996447286321199499070644378662109375,
                                        "margin": {
                                            "unit": "px",
                                            "top": "0",
                                            "right": "0",
                                            "bottom": "0",
                                            "left": "0",
                                            "isLinked": false
                                        },
                                        "padding": {
                                            "unit": "px",
                                            "top": "20",
                                            "right": "0",
                                            "bottom": "0",
                                            "left": "0",
                                            "isLinked": false
                                        },
                                        "margin_mobile": {
                                            "unit": "px",
                                            "top": "50",
                                            "right": "0",
                                            "bottom": "0",
                                            "left": "0",
                                            "isLinked": false
                                        },
                                        "padding_mobile": {
                                            "unit": "px",
                                            "top": "0",
                                            "right": "0",
                                            "bottom": "0",
                                            "left": "0",
                                            "isLinked": false
                                        },
                                        "_inline_size_tablet": 20,
                                        "margin_tablet": {
                                            "unit": "px",
                                            "top": "1",
                                            "right": "0",
                                            "bottom": "0",
                                            "left": "0",
                                            "isLinked": false
                                        },
                                        "padding_tablet": {
                                            "unit": "px",
                                            "top": "0",
                                            "right": "0",
                                            "bottom": "0",
                                            "left": "0",
                                            "isLinked": false
                                        }
                                    },
                                    "elements": [
                                        {
                                            "id": "632fd754",
                                            "settings": {
                                                "title": "Shop",
                                                "title_color": "#141414",
                                                "typography_typography": "custom",
                                                "typography_font_family": "Maven Pro",
                                                "typography_font_size": {
                                                    "unit": "px",
                                                    "size": 15,
                                                    "sizes": []
                                                },
                                                "typography_font_weight": "500",
                                                "typography_text_transform": "uppercase",
                                                "typography_letter_spacing": {
                                                    "unit": "px",
                                                    "size": 5,
                                                    "sizes": []
                                                },
                                                "typography_font_size_tablet": {
                                                    "unit": "px",
                                                    "size": 12,
                                                    "sizes": []
                                                }
                                            },
                                            "elements": [],
                                            "isInner": false,
                                            "widgetType": "heading",
                                            "elType": "widget"
                                        },
                                        {
                                            "id": "75358799",
                                            "settings": {
                                                "layout": "vertical",
                                                "align_items": "left",
                                                "pointer": "none",
                                                "dropdown": "none",
                                                "menu_typography_typography": "custom",
                                                "menu_typography_font_family": "Maven Pro",
                                                "menu_typography_font_size": {
                                                    "unit": "px",
                                                    "size": 13,
                                                    "sizes": []
                                                },
                                                "menu_typography_font_weight": "400",
                                                "menu_typography_text_transform": "capitalize",
                                                "menu_typography_letter_spacing": {
                                                    "unit": "px",
                                                    "size": 1.5,
                                                    "sizes": []
                                                },
                                                "color_menu_item": "#9D9999",
                                                "_margin": {
                                                    "unit": "px",
                                                    "top": "0",
                                                    "right": "0",
                                                    "bottom": "0",
                                                    "left": "-19",
                                                    "isLinked": false
                                                },
                                                "_padding": {
                                                    "unit": "px",
                                                    "top": "0",
                                                    "right": "0",
                                                    "bottom": "0",
                                                    "left": "0",
                                                    "isLinked": false
                                                },
                                                "color_menu_item_hover": "#000000"
                                            },
                                            "elements": [],
                                            "isInner": false,
                                            "widgetType": "nav-menu",
                                            "elType": "widget"
                                        }
                                    ],
                                    "isInner": true,
                                    "elType": "column"
                                }
                            ],
                            "isInner": true,
                            "elType": "section"
                        }
                    ],
                    "isInner": false,
                    "elType": "column"
                }
            ],
            "isInner": false,
            "elType": "section"
        },
        {
            "id": "ee3035e",
            "settings": {
                "structure": "20",
                "margin": {
                    "unit": "px",
                    "top": "0",
                    "right": 0,
                    "bottom": "0",
                    "left": 0,
                    "isLinked": false
                },
                "padding": {
                    "unit": "px",
                    "top": "10",
                    "right": "0",
                    "bottom": "10",
                    "left": "0",
                    "isLinked": false
                },
                "content_position": "middle",
                "margin_mobile": {
                    "unit": "px",
                    "top": "0",
                    "right": 0,
                    "bottom": "0",
                    "left": 0,
                    "isLinked": false
                },
                "padding_mobile": {
                    "unit": "px",
                    "top": "20",
                    "right": "20",
                    "bottom": "20",
                    "left": "20",
                    "isLinked": false
                }
            },
            "elements": [
                {
                    "id": "3ff1cb9e",
                    "settings": {
                        "_column_size": 50,
                        "_inline_size": null,
                        "_inline_size_mobile": 50,
                        "margin_mobile": {
                            "unit": "px",
                            "top": "0",
                            "right": "0",
                            "bottom": "0",
                            "left": "0",
                            "isLinked": false
                        },
                        "padding_mobile": {
                            "unit": "px",
                            "top": "0",
                            "right": "0",
                            "bottom": "0",
                            "left": "0",
                            "isLinked": false
                        }
                    },
                    "elements": [
                        {
                            "id": "703bb748",
                            "settings": {
                                "title": "Copyright \u00a9 Furnitra. All Right Reserved",
                                "title_color": "#9D9999",
                                "typography_typography": "custom",
                                "typography_font_family": "Maven Pro",
                                "typography_font_size": {
                                    "unit": "px",
                                    "size": 11,
                                    "sizes": []
                                },
                                "typography_font_weight": "400",
                                "typography_text_transform": "capitalize",
                                "typography_letter_spacing": {
                                    "unit": "px",
                                    "size": 1.899999999999999911182158029987476766109466552734375,
                                    "sizes": []
                                },
                                "_margin": {
                                    "unit": "px",
                                    "top": "0",
                                    "right": "0",
                                    "bottom": "0",
                                    "left": "0",
                                    "isLinked": false
                                },
                                "_padding": {
                                    "unit": "px",
                                    "top": "0",
                                    "right": "0",
                                    "bottom": "0",
                                    "left": "0",
                                    "isLinked": false
                                },
                                "typography_font_size_mobile": {
                                    "unit": "px",
                                    "size": 10,
                                    "sizes": []
                                }
                            },
                            "elements": [],
                            "isInner": false,
                            "widgetType": "heading",
                            "elType": "widget"
                        }
                    ],
                    "isInner": false,
                    "elType": "column"
                },
                {
                    "id": "52737841",
                    "settings": {
                        "_column_size": 50,
                        "_inline_size": null,
                        "_inline_size_mobile": 50
                    },
                    "elements": [
                        {
                            "id": "30c44307",
                            "settings": {
                                "social_icon_list": [
                                    {
                                        "social_icon": {
                                            "value": "fab fa-cc-paypal",
                                            "library": "fa-brands"
                                        },
                                        "_id": "923a974"
                                    },
                                    {
                                        "social_icon": {
                                            "value": "fab fa-cc-visa",
                                            "library": "fa-brands"
                                        },
                                        "_id": "6ef8645"
                                    },
                                    {
                                        "social_icon": {
                                            "value": "fab fa-cc-mastercard",
                                            "library": "fa-brands"
                                        },
                                        "_id": "1b3f61c"
                                    }
                                ],
                                "align": "right",
                                "icon_color": "custom",
                                "icon_primary_color": "#02010100",
                                "icon_secondary_color": "#9D9999",
                                "icon_size": {
                                    "unit": "px",
                                    "size": 18,
                                    "sizes": []
                                },
                                "icon_padding": {
                                    "unit": "em",
                                    "size": 0.1000000000000000055511151231257827021181583404541015625,
                                    "sizes": []
                                },
                                "icon_spacing": {
                                    "unit": "px",
                                    "size": 16,
                                    "sizes": []
                                },
                                "_margin": {
                                    "unit": "px",
                                    "top": "0",
                                    "right": "33",
                                    "bottom": "0",
                                    "left": "0",
                                    "isLinked": false
                                },
                                "_padding": {
                                    "unit": "px",
                                    "top": "0",
                                    "right": "0",
                                    "bottom": "0",
                                    "left": "0",
                                    "isLinked": false
                                },
                                "icon_size_mobile": {
                                    "unit": "px",
                                    "size": 15,
                                    "sizes": []
                                },
                                "align_mobile": "right",
                                "_margin_mobile": {
                                    "unit": "px",
                                    "top": "0",
                                    "right": "0",
                                    "bottom": "0",
                                    "left": "0",
                                    "isLinked": false
                                },
                                "_padding_mobile": {
                                    "unit": "px",
                                    "top": "0",
                                    "right": "0",
                                    "bottom": "0",
                                    "left": "0",
                                    "isLinked": false
                                }
                            },
                            "elements": [],
                            "isInner": false,
                            "widgetType": "social-icons",
                            "elType": "widget"
                        }
                    ],
                    "isInner": false,
                    "elType": "column"
                }
            ],
            "isInner": false,
            "elType": "section"
        }
    ]
}