{
    "version": "0.4",
    "title": "Global Kit Styles",
    "type": "section",
    "metadata": {
        "template_type": "global-styles",
        "include_in_zip": "1",
        "elementor_pro_required": "1",
        "additional_template_information": [
            "These are the global theme styles configured through the Elementor Theme Styles area."
        ],
        "wp_page_template": "default"
    },
    "content": [],
    "page_settings": {
        "site_name": "Furnitra",
        "site_description": "Your Furniture Solution",
        "system_colors": [
            {
                "_id": "primary",
                "title": "Primary",
                "color": "#6EC1E4"
            },
            {
                "_id": "secondary",
                "title": "Secondary",
                "color": "#54595F"
            },
            {
                "_id": "text",
                "title": "Text",
                "color": "#7A7A7A"
            },
            {
                "_id": "accent",
                "title": "Accent",
                "color": "#61CE70"
            }
        ],
        "custom_colors": [],
        "system_typography": [
            {
                "_id": "primary",
                "title": "Primary",
                "typography_typography": "custom",
                "typography_font_family": "Roboto",
                "typography_font_weight": "600"
            },
            {
                "_id": "secondary",
                "title": "Secondary",
                "typography_typography": "custom",
                "typography_font_family": "Roboto Slab",
                "typography_font_weight": "400"
            },
            {
                "_id": "text",
                "title": "Text",
                "typography_typography": "custom",
                "typography_font_family": "Roboto",
                "typography_font_weight": "400"
            },
            {
                "_id": "accent",
                "title": "Accent",
                "typography_typography": "custom",
                "typography_font_family": "Roboto",
                "typography_font_weight": "500"
            }
        ],
        "custom_typography": [],
        "default_generic_fonts": "Sans-serif",
        "body_color": "#141414",
        "body_typography_typography": "custom",
        "body_typography_font_family": "Catamaran",
        "body_typography_font_size": {
            "unit": "px",
            "size": 15,
            "sizes": []
        },
        "link_normal_color": "#000000",
        "link_normal_typography_typography": "custom",
        "link_normal_typography_font_family": "Maven Pro",
        "link_normal_typography_font_size": {
            "unit": "px",
            "size": 13,
            "sizes": []
        },
        "h1_color": "#141414",
        "h1_typography_typography": "custom",
        "h1_typography_font_size": {
            "unit": "px",
            "size": 32.43999999999999772626324556767940521240234375,
            "sizes": []
        },
        "h2_color": "#141414",
        "h2_typography_typography": "custom",
        "h2_typography_font_family": "Maven Pro",
        "h2_typography_font_size": {
            "unit": "px",
            "size": 25,
            "sizes": []
        },
        "h2_typography_text_transform": "uppercase",
        "h3_color": "#141414",
        "h3_typography_typography": "custom",
        "h3_typography_font_family": "Maven Pro",
        "h3_typography_font_size": {
            "unit": "px",
            "size": 25.629999999999999005240169935859739780426025390625,
            "sizes": []
        },
        "h3_typography_text_transform": "uppercase",
        "h4_color": "#141414",
        "h4_typography_typography": "custom",
        "h4_typography_font_family": "Maven Pro",
        "h4_typography_font_size": {
            "unit": "px",
            "size": 22.780000000000001136868377216160297393798828125,
            "sizes": []
        },
        "h4_typography_text_transform": "uppercase",
        "h5_color": "#141414",
        "h5_typography_typography": "custom",
        "h5_typography_font_family": "Maven Pro",
        "h5_typography_font_size": {
            "unit": "px",
            "size": 20.25,
            "sizes": []
        },
        "h5_typography_text_transform": "uppercase",
        "h6_color": "#141414",
        "h6_typography_typography": "custom",
        "h6_typography_font_family": "Maven Pro",
        "h6_typography_font_size": {
            "unit": "px",
            "size": 18,
            "sizes": []
        },
        "h6_typography_text_transform": "uppercase",
        "button_typography_typography": "custom",
        "button_typography_font_family": "Maven Pro",
        "button_text_color": "#FFFFFF",
        "button_background_color": "#141414",
        "page_title_selector": "h1.entry-title",
        "h1_typography_font_family": "Maven Pro",
        "h1_typography_font_weight": "500",
        "h1_typography_text_transform": "uppercase",
        "h2_typography_font_weight": "400",
        "h2_typography_letter_spacing": {
            "unit": "px",
            "size": 10,
            "sizes": []
        },
        "button_typography_font_size": {
            "unit": "px",
            "size": 12,
            "sizes": []
        },
        "button_typography_font_weight": "500",
        "button_typography_text_transform": "uppercase",
        "button_border_border": "solid",
        "button_border_width": {
            "unit": "px",
            "top": "0",
            "right": "0",
            "bottom": "0",
            "left": "0",
            "isLinked": true
        },
        "button_border_color": "#FFFFFF",
        "button_padding": {
            "unit": "px",
            "top": "10",
            "right": "30",
            "bottom": "10",
            "left": "30",
            "isLinked": false
        },
        "form_label_color": "#141414",
        "form_label_typography_typography": "custom",
        "form_label_typography_font_family": "Catamaran",
        "form_label_typography_line_height": {
            "unit": "em",
            "size": 2.70000000000000017763568394002504646778106689453125,
            "sizes": []
        },
        "form_field_text_color": "#141414",
        "form_field_background_color": "#FFFFFF",
        "form_field_border_border": "solid",
        "form_field_border_color": "#C3C3C3",
        "form_field_border_radius": {
            "unit": "px",
            "top": "0",
            "right": "0",
            "bottom": "0",
            "left": "0",
            "isLinked": true
        }
    }
}