{
    "version": "0.4",
    "title": "Homepage",
    "type": "section",
    "metadata": {
        "template_type": "single-home",
        "include_in_zip": "1",
        "elementor_pro_required": "1",
        "wp_page_template": "elementor_header_footer"
    },
    "content": [
        {
            "id": "75b3e146",
            "settings": {
                "structure": "20",
                "margin": {
                    "unit": "px",
                    "top": "30",
                    "right": 0,
                    "bottom": "20",
                    "left": 0,
                    "isLinked": false
                },
                "margin_mobile": {
                    "unit": "px",
                    "top": "30",
                    "right": 0,
                    "bottom": "0",
                    "left": 0,
                    "isLinked": false
                },
                "padding_mobile": {
                    "unit": "px",
                    "top": "0",
                    "right": "10",
                    "bottom": "0",
                    "left": "20",
                    "isLinked": false
                },
                "margin_tablet": {
                    "unit": "px",
                    "top": "0",
                    "right": 0,
                    "bottom": "0",
                    "left": 0,
                    "isLinked": false
                },
                "padding_tablet": {
                    "unit": "px",
                    "top": "30",
                    "right": "20",
                    "bottom": "0",
                    "left": "20",
                    "isLinked": false
                }
            },
            "elements": [
                {
                    "id": "15e82c3",
                    "settings": {
                        "_column_size": 50,
                        "_inline_size": null,
                        "background_background": "classic",
                        "background_image": {
                            "url": "http:\/\/demo.puriwp.com\/furnitra\/wp-content\/uploads\/2020\/10\/banner-1-rev.jpg",
                            "id": 508
                        },
                        "background_position": "center left",
                        "background_ypos": {
                            "unit": "px",
                            "size": -33,
                            "sizes": []
                        },
                        "background_repeat": "no-repeat",
                        "background_size": "cover",
                        "margin": {
                            "unit": "px",
                            "top": "0",
                            "right": "10",
                            "bottom": "0",
                            "left": "0",
                            "isLinked": false
                        },
                        "padding": {
                            "unit": "px",
                            "top": "200",
                            "right": "0",
                            "bottom": "200",
                            "left": "40",
                            "isLinked": false
                        },
                        "background_position_mobile": "center center"
                    },
                    "elements": [
                        {
                            "id": "4e18fa15",
                            "settings": {
                                "title": "Wooden Sofa",
                                "title_color": "#141414",
                                "typography_typography": "custom",
                                "typography_font_family": "Maven Pro",
                                "typography_font_size": {
                                    "unit": "px",
                                    "size": 22,
                                    "sizes": []
                                },
                                "typography_font_weight": "400",
                                "typography_text_transform": "uppercase",
                                "typography_line_height": {
                                    "unit": "em",
                                    "size": 0,
                                    "sizes": []
                                },
                                "typography_letter_spacing": {
                                    "unit": "px",
                                    "size": 10,
                                    "sizes": []
                                },
                                "_margin": {
                                    "unit": "px",
                                    "top": "0",
                                    "right": "0",
                                    "bottom": "0",
                                    "left": "0",
                                    "isLinked": false
                                },
                                "_padding": {
                                    "unit": "px",
                                    "top": "0",
                                    "right": "0",
                                    "bottom": "0",
                                    "left": "0",
                                    "isLinked": false
                                },
                                "typography_letter_spacing_mobile": {
                                    "unit": "px",
                                    "size": 3.899999999999999911182158029987476766109466552734375,
                                    "sizes": []
                                },
                                "_margin_mobile": {
                                    "unit": "px",
                                    "top": "0",
                                    "right": "0",
                                    "bottom": "0",
                                    "left": "0",
                                    "isLinked": false
                                },
                                "_padding_mobile": {
                                    "unit": "px",
                                    "top": "0",
                                    "right": "0",
                                    "bottom": "0",
                                    "left": "0",
                                    "isLinked": false
                                },
                                "typography_letter_spacing_tablet": {
                                    "unit": "px",
                                    "size": 7.29999999999999982236431605997495353221893310546875,
                                    "sizes": []
                                },
                                "_margin_tablet": {
                                    "unit": "px",
                                    "top": "0",
                                    "right": "0",
                                    "bottom": "0",
                                    "left": "0",
                                    "isLinked": false
                                },
                                "_padding_tablet": {
                                    "unit": "px",
                                    "top": "0",
                                    "right": "0",
                                    "bottom": "0",
                                    "left": "0",
                                    "isLinked": false
                                }
                            },
                            "elements": [],
                            "isInner": false,
                            "widgetType": "heading",
                            "elType": "widget"
                        },
                        {
                            "id": "759c392d",
                            "settings": {
                                "title": "Start from 40 USD",
                                "title_color": "#9D9999",
                                "typography_typography": "custom",
                                "typography_font_family": "Catamaran",
                                "typography_font_size": {
                                    "unit": "px",
                                    "size": 18,
                                    "sizes": []
                                },
                                "typography_font_weight": "300",
                                "_margin": {
                                    "unit": "px",
                                    "top": "0",
                                    "right": "0",
                                    "bottom": "0",
                                    "left": "0",
                                    "isLinked": false
                                },
                                "_padding": {
                                    "unit": "px",
                                    "top": "0",
                                    "right": "0",
                                    "bottom": "0",
                                    "left": "0",
                                    "isLinked": false
                                },
                                "typography_text_transform": "capitalize",
                                "typography_letter_spacing_mobile": {
                                    "unit": "px",
                                    "size": 0.59999999999999997779553950749686919152736663818359375,
                                    "sizes": []
                                },
                                "typography_letter_spacing": {
                                    "unit": "px",
                                    "size": 0.200000000000000011102230246251565404236316680908203125,
                                    "sizes": []
                                }
                            },
                            "elements": [],
                            "isInner": false,
                            "widgetType": "heading",
                            "elType": "widget"
                        }
                    ],
                    "isInner": false,
                    "elType": "column"
                },
                {
                    "id": "60db1ea3",
                    "settings": {
                        "_column_size": 50,
                        "_inline_size": null,
                        "background_background": "classic",
                        "background_image": {
                            "url": "http:\/\/demo.puriwp.com\/furnitra\/wp-content\/uploads\/2020\/10\/banner-2.jpg",
                            "id": 510
                        },
                        "background_position": "center left",
                        "background_ypos": {
                            "unit": "px",
                            "size": -33,
                            "sizes": []
                        },
                        "background_repeat": "no-repeat",
                        "background_size": "cover",
                        "margin": {
                            "unit": "px",
                            "top": "0",
                            "right": "0",
                            "bottom": "0",
                            "left": "10",
                            "isLinked": false
                        },
                        "padding": {
                            "unit": "px",
                            "top": "200",
                            "right": "0",
                            "bottom": "200",
                            "left": "40",
                            "isLinked": false
                        },
                        "background_position_mobile": "top center",
                        "margin_mobile": {
                            "unit": "px",
                            "top": "20",
                            "right": "10",
                            "bottom": "0",
                            "left": "0",
                            "isLinked": false
                        },
                        "padding_mobile": {
                            "unit": "px",
                            "top": "200",
                            "right": "0",
                            "bottom": "200",
                            "left": "50",
                            "isLinked": false
                        }
                    },
                    "elements": [
                        {
                            "id": "6c537074",
                            "settings": {
                                "title": "Wooden Chair",
                                "title_color": "#141414",
                                "typography_typography": "custom",
                                "typography_font_family": "Maven Pro",
                                "typography_font_size": {
                                    "unit": "px",
                                    "size": 22,
                                    "sizes": []
                                },
                                "typography_font_weight": "400",
                                "typography_text_transform": "uppercase",
                                "typography_line_height": {
                                    "unit": "em",
                                    "size": 0,
                                    "sizes": []
                                },
                                "typography_letter_spacing": {
                                    "unit": "px",
                                    "size": 10,
                                    "sizes": []
                                },
                                "_margin": {
                                    "unit": "px",
                                    "top": "0",
                                    "right": "0",
                                    "bottom": "0",
                                    "left": "0",
                                    "isLinked": false
                                },
                                "_padding": {
                                    "unit": "px",
                                    "top": "0",
                                    "right": "0",
                                    "bottom": "0",
                                    "left": "0",
                                    "isLinked": false
                                },
                                "_margin_mobile": {
                                    "unit": "px",
                                    "top": "0",
                                    "right": "0",
                                    "bottom": "0",
                                    "left": "0",
                                    "isLinked": false
                                },
                                "_padding_mobile": {
                                    "unit": "px",
                                    "top": "0",
                                    "right": "0",
                                    "bottom": "0",
                                    "left": "0",
                                    "isLinked": false
                                },
                                "typography_letter_spacing_tablet": {
                                    "unit": "px",
                                    "size": 7.29999999999999982236431605997495353221893310546875,
                                    "sizes": []
                                },
                                "typography_letter_spacing_mobile": {
                                    "unit": "px",
                                    "size": 3.899999999999999911182158029987476766109466552734375,
                                    "sizes": []
                                }
                            },
                            "elements": [],
                            "isInner": false,
                            "widgetType": "heading",
                            "elType": "widget"
                        },
                        {
                            "id": "7b24761c",
                            "settings": {
                                "title": "Start from 40 USD",
                                "title_color": "#9D9999",
                                "typography_typography": "custom",
                                "typography_font_family": "Catamaran",
                                "typography_font_size": {
                                    "unit": "px",
                                    "size": 18,
                                    "sizes": []
                                },
                                "typography_font_weight": "300",
                                "_margin": {
                                    "unit": "px",
                                    "top": "0",
                                    "right": "0",
                                    "bottom": "0",
                                    "left": "0",
                                    "isLinked": false
                                },
                                "_padding": {
                                    "unit": "px",
                                    "top": "0",
                                    "right": "0",
                                    "bottom": "0",
                                    "left": "0",
                                    "isLinked": false
                                },
                                "typography_text_transform": "capitalize",
                                "typography_letter_spacing_mobile": {
                                    "unit": "px",
                                    "size": 0.59999999999999997779553950749686919152736663818359375,
                                    "sizes": []
                                },
                                "typography_letter_spacing": {
                                    "unit": "px",
                                    "size": 0.200000000000000011102230246251565404236316680908203125,
                                    "sizes": []
                                }
                            },
                            "elements": [],
                            "isInner": false,
                            "widgetType": "heading",
                            "elType": "widget"
                        }
                    ],
                    "isInner": false,
                    "elType": "column"
                }
            ],
            "isInner": false,
            "elType": "section"
        },
        {
            "id": "754f24c",
            "settings": {
                "gap": "no",
                "margin_mobile": {
                    "unit": "px",
                    "top": "20",
                    "right": 0,
                    "bottom": "0",
                    "left": 0,
                    "isLinked": false
                },
                "padding_mobile": {
                    "unit": "px",
                    "top": "0",
                    "right": "20",
                    "bottom": "0",
                    "left": "20",
                    "isLinked": false
                },
                "margin_tablet": {
                    "unit": "px",
                    "top": "20",
                    "right": 0,
                    "bottom": "0",
                    "left": 0,
                    "isLinked": false
                },
                "padding_tablet": {
                    "unit": "px",
                    "top": "0",
                    "right": "20",
                    "bottom": "0",
                    "left": "20",
                    "isLinked": false
                }
            },
            "elements": [
                {
                    "id": "4c9219a4",
                    "settings": {
                        "_column_size": 100,
                        "_inline_size": null,
                        "background_background": "classic",
                        "background_image": {
                            "url": "http:\/\/demo.puriwp.com\/furnitra\/wp-content\/uploads\/2020\/10\/Banner-3-Rev-02.jpg",
                            "id": 516
                        },
                        "background_position": "center center",
                        "background_ypos": {
                            "unit": "px",
                            "size": -33,
                            "sizes": []
                        },
                        "background_repeat": "no-repeat",
                        "background_size": "cover",
                        "margin": {
                            "unit": "px",
                            "top": "0",
                            "right": "0",
                            "bottom": "0",
                            "left": "0",
                            "isLinked": false
                        },
                        "padding": {
                            "unit": "px",
                            "top": "150",
                            "right": "0",
                            "bottom": "150",
                            "left": "40",
                            "isLinked": false
                        },
                        "background_position_mobile": "initial",
                        "background_xpos_mobile": {
                            "unit": "px",
                            "size": -643,
                            "sizes": []
                        },
                        "background_repeat_mobile": "no-repeat",
                        "background_size_mobile": "cover",
                        "margin_mobile": {
                            "unit": "px",
                            "top": "0",
                            "right": "0",
                            "bottom": "0",
                            "left": "0",
                            "isLinked": false
                        },
                        "padding_mobile": {
                            "unit": "px",
                            "top": "200",
                            "right": "0",
                            "bottom": "200",
                            "left": "50",
                            "isLinked": false
                        }
                    },
                    "elements": [
                        {
                            "id": "1baa8e9f",
                            "settings": {
                                "title": " Chandelier",
                                "title_color": "#141414",
                                "typography_typography": "custom",
                                "typography_font_family": "Maven Pro",
                                "typography_font_size": {
                                    "unit": "px",
                                    "size": 22,
                                    "sizes": []
                                },
                                "typography_font_weight": "400",
                                "typography_text_transform": "uppercase",
                                "typography_line_height": {
                                    "unit": "em",
                                    "size": 0,
                                    "sizes": []
                                },
                                "typography_letter_spacing": {
                                    "unit": "px",
                                    "size": 10,
                                    "sizes": []
                                },
                                "_margin": {
                                    "unit": "px",
                                    "top": "0",
                                    "right": "0",
                                    "bottom": "0",
                                    "left": "0",
                                    "isLinked": false
                                },
                                "_padding": {
                                    "unit": "px",
                                    "top": "0",
                                    "right": "0",
                                    "bottom": "0",
                                    "left": "0",
                                    "isLinked": false
                                },
                                "typography_letter_spacing_mobile": {
                                    "unit": "px",
                                    "size": 3.899999999999999911182158029987476766109466552734375,
                                    "sizes": []
                                },
                                "typography_letter_spacing_tablet": {
                                    "unit": "px",
                                    "size": 7.29999999999999982236431605997495353221893310546875,
                                    "sizes": []
                                },
                                "_margin_mobile": {
                                    "unit": "px",
                                    "top": "0",
                                    "right": "0",
                                    "bottom": "0",
                                    "left": "0",
                                    "isLinked": false
                                },
                                "_padding_mobile": {
                                    "unit": "px",
                                    "top": "0",
                                    "right": "0",
                                    "bottom": "0",
                                    "left": "0",
                                    "isLinked": false
                                }
                            },
                            "elements": [],
                            "isInner": false,
                            "widgetType": "heading",
                            "elType": "widget"
                        },
                        {
                            "id": "3cf4bed8",
                            "settings": {
                                "title": "Start from 40 USD",
                                "title_color": "#9D9999",
                                "typography_typography": "custom",
                                "typography_font_family": "Catamaran",
                                "typography_font_size": {
                                    "unit": "px",
                                    "size": 18,
                                    "sizes": []
                                },
                                "typography_font_weight": "300",
                                "_margin": {
                                    "unit": "px",
                                    "top": "0",
                                    "right": "0",
                                    "bottom": "0",
                                    "left": "0",
                                    "isLinked": false
                                },
                                "_padding": {
                                    "unit": "px",
                                    "top": "0",
                                    "right": "0",
                                    "bottom": "0",
                                    "left": "0",
                                    "isLinked": false
                                },
                                "typography_text_transform": "capitalize",
                                "typography_letter_spacing_mobile": {
                                    "unit": "px",
                                    "size": 0.59999999999999997779553950749686919152736663818359375,
                                    "sizes": []
                                },
                                "typography_letter_spacing": {
                                    "unit": "px",
                                    "size": 0.200000000000000011102230246251565404236316680908203125,
                                    "sizes": []
                                }
                            },
                            "elements": [],
                            "isInner": false,
                            "widgetType": "heading",
                            "elType": "widget"
                        }
                    ],
                    "isInner": false,
                    "elType": "column"
                }
            ],
            "isInner": false,
            "elType": "section"
        },
        {
            "id": "2abf6f15",
            "settings": {
                "margin": {
                    "unit": "px",
                    "top": "30",
                    "right": 0,
                    "bottom": "0",
                    "left": 0,
                    "isLinked": false
                },
                "padding": {
                    "unit": "px",
                    "top": "0",
                    "right": "0",
                    "bottom": "0",
                    "left": "0",
                    "isLinked": false
                }
            },
            "elements": [
                {
                    "id": "61ffd92d",
                    "settings": {
                        "_column_size": 100,
                        "_inline_size": null
                    },
                    "elements": [
                        {
                            "id": "26c7300",
                            "settings": {
                                "title": "most sale",
                                "title_color": "#141414",
                                "typography_typography": "custom",
                                "typography_font_family": "Maven Pro",
                                "typography_font_size": {
                                    "unit": "px",
                                    "size": 22,
                                    "sizes": []
                                },
                                "typography_font_weight": "400",
                                "typography_text_transform": "uppercase",
                                "typography_line_height": {
                                    "unit": "em",
                                    "size": 0,
                                    "sizes": []
                                },
                                "typography_letter_spacing": {
                                    "unit": "px",
                                    "size": 10,
                                    "sizes": []
                                },
                                "_margin": {
                                    "unit": "px",
                                    "top": "50",
                                    "right": "0",
                                    "bottom": "0",
                                    "left": "0",
                                    "isLinked": false
                                },
                                "_padding": {
                                    "unit": "px",
                                    "top": "0",
                                    "right": "0",
                                    "bottom": "0",
                                    "left": "0",
                                    "isLinked": false
                                },
                                "align": "center",
                                "_margin_mobile": {
                                    "unit": "px",
                                    "top": "20",
                                    "right": "0",
                                    "bottom": "20",
                                    "left": "0",
                                    "isLinked": false
                                },
                                "_padding_mobile": {
                                    "unit": "px",
                                    "top": "0",
                                    "right": "0",
                                    "bottom": "0",
                                    "left": "0",
                                    "isLinked": false
                                }
                            },
                            "elements": [],
                            "isInner": false,
                            "widgetType": "heading",
                            "elType": "widget"
                        }
                    ],
                    "isInner": false,
                    "elType": "column"
                }
            ],
            "isInner": false,
            "elType": "section"
        },
        {
            "id": "629d9755",
            "settings": {
                "margin": {
                    "unit": "px",
                    "top": "30",
                    "right": 0,
                    "bottom": "0",
                    "left": 0,
                    "isLinked": false
                },
                "padding": {
                    "unit": "px",
                    "top": "0",
                    "right": "0",
                    "bottom": "0",
                    "left": "0",
                    "isLinked": false
                },
                "margin_mobile": {
                    "unit": "px",
                    "top": "0",
                    "right": 0,
                    "bottom": "0",
                    "left": 0,
                    "isLinked": false
                },
                "padding_mobile": {
                    "unit": "px",
                    "top": "20",
                    "right": "10",
                    "bottom": "0",
                    "left": "10",
                    "isLinked": false
                },
                "margin_tablet": {
                    "unit": "px",
                    "top": "20",
                    "right": 0,
                    "bottom": "0",
                    "left": 0,
                    "isLinked": false
                },
                "padding_tablet": {
                    "unit": "px",
                    "top": "0",
                    "right": "10",
                    "bottom": "0",
                    "left": "10",
                    "isLinked": false
                }
            },
            "elements": [
                {
                    "id": "39b8d12e",
                    "settings": {
                        "_column_size": 100,
                        "_inline_size": null
                    },
                    "elements": [
                        {
                            "id": "18851cd0",
                            "settings": {
                                "eael_product_grid_style_preset": "eael-product-overlay",
                                "eael_product_grid_rating": "",
                                "add_to_cart_simple_product_button_text": "Buy Now",
                                "add_to_cart_variable_product_button_text": "Select options",
                                "add_to_cart_grouped_product_button_text": "View products",
                                "add_to_cart_external_product_button_text": "Buy Now",
                                "add_to_cart_default_product_button_text": "Read More",
                                "show_load_more_text": "Load More",
                                "eael_peoduct_grid_border_border": "",
                                "eael_product_grid_product_title_color": "#141414",
                                "eael_product_grid_product_title_typography_typography": "custom",
                                "eael_product_grid_product_title_typography_font_family": "Maven Pro",
                                "eael_product_grid_product_title_typography_font_weight": "500",
                                "eael_product_grid_product_title_typography_text_transform": "uppercase",
                                "eael_product_grid_product_title_typography_letter_spacing": {
                                    "unit": "px",
                                    "size": 5,
                                    "sizes": []
                                },
                                "eael_product_grid_product_price_color": "#9D9999",
                                "eael_product_grid_product_price_typography_typography": "custom",
                                "eael_product_grid_product_price_typography_font_family": "Maven Pro",
                                "eael_product_grid_add_to_cart_background": "#141414",
                                "_margin": {
                                    "unit": "px",
                                    "top": "0",
                                    "right": "0",
                                    "bottom": "50",
                                    "left": "0",
                                    "isLinked": false
                                },
                                "_padding": {
                                    "unit": "px",
                                    "top": "0",
                                    "right": "0",
                                    "bottom": "0",
                                    "left": "0",
                                    "isLinked": false
                                },
                                "eael_product_grid_product_filter": "featured-products",
                                "order": "asc",
                                "eael_product_grid_products_count": 8,
                                "eael_post_grid_load_more_btn_typography_typography": "custom",
                                "eael_post_grid_load_more_btn_typography_font_family": "Maven Pro",
                                "eael_post_grid_load_more_btn_typography_font_size": {
                                    "unit": "px",
                                    "size": 15,
                                    "sizes": []
                                },
                                "eael_post_grid_load_more_btn_typography_font_weight": "400",
                                "eael_post_grid_load_more_btn_typography_text_transform": "uppercase",
                                "eael_post_grid_load_more_btn_typography_letter_spacing": {
                                    "unit": "px",
                                    "size": 7.5999999999999996447286321199499070644378662109375,
                                    "sizes": []
                                },
                                "eael_post_grid_load_more_btn_normal_text_color": "#FFFFFF",
                                "eael_cta_btn_normal_bg_color": "#141414",
                                "eael_post_grid_load_more_btn_hover_bg_color": "#F3F3F3",
                                "eael_post_grid_load_more_btn_hover_border_color": "#02010100",
                                "eael_product_grid_column_mobile": "1",
                                "eael_product_grid_column_tablet": "2",
                                "eael_product_grid_sale_badge_color": "#FFFFFF",
                                "eael_product_grid_sale_badge_background": "#000000",
                                "eael_product_grid_sale_badge_typography_typography": "custom",
                                "eael_product_grid_sale_badge_typography_font_family": "Maven Pro",
                                "eael_product_grid_sale_badge_typography_font_size": {
                                    "unit": "px",
                                    "size": 12,
                                    "sizes": []
                                },
                                "eael_product_grid_sale_badge_typography_letter_spacing": {
                                    "unit": "px",
                                    "size": 3.70000000000000017763568394002504646778106689453125,
                                    "sizes": []
                                },
                                "eael_product_grid_stock_out_badge_background": "#000000",
                                "eael_product_grid_stock_out_badge_typography_typography": "custom",
                                "eael_product_grid_stock_out_badge_typography_font_family": "Maven Pro",
                                "eael_product_grid_stock_out_badge_typography_font_size": {
                                    "unit": "px",
                                    "size": 12,
                                    "sizes": []
                                },
                                "eael_product_grid_stock_out_badge_typography_letter_spacing": {
                                    "unit": "px",
                                    "size": 3.70000000000000017763568394002504646778106689453125,
                                    "sizes": []
                                },
                                "eael_post_grid_load_more_btn_margin": {
                                    "unit": "px",
                                    "top": "50",
                                    "right": "0",
                                    "bottom": "0",
                                    "left": "0",
                                    "isLinked": false
                                },
                                "eael_post_grid_load_more_btn_shadow_box_shadow": {
                                    "horizontal": -7,
                                    "vertical": 3,
                                    "blur": 10,
                                    "spread": 0,
                                    "color": "rgba(76.5, 76.5, 76.5, 0.27)"
                                },
                                "eael_post_grid_load_more_btn_hover_text_color": "#141414",
                                "eael_post_grid_load_more_btn_hover_shadow_box_shadow": {
                                    "horizontal": -7,
                                    "vertical": 3,
                                    "blur": 10,
                                    "spread": 0,
                                    "color": "rgba(0,0,0,0.5)"
                                }
                            },
                            "elements": [],
                            "isInner": false,
                            "widgetType": "eicon-woocommerce",
                            "elType": "widget"
                        }
                    ],
                    "isInner": false,
                    "elType": "column"
                }
            ],
            "isInner": false,
            "elType": "section"
        },
        {
            "id": "10aaef30",
            "settings": {
                "background_background": "classic",
                "background_color": "#F3F3F3",
                "background_image": {
                    "url": "http:\/\/demo.puriwp.com\/furnitra\/wp-content\/uploads\/2020\/10\/Banner-3-Rev-02.jpg",
                    "id": 516
                },
                "background_position": "initial",
                "background_attachment": "fixed",
                "background_repeat": "no-repeat",
                "background_size": "auto",
                "background_overlay_background": "classic",
                "background_overlay_position": "center center",
                "background_overlay_repeat": "no-repeat",
                "background_overlay_size": "cover",
                "margin": {
                    "unit": "px",
                    "top": "50",
                    "right": 0,
                    "bottom": "50",
                    "left": 0,
                    "isLinked": false
                },
                "padding": {
                    "unit": "px",
                    "top": "80",
                    "right": "0",
                    "bottom": "80",
                    "left": "0",
                    "isLinked": false
                },
                "background_image_mobile": {
                    "url": "http:\/\/demo.puriwp.com\/furnitra\/wp-content\/uploads\/2020\/10\/Banner-3-Rev-02.jpg",
                    "id": 516
                },
                "background_position_mobile": "center center",
                "background_xpos_mobile": {
                    "unit": "px",
                    "size": 472,
                    "sizes": []
                },
                "background_ypos_mobile": {
                    "unit": "px",
                    "size": 211,
                    "sizes": []
                },
                "background_repeat_mobile": "no-repeat",
                "background_size_mobile": "auto",
                "margin_mobile": {
                    "unit": "px",
                    "top": "0",
                    "right": 0,
                    "bottom": "0",
                    "left": 0,
                    "isLinked": false
                },
                "padding_mobile": {
                    "unit": "px",
                    "top": "200",
                    "right": "20",
                    "bottom": "220",
                    "left": "20",
                    "isLinked": false
                },
                "background_image_tablet": {
                    "url": "http:\/\/demo.puriwp.com\/furnitra\/wp-content\/uploads\/2020\/10\/Banner-3-Rev-02.jpg",
                    "id": 516
                },
                "background_position_tablet": "initial",
                "background_xpos_tablet": {
                    "unit": "px",
                    "size": -359,
                    "sizes": []
                },
                "background_ypos_tablet": {
                    "unit": "px",
                    "size": -97,
                    "sizes": []
                },
                "margin_tablet": {
                    "unit": "px",
                    "top": "0",
                    "right": 0,
                    "bottom": "0",
                    "left": 0,
                    "isLinked": false
                },
                "padding_tablet": {
                    "unit": "px",
                    "top": "100",
                    "right": "20",
                    "bottom": "100",
                    "left": "20",
                    "isLinked": false
                },
                "background_xpos": {
                    "unit": "px",
                    "size": 282,
                    "sizes": []
                },
                "background_ypos": {
                    "unit": "px",
                    "size": 64,
                    "sizes": []
                }
            },
            "elements": [
                {
                    "id": "25aa9c67",
                    "settings": {
                        "_column_size": 100,
                        "_inline_size": null
                    },
                    "elements": [
                        {
                            "id": "30d5e54",
                            "settings": {
                                "title": "GET DISCOUNT UP TO 20%\nFOR YOUR FIRST PURCHASE AT FURNITRA.",
                                "title_color": "#141414",
                                "typography_typography": "custom",
                                "typography_font_family": "Maven Pro",
                                "typography_font_size": {
                                    "unit": "px",
                                    "size": 22,
                                    "sizes": []
                                },
                                "typography_font_weight": "400",
                                "typography_text_transform": "uppercase",
                                "typography_line_height": {
                                    "unit": "em",
                                    "size": 1.399999999999999911182158029987476766109466552734375,
                                    "sizes": []
                                },
                                "typography_letter_spacing": {
                                    "unit": "px",
                                    "size": 4,
                                    "sizes": []
                                },
                                "_margin": {
                                    "unit": "px",
                                    "top": "0",
                                    "right": "500",
                                    "bottom": "0",
                                    "left": "0",
                                    "isLinked": false
                                },
                                "_padding": {
                                    "unit": "px",
                                    "top": "0",
                                    "right": "0",
                                    "bottom": "0",
                                    "left": "0",
                                    "isLinked": false
                                },
                                "typography_font_size_mobile": {
                                    "unit": "px",
                                    "size": 18,
                                    "sizes": []
                                },
                                "_margin_mobile": {
                                    "unit": "px",
                                    "top": "0",
                                    "right": "0",
                                    "bottom": "0",
                                    "left": "0",
                                    "isLinked": false
                                },
                                "_padding_mobile": {
                                    "unit": "px",
                                    "top": "0",
                                    "right": "0",
                                    "bottom": "0",
                                    "left": "0",
                                    "isLinked": false
                                },
                                "_margin_tablet": {
                                    "unit": "px",
                                    "top": "0",
                                    "right": "0",
                                    "bottom": "0",
                                    "left": "0",
                                    "isLinked": false
                                },
                                "_padding_tablet": {
                                    "unit": "px",
                                    "top": "0",
                                    "right": "0",
                                    "bottom": "0",
                                    "left": "0",
                                    "isLinked": false
                                }
                            },
                            "elements": [],
                            "isInner": false,
                            "widgetType": "heading",
                            "elType": "widget"
                        },
                        {
                            "id": "29b5cfd0",
                            "settings": {
                                "text": "Shop Now",
                                "typography_typography": "custom",
                                "typography_font_family": "Maven Pro",
                                "typography_font_weight": "500",
                                "typography_letter_spacing": {
                                    "unit": "px",
                                    "size": 0.59999999999999997779553950749686919152736663818359375,
                                    "sizes": []
                                },
                                "background_color": "#000000",
                                "border_radius": {
                                    "unit": "px",
                                    "top": "0",
                                    "right": "0",
                                    "bottom": "0",
                                    "left": "0",
                                    "isLinked": true
                                },
                                "text_padding": {
                                    "unit": "px",
                                    "top": "10",
                                    "right": "50",
                                    "bottom": "10",
                                    "left": "50",
                                    "isLinked": false
                                },
                                "hover_color": "#000000",
                                "button_background_hover_color": "#F3F3F3",
                                "button_box_shadow_box_shadow_type": "yes",
                                "button_box_shadow_box_shadow": {
                                    "horizontal": 7,
                                    "vertical": 3,
                                    "blur": 10,
                                    "spread": 0,
                                    "color": "rgba(0,0,0,0.5)"
                                }
                            },
                            "elements": [],
                            "isInner": false,
                            "widgetType": "button",
                            "elType": "widget"
                        }
                    ],
                    "isInner": false,
                    "elType": "column"
                }
            ],
            "isInner": false,
            "elType": "section"
        },
        {
            "id": "2a5f9eda",
            "settings": {
                "margin": {
                    "unit": "px",
                    "top": "30",
                    "right": 0,
                    "bottom": "0",
                    "left": 0,
                    "isLinked": false
                },
                "padding": {
                    "unit": "px",
                    "top": "0",
                    "right": "0",
                    "bottom": "0",
                    "left": "0",
                    "isLinked": false
                }
            },
            "elements": [
                {
                    "id": "2f46dbb3",
                    "settings": {
                        "_column_size": 100,
                        "_inline_size": null
                    },
                    "elements": [
                        {
                            "id": "3344b7a7",
                            "settings": {
                                "title": "recent product",
                                "title_color": "#141414",
                                "typography_typography": "custom",
                                "typography_font_family": "Maven Pro",
                                "typography_font_size": {
                                    "unit": "px",
                                    "size": 22,
                                    "sizes": []
                                },
                                "typography_font_weight": "400",
                                "typography_text_transform": "uppercase",
                                "typography_line_height": {
                                    "unit": "em",
                                    "size": 0,
                                    "sizes": []
                                },
                                "typography_letter_spacing": {
                                    "unit": "px",
                                    "size": 10,
                                    "sizes": []
                                },
                                "_margin": {
                                    "unit": "px",
                                    "top": "50",
                                    "right": "0",
                                    "bottom": "0",
                                    "left": "0",
                                    "isLinked": false
                                },
                                "_padding": {
                                    "unit": "px",
                                    "top": "0",
                                    "right": "0",
                                    "bottom": "0",
                                    "left": "0",
                                    "isLinked": false
                                },
                                "align": "center",
                                "typography_letter_spacing_mobile": {
                                    "unit": "px",
                                    "size": 3,
                                    "sizes": []
                                },
                                "_margin_mobile": {
                                    "unit": "px",
                                    "top": "20",
                                    "right": "0",
                                    "bottom": "20",
                                    "left": "0",
                                    "isLinked": false
                                },
                                "_padding_mobile": {
                                    "unit": "px",
                                    "top": "0",
                                    "right": "0",
                                    "bottom": "0",
                                    "left": "0",
                                    "isLinked": false
                                }
                            },
                            "elements": [],
                            "isInner": false,
                            "widgetType": "heading",
                            "elType": "widget"
                        }
                    ],
                    "isInner": false,
                    "elType": "column"
                }
            ],
            "isInner": false,
            "elType": "section"
        },
        {
            "id": "40f2a7c0",
            "settings": {
                "margin": {
                    "unit": "px",
                    "top": "30",
                    "right": 0,
                    "bottom": "0",
                    "left": 0,
                    "isLinked": false
                },
                "padding": {
                    "unit": "px",
                    "top": "0",
                    "right": "0",
                    "bottom": "0",
                    "left": "0",
                    "isLinked": false
                },
                "margin_mobile": {
                    "unit": "px",
                    "top": "0",
                    "right": 0,
                    "bottom": "0",
                    "left": 0,
                    "isLinked": false
                },
                "padding_mobile": {
                    "unit": "px",
                    "top": "20",
                    "right": "10",
                    "bottom": "0",
                    "left": "10",
                    "isLinked": false
                },
                "margin_tablet": {
                    "unit": "px",
                    "top": "20",
                    "right": 0,
                    "bottom": "0",
                    "left": 0,
                    "isLinked": false
                },
                "padding_tablet": {
                    "unit": "px",
                    "top": "0",
                    "right": "10",
                    "bottom": "0",
                    "left": "10",
                    "isLinked": false
                }
            },
            "elements": [
                {
                    "id": "7b63c159",
                    "settings": {
                        "_column_size": 100,
                        "_inline_size": null
                    },
                    "elements": [
                        {
                            "id": "6bc28094",
                            "settings": {
                                "eael_product_grid_style_preset": "eael-product-overlay",
                                "eael_product_grid_rating": "",
                                "add_to_cart_simple_product_button_text": "Buy Now",
                                "add_to_cart_variable_product_button_text": "Select options",
                                "add_to_cart_grouped_product_button_text": "View products",
                                "add_to_cart_external_product_button_text": "Buy Now",
                                "add_to_cart_default_product_button_text": "Read More",
                                "show_load_more_text": "Load More",
                                "eael_peoduct_grid_border_border": "",
                                "eael_product_grid_product_title_color": "#141414",
                                "eael_product_grid_product_title_typography_typography": "custom",
                                "eael_product_grid_product_title_typography_font_family": "Maven Pro",
                                "eael_product_grid_product_title_typography_font_weight": "500",
                                "eael_product_grid_product_title_typography_text_transform": "uppercase",
                                "eael_product_grid_product_title_typography_letter_spacing": {
                                    "unit": "px",
                                    "size": 5,
                                    "sizes": []
                                },
                                "eael_product_grid_product_price_color": "#9D9999",
                                "eael_product_grid_product_price_typography_typography": "custom",
                                "eael_product_grid_product_price_typography_font_family": "Maven Pro",
                                "eael_product_grid_add_to_cart_background": "#141414",
                                "_margin": {
                                    "unit": "px",
                                    "top": "0",
                                    "right": "0",
                                    "bottom": "50",
                                    "left": "0",
                                    "isLinked": false
                                },
                                "_padding": {
                                    "unit": "px",
                                    "top": "0",
                                    "right": "0",
                                    "bottom": "0",
                                    "left": "0",
                                    "isLinked": false
                                },
                                "eael_product_grid_products_count": 8,
                                "eael_post_grid_load_more_btn_typography_typography": "custom",
                                "eael_post_grid_load_more_btn_typography_font_family": "Maven Pro",
                                "eael_post_grid_load_more_btn_typography_font_size": {
                                    "unit": "px",
                                    "size": 15,
                                    "sizes": []
                                },
                                "eael_post_grid_load_more_btn_typography_font_weight": "400",
                                "eael_post_grid_load_more_btn_typography_text_transform": "uppercase",
                                "eael_post_grid_load_more_btn_typography_letter_spacing": {
                                    "unit": "px",
                                    "size": 7.5999999999999996447286321199499070644378662109375,
                                    "sizes": []
                                },
                                "eael_post_grid_load_more_btn_normal_text_color": "#FFFFFF",
                                "eael_cta_btn_normal_bg_color": "#141414",
                                "eael_post_grid_load_more_btn_hover_bg_color": "#F3F3F3",
                                "eael_post_grid_load_more_btn_hover_border_color": "#02010100",
                                "eael_product_grid_column_tablet": "2",
                                "eael_product_grid_sale_badge_color": "#FFFFFF",
                                "eael_product_grid_sale_badge_background": "#000000",
                                "eael_product_grid_sale_badge_typography_typography": "custom",
                                "eael_product_grid_sale_badge_typography_font_family": "Maven Pro",
                                "eael_product_grid_sale_badge_typography_font_size": {
                                    "unit": "px",
                                    "size": 12,
                                    "sizes": []
                                },
                                "eael_product_grid_sale_badge_typography_letter_spacing": {
                                    "unit": "px",
                                    "size": 3.70000000000000017763568394002504646778106689453125,
                                    "sizes": []
                                },
                                "eael_product_grid_stock_out_badge_background": "#000000",
                                "eael_product_grid_stock_out_badge_typography_typography": "custom",
                                "eael_product_grid_stock_out_badge_typography_font_family": "Maven Pro",
                                "eael_product_grid_stock_out_badge_typography_font_size": {
                                    "unit": "px",
                                    "size": 12,
                                    "sizes": []
                                },
                                "eael_product_grid_stock_out_badge_typography_letter_spacing": {
                                    "unit": "px",
                                    "size": 3.70000000000000017763568394002504646778106689453125,
                                    "sizes": []
                                },
                                "eael_post_grid_load_more_btn_margin": {
                                    "unit": "px",
                                    "top": "50",
                                    "right": "0",
                                    "bottom": "0",
                                    "left": "0",
                                    "isLinked": false
                                },
                                "eael_post_grid_load_more_btn_shadow_box_shadow": {
                                    "horizontal": -7,
                                    "vertical": 3,
                                    "blur": 10,
                                    "spread": 0,
                                    "color": "rgba(76.5, 76.5, 76.5, 0.27)"
                                },
                                "eael_post_grid_load_more_btn_hover_text_color": "#141414",
                                "eael_post_grid_load_more_btn_hover_shadow_box_shadow": {
                                    "horizontal": -7,
                                    "vertical": 3,
                                    "blur": 10,
                                    "spread": 0,
                                    "color": "rgba(0,0,0,0.5)"
                                }
                            },
                            "elements": [],
                            "isInner": false,
                            "widgetType": "eicon-woocommerce",
                            "elType": "widget"
                        }
                    ],
                    "isInner": false,
                    "elType": "column"
                }
            ],
            "isInner": false,
            "elType": "section"
        }
    ],
    "page_settings": {
        "eael_ext_toc_title": "Table of Contents",
        "template": "elementor_header_footer"
    }
}