{
    "version": "0.4",
    "title": "Product Archive",
    "type": "product-archive",
    "metadata": {
        "template_type": "archive-product",
        "include_in_zip": "1",
        "elementor_pro_required": "1",
        "elementor_library_type": "product-archive",
        "elementor_pro_conditions": [
            "include\/product_archive"
        ],
        "additional_template_information": [
            "This is a \"Product Archive\" template for Elementor Pro.",
            "This template will display on: All Product Archives."
        ],
        "wp_page_template": "default"
    },
    "content": [
        {
            "id": "54198f91",
            "settings": {
                "margin": {
                    "unit": "px",
                    "top": "50",
                    "right": 0,
                    "bottom": "0",
                    "left": 0,
                    "isLinked": false
                },
                "padding": {
                    "unit": "px",
                    "top": "0",
                    "right": "0",
                    "bottom": "0",
                    "left": "0",
                    "isLinked": false
                },
                "margin_tablet": {
                    "unit": "px",
                    "top": "30",
                    "right": 0,
                    "bottom": "0",
                    "left": 0,
                    "isLinked": false
                },
                "margin_mobile": {
                    "unit": "px",
                    "top": "30",
                    "right": 0,
                    "bottom": "0",
                    "left": 0,
                    "isLinked": false
                },
                "padding_tablet": {
                    "unit": "px",
                    "top": "0",
                    "right": "20",
                    "bottom": "0",
                    "left": "20",
                    "isLinked": false
                },
                "padding_mobile": {
                    "unit": "px",
                    "top": "0",
                    "right": "20",
                    "bottom": "0",
                    "left": "20",
                    "isLinked": false
                },
                "gap": "no"
            },
            "elements": [
                {
                    "id": "700d5485",
                    "settings": {
                        "_column_size": 100,
                        "_inline_size": null
                    },
                    "elements": [
                        {
                            "id": "2943d02",
                            "settings": {
                                "slides": [
                                    {
                                        "heading": "Shop Page",
                                        "description": "Deliver your finest product from our finest craftman",
                                        "button_text": "",
                                        "background_color": "#F3F3F3",
                                        "_id": "906c780",
                                        "background_image": {
                                            "url": "http:\/\/demo.puriwp.com\/furnitra\/wp-content\/uploads\/2020\/10\/Banner-3-Rev-02.jpg",
                                            "id": 516
                                        }
                                    },
                                    {
                                        "heading": "Shop Page",
                                        "description": "Deliver your finest product from our finest craftman",
                                        "button_text": "",
                                        "background_color": "#F3F3F3",
                                        "background_image": {
                                            "url": "http:\/\/demo.puriwp.com\/furnitra\/wp-content\/uploads\/2020\/10\/image-dummy-4-Rev.jpg",
                                            "id": 875
                                        },
                                        "_id": "d9623c3"
                                    }
                                ],
                                "navigation": "none",
                                "infinite": "",
                                "slides_padding": {
                                    "unit": "px",
                                    "top": "0",
                                    "right": "0",
                                    "bottom": "0",
                                    "left": "50",
                                    "isLinked": false
                                },
                                "slides_horizontal_position": "left",
                                "slides_text_align": "left",
                                "heading_color": "#141414",
                                "heading_typography_typography": "custom",
                                "heading_typography_font_family": "Maven Pro",
                                "heading_typography_font_weight": "400",
                                "heading_typography_text_transform": "uppercase",
                                "heading_typography_line_height": {
                                    "unit": "em",
                                    "size": 0.1000000000000000055511151231257827021181583404541015625,
                                    "sizes": []
                                },
                                "heading_typography_letter_spacing": {
                                    "unit": "px",
                                    "size": 10,
                                    "sizes": []
                                },
                                "description_spacing": {
                                    "unit": "px",
                                    "size": 0,
                                    "sizes": []
                                },
                                "description_color": "#9D9999",
                                "description_typography_typography": "custom",
                                "description_typography_font_family": "Catamaran",
                                "description_typography_font_size": {
                                    "unit": "px",
                                    "size": 16,
                                    "sizes": []
                                },
                                "description_typography_font_weight": "300",
                                "description_typography_line_height": {
                                    "unit": "em",
                                    "size": 0.1000000000000000055511151231257827021181583404541015625,
                                    "sizes": []
                                },
                                "description_typography_letter_spacing": {
                                    "unit": "px",
                                    "size": 1.8000000000000000444089209850062616169452667236328125,
                                    "sizes": []
                                },
                                "heading_typography_font_size": {
                                    "unit": "px",
                                    "size": 34,
                                    "sizes": []
                                },
                                "slides_height": {
                                    "unit": "px",
                                    "size": 317,
                                    "sizes": []
                                },
                                "slides_height_tablet": {
                                    "unit": "px",
                                    "size": 512,
                                    "sizes": []
                                },
                                "slides_height_mobile": {
                                    "unit": "px",
                                    "size": 416,
                                    "sizes": []
                                },
                                "heading_spacing": {
                                    "unit": "px",
                                    "size": 35,
                                    "sizes": []
                                },
                                "heading_typography_font_size_tablet": {
                                    "unit": "px",
                                    "size": 29,
                                    "sizes": []
                                },
                                "heading_typography_font_size_mobile": {
                                    "unit": "px",
                                    "size": 32,
                                    "sizes": []
                                },
                                "heading_typography_line_height_mobile": {
                                    "unit": "em",
                                    "size": 1.1999999999999999555910790149937383830547332763671875,
                                    "sizes": []
                                },
                                "heading_typography_letter_spacing_mobile": {
                                    "unit": "px",
                                    "size": 10,
                                    "sizes": []
                                },
                                "description_typography_font_size_mobile": {
                                    "unit": "px",
                                    "size": 14,
                                    "sizes": []
                                },
                                "description_typography_line_height_mobile": {
                                    "unit": "em",
                                    "size": 1.399999999999999911182158029987476766109466552734375,
                                    "sizes": []
                                }
                            },
                            "elements": [],
                            "isInner": false,
                            "widgetType": "slides",
                            "elType": "widget"
                        }
                    ],
                    "isInner": false,
                    "elType": "column"
                }
            ],
            "isInner": false,
            "elType": "section"
        },
        {
            "id": "5da982ec",
            "settings": {
                "margin": {
                    "unit": "px",
                    "top": "50",
                    "right": 0,
                    "bottom": "0",
                    "left": 0,
                    "isLinked": false
                },
                "margin_tablet": {
                    "unit": "px",
                    "top": "30",
                    "right": 0,
                    "bottom": "30",
                    "left": 0,
                    "isLinked": false
                },
                "margin_mobile": {
                    "unit": "px",
                    "top": "30",
                    "right": 0,
                    "bottom": "50",
                    "left": 0,
                    "isLinked": false
                },
                "padding": {
                    "unit": "px",
                    "top": "0",
                    "right": "0",
                    "bottom": "0",
                    "left": "0",
                    "isLinked": false
                },
                "padding_tablet": {
                    "unit": "px",
                    "top": "0",
                    "right": "20",
                    "bottom": "0",
                    "left": "20",
                    "isLinked": false
                },
                "padding_mobile": {
                    "unit": "px",
                    "top": "0",
                    "right": "20",
                    "bottom": "0",
                    "left": "20",
                    "isLinked": false
                },
                "gap": "no"
            },
            "elements": [
                {
                    "id": "26884b3c",
                    "settings": {
                        "_column_size": 100,
                        "_inline_size": null
                    },
                    "elements": [
                        {
                            "id": "70c9f637",
                            "settings": {
                                "eael_product_grid_products_count": 12,
                                "product_offset": "",
                                "eael_product_grid_style_preset": "eael-product-overlay",
                                "add_to_cart_simple_product_button_text": "Out of Stock",
                                "add_to_cart_variable_product_button_text": "Select options",
                                "add_to_cart_grouped_product_button_text": "View products",
                                "add_to_cart_external_product_button_text": "Buy Now",
                                "add_to_cart_default_product_button_text": "Read More",
                                "show_load_more": "true",
                                "show_load_more_text": "Load More",
                                "eael_peoduct_grid_border_border": "",
                                "eael_product_grid_product_title_color": "#141414",
                                "eael_product_grid_product_title_typography_typography": "custom",
                                "eael_product_grid_product_title_typography_font_family": "Maven Pro",
                                "eael_product_grid_product_title_typography_font_weight": "500",
                                "eael_product_grid_product_title_typography_text_transform": "uppercase",
                                "eael_product_grid_product_title_typography_letter_spacing": {
                                    "unit": "px",
                                    "size": 5,
                                    "sizes": []
                                },
                                "eael_product_grid_product_price_color": "#9D9999",
                                "eael_product_grid_product_price_typography_typography": "custom",
                                "eael_product_grid_product_price_typography_font_family": "Maven Pro",
                                "eael_product_grid_add_to_cart_background": "#141414",
                                "eael_post_grid_load_more_btn_margin": {
                                    "unit": "px",
                                    "top": "50",
                                    "right": "0",
                                    "bottom": "0",
                                    "left": "0",
                                    "isLinked": false
                                },
                                "eael_post_grid_load_more_btn_typography_typography": "custom",
                                "eael_post_grid_load_more_btn_typography_font_family": "Maven Pro",
                                "eael_post_grid_load_more_btn_typography_font_size": {
                                    "unit": "px",
                                    "size": 15,
                                    "sizes": []
                                },
                                "eael_post_grid_load_more_btn_typography_font_weight": "400",
                                "eael_post_grid_load_more_btn_typography_text_transform": "uppercase",
                                "eael_post_grid_load_more_btn_typography_letter_spacing": {
                                    "unit": "px",
                                    "size": 7.5999999999999996447286321199499070644378662109375,
                                    "sizes": []
                                },
                                "eael_post_grid_load_more_btn_normal_text_color": "#FFFFFF",
                                "eael_cta_btn_normal_bg_color": "#141414",
                                "eael_post_grid_load_more_btn_hover_bg_color": "#F3F3F3",
                                "eael_post_grid_load_more_btn_hover_border_color": "#02010100",
                                "_margin": {
                                    "unit": "px",
                                    "top": "0",
                                    "right": "0",
                                    "bottom": "70",
                                    "left": "0",
                                    "isLinked": false
                                },
                                "_padding": {
                                    "unit": "px",
                                    "top": "0",
                                    "right": "0",
                                    "bottom": "0",
                                    "left": "0",
                                    "isLinked": false
                                },
                                "eael_product_grid_column_tablet": "2",
                                "eael_product_grid_sale_badge_color": "#FFFFFF",
                                "eael_product_grid_sale_badge_background": "#000000",
                                "eael_product_grid_sale_badge_typography_typography": "custom",
                                "eael_product_grid_sale_badge_typography_font_family": "Maven Pro",
                                "eael_product_grid_sale_badge_typography_font_size": {
                                    "unit": "px",
                                    "size": 12,
                                    "sizes": []
                                },
                                "eael_product_grid_sale_badge_typography_letter_spacing": {
                                    "unit": "px",
                                    "size": 3.70000000000000017763568394002504646778106689453125,
                                    "sizes": []
                                },
                                "eael_product_grid_stock_out_badge_background": "#000000",
                                "eael_product_grid_stock_out_badge_typography_typography": "custom",
                                "eael_product_grid_stock_out_badge_typography_font_family": "Maven Pro",
                                "eael_product_grid_stock_out_badge_typography_font_size": {
                                    "unit": "px",
                                    "size": 12,
                                    "sizes": []
                                },
                                "eael_product_grid_stock_out_badge_typography_letter_spacing": {
                                    "unit": "px",
                                    "size": 3.70000000000000017763568394002504646778106689453125,
                                    "sizes": []
                                },
                                "show_add_to_cart_custom_text": "true",
                                "eael_post_grid_load_more_btn_shadow_box_shadow": {
                                    "horizontal": -7,
                                    "vertical": 3,
                                    "blur": 10,
                                    "spread": 0,
                                    "color": "rgba(76.5, 76.5, 76.5, 0.27)"
                                },
                                "eael_post_grid_load_more_btn_hover_text_color": "#141414",
                                "eael_post_grid_load_more_btn_hover_shadow_box_shadow": {
                                    "horizontal": -7,
                                    "vertical": 3,
                                    "blur": 10,
                                    "spread": 0,
                                    "color": "rgba(0,0,0,0.5)"
                                }
                            },
                            "elements": [],
                            "isInner": false,
                            "widgetType": "eicon-woocommerce",
                            "elType": "widget"
                        }
                    ],
                    "isInner": false,
                    "elType": "column"
                }
            ],
            "isInner": false,
            "elType": "section"
        }
    ]
}