{
    "version": "0.4",
    "title": "Single Product",
    "type": "product",
    "metadata": {
        "template_type": "single-product",
        "include_in_zip": "1",
        "elementor_pro_required": "1",
        "elementor_library_type": "product",
        "elementor_pro_conditions": [
            "include\/product"
        ],
        "additional_template_information": [
            "This is a \"Product\" template for Elementor Pro.",
            "This template will display on: Products."
        ],
        "wp_page_template": "default"
    },
    "content": [
        {
            "id": "e0dd3e6",
            "settings": {
                "gap": "no",
                "structure": "20",
                "margin": {
                    "unit": "px",
                    "top": "70",
                    "right": 0,
                    "bottom": "0",
                    "left": 0,
                    "isLinked": false
                },
                "padding": {
                    "unit": "px",
                    "top": "0",
                    "right": "0",
                    "bottom": "0",
                    "left": "0",
                    "isLinked": false
                },
                "margin_tablet": {
                    "unit": "px",
                    "top": "30",
                    "right": 0,
                    "bottom": "0",
                    "left": 0,
                    "isLinked": false
                },
                "margin_mobile": {
                    "unit": "px",
                    "top": "30",
                    "right": 0,
                    "bottom": "0",
                    "left": 0,
                    "isLinked": false
                },
                "padding_tablet": {
                    "unit": "px",
                    "top": "0",
                    "right": "20",
                    "bottom": "0",
                    "left": "20",
                    "isLinked": false
                },
                "padding_mobile": {
                    "unit": "px",
                    "top": "0",
                    "right": "20",
                    "bottom": "0",
                    "left": "20",
                    "isLinked": false
                }
            },
            "elements": [
                {
                    "id": "1de084b7",
                    "settings": {
                        "_column_size": 50,
                        "_inline_size": 30,
                        "_inline_size_tablet": 40
                    },
                    "elements": [
                        {
                            "id": "60417ff1",
                            "settings": {
                                "spacing": {
                                    "unit": "px",
                                    "size": 18,
                                    "sizes": []
                                },
                                "spacing_thumbs": {
                                    "unit": "px",
                                    "size": 16,
                                    "sizes": []
                                }
                            },
                            "elements": [],
                            "isInner": false,
                            "widgetType": "woocommerce-product-images",
                            "elType": "widget"
                        }
                    ],
                    "isInner": false,
                    "elType": "column"
                },
                {
                    "id": "3dbe75ba",
                    "settings": {
                        "_column_size": 50,
                        "_inline_size": 70,
                        "margin": {
                            "unit": "px",
                            "top": "0",
                            "right": "0",
                            "bottom": "0",
                            "left": "30",
                            "isLinked": false
                        },
                        "padding": {
                            "unit": "px",
                            "top": "0",
                            "right": "0",
                            "bottom": "0",
                            "left": "0",
                            "isLinked": false
                        },
                        "_inline_size_tablet": 60,
                        "margin_tablet": {
                            "unit": "px",
                            "top": "0",
                            "right": "0",
                            "bottom": "0",
                            "left": "20",
                            "isLinked": false
                        },
                        "margin_mobile": {
                            "unit": "px",
                            "top": "20",
                            "right": "0",
                            "bottom": "0",
                            "left": "0",
                            "isLinked": false
                        },
                        "padding_tablet": {
                            "unit": "px",
                            "top": "0",
                            "right": "0",
                            "bottom": "0",
                            "left": "0",
                            "isLinked": false
                        },
                        "padding_mobile": {
                            "unit": "px",
                            "top": "0",
                            "right": "0",
                            "bottom": "0",
                            "left": "0",
                            "isLinked": false
                        }
                    },
                    "elements": [
                        {
                            "id": "721cf4f6",
                            "settings": {
                                "__dynamic__": {
                                    "title": "[elementor-tag id=\"\" name=\"woocommerce-product-title-tag\" settings=\"%7B%22before%22%3A%22%22%2C%22after%22%3A%22%22%2C%22fallback%22%3A%22%22%7D\"]"
                                },
                                "title": "Add Your Heading Text Here",
                                "title_color": "#141414",
                                "typography_typography": "custom",
                                "typography_font_family": "Maven Pro",
                                "typography_font_size": {
                                    "unit": "px",
                                    "size": 28,
                                    "sizes": []
                                },
                                "typography_font_weight": "400",
                                "typography_text_transform": "uppercase",
                                "typography_letter_spacing": {
                                    "unit": "px",
                                    "size": 10,
                                    "sizes": []
                                },
                                "_margin": {
                                    "unit": "px",
                                    "top": "0",
                                    "right": "0",
                                    "bottom": "0",
                                    "left": "0",
                                    "isLinked": false
                                },
                                "_padding": {
                                    "unit": "px",
                                    "top": "0",
                                    "right": "0",
                                    "bottom": "0",
                                    "left": "0",
                                    "isLinked": false
                                },
                                "_margin_mobile": {
                                    "unit": "px",
                                    "top": "0",
                                    "right": "0",
                                    "bottom": "0",
                                    "left": "0",
                                    "isLinked": false
                                },
                                "_padding_mobile": {
                                    "unit": "px",
                                    "top": "0",
                                    "right": "0",
                                    "bottom": "0",
                                    "left": "0",
                                    "isLinked": false
                                }
                            },
                            "elements": [],
                            "isInner": false,
                            "widgetType": "woocommerce-product-title",
                            "elType": "widget"
                        },
                        {
                            "id": "71a08b32",
                            "settings": {
                                "price_color": "#9D9999",
                                "typography_typography": "custom",
                                "typography_font_family": "Catamaran",
                                "typography_font_weight": "400",
                                "sale_price_spacing": {
                                    "unit": "px",
                                    "size": 0,
                                    "sizes": []
                                },
                                "_margin": {
                                    "unit": "px",
                                    "top": "-13",
                                    "right": "0",
                                    "bottom": "0",
                                    "left": "0",
                                    "isLinked": false
                                },
                                "_padding": {
                                    "unit": "px",
                                    "top": "0",
                                    "right": "0",
                                    "bottom": "0",
                                    "left": "0",
                                    "isLinked": false
                                }
                            },
                            "elements": [],
                            "isInner": false,
                            "widgetType": "woocommerce-product-price",
                            "elType": "widget"
                        },
                        {
                            "id": "23a558d2",
                            "settings": {
                                "text_color": "#9D9999",
                                "text_typography_typography": "custom",
                                "text_typography_font_family": "Catamaran",
                                "text_typography_font_size": {
                                    "unit": "px",
                                    "size": 16,
                                    "sizes": []
                                },
                                "text_typography_line_height": {
                                    "unit": "em",
                                    "size": 1.899999999999999911182158029987476766109466552734375,
                                    "sizes": []
                                }
                            },
                            "elements": [],
                            "isInner": false,
                            "widgetType": "woocommerce-product-short-description",
                            "elType": "widget"
                        },
                        {
                            "id": "3613a753",
                            "settings": {
                                "button_typography_typography": "custom",
                                "button_typography_font_family": "Maven Pro",
                                "button_typography_font_size": {
                                    "unit": "px",
                                    "size": 12,
                                    "sizes": []
                                },
                                "button_typography_font_weight": "300",
                                "button_typography_text_transform": "uppercase",
                                "button_typography_letter_spacing": {
                                    "unit": "px",
                                    "size": 4,
                                    "sizes": []
                                },
                                "button_padding": {
                                    "unit": "px",
                                    "top": "0",
                                    "right": "30",
                                    "bottom": "0",
                                    "left": "30",
                                    "isLinked": false
                                },
                                "button_text_color": "#FFFFFF",
                                "button_bg_color": "#000000",
                                "button_text_color_hover": "#141414",
                                "button_bg_color_hover": "#F3F3F3",
                                "spacing": {
                                    "unit": "px",
                                    "size": 6,
                                    "sizes": []
                                },
                                "quantity_border_radius": {
                                    "unit": "px",
                                    "top": "0",
                                    "right": "0",
                                    "bottom": "0",
                                    "left": "0",
                                    "isLinked": false
                                },
                                "quantity_padding": {
                                    "unit": "px",
                                    "top": "10",
                                    "right": "0",
                                    "bottom": "10",
                                    "left": "0",
                                    "isLinked": false
                                },
                                "quantity_text_color": "#141414",
                                "quantity_bg_color": "#F3F3F3",
                                "variations_width": {
                                    "unit": "%",
                                    "size": 0,
                                    "sizes": []
                                },
                                "variations_spacing": {
                                    "unit": "px",
                                    "size": 0,
                                    "sizes": []
                                },
                                "variations_space_between": {
                                    "unit": "px",
                                    "size": 0,
                                    "sizes": []
                                }
                            },
                            "elements": [],
                            "isInner": false,
                            "widgetType": "woocommerce-product-add-to-cart",
                            "elType": "widget"
                        }
                    ],
                    "isInner": false,
                    "elType": "column"
                }
            ],
            "isInner": false,
            "elType": "section"
        },
        {
            "id": "5e9cfb4f",
            "settings": {
                "gap": "no",
                "margin": {
                    "unit": "px",
                    "top": "0",
                    "right": 0,
                    "bottom": "0",
                    "left": 0,
                    "isLinked": false
                },
                "padding": {
                    "unit": "px",
                    "top": "0",
                    "right": "0",
                    "bottom": "0",
                    "left": "0",
                    "isLinked": false
                }
            },
            "elements": [
                {
                    "id": "3425de05",
                    "settings": {
                        "_column_size": 100,
                        "_inline_size": null
                    },
                    "elements": [
                        {
                            "id": "6c6270f5",
                            "settings": {
                                "text": "Divider",
                                "color": "#F3F3F3",
                                "_margin": {
                                    "unit": "px",
                                    "top": "0",
                                    "right": "0",
                                    "bottom": "0",
                                    "left": "0",
                                    "isLinked": false
                                },
                                "_padding": {
                                    "unit": "px",
                                    "top": "0",
                                    "right": "0",
                                    "bottom": "0",
                                    "left": "0",
                                    "isLinked": false
                                },
                                "_margin_tablet": {
                                    "unit": "px",
                                    "top": "30",
                                    "right": "0",
                                    "bottom": "30",
                                    "left": "0",
                                    "isLinked": false
                                },
                                "_margin_mobile": {
                                    "unit": "px",
                                    "top": "40",
                                    "right": "20",
                                    "bottom": "20",
                                    "left": "20",
                                    "isLinked": false
                                },
                                "_padding_tablet": {
                                    "unit": "px",
                                    "top": "0",
                                    "right": "0",
                                    "bottom": "0",
                                    "left": "0",
                                    "isLinked": false
                                },
                                "_padding_mobile": {
                                    "unit": "px",
                                    "top": "0",
                                    "right": "0",
                                    "bottom": "0",
                                    "left": "0",
                                    "isLinked": false
                                }
                            },
                            "elements": [],
                            "isInner": false,
                            "widgetType": "divider",
                            "elType": "widget"
                        },
                        {
                            "id": "1979f8e0",
                            "settings": {
                                "title": "Related product",
                                "title_color": "#141414",
                                "typography_typography": "custom",
                                "typography_font_family": "Maven Pro",
                                "typography_font_size": {
                                    "unit": "px",
                                    "size": 22,
                                    "sizes": []
                                },
                                "typography_font_weight": "400",
                                "typography_text_transform": "uppercase",
                                "typography_line_height": {
                                    "unit": "em",
                                    "size": 0,
                                    "sizes": []
                                },
                                "typography_letter_spacing": {
                                    "unit": "px",
                                    "size": 10,
                                    "sizes": []
                                },
                                "_margin": {
                                    "unit": "px",
                                    "top": "50",
                                    "right": "0",
                                    "bottom": "0",
                                    "left": "0",
                                    "isLinked": false
                                },
                                "_padding": {
                                    "unit": "px",
                                    "top": "0",
                                    "right": "0",
                                    "bottom": "0",
                                    "left": "0",
                                    "isLinked": false
                                },
                                "align_tablet": "center",
                                "align_mobile": "center",
                                "typography_font_size_mobile": {
                                    "unit": "px",
                                    "size": 17,
                                    "sizes": []
                                },
                                "_margin_tablet": {
                                    "unit": "px",
                                    "top": "0",
                                    "right": "0",
                                    "bottom": "0",
                                    "left": "0",
                                    "isLinked": false
                                },
                                "_margin_mobile": {
                                    "unit": "px",
                                    "top": "0",
                                    "right": "20",
                                    "bottom": "30",
                                    "left": "20",
                                    "isLinked": false
                                },
                                "_padding_tablet": {
                                    "unit": "px",
                                    "top": "0",
                                    "right": "0",
                                    "bottom": "0",
                                    "left": "0",
                                    "isLinked": false
                                },
                                "_padding_mobile": {
                                    "unit": "px",
                                    "top": "0",
                                    "right": "0",
                                    "bottom": "0",
                                    "left": "0",
                                    "isLinked": false
                                }
                            },
                            "elements": [],
                            "isInner": false,
                            "widgetType": "heading",
                            "elType": "widget"
                        }
                    ],
                    "isInner": false,
                    "elType": "column"
                }
            ],
            "isInner": false,
            "elType": "section"
        },
        {
            "id": "494e2411",
            "settings": {
                "margin": {
                    "unit": "px",
                    "top": "50",
                    "right": 0,
                    "bottom": "0",
                    "left": 0,
                    "isLinked": false
                },
                "padding": {
                    "unit": "px",
                    "top": "0",
                    "right": "0",
                    "bottom": "0",
                    "left": "0",
                    "isLinked": false
                },
                "gap": "no",
                "margin_tablet": {
                    "unit": "px",
                    "top": "60",
                    "right": 0,
                    "bottom": "0",
                    "left": 0,
                    "isLinked": false
                },
                "margin_mobile": {
                    "unit": "px",
                    "top": "30",
                    "right": 0,
                    "bottom": "0",
                    "left": 0,
                    "isLinked": false
                },
                "padding_tablet": {
                    "unit": "px",
                    "top": "0",
                    "right": "20",
                    "bottom": "0",
                    "left": "20",
                    "isLinked": false
                },
                "padding_mobile": {
                    "unit": "px",
                    "top": "0",
                    "right": "20",
                    "bottom": "0",
                    "left": "20",
                    "isLinked": false
                }
            },
            "elements": [
                {
                    "id": "36db80c6",
                    "settings": {
                        "_column_size": 100,
                        "_inline_size": null
                    },
                    "elements": [
                        {
                            "id": "4163ab40",
                            "settings": {
                                "eael_product_grid_style_preset": "eael-product-overlay",
                                "eael_product_grid_rating": "",
                                "add_to_cart_simple_product_button_text": "Buy Now",
                                "add_to_cart_variable_product_button_text": "Select options",
                                "add_to_cart_grouped_product_button_text": "View products",
                                "add_to_cart_external_product_button_text": "Buy Now",
                                "add_to_cart_default_product_button_text": "Read More",
                                "show_load_more_text": "Load More",
                                "eael_peoduct_grid_border_border": "",
                                "eael_product_grid_product_title_color": "#141414",
                                "eael_product_grid_product_title_typography_typography": "custom",
                                "eael_product_grid_product_title_typography_font_family": "Maven Pro",
                                "eael_product_grid_product_title_typography_font_weight": "500",
                                "eael_product_grid_product_title_typography_text_transform": "uppercase",
                                "eael_product_grid_product_title_typography_letter_spacing": {
                                    "unit": "px",
                                    "size": 5,
                                    "sizes": []
                                },
                                "eael_product_grid_product_price_color": "#9D9999",
                                "eael_product_grid_product_price_typography_typography": "custom",
                                "eael_product_grid_product_price_typography_font_family": "Maven Pro",
                                "eael_product_grid_add_to_cart_background": "#141414",
                                "_margin": {
                                    "unit": "px",
                                    "top": "0",
                                    "right": "0",
                                    "bottom": "50",
                                    "left": "0",
                                    "isLinked": false
                                },
                                "_padding": {
                                    "unit": "px",
                                    "top": "0",
                                    "right": "0",
                                    "bottom": "0",
                                    "left": "0",
                                    "isLinked": false
                                },
                                "order": "asc",
                                "eael_post_grid_load_more_btn_typography_typography": "custom",
                                "eael_post_grid_load_more_btn_typography_font_family": "Maven Pro",
                                "eael_post_grid_load_more_btn_typography_font_size": {
                                    "unit": "px",
                                    "size": 15,
                                    "sizes": []
                                },
                                "eael_post_grid_load_more_btn_typography_font_weight": "400",
                                "eael_post_grid_load_more_btn_typography_text_transform": "uppercase",
                                "eael_post_grid_load_more_btn_typography_letter_spacing": {
                                    "unit": "px",
                                    "size": 7.5999999999999996447286321199499070644378662109375,
                                    "sizes": []
                                },
                                "eael_post_grid_load_more_btn_normal_text_color": "#141414",
                                "eael_cta_btn_normal_bg_color": "#29D8D800",
                                "eael_post_grid_load_more_btn_hover_bg_color": "#141414",
                                "eael_post_grid_load_more_btn_hover_border_color": "#02010100",
                                "eael_product_grid_column_tablet": "2"
                            },
                            "elements": [],
                            "isInner": false,
                            "widgetType": "eicon-woocommerce",
                            "elType": "widget"
                        }
                    ],
                    "isInner": false,
                    "elType": "column"
                }
            ],
            "isInner": false,
            "elType": "section"
        },
        {
            "id": "59eba221",
            "settings": {
                "background_background": "classic",
                "background_color": "#F3F3F3",
                "background_image": {
                    "url": "http:\/\/demo.puriwp.com\/furnitra\/wp-content\/uploads\/2020\/10\/Banner-3-Rev-02.jpg",
                    "id": 516
                },
                "background_position": "initial",
                "background_attachment": "fixed",
                "background_repeat": "no-repeat",
                "background_size": "auto",
                "background_overlay_background": "classic",
                "background_overlay_position": "center center",
                "background_overlay_repeat": "no-repeat",
                "background_overlay_size": "cover",
                "margin": {
                    "unit": "px",
                    "top": "50",
                    "right": 0,
                    "bottom": "0",
                    "left": 0,
                    "isLinked": false
                },
                "padding": {
                    "unit": "px",
                    "top": "80",
                    "right": "0",
                    "bottom": "80",
                    "left": "0",
                    "isLinked": false
                },
                "background_image_tablet": {
                    "url": "http:\/\/demo.puriwp.com\/furnitra\/wp-content\/uploads\/2020\/10\/Banner-3-Rev-02.jpg",
                    "id": 516
                },
                "background_position_tablet": "center center",
                "background_xpos": {
                    "unit": "px",
                    "size": 257,
                    "sizes": []
                },
                "background_ypos": {
                    "unit": "px",
                    "size": 105,
                    "sizes": []
                },
                "margin_tablet": {
                    "unit": "px",
                    "top": "0",
                    "right": 0,
                    "bottom": "50",
                    "left": 0,
                    "isLinked": false
                },
                "margin_mobile": {
                    "unit": "px",
                    "top": "0",
                    "right": 0,
                    "bottom": "50",
                    "left": 0,
                    "isLinked": false
                },
                "padding_tablet": {
                    "unit": "px",
                    "top": "50",
                    "right": "0",
                    "bottom": "50",
                    "left": "0",
                    "isLinked": false
                },
                "padding_mobile": {
                    "unit": "px",
                    "top": "150",
                    "right": "0",
                    "bottom": "150",
                    "left": "0",
                    "isLinked": false
                }
            },
            "elements": [
                {
                    "id": "1ad042dc",
                    "settings": {
                        "_column_size": 100,
                        "_inline_size": null,
                        "margin_mobile": {
                            "unit": "px",
                            "top": "0",
                            "right": "0",
                            "bottom": "0",
                            "left": "0",
                            "isLinked": false
                        },
                        "padding_mobile": {
                            "unit": "px",
                            "top": "0",
                            "right": "0",
                            "bottom": "0",
                            "left": "0",
                            "isLinked": false
                        }
                    },
                    "elements": [
                        {
                            "id": "7f111e93",
                            "settings": {
                                "title": "GET DISCOUNT UP TO 20%\nFOR YOUR FIRST PURCHASE AT FURNITRA.",
                                "title_color": "#141414",
                                "typography_typography": "custom",
                                "typography_font_family": "Maven Pro",
                                "typography_font_size": {
                                    "unit": "px",
                                    "size": 22,
                                    "sizes": []
                                },
                                "typography_font_weight": "400",
                                "typography_text_transform": "uppercase",
                                "typography_line_height": {
                                    "unit": "em",
                                    "size": 1.399999999999999911182158029987476766109466552734375,
                                    "sizes": []
                                },
                                "typography_letter_spacing": {
                                    "unit": "px",
                                    "size": 4,
                                    "sizes": []
                                },
                                "_margin": {
                                    "unit": "px",
                                    "top": "0",
                                    "right": "500",
                                    "bottom": "0",
                                    "left": "0",
                                    "isLinked": false
                                },
                                "_padding": {
                                    "unit": "px",
                                    "top": "0",
                                    "right": "0",
                                    "bottom": "0",
                                    "left": "0",
                                    "isLinked": false
                                },
                                "_margin_tablet": {
                                    "unit": "px",
                                    "top": "0",
                                    "right": "0",
                                    "bottom": "0",
                                    "left": "0",
                                    "isLinked": false
                                },
                                "_margin_mobile": {
                                    "unit": "px",
                                    "top": "0",
                                    "right": "20",
                                    "bottom": "0",
                                    "left": "20",
                                    "isLinked": false
                                },
                                "_padding_tablet": {
                                    "unit": "px",
                                    "top": "0",
                                    "right": "0",
                                    "bottom": "0",
                                    "left": "20",
                                    "isLinked": false
                                },
                                "_padding_mobile": {
                                    "unit": "px",
                                    "top": "0",
                                    "right": "0",
                                    "bottom": "0",
                                    "left": "0",
                                    "isLinked": false
                                }
                            },
                            "elements": [],
                            "isInner": false,
                            "widgetType": "heading",
                            "elType": "widget"
                        },
                        {
                            "id": "196bbb11",
                            "settings": {
                                "text": "Shop Now",
                                "typography_typography": "custom",
                                "typography_font_family": "Maven Pro",
                                "typography_font_weight": "500",
                                "typography_letter_spacing": {
                                    "unit": "px",
                                    "size": 0.59999999999999997779553950749686919152736663818359375,
                                    "sizes": []
                                },
                                "background_color": "#000000",
                                "border_radius": {
                                    "unit": "px",
                                    "top": "0",
                                    "right": "0",
                                    "bottom": "0",
                                    "left": "0",
                                    "isLinked": true
                                },
                                "text_padding": {
                                    "unit": "px",
                                    "top": "10",
                                    "right": "50",
                                    "bottom": "10",
                                    "left": "50",
                                    "isLinked": false
                                },
                                "_margin_tablet": {
                                    "unit": "px",
                                    "top": "0",
                                    "right": "0",
                                    "bottom": "0",
                                    "left": "0",
                                    "isLinked": false
                                },
                                "_margin_mobile": {
                                    "unit": "px",
                                    "top": "0",
                                    "right": "20",
                                    "bottom": "0",
                                    "left": "20",
                                    "isLinked": false
                                },
                                "_padding_tablet": {
                                    "unit": "px",
                                    "top": "0",
                                    "right": "0",
                                    "bottom": "0",
                                    "left": "20",
                                    "isLinked": false
                                },
                                "_padding_mobile": {
                                    "unit": "px",
                                    "top": "0",
                                    "right": "0",
                                    "bottom": "0",
                                    "left": "0",
                                    "isLinked": false
                                }
                            },
                            "elements": [],
                            "isInner": false,
                            "widgetType": "button",
                            "elType": "widget"
                        }
                    ],
                    "isInner": false,
                    "elType": "column"
                }
            ],
            "isInner": false,
            "elType": "section"
        }
    ]
}