{"version":"0.4","title":"Accelerator > Contact 2 (Pro)","type":"page","content":[{"id":"521f2573","settings":{"gap":"wider","height":"full","background_background":"classic","background_image":{"url":"http:\/\/sitefacilitado.com.br\/membros\/wp-content\/uploads\/2020\/03\/pattern01.png","id":"8092"},"background_repeat":"repeat","background_size":"contain","background_motion_fx_mouseTrack_effect":"yes","custom_height":{"unit":"vh","size":"100","sizes":[]},"background_color":"#ffffff","content_position":"middle","background_motion_fx_motion_fx_mouse":"yes","background_overlay_background":"gradient","background_overlay_color":"rgba(255,255,255,0.91)","background_overlay_color_b":"#ffffff","background_overlay_color_b_stop":{"unit":"%","size":"50","sizes":[]},"background_overlay_position":"top left","background_overlay_repeat":"repeat","background_overlay_size":"auto","background_overlay_opacity":{"unit":"px","size":"0.9","sizes":[]},"shape_divider_top_color":"#2b354f","shape_divider_top_width":{"unit":"%","size":"300","sizes":[]},"shape_divider_top_height":{"unit":"px","size":"23","sizes":[]},"shape_divider_top_flip":"yes","margin":{"unit":"px","top":"0","right":"0","bottom":"0","left":"0","isLinked":"1"},"padding":{"unit":"em","top":"2","right":"0","bottom":"6","left":"0","isLinked":""},"padding_tablet":{"unit":"em","top":"5","right":"01","bottom":"5","left":"01","isLinked":""},"reverse_order_mobile":"reverse-mobile"},"elements":[{"id":"5c2efcee","settings":{"_column_size":"100","_inline_size":"","content_position":"center","align":"center","background_background":"classic","background_image":{"url":"http:\/\/sitefacilitado.com.br\/membros\/wp-content\/uploads\/2020\/03\/single01.png","id":"8104"},"background_position":"center center","background_repeat":"no-repeat","background_size":"initial","background_size_tablet":"initial","background_bg_width_tablet":{"unit":"px","size":"231","sizes":[]},"margin_tablet":{"unit":"px","top":"0","right":"0","bottom":"0","left":"0","isLinked":"1"},"background_image_mobile":{"url":"http:\/\/sitefacilitado.com.br\/membros\/wp-content\/uploads\/2020\/03\/single01.png","id":"8104"}},"elements":[{"id":"e2a6b37","settings":{"space":{"unit":"px","size":"600","sizes":[]}},"elements":[],"isInner":false,"widgetType":"spacer","elType":"widget"}],"isInner":"","elType":"column"},{"id":"51275690","settings":{"_column_size":"100","_inline_size":"","content_position":"center","padding":{"unit":"px","top":"50","right":"50","bottom":"50","left":"50","isLinked":"1"},"_inline_size_tablet":"100","padding_tablet":{"unit":"px","top":"20","right":"20","bottom":"20","left":"20","isLinked":"1"},"align":"center"},"elements":[{"id":"69445538","settings":{"content_width":{"unit":"px","size":"667","sizes":[]}},"elements":[{"id":"4af26d63","settings":{"_column_size":"100","_inline_size":"","align":"center","space_between_widgets":"0"},"elements":[{"id":"287c3c01","settings":{"title":"Join Now","header_size":"h1","align":"center","title_color":"#161c2d","typography_typography":"custom","typography_font_family":"Hind","typography_font_size":{"unit":"em","size":"3.4","sizes":[]},"typography_font_weight":"400","typography_line_height":{"unit":"em","size":"1.1","sizes":[]},"typography_letter_spacing":{"unit":"px","size":"-1.2","sizes":[]},"_padding":{"unit":"em","top":"4","right":"0","bottom":"0","left":"0","isLinked":""},"typography_font_size_mobile":{"unit":"em","size":"2.7","sizes":[]},"typography_line_height_mobile":{"unit":"em","size":"1.2","sizes":[]},"_padding_mobile":{"unit":"px","top":"0","right":"0","bottom":"0","left":"0","isLinked":"1"}},"elements":[],"isInner":false,"widgetType":"heading","elType":"widget"},{"id":"6487435a","settings":{"editor":"<p>Sed ut perspiciatis unde omnis iste natus error sit.<\/p>","align":"center","text_color":"#869ab8","typography_typography":"custom","typography_font_family":"Hind","typography_font_size":{"unit":"em","size":"1.15","sizes":[]},"typography_font_weight":"300","typography_line_height":{"unit":"em","size":"1.7","sizes":[]},"_padding":{"unit":"em","top":"0","right":"0","bottom":"2","left":"0","isLinked":""},"_padding_mobile":{"unit":"px","top":"0","right":"0","bottom":"0","left":"0","isLinked":"1"}},"elements":[],"isInner":false,"widgetType":"text-editor","elType":"widget"},{"id":"166a4cd1","settings":{"form_name":"New Form","form_fields":[{"_id":"name","field_type":"text","field_label":"Full name","placeholder":"  Full name","width":"50","field_value":"","required":"","min_date":"","max_date":"","field_options":"","allow_multiple":"","select_size":"","inline_list":"","field_html":"","width_tablet":"","width_mobile":"","rows":"4","recaptcha_size":"normal","recaptcha_style":"light","css_classes":"","custom_id":"name"},{"_id":"f87a016","field_type":"email","required":"true","field_label":"Email","placeholder":"  hello@domain.com","width":"50","field_value":"","min_date":"","max_date":"","field_options":"","allow_multiple":"","select_size":"","inline_list":"","field_html":"","width_tablet":"","width_mobile":"","rows":"4","recaptcha_size":"normal","recaptcha_style":"light","css_classes":"","custom_id":"email"},{"_id":"c4cd013","field_type":"url","field_label":"CV","placeholder":"Link to CV","width":"50","field_value":"","required":"","min_date":"","max_date":"","field_options":"","allow_multiple":"","select_size":"","inline_list":"","field_html":"","width_tablet":"","width_mobile":"","rows":"4","recaptcha_size":"normal","recaptcha_style":"light","css_classes":"","custom_id":"field_2"},{"_id":"8b3024f","field_type":"url","field_label":"Case Study","placeholder":"Link to Case","width":"50","field_value":"","required":"","min_date":"","max_date":"","field_options":"","allow_multiple":"","select_size":"","inline_list":"","field_html":"","width_tablet":"","width_mobile":"","rows":"4","recaptcha_size":"normal","recaptcha_style":"light","css_classes":"","custom_id":"field_1"},{"_id":"message","field_type":"textarea","field_label":"Message","placeholder":"Tell us how we can accelerate you...","width":"100","field_value":"","required":"","min_date":"","max_date":"","field_options":"","allow_multiple":"","select_size":"","inline_list":"","field_html":"","width_tablet":"","width_mobile":"","rows":"3","recaptcha_size":"normal","recaptcha_style":"light","css_classes":"","custom_id":"message"}],"button_text":"Send message","button_size":"md","email_content":"[all-fields]","email_content_2":"[all-fields]","success_message":"The form was sent successfully.","error_message":"An error occured.","required_field_message":"This field is required.","invalid_message":"There's something wrong. The form is invalid.","column_gap":{"unit":"px","size":"20"},"row_gap":{"unit":"px","size":"20"},"label_color":"#161c2d","field_text_color":"#869ab8","field_typography_typography":"custom","field_typography_font_family":"Hind","field_typography_font_size":{"unit":"em","size":"1"},"field_typography_font_weight":"300","field_typography_line_height":{"unit":"em","size":"3"},"field_border_color":"#e8edf7","field_border_width":{"unit":"px","top":"1","right":"1","bottom":"1","left":"1","isLinked":"1"},"field_border_radius":{"unit":"px","top":"6","right":"6","bottom":"6","left":"6","isLinked":"1"},"button_background_color":"#335eea","button_text_color":"#ffffff","button_typography_typography":"custom","button_typography_font_family":"Hind","button_typography_font_size":{"unit":"em","size":"1"},"button_typography_font_weight":"400","button_typography_line_height":{"unit":"em","size":"1.3"},"button_typography_letter_spacing":{"unit":"px","size":"0.5"},"button_border_radius":{"unit":"px","top":"6","right":"6","bottom":"6","left":"6","isLinked":"1"},"button_text_padding":{"unit":"em","top":"01.2","right":"1.4","bottom":"1.1","left":"1.4","isLinked":""},"button_align_mobile":"center","label_typography_typography":"custom","label_typography_font_size":{"unit":"em","size":"1","sizes":[]},"label_typography_font_weight":"300","label_typography_line_height":{"unit":"em","size":"2","sizes":[]},"label_typography_letter_spacing":{"unit":"px","size":"0","sizes":[]},"field_typography_letter_spacing":{"unit":"px","size":"0","sizes":[]},"show_labels":""},"elements":[],"isInner":false,"widgetType":"form","elType":"widget"}],"isInner":"1","elType":"column"}],"isInner":"1","elType":"section"},{"id":"572af821","settings":{"content_width":{"unit":"px","size":"450","sizes":[]}},"elements":[{"id":"378665d7","settings":{"_column_size":"100","_inline_size":""},"elements":[{"id":"f6724c7","settings":{"editor":"<p>Sed ut perspiciatis unde omnis iste natus error sit voluptatem accusantium doloremque laudantium, totam rem aperiam, eaque ipsa.<\/p>","align":"center","text_color":"#869ab8","typography_typography":"custom","typography_font_family":"Hind","typography_font_size":{"unit":"em","size":"0.8","sizes":[]},"typography_font_weight":"300","typography_line_height":{"unit":"em","size":"1.8","sizes":[]},"_padding":{"unit":"em","top":"0","right":"0","bottom":"2","left":"0","isLinked":""},"_padding_mobile":{"unit":"px","top":"0","right":"0","bottom":"0","left":"0","isLinked":"1"}},"elements":[],"isInner":false,"widgetType":"text-editor","elType":"widget"}],"isInner":"1","elType":"column"}],"isInner":"1","elType":"section"}],"isInner":"","elType":"column"}],"isInner":"","elType":"section"}]}