{"version":"0.4","title":"Accelerator > Contact 1 (Pro)","type":"page","content":[{"id":"5709b51e","settings":{"custom_height":{"unit":"vh","size":"60","sizes":[]},"background_background":"classic","background_color":"#ffffff","background_image":{"url":"http:\/\/sitefacilitado.com.br\/membros\/wp-content\/uploads\/2020\/03\/bg03-1.png","id":"8139"},"background_position":"center center","background_repeat":"no-repeat","background_size":"initial","shape_divider_bottom_width":{"unit":"%","size":"155","sizes":[]},"shape_divider_bottom_negative":"yes","shape_divider_bottom_height":{"unit":"px","size":"267","sizes":[]},"padding":{"unit":"em","top":"8","right":"0","bottom":"5","left":"0","isLinked":""},"padding_mobile":{"unit":"em","top":"3","right":"0","bottom":"3","left":"0","isLinked":""},"height":"min-height","custom_height_tablet":{"unit":"vh","size":"60","sizes":[]},"column_position":"stretch","content_position":"middle","background_image_tablet":{"url":"http:\/\/sitefacilitado.com.br\/membros\/wp-content\/uploads\/2020\/03\/Group01.png","id":"8091"},"background_position_tablet":"top center","background_xpos_tablet":{"unit":"px","size":"-19","sizes":[]},"background_ypos_tablet":{"unit":"px","size":"-74","sizes":[]},"background_size_tablet":"initial","background_bg_width":{"unit":"%","size":"88","sizes":[]},"background_bg_width_tablet":{"unit":"%","size":"25","sizes":[]}},"elements":[{"id":"50fc786d","settings":{"_column_size":"100","align":"center","space_between_widgets":"0","padding":{"unit":"em","top":"2","right":"0","bottom":"0","left":"0","isLinked":""},"margin_tablet":{"unit":"px","top":"0","right":"0","bottom":"0","left":"0","isLinked":"1"},"padding_tablet":{"unit":"em","top":"0","right":"0","bottom":"0","left":"0","isLinked":"1"}},"elements":[{"id":"7d69a4de","settings":{"content_width":{"unit":"px","size":"630","sizes":[]},"padding_tablet":{"unit":"em","top":"3","right":"3","bottom":"0","left":"3","isLinked":""},"padding_mobile":{"unit":"em","top":"1","right":"1","bottom":"1","left":"1","isLinked":"1"}},"elements":[{"id":"22553d42","settings":{"_column_size":"100","_inline_size":""},"elements":[{"id":"46422c72","settings":{"title":"Contact us","header_size":"h1","align":"center","title_color":"#161c2d","typography_typography":"custom","typography_font_family":"Hind","typography_font_size":{"unit":"px","size":"68","sizes":[]},"typography_font_weight":"400","typography_line_height":{"unit":"em","size":"1.1","sizes":[]},"typography_letter_spacing":{"unit":"px","size":"-1.4","sizes":[]},"typography_font_size_mobile":{"unit":"em","size":"3.3","sizes":[]},"typography_text_transform":"capitalize"},"elements":[],"isInner":false,"widgetType":"heading","elType":"widget"},{"id":"463f79fd","settings":{"editor":"<p>Sed ut perspiciatis unde omnis iste natus error sit voluptatem accusantium doloremque laudantium, totam sam.<\/p>","align":"center","text_color":"#869ab8","typography_typography":"custom","typography_font_family":"Hind","typography_font_size":{"unit":"em","size":"1.15","sizes":[]},"typography_font_weight":"300","typography_line_height":{"unit":"em","size":"1.7","sizes":[]},"_padding":{"unit":"em","top":"0","right":"3","bottom":"1.4","left":"3","isLinked":""},"_padding_mobile":{"unit":"px","top":"0","right":"0","bottom":"0","left":"0","isLinked":"1"}},"elements":[],"isInner":false,"widgetType":"text-editor","elType":"widget"}],"isInner":"1","elType":"column"}],"isInner":"1","elType":"section"},{"id":"18f3200e","settings":{"structure":"40","padding":{"unit":"em","top":"4","right":"0","bottom":"0","left":"0","isLinked":""},"padding_mobile":{"unit":"em","top":"1","right":"1","bottom":"1","left":"1","isLinked":"1"}},"elements":[{"id":"387240c1","settings":{"_column_size":"25","_inline_size":"","_inline_size_tablet":"50","space_between_widgets":"10","background_color":"#ffffff","content_position":"center","align":"center","background_background":"classic","border_width":{"unit":"px","top":"0","right":"0","bottom":"0","left":"0","isLinked":""},"border_color":"rgba(51,94,234,0.1)","border_radius":{"unit":"px","top":"6","right":"6","bottom":"6","left":"6","isLinked":"1"},"box_shadow_box_shadow_type":"yes","box_shadow_box_shadow":{"horizontal":"0","vertical":"-6","blur":"48","spread":"0","color":"rgba(22,28,45,0.05)"},"margin":{"unit":"px","top":"0","right":"10","bottom":"0","left":"10","isLinked":""},"margin_tablet":{"unit":"px","top":"10","right":"10","bottom":"10","left":"10","isLinked":""},"padding":{"unit":"px","top":"60","right":"25","bottom":"60","left":"25","isLinked":""}},"elements":[{"id":"2b9717c9","settings":{"title":"Email","header_size":"h3","align":"center","title_color":"#161c2d","typography_typography":"custom","typography_font_family":"Hind","typography_font_size":{"unit":"em","size":"1.1","sizes":[]},"typography_font_weight":"400","typography_line_height":{"unit":"em","size":"1.2","sizes":[]},"typography_letter_spacing":{"unit":"px","size":"0","sizes":[]},"_padding":{"unit":"em","top":"0","right":"0","bottom":"00.5","left":"0","isLinked":""},"_background_color":"#ffffff"},"elements":[],"isInner":false,"widgetType":"heading","elType":"widget"},{"id":"70f92144","settings":{"title":"hello@domain.com","header_size":"h3","align":"center","title_color":"#335eea","typography_typography":"custom","typography_font_family":"Hind","typography_font_size":{"unit":"em","size":"1.3","sizes":[]},"typography_font_weight":"400","typography_line_height":{"unit":"em","size":"1.2","sizes":[]},"typography_letter_spacing":{"unit":"px","size":"0","sizes":[]},"_padding":{"unit":"em","top":"0","right":"0","bottom":"0","left":"0","isLinked":""}},"elements":[],"isInner":false,"widgetType":"heading","elType":"widget"}],"isInner":"1","elType":"column"},{"id":"436dcda8","settings":{"_column_size":"25","_inline_size":"","_inline_size_tablet":"50","space_between_widgets":"10","background_color":"#ffffff","content_position":"center","align":"center","background_background":"classic","border_width":{"unit":"px","top":"0","right":"0","bottom":"0","left":"0","isLinked":""},"border_color":"rgba(51,94,234,0.1)","border_radius":{"unit":"px","top":"6","right":"6","bottom":"6","left":"6","isLinked":"1"},"box_shadow_box_shadow_type":"yes","box_shadow_box_shadow":{"horizontal":"0","vertical":"-6","blur":"48","spread":"0","color":"rgba(22,28,45,0.05)"},"margin":{"unit":"px","top":"0","right":"10","bottom":"0","left":"10","isLinked":""},"margin_tablet":{"unit":"px","top":"10","right":"10","bottom":"10","left":"10","isLinked":""},"padding":{"unit":"px","top":"60","right":"25","bottom":"60","left":"25","isLinked":""}},"elements":[{"id":"337182f2","settings":{"title":"Call","header_size":"h3","align":"center","title_color":"#161c2d","typography_typography":"custom","typography_font_family":"Hind","typography_font_size":{"unit":"em","size":"1.1","sizes":[]},"typography_font_weight":"400","typography_line_height":{"unit":"em","size":"1.2","sizes":[]},"typography_letter_spacing":{"unit":"px","size":"0","sizes":[]},"_padding":{"unit":"em","top":"0","right":"0","bottom":"00.5","left":"0","isLinked":""}},"elements":[],"isInner":false,"widgetType":"heading","elType":"widget"},{"id":"34b633f0","settings":{"title":"+66 4664 2864","header_size":"h3","align":"center","title_color":"#335eea","typography_typography":"custom","typography_font_family":"Hind","typography_font_size":{"unit":"em","size":"1.3","sizes":[]},"typography_font_weight":"400","typography_line_height":{"unit":"em","size":"1.2","sizes":[]},"typography_letter_spacing":{"unit":"px","size":"0","sizes":[]},"_padding":{"unit":"em","top":"0","right":"0","bottom":"0","left":"0","isLinked":""}},"elements":[],"isInner":false,"widgetType":"heading","elType":"widget"},{"id":"7254df5f","settings":{"title":"Mon - Fri, 9am - 5pm","header_size":"h3","align":"center","title_color":"#869ab8","typography_typography":"custom","typography_font_family":"Hind","typography_font_size":{"unit":"em","size":"0.8","sizes":[]},"typography_font_weight":"300","typography_line_height":{"unit":"em","size":"1.7","sizes":[]},"_padding":{"unit":"em","top":"0","right":"0","bottom":"0","left":"0","isLinked":""},"_margin":{"unit":"px","top":"-5","right":"0","bottom":"0","left":"0","isLinked":""}},"elements":[],"isInner":false,"widgetType":"heading","elType":"widget"}],"isInner":"1","elType":"column"},{"id":"2f77acf6","settings":{"_column_size":"25","_inline_size":"","_inline_size_tablet":"50","space_between_widgets":"10","background_color":"#ffffff","content_position":"center","align":"center","background_background":"classic","border_width":{"unit":"px","top":"0","right":"0","bottom":"0","left":"0","isLinked":""},"border_color":"rgba(51,94,234,0.1)","border_radius":{"unit":"px","top":"6","right":"6","bottom":"6","left":"6","isLinked":"1"},"box_shadow_box_shadow_type":"yes","box_shadow_box_shadow":{"horizontal":"0","vertical":"-6","blur":"48","spread":"0","color":"rgba(22,28,45,0.05)"},"margin":{"unit":"px","top":"0","right":"10","bottom":"0","left":"10","isLinked":""},"margin_tablet":{"unit":"px","top":"10","right":"10","bottom":"10","left":"10","isLinked":""},"padding":{"unit":"px","top":"60","right":"25","bottom":"60","left":"25","isLinked":""}},"elements":[{"id":"65af07e6","settings":{"title":"Request a visit","header_size":"h3","align":"center","title_color":"#161c2d","typography_typography":"custom","typography_font_family":"Hind","typography_font_size":{"unit":"em","size":"1.1","sizes":[]},"typography_font_weight":"400","typography_line_height":{"unit":"em","size":"1.2","sizes":[]},"typography_letter_spacing":{"unit":"px","size":"0","sizes":[]},"_padding":{"unit":"em","top":"0","right":"0","bottom":"00.5","left":"0","isLinked":""}},"elements":[],"isInner":false,"widgetType":"heading","elType":"widget"},{"id":"1aa03ed6","settings":{"title":"Make an appointment","header_size":"h3","align":"center","title_color":"#335eea","typography_typography":"custom","typography_font_family":"Hind","typography_font_size":{"unit":"em","size":"1.3","sizes":[]},"typography_font_weight":"400","typography_line_height":{"unit":"em","size":"1.2","sizes":[]},"typography_letter_spacing":{"unit":"px","size":"0","sizes":[]},"_padding":{"unit":"em","top":"0","right":"0","bottom":"0","left":"0","isLinked":""},"link":{"url":"#","is_external":"","nofollow":""},"_margin":{"unit":"px","top":"0","right":"0","bottom":"-3","left":"0","isLinked":""}},"elements":[],"isInner":false,"widgetType":"heading","elType":"widget"},{"id":"563d0e23","settings":{"text":"Learn More","align":"center","size":"md","typography_typography":"custom","typography_font_family":"Hind","typography_font_size":{"unit":"em","size":"0.8","sizes":[]},"typography_font_weight":"400","typography_line_height":{"unit":"em","size":"1.4","sizes":[]},"typography_letter_spacing":{"unit":"px","size":"0.4","sizes":[]},"button_text_color":"#869ab8","background_color":"rgba(51,94,234,0)","border_radius":{"unit":"px","top":"5","right":"5","bottom":"5","left":"5","isLinked":"1"},"text_padding":{"unit":"px","top":"0","right":"24","bottom":"0","left":"24","isLinked":""},"_margin":{"unit":"px","top":"0","right":"5","bottom":"0","left":"5","isLinked":""},"icon":"fa fa-angle-right","icon_align":"right","icon_indent":{"unit":"px","size":"8","sizes":[]},"hover_color":"#4169ea","button_background_hover_color":"rgba(65,105,234,0)","hover_animation":"grow"},"elements":[],"isInner":false,"widgetType":"button","elType":"widget"}],"isInner":"1","elType":"column"},{"id":"680847e6","settings":{"_column_size":"25","_inline_size":"","_inline_size_tablet":"50","space_between_widgets":"10","background_color":"#ffffff","content_position":"center","align":"center","background_background":"classic","border_width":{"unit":"px","top":"0","right":"0","bottom":"0","left":"0","isLinked":""},"border_color":"rgba(51,94,234,0.1)","border_radius":{"unit":"px","top":"6","right":"6","bottom":"6","left":"6","isLinked":"1"},"box_shadow_box_shadow_type":"yes","box_shadow_box_shadow":{"horizontal":"0","vertical":"-6","blur":"48","spread":"0","color":"rgba(22,28,45,0.05)"},"margin":{"unit":"px","top":"0","right":"10","bottom":"0","left":"10","isLinked":""},"margin_tablet":{"unit":"px","top":"10","right":"10","bottom":"10","left":"10","isLinked":""},"padding":{"unit":"px","top":"60","right":"25","bottom":"60","left":"25","isLinked":""}},"elements":[{"id":"3b52c9c","settings":{"title":"Visit","header_size":"h3","align":"center","title_color":"#161c2d","typography_typography":"custom","typography_font_family":"Hind","typography_font_size":{"unit":"em","size":"1.1","sizes":[]},"typography_font_weight":"400","typography_line_height":{"unit":"em","size":"1.2","sizes":[]},"typography_letter_spacing":{"unit":"px","size":"0","sizes":[]},"_padding":{"unit":"em","top":"0","right":"0","bottom":"00.5","left":"0","isLinked":""}},"elements":[],"isInner":false,"widgetType":"heading","elType":"widget"},{"id":"72971b75","settings":{"title":"348 Greenpoint Avenue\nBrooklyn, NY","header_size":"h3","align":"center","title_color":"#335eea","typography_typography":"custom","typography_font_family":"Hind","typography_font_size":{"unit":"em","size":"1.3","sizes":[]},"typography_font_weight":"400","typography_line_height":{"unit":"em","size":"1.5","sizes":[]},"typography_letter_spacing":{"unit":"px","size":"0","sizes":[]},"_padding":{"unit":"em","top":"0","right":"0","bottom":"0","left":"0","isLinked":""},"_padding_tablet":{"unit":"em","top":"0","right":"2","bottom":"0","left":"2","isLinked":""}},"elements":[],"isInner":false,"widgetType":"heading","elType":"widget"}],"isInner":"1","elType":"column"}],"isInner":"1","elType":"section"}],"isInner":"","elType":"column"}],"isInner":"","elType":"section"},{"id":"682c4b27","settings":{"padding":{"unit":"em","top":"5","right":"0","bottom":"6","left":"0","isLinked":""},"background_color":"#ffffff","padding_mobile":{"unit":"em","top":"3","right":"0","bottom":"3","left":"0","isLinked":""},"background_background":"classic","background_overlay_background":"classic","background_overlay_image":{"url":"http:\/\/sitefacilitado.com.br\/membros\/wp-content\/uploads\/2020\/03\/pattern01.png","id":"8092"},"background_overlay_attachment":"fixed","background_overlay_opacity":{"unit":"px","size":"0.18","sizes":[]},"padding_tablet":{"unit":"em","top":"1","right":"1","bottom":"1","left":"1","isLinked":"1"}},"elements":[{"id":"34c6e657","settings":{"_column_size":"100"},"elements":[{"id":"735b2aef","settings":{"content_width":{"unit":"px","size":"687","sizes":[]},"padding":{"unit":"em","top":"0","right":"0","bottom":"02","left":"0","isLinked":""},"padding_mobile":{"unit":"px","top":"0","right":"0","bottom":"0","left":"0","isLinked":""}},"elements":[{"id":"256d957c","settings":{"_column_size":"100","_inline_size":"","align":"center"},"elements":[{"id":"53dbe9f2","settings":{"text":"Send message","link":{"url":"","is_external":"","nofollow":""},"align":"center","size":"md","typography_typography":"custom","typography_font_family":"Hind","typography_font_size":{"unit":"em","size":"0.75","sizes":[]},"typography_font_weight":"400","typography_text_transform":"uppercase","typography_line_height":{"unit":"em","size":"1","sizes":[]},"typography_letter_spacing":{"unit":"px","size":"0.4","sizes":[]},"button_text_color":"#335eea","background_color":"rgba(51,94,234,0.1)","hover_color":"#335eea","button_background_hover_color":"rgba(51,94,234,0.12)","hover_animation":"grow","border_radius":{"unit":"px","top":"5","right":"5","bottom":"5","left":"5","isLinked":"1"},"text_padding":{"unit":"em","top":"0.8","right":"1","bottom":"0.6","left":"1","isLinked":""},"_padding":{"unit":"em","top":"","right":"","bottom":"","left":"","isLinked":"1"}},"elements":[],"isInner":false,"widgetType":"button","elType":"widget"},{"id":"1fa279fe","settings":{"title":"Reach out &amp; say hello!","align":"center","title_color":"#161c2d","typography_typography":"custom","typography_font_family":"Hind","typography_font_size":{"unit":"em","size":"2.3","sizes":[]},"typography_font_weight":"400","typography_line_height":{"unit":"em","size":"1.1","sizes":[]},"typography_letter_spacing":{"unit":"px","size":"-0.6","sizes":[]},"_padding":{"unit":"em","top":"1","right":"0","bottom":"0","left":"0","isLinked":""},"typography_line_height_mobile":{"unit":"em","size":"1.3","sizes":[]}},"elements":[],"isInner":false,"widgetType":"heading","elType":"widget"}],"isInner":"1","elType":"column"}],"isInner":"1","elType":"section"},{"id":"4e81eb81","settings":{"content_width":{"unit":"px","size":"791","sizes":[]}},"elements":[{"id":"1e80ca66","settings":{"_column_size":"100","_inline_size":""},"elements":[{"id":"1e6b1d52","settings":{"form_name":"New Form","form_fields":[{"_id":"name","field_type":"text","field_label":"Full name","placeholder":"  Full name","width":"50","field_value":"","required":"","min_date":"","max_date":"","field_options":"","allow_multiple":"","select_size":"","inline_list":"","field_html":"","width_tablet":"","width_mobile":"","rows":"4","recaptcha_size":"normal","recaptcha_style":"light","css_classes":"","custom_id":"name"},{"_id":"email","field_type":"email","required":"true","field_label":"Email","placeholder":"  hello@domain.com","width":"50","field_value":"","min_date":"","max_date":"","field_options":"","allow_multiple":"","select_size":"","inline_list":"","field_html":"","width_tablet":"","width_mobile":"","rows":"4","recaptcha_size":"normal","recaptcha_style":"light","css_classes":"","custom_id":"email"},{"_id":"message","field_type":"textarea","field_label":"Message","placeholder":"  Message","width":"100","field_value":"","required":"","min_date":"","max_date":"","field_options":"","allow_multiple":"","select_size":"","inline_list":"","field_html":"","width_tablet":"","width_mobile":"","rows":"3","recaptcha_size":"normal","recaptcha_style":"light","css_classes":"","custom_id":"message"}],"button_text":"Send message","button_size":"md","email_content":"[all-fields]","email_content_2":"[all-fields]","success_message":"The form was sent successfully.","error_message":"An error occured.","required_field_message":"This field is required.","invalid_message":"There's something wrong. The form is invalid.","column_gap":{"unit":"px","size":"20"},"row_gap":{"unit":"px","size":"20"},"label_color":"#161c2d","field_text_color":"#869ab8","field_typography_typography":"custom","field_typography_font_family":"Hind","field_typography_font_size":{"unit":"em","size":"1"},"field_typography_font_weight":"300","field_typography_line_height":{"unit":"em","size":"3"},"field_border_color":"#e8edf7","field_border_width":{"unit":"px","top":"1","right":"1","bottom":"1","left":"1","isLinked":"1"},"field_border_radius":{"unit":"px","top":"6","right":"6","bottom":"6","left":"6","isLinked":"1"},"button_background_color":"#335eea","button_text_color":"#ffffff","button_typography_typography":"custom","button_typography_font_family":"Hind","button_typography_font_size":{"unit":"em","size":"1"},"button_typography_font_weight":"400","button_typography_line_height":{"unit":"em","size":"1.3"},"button_typography_letter_spacing":{"unit":"px","size":"0.5"},"button_border_radius":{"unit":"px","top":"6","right":"6","bottom":"6","left":"6","isLinked":"1"},"button_text_padding":{"unit":"em","top":"01.2","right":"2.4","bottom":"1.1","left":"2.4","isLinked":""},"button_align_mobile":"stretch","label_typography_typography":"custom","label_typography_font_size":{"unit":"em","size":"1","sizes":[]},"label_typography_font_weight":"300","label_typography_line_height":{"unit":"em","size":"2","sizes":[]},"label_typography_letter_spacing":{"unit":"px","size":"0","sizes":[]},"field_typography_letter_spacing":{"unit":"px","size":"0","sizes":[]},"button_align":"center","show_labels":""},"elements":[],"isInner":false,"widgetType":"form","elType":"widget"}],"isInner":"1","elType":"column"}],"isInner":"1","elType":"section"}],"isInner":"","elType":"column"}],"isInner":"","elType":"section"},{"id":"a1deef6","settings":{"structure":"20","background_background":"classic","background_color":"#2b354f","padding":{"unit":"em","top":"5","right":"0","bottom":"5","left":"0","isLinked":""}},"elements":[{"id":"49a48e49","settings":{"_column_size":"50","_inline_size":"45.789","padding_tablet":{"unit":"em","top":"1","right":"1","bottom":"1","left":"1","isLinked":"1"},"_inline_size_tablet":"100"},"elements":[{"id":"651d41eb","settings":{"text":"Like, Share, Tweet","link":{"url":"","is_external":"","nofollow":""},"size":"md","typography_typography":"custom","typography_font_family":"Hind","typography_font_size":{"unit":"em","size":"0.75","sizes":[]},"typography_font_weight":"400","typography_text_transform":"uppercase","typography_line_height":{"unit":"em","size":"1","sizes":[]},"typography_letter_spacing":{"unit":"px","size":"0.7","sizes":[]},"button_text_color":"#869ab8","background_color":"rgba(134,154,184,0.05)","hover_color":"#869ab8","button_background_hover_color":"rgba(134,154,184,0.05)","border_radius":{"unit":"px","top":"5","right":"5","bottom":"5","left":"5","isLinked":"1"},"text_padding":{"unit":"em","top":"0.8","right":"1.4","bottom":"0.6","left":"1.4","isLinked":""},"_padding":{"unit":"em","top":"0","right":"0","bottom":"0","left":"0","isLinked":""},"align_mobile":"center","align_tablet":"center"},"elements":[],"isInner":false,"widgetType":"button","elType":"widget"},{"id":"4fab9970","settings":{"title":"Connect with us","title_color":"#ffffff","typography_typography":"custom","typography_font_family":"Hind","typography_font_size":{"unit":"em","size":"3.5","sizes":[]},"typography_font_weight":"400","typography_line_height":{"unit":"em","size":"1.3","sizes":[]},"typography_letter_spacing":{"unit":"px","size":"-0.6","sizes":[]},"_padding":{"unit":"em","top":"","right":"","bottom":"","left":"","isLinked":"1"},"typography_line_height_mobile":{"unit":"em","size":"1.3","sizes":[]},"typography_font_size_mobile":{"unit":"em","size":"2.5","sizes":[]},"align_mobile":"center","align_tablet":"center","typography_text_transform":"capitalize"},"elements":[],"isInner":false,"widgetType":"heading","elType":"widget"}],"isInner":"","elType":"column"},{"id":"554e10fa","settings":{"_column_size":"50","_inline_size":"54.211","content_position":"center","_inline_size_tablet":"100"},"elements":[{"id":"71cdc441","settings":{"title":"Follow us on social media to stay up to date on our events:","header_size":"h3","align":"center","title_color":"#869ab8","typography_typography":"custom","typography_font_family":"Hind","typography_font_size":{"unit":"em","size":"0.9","sizes":[]},"typography_font_weight":"300","typography_line_height":{"unit":"em","size":"1.7","sizes":[]},"_padding":{"unit":"em","top":"0","right":"0","bottom":"0","left":"0","isLinked":""},"_margin":{"unit":"px","top":"0","right":"0","bottom":"0","left":"0","isLinked":""},"typography_letter_spacing":{"unit":"px","size":"0.3","sizes":[]},"align_mobile":"center"},"elements":[],"isInner":false,"widgetType":"heading","elType":"widget"},{"id":"1b62b1d7","settings":{"social_icon_list":[{"social":"fa fa-facebook","_id":"0bff2cf","link":{"url":"","is_external":"true","nofollow":""}},{"social":"fa fa-twitter","_id":"8e14aa1","link":{"url":"","is_external":"true","nofollow":""}},{"social":"fa fa-linkedin","link":{"url":"","is_external":"true","nofollow":""},"_id":"d866107"},{"social":"fa fa-medium","link":{"url":"","is_external":"true","nofollow":""},"_id":"acc2b0e"},{"social":"fa fa-pinterest","link":{"url":"","is_external":"true","nofollow":""},"_id":"fdee533"}],"icon_color":"custom","icon_primary_color":"#335eea","icon_secondary_color":"#eaeffd","icon_size":{"unit":"px","size":"22","sizes":[]},"icon_size_mobile":{"unit":"px","size":"14","sizes":[]},"icon_padding":{"unit":"em","size":"1.1","sizes":[]},"icon_spacing":{"unit":"px","size":"9","sizes":[]},"border_radius":{"unit":"px","top":"100","right":"100","bottom":"100","left":"100","isLinked":"1"},"hover_primary_color":"#335eea","hover_secondary_color":"#ffffff","hover_animation":"shrink","_padding":{"unit":"em","top":"0","right":"0","bottom":"0","left":"0","isLinked":""},"align_mobile":"center","icon_size_tablet":{"unit":"px","size":"17","sizes":[]}},"elements":[],"isInner":false,"widgetType":"social-icons","elType":"widget"}],"isInner":"","elType":"column"}],"isInner":"","elType":"section"}]}