{"version":"0.4","title":"Accelerator > About 2","type":"page","content":[{"id":"3c85368e","settings":{"content_width":{"unit":"px","size":"813","sizes":[]},"background_background":"classic","background_color":"#2b354f","padding":{"unit":"em","top":"9","right":"0","bottom":"7","left":"0","isLinked":""},"background_overlay_background":"gradient","background_overlay_image":{"url":"http:\/\/sitefacilitado.com.br\/membros\/wp-content\/uploads\/2020\/03\/pattern01.png","id":"8092"},"background_overlay_position":"top left","background_overlay_repeat":"repeat","background_overlay_bg_width":{"unit":"%","size":"14","sizes":[]},"background_overlay_opacity":{"unit":"px","size":"0.9","sizes":[]},"background_image":{"url":"http:\/\/sitefacilitado.com.br\/membros\/wp-content\/uploads\/2020\/03\/pattern01.png","id":"8092"},"background_position":"top left","background_repeat":"repeat","background_size":"auto","background_overlay_color":"rgba(43,53,79,0)","background_overlay_color_b":"#2b354f","background_overlay_color_b_stop":{"unit":"%","size":"91","sizes":[]}},"elements":[{"id":"11fc02df","settings":{"_column_size":"100","space_between_widgets":"0"},"elements":[{"id":"46641419","settings":{"text":"Our Mission","link":{"url":"","is_external":"","nofollow":""},"size":"md","typography_typography":"custom","typography_font_family":"Hind","typography_font_size":{"unit":"em","size":"0.75","sizes":[]},"typography_font_weight":"400","typography_text_transform":"uppercase","typography_line_height":{"unit":"em","size":"1","sizes":[]},"typography_letter_spacing":{"unit":"px","size":"0.7","sizes":[]},"button_text_color":"#869ab8","background_color":"rgba(234,239,253,0.13)","hover_color":"#ffffff","button_background_hover_color":"rgba(234,239,253,0.13)","border_radius":{"unit":"px","top":"5","right":"5","bottom":"5","left":"5","isLinked":"1"},"text_padding":{"unit":"em","top":"0.8","right":"1.4","bottom":"0.6","left":"1.4","isLinked":""},"_padding":{"unit":"em","top":"0","right":"0","bottom":"1","left":"0","isLinked":""},"align":"center"},"elements":[],"isInner":false,"widgetType":"button","elType":"widget"},{"id":"303d359a","settings":{"title":"Making innovation open to anyone, anywhere.","header_size":"h1","align":"center","title_color":"#ffffff","typography_typography":"custom","typography_font_family":"Hind","typography_font_size":{"unit":"em","size":"4","sizes":[]},"typography_font_weight":"400","typography_line_height":{"unit":"em","size":"1.3","sizes":[]},"typography_letter_spacing":{"unit":"px","size":"-0.6","sizes":[]},"_padding":{"unit":"em","top":"1","right":"0","bottom":"0","left":"0","isLinked":""},"typography_line_height_mobile":{"unit":"em","size":"1.3","sizes":[]},"typography_font_size_mobile":{"unit":"em","size":"2.5","sizes":[]}},"elements":[],"isInner":false,"widgetType":"heading","elType":"widget"},{"id":"423ce3e0","settings":{"editor":"<p>Sed ut perspiciatis unde omnis iste natus error sit voluptatem accusantium doloremque laudantium, totam sam.<\/p>","align":"center","text_color":"#869ab8","typography_typography":"custom","typography_font_family":"Hind","typography_font_size":{"unit":"em","size":"1.15","sizes":[]},"typography_font_weight":"300","typography_line_height":{"unit":"em","size":"1.7","sizes":[]},"_padding":{"unit":"em","top":"0","right":"4","bottom":"0","left":"4","isLinked":""},"_padding_mobile":{"unit":"px","top":"0","right":"0","bottom":"0","left":"0","isLinked":"1"}},"elements":[],"isInner":false,"widgetType":"text-editor","elType":"widget"}],"isInner":"","elType":"column"}],"isInner":"","elType":"section"},{"id":"170125d","settings":{"structure":"40","background_background":"classic","background_color":"#f9fbfd","padding":{"unit":"em","top":"3.5","right":"0","bottom":"3.5","left":"0","isLinked":""},"padding_tablet":{"unit":"em","top":"5","right":"01","bottom":"5","left":"01","isLinked":""},"content_width":{"unit":"px","size":"1051","sizes":[]},"background_overlay_background":"classic","background_overlay_image":{"url":"http:\/\/sitefacilitado.com.br\/membros\/wp-content\/uploads\/2020\/03\/pattern01.png","id":"8092"},"background_overlay_opacity":{"unit":"px","size":"0.2","sizes":[]},"css_filters_css_filter":"custom","css_filters_contrast":{"unit":"px","size":"200","sizes":[]}},"elements":[{"id":"154e9274","settings":{"_column_size":"25","_inline_size":"","_inline_size_tablet":"50"},"elements":[{"id":"68e2a72b","settings":{"ending_number":"95","suffix":"M+","title":"Total funding to date","number_color":"#335eea","typography_number_typography":"custom","typography_number_font_family":"Hind","typography_number_font_size":{"unit":"em","size":"3.5","sizes":[]},"typography_number_font_weight":"500","typography_number_line_height":{"unit":"em","size":"1","sizes":[]},"typography_number_letter_spacing":{"unit":"px","size":"0","sizes":[]},"title_color":"#869ab8","typography_title_typography":"custom","typography_title_font_family":"Hind","typography_title_font_size":{"unit":"em","size":"0.95","sizes":[]},"typography_title_font_weight":"300","typography_title_line_height":{"unit":"em","size":"1.4","sizes":[]},"typography_title_letter_spacing":{"unit":"px","size":"0.4","sizes":[]}},"elements":[],"isInner":false,"widgetType":"counter","elType":"widget"}],"isInner":"","elType":"column"},{"id":"6d93c3fe","settings":{"_column_size":"25","_inline_size":"","_inline_size_tablet":"50"},"elements":[{"id":"3efaeb3e","settings":{"ending_number":"266","title":"Global investments in 2019","number_color":"#335eea","typography_number_typography":"custom","typography_number_font_family":"Hind","typography_number_font_size":{"unit":"em","size":"3.5","sizes":[]},"typography_number_font_weight":"500","typography_number_line_height":{"unit":"em","size":"1","sizes":[]},"typography_number_letter_spacing":{"unit":"px","size":"0","sizes":[]},"title_color":"#869ab8","typography_title_typography":"custom","typography_title_font_family":"Hind","typography_title_font_size":{"unit":"em","size":"0.95","sizes":[]},"typography_title_font_weight":"300","typography_title_line_height":{"unit":"em","size":"1.4","sizes":[]},"typography_title_letter_spacing":{"unit":"px","size":"0.4","sizes":[]}},"elements":[],"isInner":false,"widgetType":"counter","elType":"widget"}],"isInner":"","elType":"column"},{"id":"65d3d9b2","settings":{"_column_size":"25","_inline_size":"","_inline_size_tablet":"50"},"elements":[{"id":"9ef0a32","settings":{"ending_number":"280","suffix":"+","title":"Major corporate partners","number_color":"#335eea","typography_number_typography":"custom","typography_number_font_family":"Hind","typography_number_font_size":{"unit":"em","size":"3.5","sizes":[]},"typography_number_font_weight":"500","typography_number_line_height":{"unit":"em","size":"1","sizes":[]},"typography_number_letter_spacing":{"unit":"px","size":"0","sizes":[]},"title_color":"#869ab8","typography_title_typography":"custom","typography_title_font_family":"Hind","typography_title_font_size":{"unit":"em","size":"0.95","sizes":[]},"typography_title_font_weight":"300","typography_title_line_height":{"unit":"em","size":"1.4","sizes":[]},"typography_title_letter_spacing":{"unit":"px","size":"0.4","sizes":[]}},"elements":[],"isInner":false,"widgetType":"counter","elType":"widget"}],"isInner":"","elType":"column"},{"id":"21f00345","settings":{"_column_size":"25","_inline_size":"","_inline_size_tablet":"50"},"elements":[{"id":"5d648d6b","settings":{"ending_number":"1400","suffix":"+","title":"Startups accelerated","number_color":"#335eea","typography_number_typography":"custom","typography_number_font_family":"Hind","typography_number_font_size":{"unit":"em","size":"3.5","sizes":[]},"typography_number_font_weight":"500","typography_number_line_height":{"unit":"em","size":"1","sizes":[]},"typography_number_letter_spacing":{"unit":"px","size":"0","sizes":[]},"title_color":"#869ab8","typography_title_typography":"custom","typography_title_font_family":"Hind","typography_title_font_size":{"unit":"em","size":"0.95","sizes":[]},"typography_title_font_weight":"300","typography_title_line_height":{"unit":"em","size":"1.4","sizes":[]},"typography_title_letter_spacing":{"unit":"px","size":"0.4","sizes":[]}},"elements":[],"isInner":false,"widgetType":"counter","elType":"widget"}],"isInner":"","elType":"column"}],"isInner":"","elType":"section"},{"id":"ba0aec3","settings":{"padding":{"unit":"em","top":"3","right":"0","bottom":"3","left":"0","isLinked":""},"background_background":"classic","background_color":"#ffffff"},"elements":[{"id":"7d21d087","settings":{"_column_size":"100","space_between_widgets":"10"},"elements":[{"id":"31d7054b","settings":{"content_width":{"unit":"px","size":"500","sizes":[]},"padding":{"unit":"em","top":"0","right":"0","bottom":"2","left":"0","isLinked":""}},"elements":[{"id":"193b7e34","settings":{"_column_size":"100","_inline_size":"","space_between_widgets":"10"},"elements":[{"id":"329ec819","settings":{"text":"About Us","link":{"url":"","is_external":"","nofollow":""},"align":"center","size":"md","typography_typography":"custom","typography_font_family":"Hind","typography_font_size":{"unit":"em","size":"0.75","sizes":[]},"typography_font_weight":"400","typography_text_transform":"uppercase","typography_line_height":{"unit":"em","size":"1","sizes":[]},"typography_letter_spacing":{"unit":"px","size":"0.7","sizes":[]},"button_text_color":"#869ab8","background_color":"rgba(234,239,253,0.62)","hover_color":"#335eea","button_background_hover_color":"rgba(234,239,253,0.53)","border_radius":{"unit":"px","top":"5","right":"5","bottom":"5","left":"5","isLinked":"1"},"text_padding":{"unit":"em","top":"0.8","right":"1.4","bottom":"0.6","left":"1.4","isLinked":""},"_padding":{"unit":"em","top":"0","right":"0","bottom":"1","left":"0","isLinked":""}},"elements":[],"isInner":false,"widgetType":"button","elType":"widget"},{"id":"73cbe14","settings":{"title":"Our Solutions","align":"center","title_color":"#161c2d","typography_typography":"custom","typography_font_family":"Hind","typography_font_size":{"unit":"em","size":"2.7","sizes":[]},"typography_font_weight":"400","typography_line_height":{"unit":"em","size":"1.2","sizes":[]},"typography_letter_spacing":{"unit":"px","size":"-0.4","sizes":[]},"_padding":{"unit":"em","top":"0","right":"4","bottom":"0","left":"4","isLinked":""},"typography_font_size_mobile":{"unit":"em","size":"2.5","sizes":[]},"typography_line_height_mobile":{"unit":"em","size":"1.3","sizes":[]},"_padding_mobile":{"unit":"em","top":"2","right":"0","bottom":"2","left":"0","isLinked":""}},"elements":[],"isInner":false,"widgetType":"heading","elType":"widget"},{"id":"747ee2de","settings":{"editor":"<p>Imbellem nec dolorum me est ligula nisl experiri disordo\u2019w duplici sem per nemo\u2014quo formam ullimus sem li rerum. Sem fructum ut ut conservatio impiorum integrum ac quidquid vacuus in vitae est justo ullo sunt ullam earum. Redundat sed sem li rerum doloribus poenam hic arcui sem Suscipit te me modulumina erat invita generali te instantiam, nec fuga pede omnis pietas mi eos.<\/p>","align":"center","text_color":"#869ab8","typography_typography":"custom","typography_font_family":"Hind","typography_font_size":{"unit":"em","size":"1.1","sizes":[]},"typography_font_weight":"300","typography_line_height":{"unit":"em","size":"1.7","sizes":[]},"_padding":{"unit":"em","top":"0","right":"0","bottom":"0","left":"0","isLinked":"1"},"_padding_mobile":{"unit":"px","top":"0","right":"0","bottom":"0","left":"0","isLinked":"1"}},"elements":[],"isInner":false,"widgetType":"text-editor","elType":"widget"},{"id":"bd767be","settings":{"text":"Learn more about our network","align":"center","size":"md","typography_typography":"custom","typography_font_family":"Hind","typography_font_size":{"unit":"em","size":"0.95","sizes":[]},"typography_font_weight":"400","typography_line_height":{"unit":"em","size":"1.4","sizes":[]},"typography_letter_spacing":{"unit":"px","size":"0.2","sizes":[]},"button_text_color":"#4169ea","background_color":"rgba(51,94,234,0)","border_radius":{"unit":"px","top":"5","right":"5","bottom":"5","left":"5","isLinked":"1"},"text_padding":{"unit":"px","top":"0","right":"24","bottom":"0","left":"24","isLinked":""},"_margin":{"unit":"px","top":"0","right":"0","bottom":"0","left":"10","isLinked":""},"icon":"fa fa-angle-right","icon_align":"right","icon_indent":{"unit":"px","size":"8","sizes":[]},"hover_color":"#4169ea","button_background_hover_color":"rgba(65,105,234,0)","hover_animation":"grow","_padding":{"unit":"em","top":"1","right":"0","bottom":"0","left":"0","isLinked":""}},"elements":[],"isInner":false,"widgetType":"button","elType":"widget"}],"isInner":"1","elType":"column"}],"isInner":"1","elType":"section"},{"id":"6225f0e3","settings":{"structure":"40","padding":{"unit":"em","top":"2","right":"0","bottom":"0","left":"0","isLinked":""}},"elements":[{"id":"25aad79b","settings":{"_column_size":"25","_inline_size":"11.964","space_between_widgets":"0"},"elements":[{"id":"2a5a51ae","settings":{"image":{"url":"http:\/\/sitefacilitado.com.br\/membros\/wp-content\/uploads\/2020\/03\/icon01.png","id":"8093"},"align":"right","_padding":{"unit":"em","top":"0","right":"0","bottom":"01.6","left":"0","isLinked":""},"align_mobile":"center","width_mobile":{"unit":"px","size":"74","sizes":[]},"_padding_mobile":{"unit":"em","top":"0","right":"0","bottom":"0","left":"0","isLinked":""}},"elements":[],"isInner":false,"widgetType":"image","elType":"widget"}],"isInner":"1","elType":"column"},{"id":"55edd31a","settings":{"_column_size":"25","_inline_size":"38.036","space_between_widgets":"0","padding":{"unit":"em","top":"0","right":"2","bottom":"0","left":"2","isLinked":""}},"elements":[{"id":"72f4700c","settings":{"title":"An in-house VC","header_size":"h3","align":"left","title_color":"#161c2d","typography_typography":"custom","typography_font_family":"Hind","typography_font_size":{"unit":"em","size":"1.156","sizes":[]},"typography_font_weight":"400","typography_line_height":{"unit":"em","size":"1.2","sizes":[]},"typography_letter_spacing":{"unit":"px","size":"0","sizes":[]},"_padding":{"unit":"em","top":"2","right":"0","bottom":"0","left":"0","isLinked":""},"align_mobile":"center","_padding_mobile":{"unit":"em","top":"1","right":"0","bottom":"0","left":"0","isLinked":""}},"elements":[],"isInner":false,"widgetType":"heading","elType":"widget"},{"id":"5c4bbd2f","settings":{"editor":"<p>Mi sit amet mauris commodo quis imperdiet massa tincidunt nunc. Fringilla ut morbi tincidunt.<\/p>","align":"left","text_color":"#869ab8","typography_typography":"custom","typography_font_family":"Hind","typography_font_size":{"unit":"em","size":"1","sizes":[]},"typography_font_weight":"300","typography_line_height":{"unit":"em","size":"1.7","sizes":[]},"_padding":{"unit":"em","top":"0","right":"0","bottom":"0","left":"0","isLinked":""},"typography_letter_spacing":{"unit":"px","size":"0","sizes":[]},"align_mobile":"center"},"elements":[],"isInner":false,"widgetType":"text-editor","elType":"widget"}],"isInner":"1","elType":"column"},{"id":"7192252c","settings":{"_column_size":"25","_inline_size":"11.964","space_between_widgets":"0"},"elements":[{"id":"d0f07e9","settings":{"image":{"url":"http:\/\/sitefacilitado.com.br\/membros\/wp-content\/uploads\/2020\/03\/icon02-1.png","id":"8094"},"align":"right","_padding":{"unit":"em","top":"0","right":"0","bottom":"01.6","left":"0","isLinked":""},"align_mobile":"center","width_mobile":{"unit":"px","size":"74","sizes":[]},"_padding_mobile":{"unit":"em","top":"0","right":"0","bottom":"0","left":"0","isLinked":""}},"elements":[],"isInner":false,"widgetType":"image","elType":"widget"}],"isInner":"1","elType":"column"},{"id":"21c96452","settings":{"_column_size":"25","_inline_size":"38.036","space_between_widgets":"0","padding":{"unit":"em","top":"0","right":"2","bottom":"0","left":"2","isLinked":""}},"elements":[{"id":"76af0864","settings":{"title":"Room to grow","header_size":"h3","align":"left","title_color":"#161c2d","typography_typography":"custom","typography_font_family":"Hind","typography_font_size":{"unit":"em","size":"1.156","sizes":[]},"typography_font_weight":"400","typography_line_height":{"unit":"em","size":"1.2","sizes":[]},"typography_letter_spacing":{"unit":"px","size":"0","sizes":[]},"_padding":{"unit":"em","top":"2","right":"0","bottom":"0","left":"0","isLinked":""},"align_mobile":"center","_padding_mobile":{"unit":"em","top":"1","right":"0","bottom":"0","left":"0","isLinked":""}},"elements":[],"isInner":false,"widgetType":"heading","elType":"widget"},{"id":"ea8fec8","settings":{"editor":"<p>Mi sit amet mauris commodo quis imperdiet massa tincidunt nunc. Fringilla ut morbi tincidunt.<\/p>","align":"left","text_color":"#869ab8","typography_typography":"custom","typography_font_family":"Hind","typography_font_size":{"unit":"em","size":"1","sizes":[]},"typography_font_weight":"300","typography_line_height":{"unit":"em","size":"1.7","sizes":[]},"_padding":{"unit":"em","top":"0","right":"0","bottom":"0","left":"0","isLinked":""},"typography_letter_spacing":{"unit":"px","size":"0","sizes":[]},"align_mobile":"center"},"elements":[],"isInner":false,"widgetType":"text-editor","elType":"widget"}],"isInner":"1","elType":"column"}],"isInner":"1","elType":"section"},{"id":"1b8975f8","settings":{"structure":"40","padding":{"unit":"em","top":"2","right":"0","bottom":"0","left":"0","isLinked":""}},"elements":[{"id":"3ecf3b94","settings":{"_column_size":"25","_inline_size":"11.964","space_between_widgets":"0"},"elements":[{"id":"57257ce7","settings":{"image":{"url":"http:\/\/sitefacilitado.com.br\/membros\/wp-content\/uploads\/2020\/03\/icon03-1.png","id":"8095"},"align":"right","_padding":{"unit":"em","top":"0","right":"0","bottom":"01.6","left":"0","isLinked":""},"align_mobile":"center","width_mobile":{"unit":"px","size":"74","sizes":[]},"_padding_mobile":{"unit":"em","top":"0","right":"0","bottom":"0","left":"0","isLinked":""}},"elements":[],"isInner":false,"widgetType":"image","elType":"widget"}],"isInner":"1","elType":"column"},{"id":"702bb2a8","settings":{"_column_size":"25","_inline_size":"38.036","space_between_widgets":"0","padding":{"unit":"em","top":"0","right":"2","bottom":"0","left":"2","isLinked":""}},"elements":[{"id":"18fb6c84","settings":{"title":"World-class mentors","header_size":"h3","align":"left","title_color":"#161c2d","typography_typography":"custom","typography_font_family":"Hind","typography_font_size":{"unit":"em","size":"1.156","sizes":[]},"typography_font_weight":"400","typography_line_height":{"unit":"em","size":"1.2","sizes":[]},"typography_letter_spacing":{"unit":"px","size":"0","sizes":[]},"_padding":{"unit":"em","top":"2","right":"0","bottom":"0","left":"0","isLinked":""},"align_mobile":"center","_padding_mobile":{"unit":"em","top":"1","right":"0","bottom":"0","left":"0","isLinked":""}},"elements":[],"isInner":false,"widgetType":"heading","elType":"widget"},{"id":"6c0cb388","settings":{"editor":"<p>Mi sit amet mauris commodo quis imperdiet massa tincidunt nunc. Fringilla ut morbi tincidunt.<\/p>","align":"left","text_color":"#869ab8","typography_typography":"custom","typography_font_family":"Hind","typography_font_size":{"unit":"em","size":"1","sizes":[]},"typography_font_weight":"300","typography_line_height":{"unit":"em","size":"1.7","sizes":[]},"_padding":{"unit":"em","top":"0","right":"0","bottom":"0","left":"0","isLinked":""},"typography_letter_spacing":{"unit":"px","size":"0","sizes":[]},"align_mobile":"center"},"elements":[],"isInner":false,"widgetType":"text-editor","elType":"widget"}],"isInner":"1","elType":"column"},{"id":"17dfb026","settings":{"_column_size":"25","_inline_size":"11.964","space_between_widgets":"0"},"elements":[{"id":"3a46db40","settings":{"image":{"url":"http:\/\/sitefacilitado.com.br\/membros\/wp-content\/uploads\/2020\/03\/icon04.png","id":"8105"},"align":"right","_padding":{"unit":"em","top":"0","right":"0","bottom":"01.6","left":"0","isLinked":""},"align_mobile":"center","width_mobile":{"unit":"px","size":"74","sizes":[]},"_padding_mobile":{"unit":"em","top":"0","right":"0","bottom":"0","left":"0","isLinked":""}},"elements":[],"isInner":false,"widgetType":"image","elType":"widget"}],"isInner":"1","elType":"column"},{"id":"23d729b3","settings":{"_column_size":"25","_inline_size":"38.036","space_between_widgets":"0","padding":{"unit":"em","top":"0","right":"2","bottom":"0","left":"2","isLinked":""}},"elements":[{"id":"4134bd7d","settings":{"title":"Daily networking events","header_size":"h3","align":"left","title_color":"#161c2d","typography_typography":"custom","typography_font_family":"Hind","typography_font_size":{"unit":"em","size":"1.156","sizes":[]},"typography_font_weight":"400","typography_line_height":{"unit":"em","size":"1.2","sizes":[]},"typography_letter_spacing":{"unit":"px","size":"0","sizes":[]},"_padding":{"unit":"em","top":"2","right":"0","bottom":"0","left":"0","isLinked":""},"align_mobile":"center","_padding_mobile":{"unit":"em","top":"1","right":"0","bottom":"0","left":"0","isLinked":""}},"elements":[],"isInner":false,"widgetType":"heading","elType":"widget"},{"id":"2add209c","settings":{"editor":"<p>Mi sit amet mauris commodo quis imperdiet massa tincidunt nunc. Fringilla ut morbi tincidunt.<\/p>","align":"left","text_color":"#869ab8","typography_typography":"custom","typography_font_family":"Hind","typography_font_size":{"unit":"em","size":"1","sizes":[]},"typography_font_weight":"300","typography_line_height":{"unit":"em","size":"1.7","sizes":[]},"_padding":{"unit":"em","top":"0","right":"0","bottom":"0","left":"0","isLinked":""},"typography_letter_spacing":{"unit":"px","size":"0","sizes":[]},"align_mobile":"center"},"elements":[],"isInner":false,"widgetType":"text-editor","elType":"widget"}],"isInner":"1","elType":"column"}],"isInner":"1","elType":"section"}],"isInner":"","elType":"column"}],"isInner":"","elType":"section"},{"id":"2542d1d0","settings":{"background_background":"gradient","background_color":"#f9fbfd","background_color_b":"#ffffff","background_color_b_stop":{"unit":"%","size":"41","sizes":[]},"padding":{"unit":"em","top":"3","right":"0","bottom":"3","left":"0","isLinked":""}},"elements":[{"id":"4e5aaa55","settings":{"_column_size":"100"},"elements":[{"id":"4f33b517","settings":{"content_width":{"unit":"px","size":"800","sizes":[]},"padding":{"unit":"em","top":"0","right":"0","bottom":"2","left":"0","isLinked":""}},"elements":[{"id":"1d5bdc1e","settings":{"_column_size":"100","_inline_size":"","space_between_widgets":"10"},"elements":[{"id":"7d647c6c","settings":{"text":"Team Members","link":{"url":"","is_external":"","nofollow":""},"align":"center","size":"md","typography_typography":"custom","typography_font_family":"Hind","typography_font_size":{"unit":"em","size":"0.75","sizes":[]},"typography_font_weight":"400","typography_text_transform":"uppercase","typography_line_height":{"unit":"em","size":"1","sizes":[]},"typography_letter_spacing":{"unit":"px","size":"0.7","sizes":[]},"button_text_color":"#869ab8","background_color":"rgba(234,239,253,0.62)","hover_color":"#335eea","button_background_hover_color":"rgba(234,239,253,0.53)","border_radius":{"unit":"px","top":"5","right":"5","bottom":"5","left":"5","isLinked":"1"},"text_padding":{"unit":"em","top":"0.8","right":"1.4","bottom":"0.6","left":"1.4","isLinked":""},"_padding":{"unit":"em","top":"0","right":"0","bottom":"1","left":"0","isLinked":""}},"elements":[],"isInner":false,"widgetType":"button","elType":"widget"},{"id":"68455244","settings":{"title":"Leadership","align":"center","title_color":"#161c2d","typography_typography":"custom","typography_font_family":"Hind","typography_font_size":{"unit":"em","size":"2.7","sizes":[]},"typography_font_weight":"400","typography_line_height":{"unit":"em","size":"1.2","sizes":[]},"typography_letter_spacing":{"unit":"px","size":"-0.4","sizes":[]},"_padding":{"unit":"em","top":"0","right":"4","bottom":"0","left":"4","isLinked":""},"typography_font_size_mobile":{"unit":"em","size":"2.5","sizes":[]},"typography_line_height_mobile":{"unit":"em","size":"1.3","sizes":[]},"_padding_mobile":{"unit":"em","top":"2","right":"0","bottom":"2","left":"0","isLinked":""}},"elements":[],"isInner":false,"widgetType":"heading","elType":"widget"}],"isInner":"1","elType":"column"}],"isInner":"1","elType":"section"},{"id":"2b8805f7","settings":{"content_width":{"unit":"px","size":"841","sizes":[]},"structure":"30","padding":{"unit":"em","top":"0","right":"0","bottom":"0","left":"0","isLinked":""}},"elements":[{"id":"61025b61","settings":{"_column_size":"33","_inline_size":"","space_between_widgets":"7"},"elements":[{"id":"3860a307","settings":{"image":{"url":"http:\/\/sitefacilitado.com.br\/membros\/wp-content\/uploads\/2020\/03\/team01-1.jpg","id":"8106"},"image_size":"custom","image_custom_dimension":{"width":"130","height":"130"},"align":"center","image_border_radius":{"unit":"%","top":"100","right":"100","bottom":"100","left":"100","isLinked":"1"},"_padding":{"unit":"em","top":"0","right":"0","bottom":"1","left":"0","isLinked":""}},"elements":[],"isInner":false,"widgetType":"image","elType":"widget"},{"id":"304cc2b0","settings":{"title":"Wilhelm Olsson","header_size":"h3","align":"center","title_color":"#161c2d","typography_typography":"custom","typography_font_family":"Hind","typography_font_size":{"unit":"em","size":"1.156","sizes":[]},"typography_font_weight":"400","typography_line_height":{"unit":"em","size":"1.2","sizes":[]},"typography_letter_spacing":{"unit":"px","size":"0","sizes":[]},"_padding":{"unit":"em","top":"0","right":"0","bottom":"0","left":"0","isLinked":""}},"elements":[],"isInner":false,"widgetType":"heading","elType":"widget"},{"id":"7c99cb06","settings":{"title":"Co-founder & CEO","header_size":"h3","align":"center","title_color":"#869ab8","typography_typography":"custom","typography_font_family":"Hind","typography_font_size":{"unit":"em","size":"0.9","sizes":[]},"typography_font_weight":"300","typography_line_height":{"unit":"em","size":"1.2","sizes":[]},"typography_letter_spacing":{"unit":"px","size":"0","sizes":[]},"_padding":{"unit":"em","top":"0","right":"0","bottom":"0","left":"0","isLinked":""}},"elements":[],"isInner":false,"widgetType":"heading","elType":"widget"}],"isInner":"1","elType":"column"},{"id":"b538bb3","settings":{"_column_size":"33","_inline_size":"","space_between_widgets":"7"},"elements":[{"id":"6bcf91be","settings":{"image":{"url":"http:\/\/sitefacilitado.com.br\/membros\/wp-content\/uploads\/2020\/03\/team02-1.jpg","id":"8107"},"image_size":"custom","image_custom_dimension":{"width":"130","height":"130"},"align":"center","image_border_radius":{"unit":"%","top":"100","right":"100","bottom":"100","left":"100","isLinked":"1"},"_padding":{"unit":"em","top":"0","right":"0","bottom":"1","left":"0","isLinked":""}},"elements":[],"isInner":false,"widgetType":"image","elType":"widget"},{"id":"7d5e4a51","settings":{"title":"Margaret Allard","header_size":"h3","align":"center","title_color":"#161c2d","typography_typography":"custom","typography_font_family":"Hind","typography_font_size":{"unit":"em","size":"1.156","sizes":[]},"typography_font_weight":"400","typography_line_height":{"unit":"em","size":"1.2","sizes":[]},"typography_letter_spacing":{"unit":"px","size":"0","sizes":[]},"_padding":{"unit":"em","top":"0","right":"0","bottom":"0","left":"0","isLinked":""}},"elements":[],"isInner":false,"widgetType":"heading","elType":"widget"},{"id":"2cd95873","settings":{"title":"Chief Operating Officer","header_size":"h3","align":"center","title_color":"#869ab8","typography_typography":"custom","typography_font_family":"Hind","typography_font_size":{"unit":"em","size":"0.9","sizes":[]},"typography_font_weight":"300","typography_line_height":{"unit":"em","size":"1.2","sizes":[]},"typography_letter_spacing":{"unit":"px","size":"0","sizes":[]},"_padding":{"unit":"em","top":"0","right":"0","bottom":"0","left":"0","isLinked":""}},"elements":[],"isInner":false,"widgetType":"heading","elType":"widget"}],"isInner":"1","elType":"column"},{"id":"59a5dfa6","settings":{"_column_size":"33","_inline_size":"","space_between_widgets":"7"},"elements":[{"id":"1c200f9d","settings":{"image":{"url":"http:\/\/sitefacilitado.com.br\/membros\/wp-content\/uploads\/2020\/03\/team03-2.jpg","id":"8127"},"image_size":"custom","image_custom_dimension":{"width":"130","height":"130"},"align":"center","image_border_radius":{"unit":"%","top":"100","right":"100","bottom":"100","left":"100","isLinked":"1"},"_padding":{"unit":"em","top":"0","right":"0","bottom":"1","left":"0","isLinked":""}},"elements":[],"isInner":false,"widgetType":"image","elType":"widget"},{"id":"5c71fc0c","settings":{"title":"Douglas Adams","header_size":"h3","align":"center","title_color":"#161c2d","typography_typography":"custom","typography_font_family":"Hind","typography_font_size":{"unit":"em","size":"1.156","sizes":[]},"typography_font_weight":"400","typography_line_height":{"unit":"em","size":"1.2","sizes":[]},"typography_letter_spacing":{"unit":"px","size":"0","sizes":[]},"_padding":{"unit":"em","top":"0","right":"0","bottom":"0","left":"0","isLinked":""}},"elements":[],"isInner":false,"widgetType":"heading","elType":"widget"},{"id":"37abf03b","settings":{"title":"Chief Revenue Officer","header_size":"h3","align":"center","title_color":"#869ab8","typography_typography":"custom","typography_font_family":"Hind","typography_font_size":{"unit":"em","size":"0.9","sizes":[]},"typography_font_weight":"300","typography_line_height":{"unit":"em","size":"1.2","sizes":[]},"typography_letter_spacing":{"unit":"px","size":"0","sizes":[]},"_padding":{"unit":"em","top":"0","right":"0","bottom":"0","left":"0","isLinked":""}},"elements":[],"isInner":false,"widgetType":"heading","elType":"widget"}],"isInner":"1","elType":"column"}],"isInner":"1","elType":"section"},{"id":"1bbde80a","settings":{"content_width":{"unit":"px","size":"841","sizes":[]},"structure":"30","padding":{"unit":"em","top":"02","right":"0","bottom":"0","left":"0","isLinked":""}},"elements":[{"id":"4d0792ca","settings":{"_column_size":"33","_inline_size":"","space_between_widgets":"7"},"elements":[{"id":"7d7addfe","settings":{"image":{"url":"http:\/\/sitefacilitado.com.br\/membros\/wp-content\/uploads\/2020\/03\/team04-1-1.jpg","id":"8128"},"image_size":"custom","image_custom_dimension":{"width":"130","height":"130"},"align":"center","image_border_radius":{"unit":"%","top":"100","right":"100","bottom":"100","left":"100","isLinked":"1"},"_padding":{"unit":"em","top":"0","right":"0","bottom":"1","left":"0","isLinked":""}},"elements":[],"isInner":false,"widgetType":"image","elType":"widget"},{"id":"28b391ab","settings":{"title":"John Rodgers","header_size":"h3","align":"center","title_color":"#161c2d","typography_typography":"custom","typography_font_family":"Hind","typography_font_size":{"unit":"em","size":"1.156","sizes":[]},"typography_font_weight":"400","typography_line_height":{"unit":"em","size":"1.2","sizes":[]},"typography_letter_spacing":{"unit":"px","size":"0","sizes":[]},"_padding":{"unit":"em","top":"0","right":"0","bottom":"0","left":"0","isLinked":""}},"elements":[],"isInner":false,"widgetType":"heading","elType":"widget"},{"id":"46e5a071","settings":{"title":"Investment Director","header_size":"h3","align":"center","title_color":"#869ab8","typography_typography":"custom","typography_font_family":"Hind","typography_font_size":{"unit":"em","size":"0.9","sizes":[]},"typography_font_weight":"300","typography_line_height":{"unit":"em","size":"1.2","sizes":[]},"typography_letter_spacing":{"unit":"px","size":"0","sizes":[]},"_padding":{"unit":"em","top":"0","right":"0","bottom":"0","left":"0","isLinked":""}},"elements":[],"isInner":false,"widgetType":"heading","elType":"widget"}],"isInner":"1","elType":"column"},{"id":"43af369b","settings":{"_column_size":"33","_inline_size":"","space_between_widgets":"7"},"elements":[{"id":"363b80df","settings":{"image":{"url":"http:\/\/sitefacilitado.com.br\/membros\/wp-content\/uploads\/2020\/03\/team05-1.jpg","id":"8129"},"image_size":"custom","image_custom_dimension":{"width":"130","height":"130"},"align":"center","image_border_radius":{"unit":"%","top":"100","right":"100","bottom":"100","left":"100","isLinked":"1"},"_padding":{"unit":"em","top":"0","right":"0","bottom":"1","left":"0","isLinked":""}},"elements":[],"isInner":false,"widgetType":"image","elType":"widget"},{"id":"9d23854","settings":{"title":"Laura Erwin","header_size":"h3","align":"center","title_color":"#161c2d","typography_typography":"custom","typography_font_family":"Hind","typography_font_size":{"unit":"em","size":"1.156","sizes":[]},"typography_font_weight":"400","typography_line_height":{"unit":"em","size":"1.2","sizes":[]},"typography_letter_spacing":{"unit":"px","size":"0","sizes":[]},"_padding":{"unit":"em","top":"0","right":"0","bottom":"0","left":"0","isLinked":""}},"elements":[],"isInner":false,"widgetType":"heading","elType":"widget"},{"id":"359c6a7b","settings":{"title":"Senior Ventures","header_size":"h3","align":"center","title_color":"#869ab8","typography_typography":"custom","typography_font_family":"Hind","typography_font_size":{"unit":"em","size":"0.9","sizes":[]},"typography_font_weight":"300","typography_line_height":{"unit":"em","size":"1.2","sizes":[]},"typography_letter_spacing":{"unit":"px","size":"0","sizes":[]},"_padding":{"unit":"em","top":"0","right":"0","bottom":"0","left":"0","isLinked":""}},"elements":[],"isInner":false,"widgetType":"heading","elType":"widget"}],"isInner":"1","elType":"column"},{"id":"285a75b3","settings":{"_column_size":"33","_inline_size":"","space_between_widgets":"7"},"elements":[{"id":"4ad9657f","settings":{"image":{"url":"http:\/\/sitefacilitado.com.br\/membros\/wp-content\/uploads\/2020\/03\/team06-1.jpg","id":"8130"},"image_size":"custom","image_custom_dimension":{"width":"130","height":"130"},"align":"center","image_border_radius":{"unit":"%","top":"100","right":"100","bottom":"100","left":"100","isLinked":"1"},"_padding":{"unit":"em","top":"0","right":"0","bottom":"1","left":"0","isLinked":""}},"elements":[],"isInner":false,"widgetType":"image","elType":"widget"},{"id":"574376f3","settings":{"title":"Martin Stubbs","header_size":"h3","align":"center","title_color":"#161c2d","typography_typography":"custom","typography_font_family":"Hind","typography_font_size":{"unit":"em","size":"1.156","sizes":[]},"typography_font_weight":"400","typography_line_height":{"unit":"em","size":"1.2","sizes":[]},"typography_letter_spacing":{"unit":"px","size":"0","sizes":[]},"_padding":{"unit":"em","top":"0","right":"0","bottom":"0","left":"0","isLinked":""}},"elements":[],"isInner":false,"widgetType":"heading","elType":"widget"},{"id":"cd6575","settings":{"title":"Ventures Associate","header_size":"h3","align":"center","title_color":"#869ab8","typography_typography":"custom","typography_font_family":"Hind","typography_font_size":{"unit":"em","size":"0.9","sizes":[]},"typography_font_weight":"300","typography_line_height":{"unit":"em","size":"1.2","sizes":[]},"typography_letter_spacing":{"unit":"px","size":"0","sizes":[]},"_padding":{"unit":"em","top":"0","right":"0","bottom":"0","left":"0","isLinked":""}},"elements":[],"isInner":false,"widgetType":"heading","elType":"widget"}],"isInner":"1","elType":"column"}],"isInner":"1","elType":"section"}],"isInner":"","elType":"column"}],"isInner":"","elType":"section"},{"id":"63f7df7e","settings":{"margin":{"unit":"px","top":"0","right":"0","bottom":"0","left":"0","isLinked":""},"background_background":"classic"},"elements":[{"id":"72b4d919","settings":{"_column_size":"100"},"elements":[],"isInner":"","elType":"column"}],"isInner":"","elType":"section"},{"id":"12f33eda","settings":{"background_background":"classic","background_color":"#335eea","padding":{"unit":"em","top":"3.5","right":"0","bottom":"3.5","left":"0","isLinked":""},"padding_tablet":{"unit":"em","top":"5","right":"01","bottom":"5","left":"01","isLinked":""},"background_overlay_background":"classic","background_overlay_image":{"url":"http:\/\/sitefacilitado.com.br\/membros\/wp-content\/uploads\/2020\/03\/pattern01.png","id":"8092"},"background_overlay_opacity":{"unit":"px","size":"0.3","sizes":[]},"css_filters_css_filter":"custom","css_filters_contrast":{"unit":"px","size":"200","sizes":[]},"content_width":{"unit":"px","size":"1033","sizes":[]},"content_position":"middle"},"elements":[{"id":"2a30c169","settings":{"_column_size":"100","_inline_size":"","_inline_size_tablet":"50","_inline_size_mobile":"50"},"elements":[{"id":"31b4778e","settings":{"text":"Major corporate partners","link":{"url":"","is_external":"","nofollow":""},"align":"center","size":"md","typography_typography":"custom","typography_font_family":"Hind","typography_font_size":{"unit":"em","size":"0.75","sizes":[]},"typography_font_weight":"400","typography_text_transform":"uppercase","typography_line_height":{"unit":"em","size":"1","sizes":[]},"typography_letter_spacing":{"unit":"px","size":"0.7","sizes":[]},"button_text_color":"#ffffff","background_color":"rgba(234,239,253,0.13)","hover_color":"#869ab8","button_background_hover_color":"rgba(234,239,253,0.13)","border_radius":{"unit":"px","top":"5","right":"5","bottom":"5","left":"5","isLinked":"1"},"text_padding":{"unit":"em","top":"0.8","right":"1.4","bottom":"0.6","left":"1.4","isLinked":""},"_padding":{"unit":"em","top":"","right":"","bottom":"","left":"","isLinked":"1"},"typography_font_size_mobile":{"unit":"px","size":"0","sizes":[]},"hide_mobile":"hidden-phone"},"elements":[],"isInner":false,"widgetType":"button","elType":"widget"},{"id":"217115b1","settings":{"structure":"50","background_color":"#335eea","padding":{"unit":"px","top":"","right":"","bottom":"","left":"","isLinked":""},"padding_tablet":{"unit":"em","top":"5","right":"01","bottom":"5","left":"01","isLinked":""},"background_overlay_background":"classic","background_overlay_image":{"url":"http:\/\/sitefacilitado.com.br\/membros\/wp-content\/uploads\/2020\/03\/pattern01.png","id":"8092"},"background_overlay_opacity":{"unit":"px","size":"0.3","sizes":[]},"css_filters_css_filter":"custom","css_filters_contrast":{"unit":"px","size":"200","sizes":[]},"content_width":{"unit":"px","size":"1033","sizes":[]},"content_position":"middle","layout":"full_width"},"elements":[{"id":"2c6fc2e5","settings":{"_column_size":"20","_inline_size":"","_inline_size_tablet":"33.333","_inline_size_mobile":"33.333"},"elements":[{"id":"55c58610","settings":{"image":{"url":"http:\/\/sitefacilitado.com.br\/membros\/wp-content\/uploads\/2020\/03\/client-light-01-2.png","id":"8131"},"image_size":"full","image_custom_dimension":{"width":"200","height":"150"},"width":{"unit":"%","size":"100","sizes":[]},"space":{"unit":"%","size":"70","sizes":[]}},"elements":[],"isInner":false,"widgetType":"image","elType":"widget"}],"isInner":"","elType":"column"},{"id":"e6bd2e9","settings":{"_column_size":"20","_inline_size":"","_inline_size_tablet":"33.333","_inline_size_mobile":"33.333"},"elements":[{"id":"539891c2","settings":{"image":{"url":"http:\/\/sitefacilitado.com.br\/membros\/wp-content\/uploads\/2020\/03\/client-light-02-2.png","id":"8132"},"image_size":"custom","image_custom_dimension":{"width":"200","height":"150"},"width":{"unit":"%","size":"100","sizes":[]},"space":{"unit":"%","size":"70","sizes":[]}},"elements":[],"isInner":false,"widgetType":"image","elType":"widget"}],"isInner":"","elType":"column"},{"id":"151815f6","settings":{"_column_size":"20","_inline_size":"","_inline_size_tablet":"33.333","_inline_size_mobile":"33.333"},"elements":[{"id":"b952924","settings":{"image":{"url":"http:\/\/sitefacilitado.com.br\/membros\/wp-content\/uploads\/2020\/03\/client-light-004-2.png","id":"8133"},"image_size":"custom","image_custom_dimension":{"width":"200","height":"150"},"width":{"unit":"%","size":"100","sizes":[]},"space":{"unit":"%","size":"70","sizes":[]}},"elements":[],"isInner":false,"widgetType":"image","elType":"widget"}],"isInner":"","elType":"column"},{"id":"4534f63f","settings":{"_column_size":"20","_inline_size":"","_inline_size_tablet":"50","_inline_size_mobile":"50"},"elements":[{"id":"31a35f13","settings":{"image":{"url":"http:\/\/sitefacilitado.com.br\/membros\/wp-content\/uploads\/2020\/03\/client-light-03-2.png","id":"8134"},"image_size":"custom","image_custom_dimension":{"width":"200","height":"150"},"width":{"unit":"%","size":"100","sizes":[]},"space":{"unit":"%","size":"70","sizes":[]}},"elements":[],"isInner":false,"widgetType":"image","elType":"widget"}],"isInner":"","elType":"column"},{"id":"5877ae2c","settings":{"_column_size":"20","_inline_size":"","_inline_size_tablet":"50","_inline_size_mobile":"50"},"elements":[{"id":"68cbd5bc","settings":{"image":{"url":"http:\/\/sitefacilitado.com.br\/membros\/wp-content\/uploads\/2020\/03\/client5-light.png","id":"8135"},"image_size":"custom","image_custom_dimension":{"width":"200","height":"150"},"width":{"unit":"%","size":"100","sizes":[]},"space":{"unit":"%","size":"70","sizes":[]}},"elements":[],"isInner":false,"widgetType":"image","elType":"widget"}],"isInner":"","elType":"column"}],"isInner":"","elType":"section"}],"isInner":"","elType":"column"}],"isInner":"","elType":"section"}]}