{
    "version": "0.4",
    "title": "404",
    "type": "single",
    "metadata": {
        "template_type": "single-404",
        "include_in_zip": "1",
        "elementor_pro_required": "1",
        "elementor_library_type": "single",
        "elementor_pro_conditions": [
            "include\/singular\/not_found404"
        ],
        "additional_template_information": [
            "This is a \"Single\" template for Elementor Pro.",
            "This template will display on: 404 Page."
        ],
        "wp_page_template": "default"
    },
    "content": [
        {
            "id": "d831426",
            "settings": {
                "height": "min-height",
                "custom_height": {
                    "unit": "vh",
                    "size": 100,
                    "sizes": []
                },
                "ekit_has_onepagescroll": "",
                "gap": "wider"
            },
            "elements": [
                {
                    "id": "22beafae",
                    "settings": {
                        "_column_size": 100,
                        "_inline_size": null,
                        "align": "center"
                    },
                    "elements": [
                        {
                            "id": "7309d856",
                            "settings": {
                                "title": "OOOPS",
                                "header_size": "h1",
                                "align": "center",
                                "title_color": "#DEDEDE",
                                "typography_typography": "custom",
                                "typography_font_family": "Josefin Sans",
                                "typography_font_size": {
                                    "unit": "px",
                                    "size": 270,
                                    "sizes": []
                                },
                                "typography_font_weight": "100",
                                "typography_letter_spacing": {
                                    "unit": "px",
                                    "size": -25,
                                    "sizes": []
                                },
                                "typography_font_size_tablet": {
                                    "unit": "px",
                                    "size": 200,
                                    "sizes": []
                                },
                                "typography_font_size_mobile": {
                                    "unit": "vw",
                                    "size": 22,
                                    "sizes": []
                                },
                                "typography_letter_spacing_mobile": {
                                    "unit": "px",
                                    "size": -5,
                                    "sizes": []
                                },
                                "_margin": {
                                    "unit": "%",
                                    "top": "0",
                                    "right": "0",
                                    "bottom": "0",
                                    "left": "0",
                                    "isLinked": false
                                },
                                "_element_width": "auto"
                            },
                            "elements": [],
                            "isInner": false,
                            "widgetType": "heading",
                            "elType": "widget"
                        },
                        {
                            "id": "188196dd",
                            "settings": {
                                "title": "!",
                                "header_size": "h1",
                                "align": "center",
                                "title_color": "#DEDEDE",
                                "typography_typography": "custom",
                                "typography_font_family": "Josefin Sans",
                                "typography_font_size": {
                                    "unit": "px",
                                    "size": 300,
                                    "sizes": []
                                },
                                "typography_font_weight": "100",
                                "typography_letter_spacing": {
                                    "unit": "px",
                                    "size": -25,
                                    "sizes": []
                                },
                                "typography_font_size_tablet": {
                                    "unit": "px",
                                    "size": 200,
                                    "sizes": []
                                },
                                "typography_font_size_mobile": {
                                    "unit": "vw",
                                    "size": 22,
                                    "sizes": []
                                },
                                "typography_letter_spacing_mobile": {
                                    "unit": "px",
                                    "size": -5,
                                    "sizes": []
                                },
                                "_margin": {
                                    "unit": "%",
                                    "top": "0",
                                    "right": "0",
                                    "bottom": "0",
                                    "left": "35",
                                    "isLinked": false
                                },
                                "_element_width": "auto",
                                "_margin_tablet": {
                                    "unit": "px",
                                    "top": "11",
                                    "right": "0",
                                    "bottom": "0",
                                    "left": "20",
                                    "isLinked": false
                                },
                                "_margin_mobile": {
                                    "unit": "px",
                                    "top": "0",
                                    "right": "0",
                                    "bottom": "0",
                                    "left": "0",
                                    "isLinked": false
                                }
                            },
                            "elements": [],
                            "isInner": false,
                            "widgetType": "heading",
                            "elType": "widget"
                        },
                        {
                            "id": "67cf6be4",
                            "settings": {
                                "title": "404 \u2013 Page not found",
                                "header_size": "span",
                                "align": "center",
                                "title_color": "#333333",
                                "typography_typography": "custom",
                                "typography_font_size": {
                                    "unit": "px",
                                    "size": 50,
                                    "sizes": []
                                },
                                "typography_font_weight": "400",
                                "_margin": {
                                    "unit": "px",
                                    "top": "-131",
                                    "right": "0",
                                    "bottom": "0",
                                    "left": "0",
                                    "isLinked": false
                                },
                                "_padding": {
                                    "unit": "px",
                                    "top": "15",
                                    "right": "16",
                                    "bottom": "0",
                                    "left": "16",
                                    "isLinked": false
                                },
                                "_background_background": "classic",
                                "_background_color": "#FFFFFF",
                                "_element_width": "auto",
                                "typography_font_size_mobile": {
                                    "unit": "px",
                                    "size": 28,
                                    "sizes": []
                                },
                                "_margin_tablet": {
                                    "unit": "px",
                                    "top": "-27",
                                    "right": "0",
                                    "bottom": "24",
                                    "left": "0",
                                    "isLinked": false
                                },
                                "typography_font_family": "Josefin Sans",
                                "typography_text_transform": "uppercase",
                                "_margin_mobile": {
                                    "unit": "px",
                                    "top": "0",
                                    "right": "0",
                                    "bottom": "0",
                                    "left": "0",
                                    "isLinked": false
                                }
                            },
                            "elements": [],
                            "isInner": false,
                            "widgetType": "heading",
                            "elType": "widget"
                        },
                        {
                            "id": "c7e8ee4",
                            "settings": {
                                "structure": "30",
                                "margin": {
                                    "unit": "px",
                                    "top": "-44",
                                    "right": 0,
                                    "bottom": "24",
                                    "left": 0,
                                    "isLinked": false
                                },
                                "ekit_has_onepagescroll": "",
                                "margin_tablet": {
                                    "unit": "px",
                                    "top": "0",
                                    "right": 0,
                                    "bottom": "0",
                                    "left": 0,
                                    "isLinked": false
                                }
                            },
                            "elements": [
                                {
                                    "id": "654838cd",
                                    "settings": {
                                        "_column_size": 33,
                                        "_inline_size": 20
                                    },
                                    "elements": [],
                                    "isInner": true,
                                    "elType": "column"
                                },
                                {
                                    "id": "2f79ec5f",
                                    "settings": {
                                        "_column_size": 33,
                                        "_inline_size": 59.333,
                                        "_inline_size_tablet": 100
                                    },
                                    "elements": [
                                        {
                                            "id": "584a6644",
                                            "settings": {
                                                "editor": "<p>The page you are looking for might have been removed, had its name changed or is temporarily unavailable<\/p>",
                                                "align": "center",
                                                "typography_typography": "custom",
                                                "typography_font_size": {
                                                    "unit": "px",
                                                    "size": 21,
                                                    "sizes": []
                                                },
                                                "typography_font_size_mobile": {
                                                    "unit": "px",
                                                    "size": 16,
                                                    "sizes": []
                                                }
                                            },
                                            "elements": [],
                                            "isInner": false,
                                            "widgetType": "text-editor",
                                            "elType": "widget"
                                        }
                                    ],
                                    "isInner": true,
                                    "elType": "column"
                                },
                                {
                                    "id": "618060ec",
                                    "settings": {
                                        "_column_size": 33,
                                        "_inline_size": 20
                                    },
                                    "elements": [],
                                    "isInner": true,
                                    "elType": "column"
                                }
                            ],
                            "isInner": true,
                            "elType": "section"
                        },
                        {
                            "id": "43e97d44",
                            "settings": {
                                "text": "Go to homepage",
                                "align": "center",
                                "size": "md",
                                "icon_align": "right",
                                "icon_indent": {
                                    "unit": "px",
                                    "size": 0,
                                    "sizes": []
                                }
                            },
                            "elements": [],
                            "isInner": false,
                            "widgetType": "button",
                            "elType": "widget"
                        }
                    ],
                    "isInner": false,
                    "elType": "column"
                }
            ],
            "isInner": false,
            "elType": "section"
        }
    ]
}