{
    "version": "0.4",
    "title": "About",
    "type": "page",
    "metadata": {
        "template_type": "single-page",
        "include_in_zip": "1",
        "elementor_pro_required": "1",
        "wp_page_template": "elementor_header_footer"
    },
    "content": [
        {
            "id": "557c7c17",
            "settings": {
                "layout": "full_width",
                "gap": "wider",
                "height": "min-height",
                "custom_height": {
                    "unit": "px",
                    "size": 300,
                    "sizes": []
                },
                "custom_height_tablet": {
                    "unit": "px",
                    "size": 200,
                    "sizes": []
                },
                "background_background": "classic",
                "background_image": {
                    "url": "https:\/\/kit.detheme.com\/semeru\/wp-content\/uploads\/sites\/3\/2020\/07\/interior-of-modern-living-room-3-d-rendering-GVYRNDP-1.jpg",
                    "id": 566
                },
                "background_position": "bottom center",
                "background_size": "cover",
                "padding": {
                    "unit": "px",
                    "top": "48",
                    "right": "0",
                    "bottom": "48",
                    "left": "0",
                    "isLinked": false
                },
                "background_motion_fx_translateY_effect": "yes",
                "background_motion_fx_translateY_speed": {
                    "unit": "px",
                    "size": 10,
                    "sizes": []
                }
            },
            "elements": [
                {
                    "id": "26ab5df8",
                    "settings": {
                        "_column_size": 100,
                        "_inline_size": null
                    },
                    "elements": [
                        {
                            "id": "4cfba7f1",
                            "settings": {
                                "title": "ABOUT",
                                "header_size": "h1",
                                "align": "center",
                                "title_color": "#FFFFFF",
                                "_margin": {
                                    "unit": "px",
                                    "top": "0",
                                    "right": "0",
                                    "bottom": "-16",
                                    "left": "0",
                                    "isLinked": false
                                }
                            },
                            "elements": [],
                            "isInner": false,
                            "widgetType": "heading",
                            "elType": "widget"
                        }
                    ],
                    "isInner": false,
                    "elType": "column"
                }
            ],
            "isInner": false,
            "elType": "section"
        },
        {
            "id": "3084b6d0",
            "settings": {
                "gap": "wider",
                "padding": {
                    "unit": "px",
                    "top": "128",
                    "right": "0",
                    "bottom": "0",
                    "left": "0",
                    "isLinked": false
                },
                "padding_mobile": {
                    "unit": "px",
                    "top": "48",
                    "right": "0",
                    "bottom": "0",
                    "left": "0",
                    "isLinked": false
                },
                "structure": "30",
                "reverse_order_mobile": "reverse-mobile",
                "overflow": "hidden",
                "padding_tablet": {
                    "unit": "px",
                    "top": "48",
                    "right": "0",
                    "bottom": "0",
                    "left": "0",
                    "isLinked": false
                },
                "reverse_order_tablet": "reverse-tablet"
            },
            "elements": [
                {
                    "id": "7e75837a",
                    "settings": {
                        "_column_size": 33,
                        "_inline_size": 40.538,
                        "_inline_size_tablet": 26,
                        "content_position_tablet": "bottom",
                        "padding": {
                            "unit": "px",
                            "top": "30",
                            "right": "30",
                            "bottom": "0",
                            "left": "30",
                            "isLinked": false
                        }
                    },
                    "elements": [
                        {
                            "id": "500ba61b",
                            "settings": {
                                "image": {
                                    "url": "https:\/\/kit.detheme.com\/semeru\/wp-content\/uploads\/sites\/3\/2020\/07\/happy-vintner-with-crossed-hands-in-the-fields-P8NV7ZQ.png",
                                    "id": 643
                                },
                                "width_mobile": {
                                    "unit": "px",
                                    "size": 199,
                                    "sizes": []
                                },
                                "width_tablet": {
                                    "unit": "px",
                                    "size": 373,
                                    "sizes": []
                                },
                                "_margin_tablet": {
                                    "unit": "px",
                                    "top": "0",
                                    "right": "-511",
                                    "bottom": "0",
                                    "left": "-422",
                                    "isLinked": false
                                },
                                "_margin_mobile": {
                                    "unit": "px",
                                    "top": "0",
                                    "right": "0",
                                    "bottom": "0",
                                    "left": "0",
                                    "isLinked": false
                                }
                            },
                            "elements": [],
                            "isInner": false,
                            "widgetType": "image",
                            "elType": "widget"
                        }
                    ],
                    "isInner": false,
                    "elType": "column"
                },
                {
                    "id": "87edad0",
                    "settings": {
                        "_column_size": 33,
                        "_inline_size": 10,
                        "_inline_size_tablet": 2
                    },
                    "elements": [],
                    "isInner": false,
                    "elType": "column"
                },
                {
                    "id": "4519e719",
                    "settings": {
                        "_column_size": 33,
                        "_inline_size": 48.794,
                        "_inline_size_tablet": 70
                    },
                    "elements": [
                        {
                            "id": "88f8148",
                            "settings": {
                                "title": "Hello & Welcome to Semeru",
                                "header_size": "div",
                                "typography_typography": "custom",
                                "typography_font_size": {
                                    "unit": "px",
                                    "size": 16,
                                    "sizes": []
                                },
                                "typography_font_weight": "400",
                                "_margin": {
                                    "unit": "px",
                                    "top": "0",
                                    "right": "0",
                                    "bottom": "16",
                                    "left": "0",
                                    "isLinked": false
                                },
                                "ekit_we_effect_on": "none",
                                "ekit_we_css_animation_fx": "",
                                "ekit_we_css_animation": "ekit-fade",
                                "ekit_we_css_animation_tablet": "",
                                "ekit_we_css_animation_mobile": "",
                                "ekit_we_css_animation_speed": "5",
                                "ekit_we_css_animation_iteration_count": "infinite",
                                "ekit_we_css_animation_direction": "normal",
                                "ekit_we_css_transform_fx": "",
                                "ekit_we_css_transform_fx_translate_toggle": "",
                                "ekit_we_css_transform_fx_translate_x": {
                                    "unit": "px",
                                    "size": "",
                                    "sizes": []
                                },
                                "ekit_we_css_transform_fx_translate_x_tablet": {
                                    "unit": "px",
                                    "size": "",
                                    "sizes": []
                                },
                                "ekit_we_css_transform_fx_translate_x_mobile": {
                                    "unit": "px",
                                    "size": "",
                                    "sizes": []
                                },
                                "ekit_we_css_transform_fx_translate_y": {
                                    "unit": "px",
                                    "size": "",
                                    "sizes": []
                                },
                                "ekit_we_css_transform_fx_translate_y_tablet": {
                                    "unit": "px",
                                    "size": "",
                                    "sizes": []
                                },
                                "ekit_we_css_transform_fx_translate_y_mobile": {
                                    "unit": "px",
                                    "size": "",
                                    "sizes": []
                                },
                                "ekit_we_css_transform_fx_rotate_toggle": "",
                                "ekit_we_css_transform_fx_rotate_z": {
                                    "unit": "px",
                                    "size": "",
                                    "sizes": []
                                },
                                "ekit_we_css_transform_fx_rotate_z_tablet": {
                                    "unit": "px",
                                    "size": "",
                                    "sizes": []
                                },
                                "ekit_we_css_transform_fx_rotate_z_mobile": {
                                    "unit": "px",
                                    "size": "",
                                    "sizes": []
                                },
                                "ekit_we_css_transform_fx_rotate_x": {
                                    "unit": "px",
                                    "size": "",
                                    "sizes": []
                                },
                                "ekit_we_css_transform_fx_rotate_x_tablet": {
                                    "unit": "px",
                                    "size": "",
                                    "sizes": []
                                },
                                "ekit_we_css_transform_fx_rotate_x_mobile": {
                                    "unit": "px",
                                    "size": "",
                                    "sizes": []
                                },
                                "ekit_we_css_transform_fx_rotate_y": {
                                    "unit": "px",
                                    "size": "",
                                    "sizes": []
                                },
                                "ekit_we_css_transform_fx_rotate_y_tablet": {
                                    "unit": "px",
                                    "size": "",
                                    "sizes": []
                                },
                                "ekit_we_css_transform_fx_rotate_y_mobile": {
                                    "unit": "px",
                                    "size": "",
                                    "sizes": []
                                },
                                "ekit_we_css_transform_fx_scale_toggle": "",
                                "ekit_we_css_transform_fx_scale_x": {
                                    "unit": "px",
                                    "size": 1,
                                    "sizes": []
                                },
                                "ekit_we_css_transform_fx_scale_x_tablet": {
                                    "unit": "px",
                                    "size": "",
                                    "sizes": []
                                },
                                "ekit_we_css_transform_fx_scale_x_mobile": {
                                    "unit": "px",
                                    "size": "",
                                    "sizes": []
                                },
                                "ekit_we_css_transform_fx_scale_y": {
                                    "unit": "px",
                                    "size": 1,
                                    "sizes": []
                                },
                                "ekit_we_css_transform_fx_scale_y_tablet": {
                                    "unit": "px",
                                    "size": "",
                                    "sizes": []
                                },
                                "ekit_we_css_transform_fx_scale_y_mobile": {
                                    "unit": "px",
                                    "size": "",
                                    "sizes": []
                                },
                                "ekit_we_css_transform_fx_skew_toggle": "",
                                "ekit_we_css_transform_fx_skew_x": {
                                    "unit": "px",
                                    "size": "",
                                    "sizes": []
                                },
                                "ekit_we_css_transform_fx_skew_x_tablet": {
                                    "unit": "px",
                                    "size": "",
                                    "sizes": []
                                },
                                "ekit_we_css_transform_fx_skew_x_mobile": {
                                    "unit": "px",
                                    "size": "",
                                    "sizes": []
                                },
                                "ekit_we_css_transform_fx_skew_y": {
                                    "unit": "px",
                                    "size": "",
                                    "sizes": []
                                },
                                "ekit_we_css_transform_fx_skew_y_tablet": {
                                    "unit": "px",
                                    "size": "",
                                    "sizes": []
                                },
                                "ekit_we_css_transform_fx_skew_y_mobile": {
                                    "unit": "px",
                                    "size": "",
                                    "sizes": []
                                },
                                "ekit_we_on_test_mode": "on",
                                "ekit_we_tilt_maxtilt": 20,
                                "ekit_we_tilt_scale": 1,
                                "ekit_we_tilt_disableaxis": "",
                                "ekit_we_mousemove_parallax_speed": 40,
                                "ekit_we_scroll_animation": "translateY",
                                "ekit_we_scroll_animation_value": 250,
                                "ekit_we_scroll_smoothness": 700,
                                "ekit_we_scroll_offsettop": 0,
                                "ekit_we_scroll_offsetbottom": 0,
                                "ekit_sticky": "",
                                "ekit_sticky_on": [
                                    "desktop",
                                    "tablet",
                                    "mobile"
                                ],
                                "ekit_sticky_offset": {
                                    "unit": "px",
                                    "size": 0,
                                    "sizes": []
                                },
                                "ekit_sticky_effect_offset": {
                                    "unit": "px",
                                    "size": 0,
                                    "sizes": []
                                },
                                "typography_font_size_tablet": {
                                    "unit": "px",
                                    "size": 18,
                                    "sizes": []
                                },
                                "title_color": "#999999",
                                "typography_font_family": "EB Garamond",
                                "typography_line_height": {
                                    "unit": "em",
                                    "size": 1.5,
                                    "sizes": []
                                },
                                "_element_width": "initial",
                                "_element_custom_width": {
                                    "unit": "px",
                                    "size": 400,
                                    "sizes": []
                                },
                                "typography_font_style": "italic"
                            },
                            "elements": [],
                            "isInner": false,
                            "widgetType": "heading",
                            "elType": "widget"
                        },
                        {
                            "id": "34c3a0cb",
                            "settings": {
                                "title": "Our founder",
                                "typography_font_size": {
                                    "unit": "px",
                                    "size": 70,
                                    "sizes": []
                                },
                                "typography_line_height": {
                                    "unit": "em",
                                    "size": 1.2,
                                    "sizes": []
                                },
                                "_margin": {
                                    "unit": "px",
                                    "top": "0",
                                    "right": "0",
                                    "bottom": "24",
                                    "left": "0",
                                    "isLinked": false
                                }
                            },
                            "elements": [],
                            "isInner": false,
                            "widgetType": "heading",
                            "elType": "widget"
                        },
                        {
                            "id": "6fab4122",
                            "settings": {
                                "editor": "<p>Donec id elit non mi porta gravida at eget metus. Sed posuere consectetur est at lobortis. Duis mollis, est non commodo luctus, nisi erat porttitor ligula, eget lacinia odio sem nec elit.<\/p><p>Cras mattis consectetur purus sit amet fermentum. Vestibulum id ligula porta felis euismod semper. Nulla vitae elit libero, a pharetra augue. Sed posuere consectetur est at lobortis. Donec id elit non mi porta gravida at eget metus.<\/p><p>Pellentesque ornare sem ipsum lacinia quam venenatis purus vestibulum. Duis mollis, est non commodo luctus, nisi erat porttitor ligula, eget lacinia odio sem nec elit. Nullam quis risus eget urna mollis ornare vel eu leo. Nullam id dolor id nibh ultricies vehicula ut id elit. Integer posuere erat a ante Praesent commodo cursus magna, vel scelerisque nisl consectetur et. Vestibulum id ligula porta felis euismod semper. Fusce dapibus, tellus ac cursus commodo, tortor mauris condimentum nibh, ut fermentum massa justo sit amet risus dapibus lorem upsum<\/p><p>Cum sociis natoque penatibus et magnis dis parturient montes, nascetur ridiculus mus. Donec id elit non mi porta gravida at eget metus. Vivamus sagittis lacus vel augue laoreet rutrum faucibus dolor auctor. Donec sed odio dui. Integer posuere erat a ante venenatis dapibus posuere velit aliquet.<\/p>",
                                "text_columns": "2",
                                "text_columns_mobile": "1",
                                "_margin": {
                                    "unit": "px",
                                    "top": "0",
                                    "right": "0",
                                    "bottom": "48",
                                    "left": "0",
                                    "isLinked": false
                                },
                                "text_columns_tablet": "1",
                                "column_gap": {
                                    "unit": "px",
                                    "size": 48,
                                    "sizes": []
                                }
                            },
                            "elements": [],
                            "isInner": false,
                            "widgetType": "text-editor",
                            "elType": "widget"
                        },
                        {
                            "id": "3b88bb7b",
                            "settings": {
                                "image": {
                                    "url": "https:\/\/kit.detheme.com\/semeru\/wp-content\/uploads\/sites\/3\/2020\/07\/Antonin-Scalia-Signature-2016021501.png",
                                    "id": 642
                                },
                                "align": "left",
                                "width": {
                                    "unit": "px",
                                    "size": 120,
                                    "sizes": []
                                },
                                "opacity": {
                                    "unit": "px",
                                    "size": 0.65,
                                    "sizes": []
                                },
                                "_margin": {
                                    "unit": "px",
                                    "top": "0",
                                    "right": "0",
                                    "bottom": "16",
                                    "left": "0",
                                    "isLinked": false
                                }
                            },
                            "elements": [],
                            "isInner": false,
                            "widgetType": "image",
                            "elType": "widget"
                        },
                        {
                            "id": "224a518f",
                            "settings": {
                                "title": "Anthony Scalia",
                                "header_size": "span",
                                "align": "left",
                                "title_color": "#333333",
                                "typography_typography": "custom",
                                "typography_font_weight": "400"
                            },
                            "elements": [],
                            "isInner": false,
                            "widgetType": "heading",
                            "elType": "widget"
                        }
                    ],
                    "isInner": false,
                    "elType": "column"
                }
            ],
            "isInner": false,
            "elType": "section"
        },
        {
            "id": "2e7b41b0",
            "settings": {
                "gap": "wider",
                "background_background": "classic",
                "background_color": "#FFFCF1",
                "padding": {
                    "unit": "px",
                    "top": "128",
                    "right": "0",
                    "bottom": "128",
                    "left": "0",
                    "isLinked": false
                },
                "padding_tablet": {
                    "unit": "px",
                    "top": "48",
                    "right": "0",
                    "bottom": "48",
                    "left": "0",
                    "isLinked": false
                }
            },
            "elements": [
                {
                    "id": "5f6afb6f",
                    "settings": {
                        "_column_size": 100,
                        "_inline_size": null
                    },
                    "elements": [
                        {
                            "id": "4e6c1f0c",
                            "settings": {
                                "gap": "no",
                                "structure": "40"
                            },
                            "elements": [
                                {
                                    "id": "68879c66",
                                    "settings": {
                                        "_column_size": 25,
                                        "_inline_size": null,
                                        "_inline_size_tablet": 50,
                                        "margin_tablet": {
                                            "unit": "px",
                                            "top": "0",
                                            "right": "0",
                                            "bottom": "64",
                                            "left": "0",
                                            "isLinked": false
                                        }
                                    },
                                    "elements": [
                                        {
                                            "id": "1855e477",
                                            "settings": {
                                                "image": {
                                                    "url": "https:\/\/kit.detheme.com\/semeru\/wp-content\/uploads\/sites\/3\/2020\/07\/E-COMMERCE-Black-05.png",
                                                    "id": 579
                                                },
                                                "width": {
                                                    "unit": "px",
                                                    "size": 171,
                                                    "sizes": []
                                                }
                                            },
                                            "elements": [],
                                            "isInner": false,
                                            "widgetType": "image",
                                            "elType": "widget"
                                        },
                                        {
                                            "id": "64346256",
                                            "settings": {
                                                "ending_number": 76,
                                                "suffix": "K",
                                                "title": "Weekly Deliveries",
                                                "typography_number_typography": "custom",
                                                "typography_number_font_family": "Josefin Sans",
                                                "typography_number_font_weight": "300",
                                                "title_color": "#333333",
                                                "typography_title_typography": "custom",
                                                "typography_title_font_family": "Josefin Sans",
                                                "typography_title_font_size": {
                                                    "unit": "px",
                                                    "size": 13,
                                                    "sizes": []
                                                },
                                                "typography_title_font_weight": "600",
                                                "typography_title_text_transform": "uppercase",
                                                "typography_title_letter_spacing": {
                                                    "unit": "px",
                                                    "size": 2,
                                                    "sizes": []
                                                }
                                            },
                                            "elements": [],
                                            "isInner": false,
                                            "widgetType": "counter",
                                            "elType": "widget"
                                        }
                                    ],
                                    "isInner": true,
                                    "elType": "column"
                                },
                                {
                                    "id": "1b7a163",
                                    "settings": {
                                        "_column_size": 25,
                                        "_inline_size": null,
                                        "_inline_size_tablet": 50,
                                        "margin_tablet": {
                                            "unit": "px",
                                            "top": "0",
                                            "right": "0",
                                            "bottom": "64",
                                            "left": "0",
                                            "isLinked": false
                                        }
                                    },
                                    "elements": [
                                        {
                                            "id": "6ae5a096",
                                            "settings": {
                                                "image": {
                                                    "url": "https:\/\/kit.detheme.com\/semeru\/wp-content\/uploads\/sites\/3\/2020\/07\/BANKING-AND-FINANCE-Black-08.png",
                                                    "id": 806
                                                },
                                                "width": {
                                                    "unit": "px",
                                                    "size": 171,
                                                    "sizes": []
                                                }
                                            },
                                            "elements": [],
                                            "isInner": false,
                                            "widgetType": "image",
                                            "elType": "widget"
                                        },
                                        {
                                            "id": "6269d939",
                                            "settings": {
                                                "ending_number": 1.5,
                                                "suffix": "M",
                                                "title": "Global customers",
                                                "typography_number_typography": "custom",
                                                "typography_number_font_family": "Josefin Sans",
                                                "typography_number_font_weight": "300",
                                                "title_color": "#333333",
                                                "typography_title_typography": "custom",
                                                "typography_title_font_family": "Josefin Sans",
                                                "typography_title_font_size": {
                                                    "unit": "px",
                                                    "size": 13,
                                                    "sizes": []
                                                },
                                                "typography_title_font_weight": "600",
                                                "typography_title_text_transform": "uppercase",
                                                "typography_title_letter_spacing": {
                                                    "unit": "px",
                                                    "size": 2,
                                                    "sizes": []
                                                }
                                            },
                                            "elements": [],
                                            "isInner": false,
                                            "widgetType": "counter",
                                            "elType": "widget"
                                        }
                                    ],
                                    "isInner": true,
                                    "elType": "column"
                                },
                                {
                                    "id": "16e8d69c",
                                    "settings": {
                                        "_column_size": 25,
                                        "_inline_size": null,
                                        "_inline_size_tablet": 50,
                                        "margin_mobile": {
                                            "unit": "px",
                                            "top": "0",
                                            "right": "0",
                                            "bottom": "48",
                                            "left": "0",
                                            "isLinked": false
                                        }
                                    },
                                    "elements": [
                                        {
                                            "id": "18966132",
                                            "settings": {
                                                "image": {
                                                    "url": "https:\/\/kit.detheme.com\/semeru\/wp-content\/uploads\/sites\/3\/2020\/07\/BUSINESS-AND-MARKETING-Black-28.png",
                                                    "id": 805
                                                },
                                                "width": {
                                                    "unit": "px",
                                                    "size": 171,
                                                    "sizes": []
                                                }
                                            },
                                            "elements": [],
                                            "isInner": false,
                                            "widgetType": "image",
                                            "elType": "widget"
                                        },
                                        {
                                            "id": "7b23acab",
                                            "settings": {
                                                "ending_number": 24,
                                                "suffix": "H",
                                                "title": "Customer service",
                                                "typography_number_typography": "custom",
                                                "typography_number_font_family": "Josefin Sans",
                                                "typography_number_font_weight": "300",
                                                "title_color": "#333333",
                                                "typography_title_typography": "custom",
                                                "typography_title_font_family": "Josefin Sans",
                                                "typography_title_font_size": {
                                                    "unit": "px",
                                                    "size": 13,
                                                    "sizes": []
                                                },
                                                "typography_title_font_weight": "600",
                                                "typography_title_text_transform": "uppercase",
                                                "typography_title_letter_spacing": {
                                                    "unit": "px",
                                                    "size": 2,
                                                    "sizes": []
                                                }
                                            },
                                            "elements": [],
                                            "isInner": false,
                                            "widgetType": "counter",
                                            "elType": "widget"
                                        }
                                    ],
                                    "isInner": true,
                                    "elType": "column"
                                },
                                {
                                    "id": "772b7e04",
                                    "settings": {
                                        "_column_size": 25,
                                        "_inline_size": null,
                                        "_inline_size_tablet": 50
                                    },
                                    "elements": [
                                        {
                                            "id": "6b205d2d",
                                            "settings": {
                                                "image": {
                                                    "url": "https:\/\/kit.detheme.com\/semeru\/wp-content\/uploads\/sites\/3\/2020\/07\/CREATIVE-CONCEPT-Black-02.png",
                                                    "id": 804
                                                },
                                                "width": {
                                                    "unit": "px",
                                                    "size": 171,
                                                    "sizes": []
                                                }
                                            },
                                            "elements": [],
                                            "isInner": false,
                                            "widgetType": "image",
                                            "elType": "widget"
                                        },
                                        {
                                            "id": "2e61f57",
                                            "settings": {
                                                "ending_number": 12,
                                                "suffix": "K",
                                                "title": "Free Design",
                                                "typography_number_typography": "custom",
                                                "typography_number_font_family": "Josefin Sans",
                                                "typography_number_font_weight": "300",
                                                "title_color": "#333333",
                                                "typography_title_typography": "custom",
                                                "typography_title_font_family": "Josefin Sans",
                                                "typography_title_font_size": {
                                                    "unit": "px",
                                                    "size": 13,
                                                    "sizes": []
                                                },
                                                "typography_title_font_weight": "600",
                                                "typography_title_text_transform": "uppercase",
                                                "typography_title_letter_spacing": {
                                                    "unit": "px",
                                                    "size": 2,
                                                    "sizes": []
                                                }
                                            },
                                            "elements": [],
                                            "isInner": false,
                                            "widgetType": "counter",
                                            "elType": "widget"
                                        }
                                    ],
                                    "isInner": true,
                                    "elType": "column"
                                }
                            ],
                            "isInner": true,
                            "elType": "section"
                        }
                    ],
                    "isInner": false,
                    "elType": "column"
                }
            ],
            "isInner": false,
            "elType": "section"
        },
        {
            "id": "7e8a7ca",
            "settings": {
                "gap": "wider",
                "padding": {
                    "unit": "px",
                    "top": "128",
                    "right": "0",
                    "bottom": "128",
                    "left": "0",
                    "isLinked": false
                },
                "padding_tablet": {
                    "unit": "px",
                    "top": "48",
                    "right": "0",
                    "bottom": "48",
                    "left": "0",
                    "isLinked": false
                }
            },
            "elements": [
                {
                    "id": "1e2b9d13",
                    "settings": {
                        "_column_size": 100,
                        "_inline_size": null
                    },
                    "elements": [
                        {
                            "id": "5758aa9f",
                            "settings": {
                                "title": "How we do it",
                                "header_size": "div",
                                "typography_typography": "custom",
                                "typography_font_size": {
                                    "unit": "px",
                                    "size": 16,
                                    "sizes": []
                                },
                                "typography_font_weight": "400",
                                "_margin": {
                                    "unit": "px",
                                    "top": "0",
                                    "right": "0",
                                    "bottom": "16",
                                    "left": "0",
                                    "isLinked": false
                                },
                                "ekit_we_effect_on": "none",
                                "ekit_we_css_animation_fx": "",
                                "ekit_we_css_animation": "ekit-fade",
                                "ekit_we_css_animation_tablet": "",
                                "ekit_we_css_animation_mobile": "",
                                "ekit_we_css_animation_speed": "5",
                                "ekit_we_css_animation_iteration_count": "infinite",
                                "ekit_we_css_animation_direction": "normal",
                                "ekit_we_css_transform_fx": "",
                                "ekit_we_css_transform_fx_translate_toggle": "",
                                "ekit_we_css_transform_fx_translate_x": {
                                    "unit": "px",
                                    "size": "",
                                    "sizes": []
                                },
                                "ekit_we_css_transform_fx_translate_x_tablet": {
                                    "unit": "px",
                                    "size": "",
                                    "sizes": []
                                },
                                "ekit_we_css_transform_fx_translate_x_mobile": {
                                    "unit": "px",
                                    "size": "",
                                    "sizes": []
                                },
                                "ekit_we_css_transform_fx_translate_y": {
                                    "unit": "px",
                                    "size": "",
                                    "sizes": []
                                },
                                "ekit_we_css_transform_fx_translate_y_tablet": {
                                    "unit": "px",
                                    "size": "",
                                    "sizes": []
                                },
                                "ekit_we_css_transform_fx_translate_y_mobile": {
                                    "unit": "px",
                                    "size": "",
                                    "sizes": []
                                },
                                "ekit_we_css_transform_fx_rotate_toggle": "",
                                "ekit_we_css_transform_fx_rotate_z": {
                                    "unit": "px",
                                    "size": "",
                                    "sizes": []
                                },
                                "ekit_we_css_transform_fx_rotate_z_tablet": {
                                    "unit": "px",
                                    "size": "",
                                    "sizes": []
                                },
                                "ekit_we_css_transform_fx_rotate_z_mobile": {
                                    "unit": "px",
                                    "size": "",
                                    "sizes": []
                                },
                                "ekit_we_css_transform_fx_rotate_x": {
                                    "unit": "px",
                                    "size": "",
                                    "sizes": []
                                },
                                "ekit_we_css_transform_fx_rotate_x_tablet": {
                                    "unit": "px",
                                    "size": "",
                                    "sizes": []
                                },
                                "ekit_we_css_transform_fx_rotate_x_mobile": {
                                    "unit": "px",
                                    "size": "",
                                    "sizes": []
                                },
                                "ekit_we_css_transform_fx_rotate_y": {
                                    "unit": "px",
                                    "size": "",
                                    "sizes": []
                                },
                                "ekit_we_css_transform_fx_rotate_y_tablet": {
                                    "unit": "px",
                                    "size": "",
                                    "sizes": []
                                },
                                "ekit_we_css_transform_fx_rotate_y_mobile": {
                                    "unit": "px",
                                    "size": "",
                                    "sizes": []
                                },
                                "ekit_we_css_transform_fx_scale_toggle": "",
                                "ekit_we_css_transform_fx_scale_x": {
                                    "unit": "px",
                                    "size": 1,
                                    "sizes": []
                                },
                                "ekit_we_css_transform_fx_scale_x_tablet": {
                                    "unit": "px",
                                    "size": "",
                                    "sizes": []
                                },
                                "ekit_we_css_transform_fx_scale_x_mobile": {
                                    "unit": "px",
                                    "size": "",
                                    "sizes": []
                                },
                                "ekit_we_css_transform_fx_scale_y": {
                                    "unit": "px",
                                    "size": 1,
                                    "sizes": []
                                },
                                "ekit_we_css_transform_fx_scale_y_tablet": {
                                    "unit": "px",
                                    "size": "",
                                    "sizes": []
                                },
                                "ekit_we_css_transform_fx_scale_y_mobile": {
                                    "unit": "px",
                                    "size": "",
                                    "sizes": []
                                },
                                "ekit_we_css_transform_fx_skew_toggle": "",
                                "ekit_we_css_transform_fx_skew_x": {
                                    "unit": "px",
                                    "size": "",
                                    "sizes": []
                                },
                                "ekit_we_css_transform_fx_skew_x_tablet": {
                                    "unit": "px",
                                    "size": "",
                                    "sizes": []
                                },
                                "ekit_we_css_transform_fx_skew_x_mobile": {
                                    "unit": "px",
                                    "size": "",
                                    "sizes": []
                                },
                                "ekit_we_css_transform_fx_skew_y": {
                                    "unit": "px",
                                    "size": "",
                                    "sizes": []
                                },
                                "ekit_we_css_transform_fx_skew_y_tablet": {
                                    "unit": "px",
                                    "size": "",
                                    "sizes": []
                                },
                                "ekit_we_css_transform_fx_skew_y_mobile": {
                                    "unit": "px",
                                    "size": "",
                                    "sizes": []
                                },
                                "ekit_we_on_test_mode": "on",
                                "ekit_we_tilt_maxtilt": 20,
                                "ekit_we_tilt_scale": 1,
                                "ekit_we_tilt_disableaxis": "",
                                "ekit_we_mousemove_parallax_speed": 40,
                                "ekit_we_scroll_animation": "translateY",
                                "ekit_we_scroll_animation_value": 250,
                                "ekit_we_scroll_smoothness": 700,
                                "ekit_we_scroll_offsettop": 0,
                                "ekit_we_scroll_offsetbottom": 0,
                                "ekit_sticky": "",
                                "ekit_sticky_on": [
                                    "desktop",
                                    "tablet",
                                    "mobile"
                                ],
                                "ekit_sticky_offset": {
                                    "unit": "px",
                                    "size": 0,
                                    "sizes": []
                                },
                                "ekit_sticky_effect_offset": {
                                    "unit": "px",
                                    "size": 0,
                                    "sizes": []
                                },
                                "typography_font_size_tablet": {
                                    "unit": "px",
                                    "size": 18,
                                    "sizes": []
                                },
                                "title_color": "#999999",
                                "typography_font_family": "EB Garamond",
                                "typography_line_height": {
                                    "unit": "em",
                                    "size": 1.5,
                                    "sizes": []
                                },
                                "_element_width": "initial",
                                "_element_custom_width": {
                                    "unit": "px",
                                    "size": 400,
                                    "sizes": []
                                },
                                "typography_font_style": "italic"
                            },
                            "elements": [],
                            "isInner": false,
                            "widgetType": "heading",
                            "elType": "widget"
                        },
                        {
                            "id": "53e096c4",
                            "settings": {
                                "title": "Our Workshop",
                                "typography_font_size": {
                                    "unit": "px",
                                    "size": 70,
                                    "sizes": []
                                },
                                "typography_line_height": {
                                    "unit": "em",
                                    "size": 1.2,
                                    "sizes": []
                                },
                                "_margin": {
                                    "unit": "px",
                                    "top": "0",
                                    "right": "0",
                                    "bottom": "48",
                                    "left": "0",
                                    "isLinked": false
                                }
                            },
                            "elements": [],
                            "isInner": false,
                            "widgetType": "heading",
                            "elType": "widget"
                        },
                        {
                            "id": "32e185bc",
                            "settings": {
                                "gallery": [
                                    {
                                        "id": 586,
                                        "url": "https:\/\/kit.detheme.com\/semeru\/wp-content\/uploads\/sites\/3\/2020\/07\/working-on-his-products-FUVDZ3J.jpg"
                                    },
                                    {
                                        "id": 583,
                                        "url": "https:\/\/kit.detheme.com\/semeru\/wp-content\/uploads\/sites\/3\/2020\/07\/a-man-working-in-a-furniture-makers-workshop-6AWAUUC.jpg"
                                    },
                                    {
                                        "id": 584,
                                        "url": "https:\/\/kit.detheme.com\/semeru\/wp-content\/uploads\/sites\/3\/2020\/07\/two-creative-designers-working-in-workshop-TMU93JP.jpg"
                                    },
                                    {
                                        "id": 585,
                                        "url": "https:\/\/kit.detheme.com\/semeru\/wp-content\/uploads\/sites\/3\/2020\/07\/man-in-workshop-upcycling-and-working-on-furniture-RAWQSAQ.jpg"
                                    }
                                ],
                                "galleries": [
                                    {
                                        "gallery_title": "New Gallery",
                                        "_id": "1f25305",
                                        "multiple_gallery": []
                                    }
                                ],
                                "gallery_layout": "masonry",
                                "columns": 2,
                                "gap": {
                                    "unit": "px",
                                    "size": 96,
                                    "sizes": []
                                },
                                "link_to": "",
                                "thumbnail_image_size": "large",
                                "show_all_galleries_label": "All",
                                "overlay_title": "title",
                                "overlay_description": "caption",
                                "overlay_background_background": "gradient",
                                "overlay_background_color": "rgba(0, 0, 0, 0)",
                                "overlay_background_color_stop": {
                                    "unit": "%",
                                    "size": 50,
                                    "sizes": []
                                },
                                "overlay_background_color_b": "rgba(0, 0, 0, 0.75)",
                                "overlay_background_hover_background": "gradient",
                                "overlay_background_hover_color": "rgba(0, 0, 0, 0)",
                                "overlay_background_hover_color_b": "rgba(242, 41, 91, 0)",
                                "background_overlay_hover_animation": "exit-to-bottom",
                                "content_alignment": "left",
                                "content_vertical_position": "bottom",
                                "content_padding": {
                                    "unit": "px",
                                    "size": 48,
                                    "sizes": []
                                },
                                "content_padding_tablet": {
                                    "unit": "px",
                                    "size": 24,
                                    "sizes": []
                                },
                                "title_typography_typography": "custom",
                                "title_typography_font_family": "Josefin Sans",
                                "title_typography_font_size": {
                                    "unit": "px",
                                    "size": 21,
                                    "sizes": []
                                },
                                "title_typography_font_weight": "600",
                                "title_typography_text_transform": "uppercase",
                                "title_typography_letter_spacing": {
                                    "unit": "px",
                                    "size": 2,
                                    "sizes": []
                                },
                                "content_hover_animation": "exit-to-bottom",
                                "content_animation_duration": {
                                    "unit": "px",
                                    "size": 1200,
                                    "sizes": []
                                }
                            },
                            "elements": [],
                            "isInner": false,
                            "widgetType": "gallery",
                            "elType": "widget"
                        }
                    ],
                    "isInner": false,
                    "elType": "column"
                }
            ],
            "isInner": false,
            "elType": "section"
        },
        {
            "id": "7fadcce2",
            "settings": {
                "background_background": "classic",
                "background_color": "#FFFCF1",
                "padding": {
                    "unit": "px",
                    "top": "64",
                    "right": "0",
                    "bottom": "48",
                    "left": "0",
                    "isLinked": false
                }
            },
            "elements": [
                {
                    "id": "7e158c31",
                    "settings": {
                        "_column_size": 100,
                        "_inline_size": null,
                        "align": "center"
                    },
                    "elements": [
                        {
                            "id": "f75b234",
                            "settings": {
                                "image": {
                                    "url": "https:\/\/kit.detheme.com\/semeru\/wp-content\/uploads\/sites\/3\/2020\/07\/Illustration-Semeru_0002_Untitled_Artwork-1.png",
                                    "id": 607
                                },
                                "width": {
                                    "unit": "px",
                                    "size": 100,
                                    "sizes": []
                                },
                                "_margin": {
                                    "unit": "px",
                                    "top": "0",
                                    "right": "0",
                                    "bottom": "-64",
                                    "left": "0",
                                    "isLinked": false
                                },
                                "motion_fx_tilt_speed": {
                                    "unit": "px",
                                    "size": 10,
                                    "sizes": []
                                },
                                "motion_fx_motion_fx_scrolling": "yes",
                                "motion_fx_blur_effect": "yes",
                                "motion_fx_blur_range": {
                                    "unit": "%",
                                    "size": "",
                                    "sizes": {
                                        "start": 20,
                                        "end": 54
                                    }
                                }
                            },
                            "elements": [],
                            "isInner": false,
                            "widgetType": "image",
                            "elType": "widget"
                        },
                        {
                            "id": "56113012",
                            "settings": {
                                "image": {
                                    "url": "https:\/\/kit.detheme.com\/semeru\/wp-content\/uploads\/sites\/3\/2020\/07\/Illustration-Semeru_0000_Untitled_Artwork-2.png",
                                    "id": 605
                                },
                                "width": {
                                    "unit": "px",
                                    "size": 70,
                                    "sizes": []
                                },
                                "motion_fx_mouseTrack_direction": "negative",
                                "motion_fx_mouseTrack_speed": {
                                    "unit": "px",
                                    "size": 0.2,
                                    "sizes": []
                                },
                                "motion_fx_tilt_speed": {
                                    "unit": "px",
                                    "size": 5.7,
                                    "sizes": []
                                },
                                "motion_fx_motion_fx_scrolling": "yes",
                                "motion_fx_translateX_effect": "yes",
                                "motion_fx_translateX_speed": {
                                    "unit": "px",
                                    "size": 0.6,
                                    "sizes": []
                                },
                                "motion_fx_translateX_affectedRange": {
                                    "unit": "%",
                                    "size": "",
                                    "sizes": {
                                        "start": 0,
                                        "end": 49
                                    }
                                }
                            },
                            "elements": [],
                            "isInner": false,
                            "widgetType": "image",
                            "elType": "widget"
                        },
                        {
                            "id": "7277c0be",
                            "settings": {
                                "image": {
                                    "url": "https:\/\/kit.detheme.com\/semeru\/wp-content\/uploads\/sites\/3\/2020\/07\/Illustration-Semeru_0001_\u201c.png",
                                    "id": 606
                                },
                                "width": {
                                    "unit": "px",
                                    "size": 50,
                                    "sizes": []
                                },
                                "_margin": {
                                    "unit": "px",
                                    "top": "-51",
                                    "right": "0",
                                    "bottom": "0",
                                    "left": "0",
                                    "isLinked": false
                                },
                                "motion_fx_motion_fx_mouse": "yes",
                                "motion_fx_tilt_speed": {
                                    "unit": "px",
                                    "size": 8.3,
                                    "sizes": []
                                },
                                "_element_width": "auto",
                                "motion_fx_motion_fx_scrolling": "yes",
                                "motion_fx_translateY_effect": "yes",
                                "motion_fx_translateY_speed": {
                                    "unit": "px",
                                    "size": 0.7,
                                    "sizes": []
                                },
                                "motion_fx_translateY_affectedRange": {
                                    "unit": "%",
                                    "size": "",
                                    "sizes": {
                                        "start": 0,
                                        "end": 49
                                    }
                                }
                            },
                            "elements": [],
                            "isInner": false,
                            "widgetType": "image",
                            "elType": "widget"
                        },
                        {
                            "id": "1d0e8de7",
                            "settings": {
                                "slides": [
                                    {
                                        "content": "\u201cLorem ipsum dolor sit amet, consectetur adipiscing elit. Ut elit tellus, luctus nec ullamcorper mattis, pulvinar dapibus leo\u201d",
                                        "name": "John Doe",
                                        "title": "CEO",
                                        "image": {
                                            "url": "https:\/\/kit.detheme.com\/semeru\/wp-content\/uploads\/sites\/3\/2020\/07\/slice1.jpg",
                                            "id": 385
                                        },
                                        "_id": "4e34d98"
                                    },
                                    {
                                        "content": "\u201cLorem ipsum dolor sit amet, consectetur adipiscing elit. Ut elit tellus, luctus nec ullamcorper mattis, pulvinar dapibus leo\u201d",
                                        "name": "John Doe",
                                        "title": "CEO",
                                        "image": {
                                            "url": "https:\/\/kit.detheme.com\/semeru\/wp-content\/uploads\/sites\/3\/2020\/07\/slice2.jpg",
                                            "id": 386
                                        },
                                        "_id": "5c78a30"
                                    },
                                    {
                                        "content": "\u201cLorem ipsum dolor sit amet, consectetur adipiscing elit. Ut elit tellus, luctus nec ullamcorper mattis, pulvinar dapibus leo\u201d",
                                        "name": "John Doe",
                                        "title": "CEO",
                                        "image": {
                                            "url": "https:\/\/kit.detheme.com\/semeru\/wp-content\/uploads\/sites\/3\/2020\/07\/slice3.jpg",
                                            "id": 384
                                        },
                                        "_id": "7b3e38d"
                                    }
                                ],
                                "width": {
                                    "unit": "%",
                                    "size": 77,
                                    "sizes": []
                                },
                                "width_mobile": {
                                    "unit": "%",
                                    "size": 100,
                                    "sizes": []
                                },
                                "content_typography_typography": "custom",
                                "content_typography_font_size": {
                                    "unit": "px",
                                    "size": 28,
                                    "sizes": []
                                },
                                "content_typography_font_weight": "100",
                                "content_typography_font_style": "normal",
                                "content_typography_line_height": {
                                    "unit": "em",
                                    "size": 1.3,
                                    "sizes": []
                                },
                                "_margin": {
                                    "unit": "px",
                                    "top": "24",
                                    "right": "0",
                                    "bottom": "0",
                                    "left": "0",
                                    "isLinked": false
                                }
                            },
                            "elements": [],
                            "isInner": false,
                            "widgetType": "testimonial-carousel",
                            "elType": "widget"
                        }
                    ],
                    "isInner": false,
                    "elType": "column"
                }
            ],
            "isInner": false,
            "elType": "section"
        },
        {
            "id": "667d0e1c",
            "settings": {
                "layout": "full_width",
                "gap": "no"
            },
            "elements": [
                {
                    "id": "5d8130a",
                    "settings": {
                        "_column_size": 100,
                        "_inline_size": null
                    },
                    "elements": [
                        {
                            "id": "56bcc325",
                            "settings": {
                                "structure": "30",
                                "background_background": "classic",
                                "background_image": {
                                    "url": "https:\/\/kit.detheme.com\/semeru\/wp-content\/uploads\/sites\/3\/2020\/07\/interior-of-a-house-loft-conversion-bedroom-2VAX3RT.jpg",
                                    "id": 387
                                },
                                "background_position": "center center",
                                "margin": {
                                    "unit": "px",
                                    "top": "0",
                                    "right": 0,
                                    "bottom": "0",
                                    "left": 0,
                                    "isLinked": false
                                },
                                "padding": {
                                    "unit": "px",
                                    "top": "200",
                                    "right": "0",
                                    "bottom": "200",
                                    "left": "0",
                                    "isLinked": false
                                },
                                "background_size": "cover",
                                "background_bg_width": {
                                    "unit": "px",
                                    "size": 2000,
                                    "sizes": []
                                },
                                "background_motion_fx_motion_fx_scrolling": "yes",
                                "background_motion_fx_translateY_effect": "yes",
                                "background_motion_fx_translateY_speed": {
                                    "unit": "px",
                                    "size": 3.7,
                                    "sizes": []
                                },
                                "gap": "wider",
                                "background_motion_fx_translateY_affectedRange": {
                                    "unit": "%",
                                    "size": "",
                                    "sizes": {
                                        "start": 0,
                                        "end": 51
                                    }
                                }
                            },
                            "elements": [
                                {
                                    "id": "16869a9d",
                                    "settings": {
                                        "_column_size": 33,
                                        "_inline_size": 38.308,
                                        "_inline_size_tablet": 50
                                    },
                                    "elements": [
                                        {
                                            "id": "253bcd4",
                                            "settings": {
                                                "title": "New Service: Bespoke Carpentry",
                                                "header_size": "div",
                                                "typography_typography": "custom",
                                                "typography_font_size": {
                                                    "unit": "px",
                                                    "size": 16,
                                                    "sizes": []
                                                },
                                                "typography_font_weight": "300",
                                                "_margin": {
                                                    "unit": "px",
                                                    "top": "0",
                                                    "right": "0",
                                                    "bottom": "24",
                                                    "left": "0",
                                                    "isLinked": false
                                                },
                                                "ekit_we_effect_on": "none",
                                                "ekit_we_css_animation_fx": "",
                                                "ekit_we_css_animation": "ekit-fade",
                                                "ekit_we_css_animation_tablet": "",
                                                "ekit_we_css_animation_mobile": "",
                                                "ekit_we_css_animation_speed": "5",
                                                "ekit_we_css_animation_iteration_count": "infinite",
                                                "ekit_we_css_animation_direction": "normal",
                                                "ekit_we_css_transform_fx": "",
                                                "ekit_we_css_transform_fx_translate_toggle": "",
                                                "ekit_we_css_transform_fx_translate_x": {
                                                    "unit": "px",
                                                    "size": "",
                                                    "sizes": []
                                                },
                                                "ekit_we_css_transform_fx_translate_x_tablet": {
                                                    "unit": "px",
                                                    "size": "",
                                                    "sizes": []
                                                },
                                                "ekit_we_css_transform_fx_translate_x_mobile": {
                                                    "unit": "px",
                                                    "size": "",
                                                    "sizes": []
                                                },
                                                "ekit_we_css_transform_fx_translate_y": {
                                                    "unit": "px",
                                                    "size": "",
                                                    "sizes": []
                                                },
                                                "ekit_we_css_transform_fx_translate_y_tablet": {
                                                    "unit": "px",
                                                    "size": "",
                                                    "sizes": []
                                                },
                                                "ekit_we_css_transform_fx_translate_y_mobile": {
                                                    "unit": "px",
                                                    "size": "",
                                                    "sizes": []
                                                },
                                                "ekit_we_css_transform_fx_rotate_toggle": "",
                                                "ekit_we_css_transform_fx_rotate_z": {
                                                    "unit": "px",
                                                    "size": "",
                                                    "sizes": []
                                                },
                                                "ekit_we_css_transform_fx_rotate_z_tablet": {
                                                    "unit": "px",
                                                    "size": "",
                                                    "sizes": []
                                                },
                                                "ekit_we_css_transform_fx_rotate_z_mobile": {
                                                    "unit": "px",
                                                    "size": "",
                                                    "sizes": []
                                                },
                                                "ekit_we_css_transform_fx_rotate_x": {
                                                    "unit": "px",
                                                    "size": "",
                                                    "sizes": []
                                                },
                                                "ekit_we_css_transform_fx_rotate_x_tablet": {
                                                    "unit": "px",
                                                    "size": "",
                                                    "sizes": []
                                                },
                                                "ekit_we_css_transform_fx_rotate_x_mobile": {
                                                    "unit": "px",
                                                    "size": "",
                                                    "sizes": []
                                                },
                                                "ekit_we_css_transform_fx_rotate_y": {
                                                    "unit": "px",
                                                    "size": "",
                                                    "sizes": []
                                                },
                                                "ekit_we_css_transform_fx_rotate_y_tablet": {
                                                    "unit": "px",
                                                    "size": "",
                                                    "sizes": []
                                                },
                                                "ekit_we_css_transform_fx_rotate_y_mobile": {
                                                    "unit": "px",
                                                    "size": "",
                                                    "sizes": []
                                                },
                                                "ekit_we_css_transform_fx_scale_toggle": "",
                                                "ekit_we_css_transform_fx_scale_x": {
                                                    "unit": "px",
                                                    "size": 1,
                                                    "sizes": []
                                                },
                                                "ekit_we_css_transform_fx_scale_x_tablet": {
                                                    "unit": "px",
                                                    "size": "",
                                                    "sizes": []
                                                },
                                                "ekit_we_css_transform_fx_scale_x_mobile": {
                                                    "unit": "px",
                                                    "size": "",
                                                    "sizes": []
                                                },
                                                "ekit_we_css_transform_fx_scale_y": {
                                                    "unit": "px",
                                                    "size": 1,
                                                    "sizes": []
                                                },
                                                "ekit_we_css_transform_fx_scale_y_tablet": {
                                                    "unit": "px",
                                                    "size": "",
                                                    "sizes": []
                                                },
                                                "ekit_we_css_transform_fx_scale_y_mobile": {
                                                    "unit": "px",
                                                    "size": "",
                                                    "sizes": []
                                                },
                                                "ekit_we_css_transform_fx_skew_toggle": "",
                                                "ekit_we_css_transform_fx_skew_x": {
                                                    "unit": "px",
                                                    "size": "",
                                                    "sizes": []
                                                },
                                                "ekit_we_css_transform_fx_skew_x_tablet": {
                                                    "unit": "px",
                                                    "size": "",
                                                    "sizes": []
                                                },
                                                "ekit_we_css_transform_fx_skew_x_mobile": {
                                                    "unit": "px",
                                                    "size": "",
                                                    "sizes": []
                                                },
                                                "ekit_we_css_transform_fx_skew_y": {
                                                    "unit": "px",
                                                    "size": "",
                                                    "sizes": []
                                                },
                                                "ekit_we_css_transform_fx_skew_y_tablet": {
                                                    "unit": "px",
                                                    "size": "",
                                                    "sizes": []
                                                },
                                                "ekit_we_css_transform_fx_skew_y_mobile": {
                                                    "unit": "px",
                                                    "size": "",
                                                    "sizes": []
                                                },
                                                "ekit_we_on_test_mode": "on",
                                                "ekit_we_tilt_maxtilt": 20,
                                                "ekit_we_tilt_scale": 1,
                                                "ekit_we_tilt_disableaxis": "",
                                                "ekit_we_mousemove_parallax_speed": 40,
                                                "ekit_we_scroll_animation": "translateY",
                                                "ekit_we_scroll_animation_value": 250,
                                                "ekit_we_scroll_smoothness": 700,
                                                "ekit_we_scroll_offsettop": 0,
                                                "ekit_we_scroll_offsetbottom": 0,
                                                "ekit_sticky": "",
                                                "ekit_sticky_on": [
                                                    "desktop",
                                                    "tablet",
                                                    "mobile"
                                                ],
                                                "ekit_sticky_offset": {
                                                    "unit": "px",
                                                    "size": 0,
                                                    "sizes": []
                                                },
                                                "ekit_sticky_effect_offset": {
                                                    "unit": "px",
                                                    "size": 0,
                                                    "sizes": []
                                                },
                                                "title_color": "#FFFFFF",
                                                "typography_font_family": "EB Garamond",
                                                "typography_text_transform": "none",
                                                "typography_font_style": "italic",
                                                "typography_line_height": {
                                                    "unit": "em",
                                                    "size": 1.5,
                                                    "sizes": []
                                                },
                                                "typography_letter_spacing": {
                                                    "unit": "px",
                                                    "size": 0,
                                                    "sizes": []
                                                },
                                                "_element_width": "auto"
                                            },
                                            "elements": [],
                                            "isInner": false,
                                            "widgetType": "heading",
                                            "elType": "widget"
                                        },
                                        {
                                            "id": "4029dc62",
                                            "settings": {
                                                "title": "Design &amp; create your own custom furnitures",
                                                "_margin": {
                                                    "unit": "px",
                                                    "top": "0",
                                                    "right": "0",
                                                    "bottom": "8",
                                                    "left": "0",
                                                    "isLinked": false
                                                },
                                                "title_color": "#FFFFFF"
                                            },
                                            "elements": [],
                                            "isInner": false,
                                            "widgetType": "heading",
                                            "elType": "widget"
                                        }
                                    ],
                                    "isInner": true,
                                    "elType": "column"
                                },
                                {
                                    "id": "6a9e5ed9",
                                    "settings": {
                                        "_column_size": 33,
                                        "_inline_size": 15.923,
                                        "content_position": "center",
                                        "_inline_size_tablet": 2
                                    },
                                    "elements": [],
                                    "isInner": true,
                                    "elType": "column"
                                },
                                {
                                    "id": "5756cea",
                                    "settings": {
                                        "_column_size": 33,
                                        "_inline_size": 45.085,
                                        "content_position": "center",
                                        "align": "center"
                                    },
                                    "elements": [
                                        {
                                            "id": "6e54b2df",
                                            "settings": {
                                                "text": "Get a Free Quote",
                                                "size": "md",
                                                "border_border": "solid",
                                                "border_width": {
                                                    "unit": "px",
                                                    "top": "1",
                                                    "right": "1",
                                                    "bottom": "1",
                                                    "left": "1",
                                                    "isLinked": true
                                                },
                                                "border_color": "#FFFFFF",
                                                "button_box_shadow_box_shadow": {
                                                    "horizontal": 0,
                                                    "vertical": 0,
                                                    "blur": 0,
                                                    "spread": 1,
                                                    "color": "#66A77C"
                                                },
                                                "typography_typography": "custom",
                                                "background_color": "#FFFFFF",
                                                "button_text_color": "#333333",
                                                "button_hover_border_color": "#FFFFFF"
                                            },
                                            "elements": [],
                                            "isInner": false,
                                            "widgetType": "button",
                                            "elType": "widget"
                                        }
                                    ],
                                    "isInner": true,
                                    "elType": "column"
                                }
                            ],
                            "isInner": true,
                            "elType": "section"
                        }
                    ],
                    "isInner": false,
                    "elType": "column"
                }
            ],
            "isInner": false,
            "elType": "section"
        }
    ]
}