{
    "version": "0.4",
    "title": "Blog Post",
    "type": "single",
    "metadata": {
        "template_type": "single-post",
        "include_in_zip": "1",
        "elementor_pro_required": "1",
        "elementor_library_type": "single",
        "elementor_pro_conditions": [
            "include\/singular"
        ],
        "additional_template_information": [
            "This is a \"Single\" template for Elementor Pro.",
            "This template will display on: All Singular."
        ],
        "wp_page_template": "default"
    },
    "content": [
        {
            "id": "503749d2",
            "settings": {
                "background_background": "classic",
                "background_position": "center center",
                "background_size": "cover",
                "background_motion_fx_motion_fx_scrolling": "yes",
                "background_motion_fx_translateY_effect": "yes",
                "background_overlay_background": "classic",
                "background_overlay_color": "#000000",
                "overlay_blend_mode": "multiply",
                "margin": {
                    "unit": "px",
                    "top": "0",
                    "right": 0,
                    "bottom": "0",
                    "left": 0,
                    "isLinked": false
                },
                "padding": {
                    "unit": "px",
                    "top": "200",
                    "right": "0",
                    "bottom": "128",
                    "left": "0",
                    "isLinked": false
                },
                "__dynamic__": {
                    "background_image": "[elementor-tag id=\"df0d2e4\" name=\"post-featured-image\" settings=\"%7B%7D\"]"
                },
                "gap": "wider",
                "padding_mobile": {
                    "unit": "px",
                    "top": "128",
                    "right": "0",
                    "bottom": "48",
                    "left": "0",
                    "isLinked": false
                }
            },
            "elements": [
                {
                    "id": "7bbee42e",
                    "settings": {
                        "_column_size": 100,
                        "_inline_size": null,
                        "align": "center"
                    },
                    "elements": [
                        {
                            "id": "20270da4",
                            "settings": {
                                "__dynamic__": {
                                    "title": "[elementor-tag id=\"\" name=\"post-title\" settings=\"%7B%22before%22%3A%22%22%2C%22after%22%3A%22%22%2C%22fallback%22%3A%22%22%7D\"]"
                                },
                                "title": "Add Your Heading Text Here",
                                "align": "center",
                                "title_color": "#FFFFFF",
                                "_margin": {
                                    "unit": "px",
                                    "top": "0",
                                    "right": "0",
                                    "bottom": "24",
                                    "left": "0",
                                    "isLinked": false
                                },
                                "align_mobile": "left"
                            },
                            "elements": [],
                            "isInner": false,
                            "widgetType": "theme-post-title",
                            "elType": "widget"
                        },
                        {
                            "id": "52172304",
                            "settings": {
                                "icon_list": [
                                    {
                                        "type": "terms",
                                        "selected_icon": {
                                            "value": "far fa-user-circle",
                                            "library": "fa-regular"
                                        },
                                        "_id": "6e3e35a",
                                        "date_format": "default",
                                        "custom_date_format": "F j, Y",
                                        "time_format": "default",
                                        "custom_time_format": "g:i a",
                                        "taxonomy": "category",
                                        "text_prefix": "",
                                        "show_avatar": "",
                                        "avatar_size": {
                                            "unit": "px",
                                            "size": "",
                                            "sizes": []
                                        },
                                        "avatar_size_tablet": {
                                            "unit": "px",
                                            "size": "",
                                            "sizes": []
                                        },
                                        "avatar_size_mobile": {
                                            "unit": "px",
                                            "size": "",
                                            "sizes": []
                                        },
                                        "comments_custom_strings": false,
                                        "string_no_comments": "",
                                        "string_one_comment": "",
                                        "string_comments": "",
                                        "custom_text": "",
                                        "link": "yes",
                                        "custom_url": {
                                            "url": "",
                                            "is_external": "",
                                            "nofollow": "",
                                            "custom_attributes": ""
                                        },
                                        "show_icon": "none"
                                    }
                                ],
                                "icon_align": "center",
                                "text_color": "#FFFFFF",
                                "icon_typography_typography": "custom",
                                "icon_typography_font_size": {
                                    "unit": "px",
                                    "size": 14,
                                    "sizes": []
                                },
                                "_padding": {
                                    "unit": "px",
                                    "top": "4",
                                    "right": "24",
                                    "bottom": "4",
                                    "left": "24",
                                    "isLinked": false
                                },
                                "_background_background": "classic",
                                "_background_color": "#66A77C",
                                "_element_width": "auto"
                            },
                            "elements": [],
                            "isInner": false,
                            "widgetType": "post-info",
                            "elType": "widget"
                        }
                    ],
                    "isInner": false,
                    "elType": "column"
                }
            ],
            "isInner": false,
            "elType": "section"
        },
        {
            "id": "557a21d6",
            "settings": {
                "gap": "wider",
                "structure": "30",
                "padding": {
                    "unit": "px",
                    "top": "128",
                    "right": "0",
                    "bottom": "128",
                    "left": "0",
                    "isLinked": false
                },
                "padding_mobile": {
                    "unit": "px",
                    "top": "48",
                    "right": "0",
                    "bottom": "48",
                    "left": "0",
                    "isLinked": false
                }
            },
            "elements": [
                {
                    "id": "3d881082",
                    "settings": {
                        "_column_size": 33,
                        "_inline_size": 60,
                        "padding_mobile": {
                            "unit": "px",
                            "top": "0",
                            "right": "20",
                            "bottom": "20",
                            "left": "20",
                            "isLinked": false
                        }
                    },
                    "elements": [
                        {
                            "id": "2b4ef039",
                            "settings": {
                                "margin": {
                                    "unit": "px",
                                    "top": "0",
                                    "right": 0,
                                    "bottom": "16",
                                    "left": 0,
                                    "isLinked": false
                                }
                            },
                            "elements": [
                                {
                                    "id": "14423280",
                                    "settings": {
                                        "_column_size": 100,
                                        "_inline_size": null
                                    },
                                    "elements": [
                                        {
                                            "id": "5f703fb6",
                                            "settings": {
                                                "icon_list": [
                                                    {
                                                        "type": "author",
                                                        "selected_icon": {
                                                            "value": "far fa-user-circle",
                                                            "library": "fa-regular"
                                                        },
                                                        "_id": "867f760",
                                                        "date_format": "default",
                                                        "custom_date_format": "F j, Y",
                                                        "time_format": "default",
                                                        "custom_time_format": "g:i a",
                                                        "taxonomy": [],
                                                        "text_prefix": "",
                                                        "show_avatar": "",
                                                        "avatar_size": {
                                                            "unit": "px",
                                                            "size": 49,
                                                            "sizes": []
                                                        },
                                                        "avatar_size_tablet": {
                                                            "unit": "px",
                                                            "size": "",
                                                            "sizes": []
                                                        },
                                                        "avatar_size_mobile": {
                                                            "unit": "px",
                                                            "size": "",
                                                            "sizes": []
                                                        },
                                                        "comments_custom_strings": false,
                                                        "string_no_comments": "",
                                                        "string_one_comment": "",
                                                        "string_comments": "",
                                                        "custom_text": "",
                                                        "link": "yes",
                                                        "custom_url": {
                                                            "url": "",
                                                            "is_external": "",
                                                            "nofollow": "",
                                                            "custom_attributes": ""
                                                        },
                                                        "show_icon": "none"
                                                    },
                                                    {
                                                        "type": "date",
                                                        "selected_icon": {
                                                            "value": "",
                                                            "library": ""
                                                        },
                                                        "_id": "36ccc15",
                                                        "date_format": "default",
                                                        "custom_date_format": "F j, Y",
                                                        "time_format": "default",
                                                        "custom_time_format": "g:i a",
                                                        "taxonomy": [],
                                                        "text_prefix": "",
                                                        "show_avatar": "",
                                                        "avatar_size": {
                                                            "unit": "px",
                                                            "size": "",
                                                            "sizes": []
                                                        },
                                                        "avatar_size_tablet": {
                                                            "unit": "px",
                                                            "size": "",
                                                            "sizes": []
                                                        },
                                                        "avatar_size_mobile": {
                                                            "unit": "px",
                                                            "size": "",
                                                            "sizes": []
                                                        },
                                                        "comments_custom_strings": false,
                                                        "string_no_comments": "",
                                                        "string_one_comment": "",
                                                        "string_comments": "",
                                                        "custom_text": "",
                                                        "link": "yes",
                                                        "custom_url": {
                                                            "url": "",
                                                            "is_external": "",
                                                            "nofollow": "",
                                                            "custom_attributes": ""
                                                        },
                                                        "show_icon": "none"
                                                    },
                                                    {
                                                        "type": "time",
                                                        "selected_icon": {
                                                            "value": "",
                                                            "library": ""
                                                        },
                                                        "_id": "a8f6323",
                                                        "date_format": "default",
                                                        "custom_date_format": "F j, Y",
                                                        "time_format": "default",
                                                        "custom_time_format": "g:i a",
                                                        "taxonomy": [],
                                                        "text_prefix": "",
                                                        "show_avatar": "",
                                                        "avatar_size": {
                                                            "unit": "px",
                                                            "size": "",
                                                            "sizes": []
                                                        },
                                                        "avatar_size_tablet": {
                                                            "unit": "px",
                                                            "size": "",
                                                            "sizes": []
                                                        },
                                                        "avatar_size_mobile": {
                                                            "unit": "px",
                                                            "size": "",
                                                            "sizes": []
                                                        },
                                                        "comments_custom_strings": false,
                                                        "string_no_comments": "",
                                                        "string_one_comment": "",
                                                        "string_comments": "",
                                                        "custom_text": "",
                                                        "link": "yes",
                                                        "custom_url": {
                                                            "url": "",
                                                            "is_external": "",
                                                            "nofollow": "",
                                                            "custom_attributes": ""
                                                        },
                                                        "show_icon": "none"
                                                    },
                                                    {
                                                        "type": "comments",
                                                        "selected_icon": {
                                                            "value": "far fa-comment-dots",
                                                            "library": "fa-regular"
                                                        },
                                                        "_id": "edb828e",
                                                        "date_format": "default",
                                                        "custom_date_format": "F j, Y",
                                                        "time_format": "default",
                                                        "custom_time_format": "g:i a",
                                                        "taxonomy": [],
                                                        "text_prefix": "",
                                                        "show_avatar": "",
                                                        "avatar_size": {
                                                            "unit": "px",
                                                            "size": "",
                                                            "sizes": []
                                                        },
                                                        "avatar_size_tablet": {
                                                            "unit": "px",
                                                            "size": "",
                                                            "sizes": []
                                                        },
                                                        "avatar_size_mobile": {
                                                            "unit": "px",
                                                            "size": "",
                                                            "sizes": []
                                                        },
                                                        "comments_custom_strings": false,
                                                        "string_no_comments": "",
                                                        "string_one_comment": "",
                                                        "string_comments": "",
                                                        "custom_text": "",
                                                        "link": "yes",
                                                        "custom_url": {
                                                            "url": "",
                                                            "is_external": "",
                                                            "nofollow": "",
                                                            "custom_attributes": ""
                                                        },
                                                        "show_icon": "none"
                                                    }
                                                ],
                                                "icon_align": "left",
                                                "icon_color": "#BABABA",
                                                "text_color": "#66A77C",
                                                "icon_align_mobile": "left",
                                                "space_between": {
                                                    "unit": "px",
                                                    "size": 32,
                                                    "sizes": []
                                                },
                                                "divider": "yes",
                                                "divider_style": "double",
                                                "divider_height": {
                                                    "unit": "px",
                                                    "size": "",
                                                    "sizes": []
                                                },
                                                "divider_color": "#DEDEDE",
                                                "icon_size": {
                                                    "unit": "px",
                                                    "size": 20,
                                                    "sizes": []
                                                },
                                                "icon_typography_typography": "custom",
                                                "icon_typography_font_size": {
                                                    "unit": "px",
                                                    "size": 14,
                                                    "sizes": []
                                                },
                                                "_padding": {
                                                    "unit": "px",
                                                    "top": "0",
                                                    "right": "24",
                                                    "bottom": "0",
                                                    "left": "0",
                                                    "isLinked": false
                                                },
                                                "_z_index": 2,
                                                "_background_background": "classic",
                                                "_background_color": "#FFFFFF",
                                                "_element_width": "auto"
                                            },
                                            "elements": [],
                                            "isInner": false,
                                            "widgetType": "post-info",
                                            "elType": "widget"
                                        },
                                        {
                                            "id": "72e8ec0f",
                                            "settings": {
                                                "text": "Divider",
                                                "color": "#DEDEDE",
                                                "_margin": {
                                                    "unit": "px",
                                                    "top": "-27",
                                                    "right": "0",
                                                    "bottom": "0",
                                                    "left": "0",
                                                    "isLinked": false
                                                }
                                            },
                                            "elements": [],
                                            "isInner": false,
                                            "widgetType": "divider",
                                            "elType": "widget"
                                        }
                                    ],
                                    "isInner": true,
                                    "elType": "column"
                                }
                            ],
                            "isInner": true,
                            "elType": "section"
                        },
                        {
                            "id": "71f80968",
                            "settings": [],
                            "elements": [
                                {
                                    "id": "1a327b0a",
                                    "settings": {
                                        "_column_size": 100,
                                        "_inline_size": null
                                    },
                                    "elements": [
                                        {
                                            "id": "171e49b6",
                                            "settings": {
                                                "_margin": {
                                                    "unit": "px",
                                                    "top": "0",
                                                    "right": "0",
                                                    "bottom": "48",
                                                    "left": "0",
                                                    "isLinked": false
                                                }
                                            },
                                            "elements": [],
                                            "isInner": false,
                                            "widgetType": "theme-post-content",
                                            "elType": "widget"
                                        }
                                    ],
                                    "isInner": true,
                                    "elType": "column"
                                }
                            ],
                            "isInner": true,
                            "elType": "section"
                        },
                        {
                            "id": "698e69b",
                            "settings": {
                                "structure": "20"
                            },
                            "elements": [
                                {
                                    "id": "76e08da3",
                                    "settings": {
                                        "_column_size": 50,
                                        "_inline_size": null
                                    },
                                    "elements": [
                                        {
                                            "id": "454b446a",
                                            "settings": {
                                                "icon_list": [
                                                    {
                                                        "type": "terms",
                                                        "date_format": "default",
                                                        "custom_date_format": "F j, Y",
                                                        "time_format": "default",
                                                        "custom_time_format": "g:i a",
                                                        "taxonomy": "post_tag",
                                                        "text_prefix": "",
                                                        "show_avatar": "",
                                                        "avatar_size": {
                                                            "unit": "px",
                                                            "size": "",
                                                            "sizes": []
                                                        },
                                                        "avatar_size_tablet": {
                                                            "unit": "px",
                                                            "size": "",
                                                            "sizes": []
                                                        },
                                                        "avatar_size_mobile": {
                                                            "unit": "px",
                                                            "size": "",
                                                            "sizes": []
                                                        },
                                                        "comments_custom_strings": false,
                                                        "string_no_comments": "",
                                                        "string_one_comment": "",
                                                        "string_comments": "",
                                                        "custom_text": "",
                                                        "link": "yes",
                                                        "custom_url": {
                                                            "url": "",
                                                            "is_external": "",
                                                            "nofollow": "",
                                                            "custom_attributes": ""
                                                        },
                                                        "show_icon": "default",
                                                        "selected_icon": {
                                                            "value": "",
                                                            "library": ""
                                                        },
                                                        "_id": "42d1372"
                                                    }
                                                ],
                                                "icon_align": "left",
                                                "icon_size": {
                                                    "unit": "px",
                                                    "size": 10,
                                                    "sizes": []
                                                },
                                                "text_indent": {
                                                    "unit": "px",
                                                    "size": 13,
                                                    "sizes": []
                                                },
                                                "icon_typography_typography": "custom",
                                                "icon_typography_font_size": {
                                                    "unit": "px",
                                                    "size": 14,
                                                    "sizes": []
                                                }
                                            },
                                            "elements": [],
                                            "isInner": false,
                                            "widgetType": "post-info",
                                            "elType": "widget"
                                        }
                                    ],
                                    "isInner": true,
                                    "elType": "column"
                                },
                                {
                                    "id": "4bcb530a",
                                    "settings": {
                                        "_column_size": 50,
                                        "_inline_size": null
                                    },
                                    "elements": [
                                        {
                                            "id": "3e3d8d19",
                                            "settings": {
                                                "share_buttons": [
                                                    {
                                                        "button": "facebook",
                                                        "_id": "a1fe5c0",
                                                        "text": ""
                                                    },
                                                    {
                                                        "button": "twitter",
                                                        "_id": "f2d7ea8",
                                                        "text": ""
                                                    },
                                                    {
                                                        "button": "linkedin",
                                                        "_id": "5ad5d14",
                                                        "text": ""
                                                    },
                                                    {
                                                        "button": "pinterest",
                                                        "text": "",
                                                        "_id": "eadbd88"
                                                    }
                                                ],
                                                "view": "icon",
                                                "shape": "circle",
                                                "alignment": "right",
                                                "button_size": {
                                                    "unit": "px",
                                                    "size": 0.55,
                                                    "sizes": []
                                                },
                                                "icon_size": {
                                                    "unit": "px",
                                                    "size": 15,
                                                    "sizes": []
                                                },
                                                "color_source": "custom",
                                                "primary_color": "#66A77C",
                                                "primary_color_hover": "#4B8B61",
                                                "alignment_mobile": "left"
                                            },
                                            "elements": [],
                                            "isInner": false,
                                            "widgetType": "share-buttons",
                                            "elType": "widget"
                                        }
                                    ],
                                    "isInner": true,
                                    "elType": "column"
                                }
                            ],
                            "isInner": true,
                            "elType": "section"
                        },
                        {
                            "id": "63633977",
                            "settings": {
                                "margin": {
                                    "unit": "px",
                                    "top": "0",
                                    "right": 0,
                                    "bottom": "24",
                                    "left": 0,
                                    "isLinked": false
                                }
                            },
                            "elements": [
                                {
                                    "id": "67516797",
                                    "settings": {
                                        "_column_size": 100,
                                        "_inline_size": null
                                    },
                                    "elements": [
                                        {
                                            "id": "cb53a47",
                                            "settings": {
                                                "text": "Divider",
                                                "color": "#DEDEDE",
                                                "gap": {
                                                    "unit": "px",
                                                    "size": 32,
                                                    "sizes": []
                                                }
                                            },
                                            "elements": [],
                                            "isInner": false,
                                            "widgetType": "divider",
                                            "elType": "widget"
                                        },
                                        {
                                            "id": "13d3a164",
                                            "settings": {
                                                "author_name": "John Doe",
                                                "author_bio": "Lorem ipsum dolor sit amet consectetur adipiscing elit dolor",
                                                "link_text": "All Posts",
                                                "author_name_tag": "h6",
                                                "image_size_mobile": {
                                                    "unit": "px",
                                                    "size": 40,
                                                    "sizes": []
                                                },
                                                "bio_typography_typography": "custom",
                                                "bio_typography_font_size": {
                                                    "unit": "px",
                                                    "size": 14,
                                                    "sizes": []
                                                },
                                                "bio_typography_line_height": {
                                                    "unit": "em",
                                                    "size": 1.5,
                                                    "sizes": []
                                                },
                                                "author_avatar": {
                                                    "id": 381,
                                                    "url": "https:\/\/kit.detheme.com\/semeru\/wp-content\/uploads\/sites\/3\/2020\/07\/placeholder.png"
                                                }
                                            },
                                            "elements": [],
                                            "isInner": false,
                                            "widgetType": "author-box",
                                            "elType": "widget"
                                        },
                                        {
                                            "id": "4abb5ead",
                                            "settings": {
                                                "text": "Divider",
                                                "color": "#DEDEDE",
                                                "gap": {
                                                    "unit": "px",
                                                    "size": 32,
                                                    "sizes": []
                                                }
                                            },
                                            "elements": [],
                                            "isInner": false,
                                            "widgetType": "divider",
                                            "elType": "widget"
                                        }
                                    ],
                                    "isInner": true,
                                    "elType": "column"
                                }
                            ],
                            "isInner": true,
                            "elType": "section"
                        },
                        {
                            "id": "19812541",
                            "settings": [],
                            "elements": [
                                {
                                    "id": "432f3538",
                                    "settings": {
                                        "_column_size": 100,
                                        "_inline_size": null
                                    },
                                    "elements": [
                                        {
                                            "id": "f2685b0",
                                            "settings": {
                                                "_skin": "theme_comments"
                                            },
                                            "elements": [],
                                            "isInner": false,
                                            "widgetType": "post-comments",
                                            "elType": "widget"
                                        }
                                    ],
                                    "isInner": true,
                                    "elType": "column"
                                }
                            ],
                            "isInner": true,
                            "elType": "section"
                        }
                    ],
                    "isInner": false,
                    "elType": "column"
                },
                {
                    "id": "1839a131",
                    "settings": {
                        "_column_size": 33,
                        "_inline_size": 3.333
                    },
                    "elements": [],
                    "isInner": false,
                    "elType": "column"
                },
                {
                    "id": "213b614c",
                    "settings": {
                        "_column_size": 33,
                        "_inline_size": 36.304
                    },
                    "elements": [
                        {
                            "id": "51fcd081",
                            "settings": {
                                "template_id": "393"
                            },
                            "elements": [],
                            "isInner": false,
                            "widgetType": "template",
                            "elType": "widget"
                        }
                    ],
                    "isInner": false,
                    "elType": "column"
                }
            ],
            "isInner": false,
            "elType": "section"
        }
    ]
}