{
    "version": "0.4",
    "title": "Gallery",
    "type": "page",
    "metadata": {
        "template_type": "single-page",
        "include_in_zip": "1",
        "elementor_pro_required": "1",
        "wp_page_template": "elementor_header_footer"
    },
    "content": [
        {
            "id": "201690de",
            "settings": {
                "layout": "full_width",
                "gap": "wider",
                "height": "min-height",
                "custom_height": {
                    "unit": "px",
                    "size": 300,
                    "sizes": []
                },
                "custom_height_tablet": {
                    "unit": "px",
                    "size": 200,
                    "sizes": []
                },
                "background_background": "classic",
                "background_image": {
                    "url": "https:\/\/kit.detheme.com\/semeru\/wp-content\/uploads\/sites\/3\/2020\/07\/interior-of-modern-living-room-3-d-rendering-GVYRNDP-1.jpg",
                    "id": 566
                },
                "background_position": "bottom center",
                "background_size": "cover",
                "padding": {
                    "unit": "px",
                    "top": "48",
                    "right": "0",
                    "bottom": "48",
                    "left": "0",
                    "isLinked": false
                },
                "background_motion_fx_translateY_effect": "yes",
                "background_motion_fx_translateY_speed": {
                    "unit": "px",
                    "size": 10,
                    "sizes": []
                }
            },
            "elements": [
                {
                    "id": "dc299b3",
                    "settings": {
                        "_column_size": 100,
                        "_inline_size": null
                    },
                    "elements": [
                        {
                            "id": "74581920",
                            "settings": {
                                "title": "Gallery",
                                "header_size": "h1",
                                "align": "center",
                                "title_color": "#FFFFFF",
                                "_margin": {
                                    "unit": "px",
                                    "top": "0",
                                    "right": "0",
                                    "bottom": "-16",
                                    "left": "0",
                                    "isLinked": false
                                }
                            },
                            "elements": [],
                            "isInner": false,
                            "widgetType": "heading",
                            "elType": "widget"
                        }
                    ],
                    "isInner": false,
                    "elType": "column"
                }
            ],
            "isInner": false,
            "elType": "section"
        },
        {
            "id": "1cf0d2bf",
            "settings": {
                "gap": "wider",
                "padding": {
                    "unit": "px",
                    "top": "128",
                    "right": "0",
                    "bottom": "128",
                    "left": "0",
                    "isLinked": false
                },
                "padding_tablet": {
                    "unit": "px",
                    "top": "48",
                    "right": "0",
                    "bottom": "48",
                    "left": "0",
                    "isLinked": false
                },
                "layout": "full_width"
            },
            "elements": [
                {
                    "id": "5086c976",
                    "settings": {
                        "_column_size": 100,
                        "_inline_size": null
                    },
                    "elements": [
                        {
                            "id": "7e595193",
                            "settings": {
                                "gallery": [
                                    {
                                        "id": 586,
                                        "url": "https:\/\/kit.detheme.com\/semeru\/wp-content\/uploads\/sites\/3\/2020\/07\/working-on-his-products-FUVDZ3J.jpg"
                                    },
                                    {
                                        "id": 583,
                                        "url": "https:\/\/kit.detheme.com\/semeru\/wp-content\/uploads\/sites\/3\/2020\/07\/a-man-working-in-a-furniture-makers-workshop-6AWAUUC.jpg"
                                    },
                                    {
                                        "id": 584,
                                        "url": "https:\/\/kit.detheme.com\/semeru\/wp-content\/uploads\/sites\/3\/2020\/07\/two-creative-designers-working-in-workshop-TMU93JP.jpg"
                                    },
                                    {
                                        "id": 585,
                                        "url": "https:\/\/kit.detheme.com\/semeru\/wp-content\/uploads\/sites\/3\/2020\/07\/man-in-workshop-upcycling-and-working-on-furniture-RAWQSAQ.jpg"
                                    }
                                ],
                                "galleries": [
                                    {
                                        "gallery_title": "Lilo",
                                        "multiple_gallery": [
                                            {
                                                "id": 390,
                                                "url": "https:\/\/kit.detheme.com\/semeru\/wp-content\/uploads\/sites\/3\/2020\/07\/modern-house-design-4C5Y5TM.jpg"
                                            },
                                            {
                                                "id": 389,
                                                "url": "https:\/\/kit.detheme.com\/semeru\/wp-content\/uploads\/sites\/3\/2020\/07\/dog-in-a-house-interior-P6D5GAZ.jpg"
                                            },
                                            {
                                                "id": 391,
                                                "url": "https:\/\/kit.detheme.com\/semeru\/wp-content\/uploads\/sites\/3\/2020\/07\/sink-and-window-JV29NET.jpg"
                                            },
                                            {
                                                "id": 664,
                                                "url": "https:\/\/kit.detheme.com\/semeru\/wp-content\/uploads\/sites\/3\/2020\/07\/open-space-of-loft-PDPEPJ6.jpg"
                                            }
                                        ],
                                        "_id": "a1f80fc"
                                    },
                                    {
                                        "gallery_title": "Sworvska",
                                        "_id": "1f25305",
                                        "multiple_gallery": [
                                            {
                                                "id": 600,
                                                "url": "https:\/\/kit.detheme.com\/semeru\/wp-content\/uploads\/sites\/3\/2020\/07\/Illustration-Semeru_0001s_0001_sofa-in-blue-room-PGB6WCU.jpg"
                                            },
                                            {
                                                "id": 370,
                                                "url": "https:\/\/kit.detheme.com\/semeru\/wp-content\/uploads\/sites\/3\/2020\/07\/modern-minimalistic-interior-with-chest-of-drawers-CJT9HR3.jpg"
                                            },
                                            {
                                                "id": 391,
                                                "url": "https:\/\/kit.detheme.com\/semeru\/wp-content\/uploads\/sites\/3\/2020\/07\/sink-and-window-JV29NET.jpg"
                                            }
                                        ]
                                    },
                                    {
                                        "gallery_title": "Vaber",
                                        "multiple_gallery": [
                                            {
                                                "id": 388,
                                                "url": "https:\/\/kit.detheme.com\/semeru\/wp-content\/uploads\/sites\/3\/2020\/07\/interior-bathroom-of-a-forest-house-3d-rendering-5DZ6ARQ.jpg"
                                            },
                                            {
                                                "id": 389,
                                                "url": "https:\/\/kit.detheme.com\/semeru\/wp-content\/uploads\/sites\/3\/2020\/07\/dog-in-a-house-interior-P6D5GAZ.jpg"
                                            },
                                            {
                                                "id": 664,
                                                "url": "https:\/\/kit.detheme.com\/semeru\/wp-content\/uploads\/sites\/3\/2020\/07\/open-space-of-loft-PDPEPJ6.jpg"
                                            }
                                        ],
                                        "_id": "19a43f6"
                                    }
                                ],
                                "gallery_layout": "masonry",
                                "columns": 3,
                                "gap": {
                                    "unit": "px",
                                    "size": 48,
                                    "sizes": []
                                },
                                "link_to": "",
                                "thumbnail_image_size": "large",
                                "show_all_galleries_label": "All",
                                "overlay_title": "title",
                                "overlay_description": "caption",
                                "overlay_background_background": "gradient",
                                "overlay_background_color": "rgba(0, 0, 0, 0)",
                                "overlay_background_color_stop": {
                                    "unit": "%",
                                    "size": 49,
                                    "sizes": []
                                },
                                "overlay_background_color_b": "rgba(0, 0, 0, 0.75)",
                                "overlay_background_hover_background": "gradient",
                                "overlay_background_hover_color": "rgba(0, 0, 0, 0)",
                                "overlay_background_hover_color_b": "rgba(0, 0, 0, 0.63)",
                                "background_overlay_hover_animation": "enter-from-bottom",
                                "content_alignment": "left",
                                "content_vertical_position": "bottom",
                                "content_padding": {
                                    "unit": "px",
                                    "size": 32,
                                    "sizes": []
                                },
                                "content_padding_tablet": {
                                    "unit": "px",
                                    "size": 24,
                                    "sizes": []
                                },
                                "title_typography_typography": "custom",
                                "title_typography_font_family": "Josefin Sans",
                                "title_typography_font_size": {
                                    "unit": "px",
                                    "size": 21,
                                    "sizes": []
                                },
                                "title_typography_font_weight": "600",
                                "title_typography_text_transform": "uppercase",
                                "title_typography_letter_spacing": {
                                    "unit": "px",
                                    "size": 2,
                                    "sizes": []
                                },
                                "content_hover_animation": "enter-from-bottom",
                                "gallery_type": "multiple",
                                "background_overlay_animation_duration": {
                                    "unit": "px",
                                    "size": 500,
                                    "sizes": []
                                },
                                "pointer": "text",
                                "animation_line": "slide",
                                "align_filter_bar_items": "center",
                                "galleries_title_color_normal": "#999999",
                                "galleries_titles_typography_typography": "custom",
                                "galleries_titles_typography_font_family": "Josefin Sans",
                                "galleries_titles_typography_font_weight": "600",
                                "galleries_titles_typography_text_transform": "uppercase",
                                "galleries_title_color_active": "#333333",
                                "galleries_pointer_color_active": "#333333",
                                "pointer_width": {
                                    "unit": "px",
                                    "size": 1,
                                    "sizes": []
                                },
                                "galleries_titles_space_between": {
                                    "unit": "px",
                                    "size": 0,
                                    "sizes": []
                                },
                                "galleries_titles_gap": {
                                    "unit": "px",
                                    "size": 48,
                                    "sizes": []
                                }
                            },
                            "elements": [],
                            "isInner": false,
                            "widgetType": "gallery",
                            "elType": "widget"
                        }
                    ],
                    "isInner": false,
                    "elType": "column"
                }
            ],
            "isInner": false,
            "elType": "section"
        },
        {
            "id": "440568f0",
            "settings": {
                "layout": "full_width",
                "gap": "no"
            },
            "elements": [
                {
                    "id": "42256f44",
                    "settings": {
                        "_column_size": 100,
                        "_inline_size": null
                    },
                    "elements": [
                        {
                            "id": "63962492",
                            "settings": {
                                "structure": "30",
                                "background_background": "classic",
                                "background_image": {
                                    "url": "https:\/\/kit.detheme.com\/semeru\/wp-content\/uploads\/sites\/3\/2020\/07\/header-of-a-stylish-black-bedroom-interior-with-a-9QBCVH3.jpg",
                                    "id": 711
                                },
                                "background_position": "bottom center",
                                "margin": {
                                    "unit": "px",
                                    "top": "0",
                                    "right": 0,
                                    "bottom": "0",
                                    "left": 0,
                                    "isLinked": false
                                },
                                "padding": {
                                    "unit": "px",
                                    "top": "200",
                                    "right": "0",
                                    "bottom": "200",
                                    "left": "0",
                                    "isLinked": false
                                },
                                "background_size": "cover",
                                "background_bg_width": {
                                    "unit": "px",
                                    "size": 2000,
                                    "sizes": []
                                },
                                "background_motion_fx_motion_fx_scrolling": "yes",
                                "background_motion_fx_translateY_effect": "yes",
                                "background_motion_fx_translateY_speed": {
                                    "unit": "px",
                                    "size": 0.9,
                                    "sizes": []
                                },
                                "gap": "wider"
                            },
                            "elements": [
                                {
                                    "id": "8fcbe87",
                                    "settings": {
                                        "_column_size": 33,
                                        "_inline_size": 38.308,
                                        "_inline_size_tablet": 50
                                    },
                                    "elements": [
                                        {
                                            "id": "16b25f89",
                                            "settings": {
                                                "title": "New Service: Bespoke Carpentry",
                                                "header_size": "div",
                                                "typography_typography": "custom",
                                                "typography_font_size": {
                                                    "unit": "px",
                                                    "size": 16,
                                                    "sizes": []
                                                },
                                                "typography_font_weight": "300",
                                                "_margin": {
                                                    "unit": "px",
                                                    "top": "0",
                                                    "right": "0",
                                                    "bottom": "24",
                                                    "left": "0",
                                                    "isLinked": false
                                                },
                                                "ekit_we_effect_on": "none",
                                                "ekit_we_css_animation_fx": "",
                                                "ekit_we_css_animation": "ekit-fade",
                                                "ekit_we_css_animation_tablet": "",
                                                "ekit_we_css_animation_mobile": "",
                                                "ekit_we_css_animation_speed": "5",
                                                "ekit_we_css_animation_iteration_count": "infinite",
                                                "ekit_we_css_animation_direction": "normal",
                                                "ekit_we_css_transform_fx": "",
                                                "ekit_we_css_transform_fx_translate_toggle": "",
                                                "ekit_we_css_transform_fx_translate_x": {
                                                    "unit": "px",
                                                    "size": "",
                                                    "sizes": []
                                                },
                                                "ekit_we_css_transform_fx_translate_x_tablet": {
                                                    "unit": "px",
                                                    "size": "",
                                                    "sizes": []
                                                },
                                                "ekit_we_css_transform_fx_translate_x_mobile": {
                                                    "unit": "px",
                                                    "size": "",
                                                    "sizes": []
                                                },
                                                "ekit_we_css_transform_fx_translate_y": {
                                                    "unit": "px",
                                                    "size": "",
                                                    "sizes": []
                                                },
                                                "ekit_we_css_transform_fx_translate_y_tablet": {
                                                    "unit": "px",
                                                    "size": "",
                                                    "sizes": []
                                                },
                                                "ekit_we_css_transform_fx_translate_y_mobile": {
                                                    "unit": "px",
                                                    "size": "",
                                                    "sizes": []
                                                },
                                                "ekit_we_css_transform_fx_rotate_toggle": "",
                                                "ekit_we_css_transform_fx_rotate_z": {
                                                    "unit": "px",
                                                    "size": "",
                                                    "sizes": []
                                                },
                                                "ekit_we_css_transform_fx_rotate_z_tablet": {
                                                    "unit": "px",
                                                    "size": "",
                                                    "sizes": []
                                                },
                                                "ekit_we_css_transform_fx_rotate_z_mobile": {
                                                    "unit": "px",
                                                    "size": "",
                                                    "sizes": []
                                                },
                                                "ekit_we_css_transform_fx_rotate_x": {
                                                    "unit": "px",
                                                    "size": "",
                                                    "sizes": []
                                                },
                                                "ekit_we_css_transform_fx_rotate_x_tablet": {
                                                    "unit": "px",
                                                    "size": "",
                                                    "sizes": []
                                                },
                                                "ekit_we_css_transform_fx_rotate_x_mobile": {
                                                    "unit": "px",
                                                    "size": "",
                                                    "sizes": []
                                                },
                                                "ekit_we_css_transform_fx_rotate_y": {
                                                    "unit": "px",
                                                    "size": "",
                                                    "sizes": []
                                                },
                                                "ekit_we_css_transform_fx_rotate_y_tablet": {
                                                    "unit": "px",
                                                    "size": "",
                                                    "sizes": []
                                                },
                                                "ekit_we_css_transform_fx_rotate_y_mobile": {
                                                    "unit": "px",
                                                    "size": "",
                                                    "sizes": []
                                                },
                                                "ekit_we_css_transform_fx_scale_toggle": "",
                                                "ekit_we_css_transform_fx_scale_x": {
                                                    "unit": "px",
                                                    "size": 1,
                                                    "sizes": []
                                                },
                                                "ekit_we_css_transform_fx_scale_x_tablet": {
                                                    "unit": "px",
                                                    "size": "",
                                                    "sizes": []
                                                },
                                                "ekit_we_css_transform_fx_scale_x_mobile": {
                                                    "unit": "px",
                                                    "size": "",
                                                    "sizes": []
                                                },
                                                "ekit_we_css_transform_fx_scale_y": {
                                                    "unit": "px",
                                                    "size": 1,
                                                    "sizes": []
                                                },
                                                "ekit_we_css_transform_fx_scale_y_tablet": {
                                                    "unit": "px",
                                                    "size": "",
                                                    "sizes": []
                                                },
                                                "ekit_we_css_transform_fx_scale_y_mobile": {
                                                    "unit": "px",
                                                    "size": "",
                                                    "sizes": []
                                                },
                                                "ekit_we_css_transform_fx_skew_toggle": "",
                                                "ekit_we_css_transform_fx_skew_x": {
                                                    "unit": "px",
                                                    "size": "",
                                                    "sizes": []
                                                },
                                                "ekit_we_css_transform_fx_skew_x_tablet": {
                                                    "unit": "px",
                                                    "size": "",
                                                    "sizes": []
                                                },
                                                "ekit_we_css_transform_fx_skew_x_mobile": {
                                                    "unit": "px",
                                                    "size": "",
                                                    "sizes": []
                                                },
                                                "ekit_we_css_transform_fx_skew_y": {
                                                    "unit": "px",
                                                    "size": "",
                                                    "sizes": []
                                                },
                                                "ekit_we_css_transform_fx_skew_y_tablet": {
                                                    "unit": "px",
                                                    "size": "",
                                                    "sizes": []
                                                },
                                                "ekit_we_css_transform_fx_skew_y_mobile": {
                                                    "unit": "px",
                                                    "size": "",
                                                    "sizes": []
                                                },
                                                "ekit_we_on_test_mode": "on",
                                                "ekit_we_tilt_maxtilt": 20,
                                                "ekit_we_tilt_scale": 1,
                                                "ekit_we_tilt_disableaxis": "",
                                                "ekit_we_mousemove_parallax_speed": 40,
                                                "ekit_we_scroll_animation": "translateY",
                                                "ekit_we_scroll_animation_value": 250,
                                                "ekit_we_scroll_smoothness": 700,
                                                "ekit_we_scroll_offsettop": 0,
                                                "ekit_we_scroll_offsetbottom": 0,
                                                "ekit_sticky": "",
                                                "ekit_sticky_on": [
                                                    "desktop",
                                                    "tablet",
                                                    "mobile"
                                                ],
                                                "ekit_sticky_offset": {
                                                    "unit": "px",
                                                    "size": 0,
                                                    "sizes": []
                                                },
                                                "ekit_sticky_effect_offset": {
                                                    "unit": "px",
                                                    "size": 0,
                                                    "sizes": []
                                                },
                                                "title_color": "#FFFFFF",
                                                "typography_font_family": "EB Garamond",
                                                "typography_text_transform": "none",
                                                "typography_font_style": "italic",
                                                "typography_line_height": {
                                                    "unit": "em",
                                                    "size": 1.5,
                                                    "sizes": []
                                                },
                                                "typography_letter_spacing": {
                                                    "unit": "px",
                                                    "size": 0,
                                                    "sizes": []
                                                },
                                                "_element_width": "auto"
                                            },
                                            "elements": [],
                                            "isInner": false,
                                            "widgetType": "heading",
                                            "elType": "widget"
                                        },
                                        {
                                            "id": "48f1932a",
                                            "settings": {
                                                "title": "Design &amp; create your own custom furnitures",
                                                "_margin": {
                                                    "unit": "px",
                                                    "top": "0",
                                                    "right": "0",
                                                    "bottom": "8",
                                                    "left": "0",
                                                    "isLinked": false
                                                },
                                                "title_color": "#FFFFFF"
                                            },
                                            "elements": [],
                                            "isInner": false,
                                            "widgetType": "heading",
                                            "elType": "widget"
                                        }
                                    ],
                                    "isInner": true,
                                    "elType": "column"
                                },
                                {
                                    "id": "72bf00a0",
                                    "settings": {
                                        "_column_size": 33,
                                        "_inline_size": 15.923,
                                        "content_position": "center",
                                        "_inline_size_tablet": 2
                                    },
                                    "elements": [],
                                    "isInner": true,
                                    "elType": "column"
                                },
                                {
                                    "id": "3c1fa04c",
                                    "settings": {
                                        "_column_size": 33,
                                        "_inline_size": 45.085,
                                        "content_position": "center",
                                        "align": "center"
                                    },
                                    "elements": [
                                        {
                                            "id": "65ca2a65",
                                            "settings": {
                                                "text": "Get a Free Quote",
                                                "size": "md",
                                                "border_border": "solid",
                                                "border_width": {
                                                    "unit": "px",
                                                    "top": "1",
                                                    "right": "1",
                                                    "bottom": "1",
                                                    "left": "1",
                                                    "isLinked": true
                                                },
                                                "border_color": "#FFFFFF",
                                                "button_box_shadow_box_shadow": {
                                                    "horizontal": 0,
                                                    "vertical": 0,
                                                    "blur": 0,
                                                    "spread": 1,
                                                    "color": "#66A77C"
                                                },
                                                "typography_typography": "custom",
                                                "background_color": "#FFFFFF",
                                                "button_text_color": "#333333",
                                                "button_hover_border_color": "#FFFFFF"
                                            },
                                            "elements": [],
                                            "isInner": false,
                                            "widgetType": "button",
                                            "elType": "widget"
                                        }
                                    ],
                                    "isInner": true,
                                    "elType": "column"
                                }
                            ],
                            "isInner": true,
                            "elType": "section"
                        }
                    ],
                    "isInner": false,
                    "elType": "column"
                }
            ],
            "isInner": false,
            "elType": "section"
        }
    ]
}