{
    "version": "0.4",
    "title": "Global Kit Styles",
    "type": "section",
    "metadata": {
        "template_type": "global-styles",
        "include_in_zip": "1",
        "elementor_pro_required": "1",
        "additional_template_information": [
            "These are the global theme styles configured through the Elementor Theme Styles area."
        ],
        "wp_page_template": "default"
    },
    "content": [],
    "page_settings": {
        "body_color": "#6B6B6B",
        "body_typography_typography": "custom",
        "body_typography_font_family": "Nunito Sans",
        "body_typography_font_weight": "300",
        "h1_color": "#333333",
        "h2_color": "#333333",
        "h2_typography_typography": "custom",
        "h2_typography_font_family": "Josefin Sans",
        "h2_typography_text_transform": "uppercase",
        "paragraph_spacing": {
            "unit": "em",
            "size": "1.5",
            "sizes": []
        },
        "link_normal_color": "#66A77C",
        "h1_typography_typography": "custom",
        "h1_typography_font_family": "Josefin Sans",
        "h1_typography_font_size": {
            "unit": "px",
            "size": "68",
            "sizes": []
        },
        "h1_typography_font_weight": "400",
        "h1_typography_text_transform": "uppercase",
        "h1_typography_line_height": {
            "unit": "em",
            "size": "1",
            "sizes": []
        },
        "h2_typography_font_size": {
            "unit": "px",
            "size": "50",
            "sizes": []
        },
        "h2_typography_font_weight": "400",
        "h2_typography_line_height": {
            "unit": "em",
            "size": "1.1",
            "sizes": []
        },
        "h3_color": "#333333",
        "h3_typography_typography": "custom",
        "h3_typography_font_family": "Josefin Sans",
        "h3_typography_font_size": {
            "unit": "px",
            "size": "38",
            "sizes": []
        },
        "h3_typography_font_weight": "400",
        "h3_typography_text_transform": "uppercase",
        "h3_typography_line_height": {
            "unit": "em",
            "size": "1.2",
            "sizes": []
        },
        "h4_color": "#333333",
        "h4_typography_typography": "custom",
        "h4_typography_font_family": "Josefin Sans",
        "h4_typography_font_size": {
            "unit": "px",
            "size": "28",
            "sizes": []
        },
        "h4_typography_font_weight": "400",
        "h4_typography_text_transform": "uppercase",
        "h4_typography_line_height": {
            "unit": "em",
            "size": "1.3",
            "sizes": []
        },
        "h5_color": "#333333",
        "h5_typography_typography": "custom",
        "h5_typography_font_family": "Josefin Sans",
        "h5_typography_font_size": {
            "unit": "px",
            "size": "28",
            "sizes": []
        },
        "h5_typography_font_weight": "400",
        "h5_typography_text_transform": "uppercase",
        "h6_color": "#333333",
        "h6_typography_typography": "custom",
        "h6_typography_font_family": "Josefin Sans",
        "h6_typography_font_size": {
            "unit": "px",
            "size": "16",
            "sizes": []
        },
        "h6_typography_font_weight": "500",
        "h6_typography_text_transform": "uppercase",
        "h6_typography_line_height": {
            "unit": "em",
            "size": "1.5",
            "sizes": []
        },
        "button_typography_typography": "custom",
        "button_typography_font_family": "EB Garamond",
        "button_typography_font_size": {
            "unit": "px",
            "size": "17",
            "sizes": []
        },
        "button_typography_font_weight": "300",
        "button_typography_text_transform": "none",
        "button_text_color": "#FFFFFF",
        "button_background_color": "#66A77C",
        "button_box_shadow_box_shadow": {
            "horizontal": "0",
            "vertical": "0",
            "blur": "0",
            "spread": "1",
            "color": "#66A77C"
        },
        "button_border_width": {
            "unit": "px",
            "top": "0",
            "right": "0",
            "bottom": "0",
            "left": "0",
            "isLinked": "1"
        },
        "button_border_color": "#FFFFFF",
        "button_border_radius": {
            "unit": "px",
            "top": "0",
            "right": "0",
            "bottom": "0",
            "left": "0",
            "isLinked": "1"
        },
        "button_hover_border_width": {
            "unit": "px",
            "top": "3",
            "right": "3",
            "bottom": "3",
            "left": "3",
            "isLinked": "1"
        },
        "button_hover_border_color": "#66A77C",
        "link_hover_color": "#4B8B61",
        "button_hover_text_color": "#FFFFFF",
        "button_typography_font_style": "italic",
        "form_field_background_color": "rgba(2, 1, 1, 0)",
        "form_field_border_border": "solid",
        "form_field_border_width": {
            "unit": "px",
            "top": "0",
            "right": "0",
            "bottom": "1",
            "left": "0",
            "isLinked": ""
        },
        "form_field_border_color": "#DBDBDB",
        "form_field_border_radius": {
            "unit": "px",
            "top": "0",
            "right": "0",
            "bottom": "0",
            "left": "0",
            "isLinked": "1"
        },
        "form_label_typography_font_family": "EB Garamond",
        "form_label_typography_font_style": "italic",
        "form_field_typography_typography": "custom",
        "form_field_typography_font_family": "EB Garamond",
        "form_field_typography_font_size": {
            "unit": "px",
            "size": "16",
            "sizes": []
        },
        "form_field_typography_font_style": "italic",
        "form_field_focus_box_shadow_box_shadow_type": "yes",
        "form_field_focus_box_shadow_box_shadow": {
            "horizontal": "0",
            "vertical": "0",
            "blur": "10",
            "spread": "0",
            "color": "rgba(0, 0, 0, 0)"
        },
        "form_field_focus_border_border": "solid",
        "form_field_focus_border_width": {
            "unit": "px",
            "top": "0",
            "right": "0",
            "bottom": "1",
            "left": "0",
            "isLinked": ""
        },
        "form_field_focus_border_color": "#BABABA",
        "form_field_padding": {
            "unit": "px",
            "top": "0",
            "right": "0",
            "bottom": "0",
            "left": "0",
            "isLinked": ""
        },
        "h1_typography_font_size_tablet": {
            "unit": "px",
            "size": "50",
            "sizes": []
        },
        "h1_typography_line_height_tablet": {
            "unit": "em",
            "size": "1.1",
            "sizes": []
        },
        "h2_typography_font_size_tablet": {
            "unit": "px",
            "size": "38",
            "sizes": []
        },
        "h2_typography_line_height_tablet": {
            "unit": "em",
            "size": "1.2",
            "sizes": []
        },
        "h3_typography_font_size_tablet": {
            "unit": "px",
            "size": "28",
            "sizes": []
        },
        "h3_typography_line_height_tablet": {
            "unit": "em",
            "size": "1.3",
            "sizes": []
        },
        "h4_typography_font_size_tablet": {
            "unit": "px",
            "size": "21",
            "sizes": []
        },
        "h4_typography_line_height_tablet": {
            "unit": "em",
            "size": "1.4",
            "sizes": []
        },
        "button_border_border": "solid",
        "default_generic_fonts": "Sans-serif",
        "container_width": {
            "unit": "px",
            "size": "1300",
            "sizes": []
        },
        "viewport_md": "",
        "viewport_lg": "",
        "custom_colors": [
            {
                "_id": "28cea6ec",
                "title": "Saved Color #1",
                "color": "#FFF"
            },
            {
                "_id": "50fb72de",
                "title": "Saved Color #2",
                "color": "#333333"
            },
            {
                "_id": "103bc635",
                "title": "Saved Color #3",
                "color": "#6B6B6B"
            },
            {
                "_id": "3a9eed9f",
                "title": "Saved Color #4",
                "color": "#64AED3"
            },
            {
                "_id": "28225d00",
                "title": "Saved Color #5",
                "color": "#66A77C"
            },
            {
                "_id": "509c8abb",
                "title": "Saved Color #6",
                "color": "#4B8B61"
            },
            {
                "_id": "4e205cb7",
                "title": "Saved Color #7",
                "color": "#EBF2F0"
            },
            {
                "_id": "77b179a7",
                "title": "Saved Color #8",
                "color": "#FF7E54"
            },
            {
                "_id": "363da70d",
                "title": "Saved Color #9",
                "color": "#FFFCF1"
            }
        ],
        "system_colors": [
            {
                "_id": "primary",
                "title": "Primary",
                "color": "#6EC1E4"
            },
            {
                "_id": "secondary",
                "title": "Secondary",
                "color": "#54595F"
            },
            {
                "_id": "text",
                "title": "Text",
                "color": "#7A7A7A"
            },
            {
                "_id": "accent",
                "title": "Accent",
                "color": "#61CE70"
            }
        ],
        "system_typography": [
            {
                "_id": "primary",
                "title": "Primary",
                "typography_typography": "custom",
                "typography_font_family": "Roboto",
                "typography_font_weight": "600"
            },
            {
                "_id": "secondary",
                "title": "Secondary",
                "typography_typography": "custom",
                "typography_font_family": "Roboto Slab",
                "typography_font_weight": "400"
            },
            {
                "_id": "text",
                "title": "Text",
                "typography_typography": "custom",
                "typography_font_family": "Roboto",
                "typography_font_weight": "400"
            },
            {
                "_id": "accent",
                "title": "Accent",
                "typography_typography": "custom",
                "typography_font_family": "Roboto",
                "typography_font_weight": "500"
            }
        ],
        "custom_typography": [],
        "site_name": "Semeru",
        "site_description": "Just another Premium Elementor Kit Templates site",
        "space_between_widgets": {
            "unit": "px",
            "size": 0,
            "sizes": []
        },
        "page_title_selector": "h1.entry-title"
    }
}