{
    "version": "0.4",
    "title": "Header",
    "type": "header",
    "metadata": {
        "template_type": "single-page",
        "include_in_zip": "1",
        "elementor_pro_required": "1",
        "elementor_library_type": "header",
        "elementor_pro_conditions": [
            "include\/general"
        ],
        "additional_template_information": [
            "This is a \"Header\" template for Elementor Pro.",
            "This template will display on: Entire Site."
        ],
        "wp_page_template": "default"
    },
    "content": [
        {
            "id": "6f44be2d",
            "settings": {
                "layout": "full_width",
                "gap": "wider",
                "structure": "20",
                "background_background": "classic",
                "background_color": "#FFFFFF",
                "z_index": 999,
                "sticky": "top"
            },
            "elements": [
                {
                    "id": "743c235",
                    "settings": {
                        "_column_size": 50,
                        "_inline_size": 74.599,
                        "content_position": "center",
                        "_inline_size_mobile": 50,
                        "content_position_tablet": "center",
                        "align_mobile": "space-between",
                        "padding_mobile": {
                            "unit": "px",
                            "top": "10",
                            "right": "0",
                            "bottom": "10",
                            "left": "30",
                            "isLinked": false
                        },
                        "_inline_size_tablet": 70,
                        "align_tablet": "space-between",
                        "padding_tablet": {
                            "unit": "px",
                            "top": "10",
                            "right": "0",
                            "bottom": "10",
                            "left": "30",
                            "isLinked": false
                        }
                    },
                    "elements": [
                        {
                            "id": "6137499",
                            "settings": {
                                "image": {
                                    "url": "https:\/\/kit.detheme.com\/semeru\/wp-content\/uploads\/sites\/3\/2020\/07\/semeru\u0308.png",
                                    "id": 6
                                },
                                "align": "left",
                                "width": {
                                    "unit": "px",
                                    "size": 114,
                                    "sizes": []
                                },
                                "_element_width": "auto",
                                "_margin": {
                                    "unit": "px",
                                    "top": "-10",
                                    "right": "48",
                                    "bottom": "0",
                                    "left": "0",
                                    "isLinked": false
                                },
                                "width_mobile": {
                                    "unit": "px",
                                    "size": 70,
                                    "sizes": []
                                },
                                "_margin_mobile": {
                                    "unit": "px",
                                    "top": "-6",
                                    "right": "0",
                                    "bottom": "0",
                                    "left": "0",
                                    "isLinked": false
                                },
                                "width_tablet": {
                                    "unit": "px",
                                    "size": 85,
                                    "sizes": []
                                }
                            },
                            "elements": [],
                            "isInner": false,
                            "widgetType": "image",
                            "elType": "widget"
                        },
                        {
                            "id": "3675d2ac",
                            "settings": {
                                "indicator": "none",
                                "full_width": "stretch",
                                "menu_typography_typography": "custom",
                                "menu_typography_font_size": {
                                    "unit": "px",
                                    "size": 12,
                                    "sizes": []
                                },
                                "menu_typography_font_weight": "700",
                                "menu_typography_text_transform": "uppercase",
                                "menu_typography_letter_spacing": {
                                    "unit": "px",
                                    "size": 1,
                                    "sizes": []
                                },
                                "color_menu_item": "#333333",
                                "pointer_color_menu_item_hover": "#6B6B6B",
                                "pointer_width": {
                                    "unit": "px",
                                    "size": 1,
                                    "sizes": []
                                },
                                "padding_horizontal_menu_item": {
                                    "unit": "px",
                                    "size": 0,
                                    "sizes": []
                                },
                                "menu_space_between": {
                                    "unit": "px",
                                    "size": 48,
                                    "sizes": []
                                },
                                "color_dropdown_item": "#333333",
                                "color_dropdown_item_hover": "#66A77C",
                                "background_color_dropdown_item_hover": "rgba(2, 1, 1, 0)",
                                "color_dropdown_item_active": "#66A77C",
                                "dropdown_typography_typography": "custom",
                                "dropdown_typography_font_size": {
                                    "unit": "px",
                                    "size": 14,
                                    "sizes": []
                                },
                                "dropdown_typography_font_weight": "600",
                                "dropdown_border_border": "solid",
                                "dropdown_border_width": {
                                    "unit": "px",
                                    "top": "16",
                                    "right": "16",
                                    "bottom": "16",
                                    "left": "0",
                                    "isLinked": false
                                },
                                "dropdown_border_color": "#FFFFFF",
                                "padding_horizontal_dropdown_item": {
                                    "unit": "px",
                                    "size": 20,
                                    "sizes": []
                                },
                                "padding_vertical_dropdown_item": {
                                    "unit": "px",
                                    "size": 8,
                                    "sizes": []
                                },
                                "toggle_color": "#333333",
                                "toggle_background_color": "rgba(2, 1, 1, 0)",
                                "_element_width": "auto",
                                "animation_line": "slide",
                                "pointer_color_menu_item_active": "#6B6B6B",
                                "dropdown_border_radius": {
                                    "unit": "px",
                                    "top": "4",
                                    "right": "4",
                                    "bottom": "4",
                                    "left": "4",
                                    "isLinked": true
                                },
                                "dropdown_box_shadow_box_shadow_type": "yes",
                                "dropdown_box_shadow_box_shadow": {
                                    "horizontal": 0,
                                    "vertical": 0,
                                    "blur": 44,
                                    "spread": -7,
                                    "color": "rgba(0, 0, 0, 0.13)"
                                }
                            },
                            "elements": [],
                            "isInner": false,
                            "widgetType": "nav-menu",
                            "elType": "widget"
                        }
                    ],
                    "isInner": false,
                    "elType": "column"
                },
                {
                    "id": "5a4e66df",
                    "settings": {
                        "_column_size": 50,
                        "_inline_size": 25.245,
                        "_inline_size_mobile": 50,
                        "padding_mobile": {
                            "unit": "px",
                            "top": "0",
                            "right": "20",
                            "bottom": "0",
                            "left": "0",
                            "isLinked": false
                        },
                        "content_position_mobile": "center",
                        "content_position": "center",
                        "align": "flex-end",
                        "margin_mobile": {
                            "unit": "px",
                            "top": "0",
                            "right": "0",
                            "bottom": "0",
                            "left": "0",
                            "isLinked": false
                        },
                        "_inline_size_tablet": 30,
                        "padding_tablet": {
                            "unit": "px",
                            "top": "10",
                            "right": "30",
                            "bottom": "10",
                            "left": "10",
                            "isLinked": false
                        }
                    },
                    "elements": [
                        {
                            "id": "1f4d56df",
                            "settings": {
                                "text": "",
                                "selected_icon": {
                                    "value": "far fa-user",
                                    "library": "fa-regular"
                                },
                                "typography_typography": "custom",
                                "typography_font_size": {
                                    "unit": "px",
                                    "size": 17,
                                    "sizes": []
                                },
                                "button_text_color": "#333333",
                                "background_color": "rgba(2, 1, 1, 0)",
                                "text_padding": {
                                    "unit": "px",
                                    "top": "0",
                                    "right": "0",
                                    "bottom": "0",
                                    "left": "0",
                                    "isLinked": false
                                },
                                "_element_width": "auto",
                                "__dynamic__": {
                                    "link": "[elementor-tag id=\"ebfba29\" name=\"popup\" settings=\"%7B%22popup%22%3A%22626%22%7D\"]"
                                },
                                "_margin_mobile": {
                                    "unit": "px",
                                    "top": "0",
                                    "right": "0",
                                    "bottom": "0",
                                    "left": "0",
                                    "isLinked": false
                                }
                            },
                            "elements": [],
                            "isInner": false,
                            "widgetType": "button",
                            "elType": "widget"
                        },
                        {
                            "id": "6fc49001",
                            "settings": {
                                "alignment": "right",
                                "toggle_button_border_width": {
                                    "unit": "px",
                                    "size": 0,
                                    "sizes": []
                                },
                                "toggle_button_text_color": "#333333",
                                "toggle_button_background_color": "rgba(2, 1, 1, 0)",
                                "toggle_button_border_color": "rgba(100, 174, 211, 0)",
                                "items_indicator_background_color": "#4B8B61",
                                "items_indicator_distance": {
                                    "unit": "em",
                                    "size": 1.2,
                                    "sizes": []
                                },
                                "_element_width": "auto",
                                "toggle_icon_spacing": {
                                    "unit": "px",
                                    "size": 10,
                                    "sizes": []
                                },
                                "items_indicator_text_color": "#FFFFFF",
                                "subtotal_color": "#333333",
                                "subtotal_typography_typography": "custom",
                                "subtotal_typography_font_size": {
                                    "unit": "px",
                                    "size": 16,
                                    "sizes": []
                                },
                                "subtotal_typography_font_weight": "400",
                                "product_title_color": "#333333",
                                "product_title_typography_typography": "custom",
                                "product_title_typography_font_family": "Josefin Sans",
                                "product_title_typography_font_size": {
                                    "unit": "px",
                                    "size": 16,
                                    "sizes": []
                                },
                                "product_title_typography_font_weight": "600",
                                "product_title_typography_text_transform": "uppercase",
                                "product_price_color": "#66A77C",
                                "product_price_typography_typography": "custom",
                                "product_price_typography_font_family": "EB Garamond",
                                "product_price_typography_font_size": {
                                    "unit": "px",
                                    "size": 16,
                                    "sizes": []
                                },
                                "product_price_typography_font_style": "italic",
                                "divider_style": "solid",
                                "divider_color": "#DEDEDE"
                            },
                            "elements": [],
                            "isInner": false,
                            "widgetType": "woocommerce-menu-cart",
                            "elType": "widget"
                        }
                    ],
                    "isInner": false,
                    "elType": "column"
                }
            ],
            "isInner": false,
            "elType": "section"
        }
    ]
}