{
    "version": "0.4",
    "title": "Login",
    "type": "popup",
    "metadata": {
        "template_type": "section-popup",
        "include_in_zip": "1",
        "elementor_pro_required": "1",
        "elementor_library_type": "popup",
        "elementor_pro_conditions": [
            "include\/general"
        ],
        "additional_template_information": [
            "This is a \"Popup\" template for Elementor Pro.",
            "This template will display on: Entire Site."
        ],
        "wp_page_template": "default"
    },
    "content": [
        {
            "id": "48789bfd",
            "settings": {
                "gap": "wider"
            },
            "elements": [
                {
                    "id": "3c489d71",
                    "settings": {
                        "_column_size": 100,
                        "_inline_size": null
                    },
                    "elements": [
                        {
                            "id": "5d56928d",
                            "settings": {
                                "input_size": "md",
                                "button_text": "Log In",
                                "align": "start",
                                "custom_labels": "yes",
                                "user_label": "",
                                "user_placeholder": "Username or Email Address",
                                "password_label": "",
                                "password_placeholder": "Password",
                                "row_gap": {
                                    "unit": "px",
                                    "size": 23,
                                    "sizes": []
                                },
                                "label_spacing": {
                                    "unit": "px",
                                    "size": 4,
                                    "sizes": []
                                },
                                "label_color": "#999999",
                                "label_typography_typography": "custom",
                                "label_typography_font_size": {
                                    "unit": "px",
                                    "size": 14,
                                    "sizes": []
                                }
                            },
                            "elements": [],
                            "isInner": false,
                            "widgetType": "login",
                            "elType": "widget"
                        }
                    ],
                    "isInner": false,
                    "elType": "column"
                }
            ],
            "isInner": false,
            "elType": "section"
        }
    ]
}