{
    "version": "0.4",
    "title": "Product Archive",
    "type": "product-archive",
    "metadata": {
        "template_type": "archive-product",
        "include_in_zip": "1",
        "elementor_pro_required": "1",
        "elementor_library_type": "product-archive",
        "elementor_pro_conditions": [
            "include\/product_archive"
        ],
        "additional_template_information": [
            "This is a \"Product Archive\" template for Elementor Pro.",
            "This template will display on: All Product Archives."
        ],
        "wp_page_template": "default"
    },
    "content": [
        {
            "id": "2ccdd3f6",
            "settings": {
                "layout": "full_width",
                "gap": "wider",
                "background_background": "classic",
                "background_color": "#EBF2F0"
            },
            "elements": [
                {
                    "id": "4a7b47b9",
                    "settings": {
                        "_column_size": 100,
                        "_inline_size": null
                    },
                    "elements": [
                        {
                            "id": "46cc9ec8",
                            "settings": {
                                "text_typography_typography": "custom",
                                "text_typography_font_family": "EB Garamond",
                                "text_typography_font_style": "italic",
                                "alignment": "center"
                            },
                            "elements": [],
                            "isInner": false,
                            "widgetType": "woocommerce-breadcrumb",
                            "elType": "widget"
                        }
                    ],
                    "isInner": false,
                    "elType": "column"
                }
            ],
            "isInner": false,
            "elType": "section"
        },
        {
            "id": "68773a64",
            "settings": {
                "gap": "wider",
                "padding": {
                    "unit": "px",
                    "top": "128",
                    "right": "0",
                    "bottom": "128",
                    "left": "0",
                    "isLinked": false
                },
                "padding_tablet": {
                    "unit": "px",
                    "top": "48",
                    "right": "0",
                    "bottom": "48",
                    "left": "0",
                    "isLinked": false
                }
            },
            "elements": [
                {
                    "id": "563e278a",
                    "settings": {
                        "_column_size": 100,
                        "_inline_size": null
                    },
                    "elements": [
                        {
                            "id": "6dab89c3",
                            "settings": {
                                "column_gap": {
                                    "unit": "px",
                                    "size": 48,
                                    "sizes": []
                                },
                                "row_gap": {
                                    "unit": "px",
                                    "size": 64,
                                    "sizes": []
                                },
                                "align": "center",
                                "star_color": "#FFD200",
                                "price_color": "#66A77C",
                                "price_typography_typography": "custom",
                                "price_typography_font_family": "EB Garamond",
                                "price_typography_font_size": {
                                    "unit": "px",
                                    "size": 16,
                                    "sizes": []
                                },
                                "price_typography_font_weight": "400",
                                "price_typography_font_style": "italic",
                                "price_typography_text_decoration": "none",
                                "old_price_color": "#66A77C",
                                "old_price_typography_typography": "custom",
                                "old_price_typography_font_weight": "400",
                                "button_background_color": "rgba(2, 1, 1, 0)",
                                "button_border_color": "#ABABAB",
                                "button_typography_typography": "custom",
                                "button_typography_font_family": "EB Garamond",
                                "button_typography_font_weight": "400",
                                "button_typography_font_style": "italic",
                                "button_hover_color": "#333333",
                                "button_hover_border_color": "#333333",
                                "button_border_border": "solid",
                                "button_border_width": {
                                    "unit": "px",
                                    "top": "0",
                                    "right": "0",
                                    "bottom": "1",
                                    "left": "0",
                                    "isLinked": false
                                },
                                "button_border_radius": {
                                    "unit": "px",
                                    "top": "0",
                                    "right": "0",
                                    "bottom": "0",
                                    "left": "0",
                                    "isLinked": true
                                },
                                "button_text_padding": {
                                    "unit": "px",
                                    "top": "0",
                                    "right": "0",
                                    "bottom": "0",
                                    "left": "0",
                                    "isLinked": false
                                },
                                "button_spacing": {
                                    "unit": "px",
                                    "size": 12,
                                    "sizes": []
                                },
                                "view_cart_typography_typography": "custom",
                                "view_cart_typography_font_family": "EB Garamond",
                                "view_cart_typography_font_style": "italic",
                                "pagination_spacing": {
                                    "unit": "px",
                                    "size": 65,
                                    "sizes": []
                                },
                                "show_pagination_border": "",
                                "pagination_padding": {
                                    "unit": "px",
                                    "size": 12,
                                    "sizes": []
                                },
                                "pagination_link_color": "#999999",
                                "pagination_link_color_active": "#4B8B61",
                                "pagination_link_bg_color_active": "#EBF2F0",
                                "onsale_text_background_color": "#FF7E54",
                                "onsale_typography_typography": "custom",
                                "onsale_typography_font_size_mobile": {
                                    "unit": "px",
                                    "size": 12,
                                    "sizes": []
                                },
                                "onsale_typography_font_weight": "400",
                                "nothing_found_message": "It seems we can't find what you're looking for."
                            },
                            "elements": [],
                            "isInner": false,
                            "widgetType": "wc-archive-products",
                            "elType": "widget"
                        }
                    ],
                    "isInner": false,
                    "elType": "column"
                }
            ],
            "isInner": false,
            "elType": "section"
        },
        {
            "id": "5b7cb4c1",
            "settings": {
                "padding": {
                    "unit": "px",
                    "top": "0",
                    "right": "0",
                    "bottom": "0",
                    "left": "0",
                    "isLinked": false
                },
                "gap": "wider",
                "padding_tablet": {
                    "unit": "px",
                    "top": "0",
                    "right": "0",
                    "bottom": "0",
                    "left": "0",
                    "isLinked": false
                }
            },
            "elements": [
                {
                    "id": "36243e82",
                    "settings": {
                        "_column_size": 100,
                        "_inline_size": null,
                        "align": "center"
                    },
                    "elements": [
                        {
                            "id": "3864c45a",
                            "settings": {
                                "margin": {
                                    "unit": "px",
                                    "top": "0",
                                    "right": 0,
                                    "bottom": "0",
                                    "left": 0,
                                    "isLinked": false
                                },
                                "padding": {
                                    "unit": "px",
                                    "top": "96",
                                    "right": "0",
                                    "bottom": "96",
                                    "left": "0",
                                    "isLinked": false
                                },
                                "background_color": "#66A77C",
                                "background_background": "classic",
                                "padding_tablet": {
                                    "unit": "px",
                                    "top": "48",
                                    "right": "0",
                                    "bottom": "48",
                                    "left": "0",
                                    "isLinked": false
                                }
                            },
                            "elements": [
                                {
                                    "id": "76cf90f0",
                                    "settings": {
                                        "_column_size": 100,
                                        "_inline_size": null,
                                        "align": "center",
                                        "padding": {
                                            "unit": "%",
                                            "top": "0",
                                            "right": "20",
                                            "bottom": "0",
                                            "left": "20",
                                            "isLinked": false
                                        },
                                        "padding_tablet": {
                                            "unit": "px",
                                            "top": "0",
                                            "right": "48",
                                            "bottom": "0",
                                            "left": "48",
                                            "isLinked": false
                                        }
                                    },
                                    "elements": [
                                        {
                                            "id": "449a52d2",
                                            "settings": {
                                                "title": "Join our Newsletter",
                                                "header_size": "h5",
                                                "typography_typography": "custom",
                                                "typography_font_size": {
                                                    "unit": "px",
                                                    "size": 16,
                                                    "sizes": []
                                                },
                                                "typography_font_weight": "300",
                                                "_margin": {
                                                    "unit": "px",
                                                    "top": "0",
                                                    "right": "0",
                                                    "bottom": "24",
                                                    "left": "0",
                                                    "isLinked": false
                                                },
                                                "ekit_we_effect_on": "none",
                                                "ekit_we_css_animation_fx": "",
                                                "ekit_we_css_animation": "ekit-fade",
                                                "ekit_we_css_animation_tablet": "",
                                                "ekit_we_css_animation_mobile": "",
                                                "ekit_we_css_animation_speed": "5",
                                                "ekit_we_css_animation_iteration_count": "infinite",
                                                "ekit_we_css_animation_direction": "normal",
                                                "ekit_we_css_transform_fx": "",
                                                "ekit_we_css_transform_fx_translate_toggle": "",
                                                "ekit_we_css_transform_fx_translate_x": {
                                                    "unit": "px",
                                                    "size": "",
                                                    "sizes": []
                                                },
                                                "ekit_we_css_transform_fx_translate_x_tablet": {
                                                    "unit": "px",
                                                    "size": "",
                                                    "sizes": []
                                                },
                                                "ekit_we_css_transform_fx_translate_x_mobile": {
                                                    "unit": "px",
                                                    "size": "",
                                                    "sizes": []
                                                },
                                                "ekit_we_css_transform_fx_translate_y": {
                                                    "unit": "px",
                                                    "size": "",
                                                    "sizes": []
                                                },
                                                "ekit_we_css_transform_fx_translate_y_tablet": {
                                                    "unit": "px",
                                                    "size": "",
                                                    "sizes": []
                                                },
                                                "ekit_we_css_transform_fx_translate_y_mobile": {
                                                    "unit": "px",
                                                    "size": "",
                                                    "sizes": []
                                                },
                                                "ekit_we_css_transform_fx_rotate_toggle": "",
                                                "ekit_we_css_transform_fx_rotate_z": {
                                                    "unit": "px",
                                                    "size": "",
                                                    "sizes": []
                                                },
                                                "ekit_we_css_transform_fx_rotate_z_tablet": {
                                                    "unit": "px",
                                                    "size": "",
                                                    "sizes": []
                                                },
                                                "ekit_we_css_transform_fx_rotate_z_mobile": {
                                                    "unit": "px",
                                                    "size": "",
                                                    "sizes": []
                                                },
                                                "ekit_we_css_transform_fx_rotate_x": {
                                                    "unit": "px",
                                                    "size": "",
                                                    "sizes": []
                                                },
                                                "ekit_we_css_transform_fx_rotate_x_tablet": {
                                                    "unit": "px",
                                                    "size": "",
                                                    "sizes": []
                                                },
                                                "ekit_we_css_transform_fx_rotate_x_mobile": {
                                                    "unit": "px",
                                                    "size": "",
                                                    "sizes": []
                                                },
                                                "ekit_we_css_transform_fx_rotate_y": {
                                                    "unit": "px",
                                                    "size": "",
                                                    "sizes": []
                                                },
                                                "ekit_we_css_transform_fx_rotate_y_tablet": {
                                                    "unit": "px",
                                                    "size": "",
                                                    "sizes": []
                                                },
                                                "ekit_we_css_transform_fx_rotate_y_mobile": {
                                                    "unit": "px",
                                                    "size": "",
                                                    "sizes": []
                                                },
                                                "ekit_we_css_transform_fx_scale_toggle": "",
                                                "ekit_we_css_transform_fx_scale_x": {
                                                    "unit": "px",
                                                    "size": 1,
                                                    "sizes": []
                                                },
                                                "ekit_we_css_transform_fx_scale_x_tablet": {
                                                    "unit": "px",
                                                    "size": "",
                                                    "sizes": []
                                                },
                                                "ekit_we_css_transform_fx_scale_x_mobile": {
                                                    "unit": "px",
                                                    "size": "",
                                                    "sizes": []
                                                },
                                                "ekit_we_css_transform_fx_scale_y": {
                                                    "unit": "px",
                                                    "size": 1,
                                                    "sizes": []
                                                },
                                                "ekit_we_css_transform_fx_scale_y_tablet": {
                                                    "unit": "px",
                                                    "size": "",
                                                    "sizes": []
                                                },
                                                "ekit_we_css_transform_fx_scale_y_mobile": {
                                                    "unit": "px",
                                                    "size": "",
                                                    "sizes": []
                                                },
                                                "ekit_we_css_transform_fx_skew_toggle": "",
                                                "ekit_we_css_transform_fx_skew_x": {
                                                    "unit": "px",
                                                    "size": "",
                                                    "sizes": []
                                                },
                                                "ekit_we_css_transform_fx_skew_x_tablet": {
                                                    "unit": "px",
                                                    "size": "",
                                                    "sizes": []
                                                },
                                                "ekit_we_css_transform_fx_skew_x_mobile": {
                                                    "unit": "px",
                                                    "size": "",
                                                    "sizes": []
                                                },
                                                "ekit_we_css_transform_fx_skew_y": {
                                                    "unit": "px",
                                                    "size": "",
                                                    "sizes": []
                                                },
                                                "ekit_we_css_transform_fx_skew_y_tablet": {
                                                    "unit": "px",
                                                    "size": "",
                                                    "sizes": []
                                                },
                                                "ekit_we_css_transform_fx_skew_y_mobile": {
                                                    "unit": "px",
                                                    "size": "",
                                                    "sizes": []
                                                },
                                                "ekit_we_on_test_mode": "on",
                                                "ekit_we_tilt_maxtilt": 20,
                                                "ekit_we_tilt_scale": 1,
                                                "ekit_we_tilt_disableaxis": "",
                                                "ekit_we_mousemove_parallax_speed": 40,
                                                "ekit_we_scroll_animation": "translateY",
                                                "ekit_we_scroll_animation_value": 250,
                                                "ekit_we_scroll_smoothness": 700,
                                                "ekit_we_scroll_offsettop": 0,
                                                "ekit_we_scroll_offsetbottom": 0,
                                                "ekit_sticky": "",
                                                "ekit_sticky_on": [
                                                    "desktop",
                                                    "tablet",
                                                    "mobile"
                                                ],
                                                "ekit_sticky_offset": {
                                                    "unit": "px",
                                                    "size": 0,
                                                    "sizes": []
                                                },
                                                "ekit_sticky_effect_offset": {
                                                    "unit": "px",
                                                    "size": 0,
                                                    "sizes": []
                                                },
                                                "title_color": "#FFFFFF",
                                                "typography_font_family": "EB Garamond",
                                                "typography_text_transform": "none",
                                                "typography_font_style": "italic",
                                                "typography_line_height": {
                                                    "unit": "em",
                                                    "size": 1.5,
                                                    "sizes": []
                                                },
                                                "typography_letter_spacing": {
                                                    "unit": "px",
                                                    "size": 0,
                                                    "sizes": []
                                                },
                                                "_element_width": "auto"
                                            },
                                            "elements": [],
                                            "isInner": false,
                                            "widgetType": "heading",
                                            "elType": "widget"
                                        },
                                        {
                                            "id": "40952d43",
                                            "settings": {
                                                "title": "Get instant 50% discount",
                                                "align": "center",
                                                "_margin": {
                                                    "unit": "px",
                                                    "top": "0",
                                                    "right": "0",
                                                    "bottom": "64",
                                                    "left": "0",
                                                    "isLinked": false
                                                },
                                                "header_size": "h3",
                                                "title_color": "#FFFFFF"
                                            },
                                            "elements": [],
                                            "isInner": false,
                                            "widgetType": "heading",
                                            "elType": "widget"
                                        },
                                        {
                                            "id": "590973f9",
                                            "settings": {
                                                "form_name": "New Form",
                                                "form_fields": [
                                                    {
                                                        "custom_id": "email",
                                                        "field_type": "email",
                                                        "required": "true",
                                                        "field_label": "Email",
                                                        "placeholder": "Your Email here",
                                                        "width": "75",
                                                        "_id": "2be75d6",
                                                        "selected_icon": {
                                                            "value": "fas fa-star",
                                                            "library": "fa-solid"
                                                        },
                                                        "field_options": "",
                                                        "allow_multiple": "",
                                                        "select_size": "",
                                                        "inline_list": "",
                                                        "field_html": "",
                                                        "width_tablet": "",
                                                        "width_mobile": "",
                                                        "rows": 4,
                                                        "recaptcha_size": "normal",
                                                        "recaptcha_style": "light",
                                                        "recaptcha_badge": "bottomright",
                                                        "css_classes": "",
                                                        "field_value": ""
                                                    }
                                                ],
                                                "show_labels": "",
                                                "button_width": "25",
                                                "step_next_label": "Next",
                                                "step_previous_label": "Previous",
                                                "button_text": "Send",
                                                "submit_actions": [
                                                    "email",
                                                    "mailchimp"
                                                ],
                                                "email_content": "[all-fields]",
                                                "email_content_2": "[all-fields]",
                                                "success_message": "The form was sent successfully.",
                                                "error_message": "An error occured.",
                                                "required_field_message": "This field is required.",
                                                "invalid_message": "There's something wrong. The form is invalid.",
                                                "field_background_color": "",
                                                "field_text_color": "#FFFFFF",
                                                "field_border_color": "#FFFFFF",
                                                "button_border_border": "solid",
                                                "button_border_width": {
                                                    "unit": "px",
                                                    "top": "1",
                                                    "right": "1",
                                                    "bottom": "1",
                                                    "left": "1",
                                                    "isLinked": true
                                                },
                                                "button_background_color": "rgba(255, 255, 255, 0)",
                                                "button_text_color": "#FFFFFF",
                                                "button_border_color": "#FFFFFF"
                                            },
                                            "elements": [],
                                            "isInner": false,
                                            "widgetType": "form",
                                            "elType": "widget"
                                        }
                                    ],
                                    "isInner": true,
                                    "elType": "column"
                                }
                            ],
                            "isInner": true,
                            "elType": "section"
                        },
                        {
                            "id": "747c2008",
                            "settings": {
                                "structure": "40",
                                "margin": {
                                    "unit": "px",
                                    "top": "0",
                                    "right": 0,
                                    "bottom": "0",
                                    "left": 0,
                                    "isLinked": false
                                },
                                "padding": {
                                    "unit": "px",
                                    "top": "96",
                                    "right": "0",
                                    "bottom": "48",
                                    "left": "0",
                                    "isLinked": false
                                },
                                "background_color": "#F9F9F9"
                            },
                            "elements": [
                                {
                                    "id": "2a72df9e",
                                    "settings": {
                                        "_column_size": 25,
                                        "_inline_size": null,
                                        "_inline_size_tablet": 50,
                                        "margin_tablet": {
                                            "unit": "px",
                                            "top": "0",
                                            "right": "0",
                                            "bottom": "24",
                                            "left": "0",
                                            "isLinked": false
                                        }
                                    },
                                    "elements": [
                                        {
                                            "id": "5332f725",
                                            "settings": {
                                                "image": {
                                                    "url": "https:\/\/kit.detheme.com\/semeru\/wp-content\/uploads\/sites\/3\/2020\/07\/24hrs.png",
                                                    "id": 331
                                                },
                                                "title_text": "24\/7 Shop Service",
                                                "description_text": "Aenean eu leo quam ornare sem lacinia quam venenatis",
                                                "position": "left",
                                                "title_size": "h6",
                                                "image_space": {
                                                    "unit": "px",
                                                    "size": 24,
                                                    "sizes": []
                                                },
                                                "image_size": {
                                                    "unit": "%",
                                                    "size": 24,
                                                    "sizes": []
                                                },
                                                "hover_animation": "float",
                                                "title_bottom_space": {
                                                    "unit": "px",
                                                    "size": 8,
                                                    "sizes": []
                                                },
                                                "_margin_mobile": {
                                                    "unit": "px",
                                                    "top": "0",
                                                    "right": "0",
                                                    "bottom": "48",
                                                    "left": "0",
                                                    "isLinked": false
                                                }
                                            },
                                            "elements": [],
                                            "isInner": false,
                                            "widgetType": "image-box",
                                            "elType": "widget"
                                        }
                                    ],
                                    "isInner": true,
                                    "elType": "column"
                                },
                                {
                                    "id": "3ea9d993",
                                    "settings": {
                                        "_column_size": 25,
                                        "_inline_size": null,
                                        "_inline_size_tablet": 50,
                                        "margin_tablet": {
                                            "unit": "px",
                                            "top": "0",
                                            "right": "0",
                                            "bottom": "24",
                                            "left": "0",
                                            "isLinked": false
                                        },
                                        "margin_mobile": {
                                            "unit": "px",
                                            "top": "0",
                                            "right": "0",
                                            "bottom": "48",
                                            "left": "0",
                                            "isLinked": false
                                        }
                                    },
                                    "elements": [
                                        {
                                            "id": "593a924d",
                                            "settings": {
                                                "image": {
                                                    "url": "https:\/\/kit.detheme.com\/semeru\/wp-content\/uploads\/sites\/3\/2020\/07\/Icons-2.png",
                                                    "id": 797
                                                },
                                                "title_text": "Buy online",
                                                "description_text": "Aenean eu leo quam ornare sem lacinia quam venenatis",
                                                "position": "left",
                                                "title_size": "h6",
                                                "image_space": {
                                                    "unit": "px",
                                                    "size": 24,
                                                    "sizes": []
                                                },
                                                "image_size": {
                                                    "unit": "%",
                                                    "size": 24,
                                                    "sizes": []
                                                },
                                                "hover_animation": "float",
                                                "title_bottom_space": {
                                                    "unit": "px",
                                                    "size": 8,
                                                    "sizes": []
                                                }
                                            },
                                            "elements": [],
                                            "isInner": false,
                                            "widgetType": "image-box",
                                            "elType": "widget"
                                        }
                                    ],
                                    "isInner": true,
                                    "elType": "column"
                                },
                                {
                                    "id": "5b5bd4ad",
                                    "settings": {
                                        "_column_size": 25,
                                        "_inline_size": null,
                                        "_inline_size_tablet": 50,
                                        "margin_tablet": {
                                            "unit": "px",
                                            "top": "0",
                                            "right": "0",
                                            "bottom": "24",
                                            "left": "0",
                                            "isLinked": false
                                        },
                                        "margin_mobile": {
                                            "unit": "px",
                                            "top": "0",
                                            "right": "0",
                                            "bottom": "48",
                                            "left": "0",
                                            "isLinked": false
                                        }
                                    },
                                    "elements": [
                                        {
                                            "id": "44b51262",
                                            "settings": {
                                                "image": {
                                                    "url": "https:\/\/kit.detheme.com\/semeru\/wp-content\/uploads\/sites\/3\/2020\/07\/Icons-1.png",
                                                    "id": 798
                                                },
                                                "title_text": "Discounted shipping",
                                                "description_text": "Aenean eu leo quam ornare sem lacinia quam venenatis",
                                                "position": "left",
                                                "title_size": "h6",
                                                "image_space": {
                                                    "unit": "px",
                                                    "size": 24,
                                                    "sizes": []
                                                },
                                                "image_size": {
                                                    "unit": "%",
                                                    "size": 26,
                                                    "sizes": []
                                                },
                                                "hover_animation": "float",
                                                "title_bottom_space": {
                                                    "unit": "px",
                                                    "size": 8,
                                                    "sizes": []
                                                }
                                            },
                                            "elements": [],
                                            "isInner": false,
                                            "widgetType": "image-box",
                                            "elType": "widget"
                                        }
                                    ],
                                    "isInner": true,
                                    "elType": "column"
                                },
                                {
                                    "id": "3ffb40da",
                                    "settings": {
                                        "_column_size": 25,
                                        "_inline_size": null,
                                        "_inline_size_tablet": 50
                                    },
                                    "elements": [
                                        {
                                            "id": "51213678",
                                            "settings": {
                                                "image": {
                                                    "url": "https:\/\/kit.detheme.com\/semeru\/wp-content\/uploads\/sites\/3\/2020\/07\/Icons.png",
                                                    "id": 799
                                                },
                                                "title_text": "Free design",
                                                "description_text": "Aenean eu leo quam ornare sem lacinia quam venenatis",
                                                "position": "left",
                                                "title_size": "h6",
                                                "image_space": {
                                                    "unit": "px",
                                                    "size": 24,
                                                    "sizes": []
                                                },
                                                "image_size": {
                                                    "unit": "%",
                                                    "size": 25,
                                                    "sizes": []
                                                },
                                                "hover_animation": "float",
                                                "title_bottom_space": {
                                                    "unit": "px",
                                                    "size": 8,
                                                    "sizes": []
                                                },
                                                "_margin_mobile": {
                                                    "unit": "px",
                                                    "top": "0",
                                                    "right": "0",
                                                    "bottom": "0",
                                                    "left": "0",
                                                    "isLinked": false
                                                }
                                            },
                                            "elements": [],
                                            "isInner": false,
                                            "widgetType": "image-box",
                                            "elType": "widget"
                                        }
                                    ],
                                    "isInner": true,
                                    "elType": "column"
                                }
                            ],
                            "isInner": true,
                            "elType": "section"
                        }
                    ],
                    "isInner": false,
                    "elType": "column"
                }
            ],
            "isInner": false,
            "elType": "section"
        }
    ]
}