{
    "version": "0.4",
    "title": "Shop Sidebar (Import Before Shop)",
    "type": "section",
    "metadata": {
        "template_type": "section-other",
        "include_in_zip": "1",
        "elementor_pro_required": "1",
        "wp_page_template": "default"
    },
    "content": [
        {
            "id": "1be898bb",
            "settings": [],
            "elements": [
                {
                    "id": "5fec0fb3",
                    "settings": {
                        "_column_size": 100,
                        "_inline_size": null
                    },
                    "elements": [
                        {
                            "id": "15fba53d",
                            "settings": {
                                "skin": "minimal",
                                "placeholder": "Search...",
                                "button_text": "Search",
                                "_margin": {
                                    "unit": "px",
                                    "top": "0",
                                    "right": "0",
                                    "bottom": "48",
                                    "left": "-16",
                                    "isLinked": false
                                },
                                "size": {
                                    "unit": "px",
                                    "size": 48,
                                    "sizes": []
                                },
                                "input_background_color": "rgba(2, 1, 1, 0)",
                                "input_border_color_focus": "#66A77C",
                                "border_radius": {
                                    "unit": "px",
                                    "size": 0,
                                    "sizes": []
                                }
                            },
                            "elements": [],
                            "isInner": false,
                            "widgetType": "search-form",
                            "elType": "widget"
                        },
                        {
                            "id": "7f14a596",
                            "settings": {
                                "title": "Categories",
                                "header_size": "h6",
                                "_margin": {
                                    "unit": "px",
                                    "top": "0",
                                    "right": "0",
                                    "bottom": "16",
                                    "left": "0",
                                    "isLinked": false
                                }
                            },
                            "elements": [],
                            "isInner": false,
                            "widgetType": "heading",
                            "elType": "widget"
                        },
                        {
                            "id": "7fba416e",
                            "settings": {
                                "columns": 2,
                                "number": 6,
                                "title_typography_typography": "custom",
                                "title_typography_font_size": {
                                    "unit": "px",
                                    "size": 13,
                                    "sizes": []
                                },
                                "_margin": {
                                    "unit": "px",
                                    "top": "0",
                                    "right": "0",
                                    "bottom": "64",
                                    "left": "0",
                                    "isLinked": false
                                }
                            },
                            "elements": [],
                            "isInner": false,
                            "widgetType": "wc-categories",
                            "elType": "widget"
                        },
                        {
                            "id": "1201fba5",
                            "settings": {
                                "image": {
                                    "url": "https:\/\/kit.detheme.com\/semeru\/wp-content\/uploads\/sites\/3\/2020\/07\/illustration.jpg",
                                    "id": 588
                                },
                                "_margin": {
                                    "unit": "px",
                                    "top": "0",
                                    "right": "0",
                                    "bottom": "84",
                                    "left": "0",
                                    "isLinked": false
                                },
                                "_background_color": "#4B8B61",
                                "image_size": "medium_large"
                            },
                            "elements": [],
                            "isInner": false,
                            "widgetType": "image",
                            "elType": "widget"
                        },
                        {
                            "id": "433bcd74",
                            "settings": {
                                "title": "Newsletter",
                                "header_size": "h6",
                                "_margin": {
                                    "unit": "px",
                                    "top": "0",
                                    "right": "0",
                                    "bottom": "16",
                                    "left": "0",
                                    "isLinked": false
                                }
                            },
                            "elements": [],
                            "isInner": false,
                            "widgetType": "heading",
                            "elType": "widget"
                        },
                        {
                            "id": "71563353",
                            "settings": {
                                "form_name": "New Form",
                                "form_fields": [
                                    {
                                        "custom_id": "email",
                                        "field_type": "email",
                                        "required": "true",
                                        "field_label": "Email",
                                        "placeholder": "Your Email here",
                                        "width": "75",
                                        "_id": "2be75d6",
                                        "selected_icon": {
                                            "value": "fas fa-star",
                                            "library": "fa-solid"
                                        },
                                        "field_options": "",
                                        "allow_multiple": "",
                                        "select_size": "",
                                        "inline_list": "",
                                        "field_html": "",
                                        "width_tablet": "",
                                        "width_mobile": "",
                                        "rows": 4,
                                        "recaptcha_size": "normal",
                                        "recaptcha_style": "light",
                                        "recaptcha_badge": "bottomright",
                                        "css_classes": "",
                                        "field_value": ""
                                    }
                                ],
                                "show_labels": "",
                                "button_width": "25",
                                "step_next_label": "Next",
                                "step_previous_label": "Previous",
                                "button_text": "Send",
                                "submit_actions": [
                                    "email",
                                    "mailchimp"
                                ],
                                "email_content": "[all-fields]",
                                "email_content_2": "[all-fields]",
                                "success_message": "The form was sent successfully.",
                                "error_message": "An error occured.",
                                "required_field_message": "This field is required.",
                                "invalid_message": "There's something wrong. The form is invalid.",
                                "field_background_color": "",
                                "field_text_color": "#333333",
                                "field_border_color": "#DEDEDE",
                                "button_border_border": "solid",
                                "button_border_width": {
                                    "unit": "px",
                                    "top": "1",
                                    "right": "1",
                                    "bottom": "1",
                                    "left": "1",
                                    "isLinked": true
                                },
                                "button_background_color": "rgba(255, 255, 255, 0)",
                                "button_text_color": "#66A77C",
                                "button_border_color": "#66A77C",
                                "button_background_hover_color": "#4B8B61",
                                "button_hover_border_color": "#4B8B61"
                            },
                            "elements": [],
                            "isInner": false,
                            "widgetType": "form",
                            "elType": "widget"
                        }
                    ],
                    "isInner": false,
                    "elType": "column"
                }
            ],
            "isInner": false,
            "elType": "section"
        }
    ]
}