{
    "version": "0.4",
    "title": "Shop",
    "type": "page",
    "metadata": {
        "template_type": "single-page",
        "include_in_zip": "1",
        "elementor_pro_required": "1",
        "wp_page_template": "elementor_header_footer"
    },
    "content": [
        {
            "id": "73a56d65",
            "settings": {
                "layout": "full_width",
                "gap": "wider",
                "background_background": "classic",
                "background_color": "#EBF2F0"
            },
            "elements": [
                {
                    "id": "450487aa",
                    "settings": {
                        "_column_size": 100,
                        "_inline_size": null
                    },
                    "elements": [
                        {
                            "id": "66083325",
                            "settings": {
                                "text_typography_typography": "custom",
                                "text_typography_font_family": "EB Garamond",
                                "text_typography_font_style": "italic",
                                "alignment": "center"
                            },
                            "elements": [],
                            "isInner": false,
                            "widgetType": "woocommerce-breadcrumb",
                            "elType": "widget"
                        }
                    ],
                    "isInner": false,
                    "elType": "column"
                }
            ],
            "isInner": false,
            "elType": "section"
        },
        {
            "id": "36109708",
            "settings": {
                "structure": "30",
                "padding": {
                    "unit": "px",
                    "top": "128",
                    "right": "0",
                    "bottom": "128",
                    "left": "0",
                    "isLinked": false
                },
                "padding_tablet": {
                    "unit": "px",
                    "top": "48",
                    "right": "0",
                    "bottom": "48",
                    "left": "0",
                    "isLinked": false
                },
                "reverse_order_mobile": "reverse-mobile"
            },
            "elements": [
                {
                    "id": "41f18b11",
                    "settings": {
                        "_column_size": 33,
                        "_inline_size": 25.846,
                        "_inline_size_tablet": 36
                    },
                    "elements": [
                        {
                            "id": "336fbaa1",
                            "settings": {
                                "template_id": "473"
                            },
                            "elements": [],
                            "isInner": false,
                            "widgetType": "template",
                            "elType": "widget"
                        }
                    ],
                    "isInner": false,
                    "elType": "column"
                },
                {
                    "id": "3d47762",
                    "settings": {
                        "_column_size": 33,
                        "_inline_size": 6.924,
                        "_inline_size_tablet": 2
                    },
                    "elements": [],
                    "isInner": false,
                    "elType": "column"
                },
                {
                    "id": "23fdeec6",
                    "settings": {
                        "_column_size": 33,
                        "_inline_size": 66.563,
                        "_inline_size_tablet": 60
                    },
                    "elements": [
                        {
                            "id": "151af419",
                            "settings": {
                                "column_gap": {
                                    "unit": "px",
                                    "size": 48,
                                    "sizes": []
                                },
                                "row_gap": {
                                    "unit": "px",
                                    "size": 64,
                                    "sizes": []
                                },
                                "align": "center",
                                "price_color": "#66A77C",
                                "button_background_color": "rgba(2, 1, 1, 0)",
                                "button_border_color": "#ABABAB",
                                "button_typography_typography": "custom",
                                "button_typography_font_family": "EB Garamond",
                                "button_typography_font_weight": "400",
                                "button_typography_font_style": "italic",
                                "button_hover_color": "#333333",
                                "button_hover_border_color": "#333333",
                                "button_border_border": "solid",
                                "button_border_width": {
                                    "unit": "px",
                                    "top": "0",
                                    "right": "0",
                                    "bottom": "1",
                                    "left": "0",
                                    "isLinked": false
                                },
                                "button_border_radius": {
                                    "unit": "px",
                                    "top": "0",
                                    "right": "0",
                                    "bottom": "0",
                                    "left": "0",
                                    "isLinked": true
                                },
                                "button_text_padding": {
                                    "unit": "px",
                                    "top": "0",
                                    "right": "0",
                                    "bottom": "0",
                                    "left": "0",
                                    "isLinked": false
                                },
                                "button_spacing": {
                                    "unit": "px",
                                    "size": 12,
                                    "sizes": []
                                },
                                "onsale_text_background_color": "#FF7E54",
                                "onsale_typography_typography": "custom",
                                "onsale_typography_font_size_mobile": {
                                    "unit": "px",
                                    "size": 12,
                                    "sizes": []
                                },
                                "onsale_typography_font_weight": "400",
                                "paginate": "yes",
                                "allow_order": "yes",
                                "show_result_count": "yes",
                                "pagination_spacing": {
                                    "unit": "px",
                                    "size": 65,
                                    "sizes": []
                                },
                                "pagination_padding": {
                                    "unit": "px",
                                    "size": 12,
                                    "sizes": []
                                },
                                "pagination_link_color": "#999999",
                                "pagination_link_color_active": "#4B8B61",
                                "pagination_link_bg_color_active": "#EBF2F0",
                                "columns": 3,
                                "star_color": "#FFD200",
                                "price_typography_typography": "custom",
                                "price_typography_font_family": "EB Garamond",
                                "price_typography_font_size": {
                                    "unit": "px",
                                    "size": 16,
                                    "sizes": []
                                },
                                "price_typography_font_weight": "400",
                                "price_typography_font_style": "italic",
                                "price_typography_text_decoration": "none",
                                "old_price_color": "#66A77C",
                                "old_price_typography_typography": "custom",
                                "old_price_typography_font_weight": "400",
                                "view_cart_typography_typography": "custom",
                                "view_cart_typography_font_family": "EB Garamond",
                                "view_cart_typography_font_style": "italic",
                                "show_pagination_border": ""
                            },
                            "elements": [],
                            "isInner": false,
                            "widgetType": "woocommerce-products",
                            "elType": "widget"
                        }
                    ],
                    "isInner": false,
                    "elType": "column"
                }
            ],
            "isInner": false,
            "elType": "section"
        }
    ]
}