{
    "version": "0.4",
    "title": "Single Product",
    "type": "product",
    "metadata": {
        "template_type": "single-product",
        "include_in_zip": "1",
        "elementor_pro_required": "1",
        "elementor_library_type": "product",
        "elementor_pro_conditions": [
            "include\/product"
        ],
        "additional_template_information": [
            "This is a \"Product\" template for Elementor Pro.",
            "This template will display on: Products."
        ],
        "wp_page_template": "default"
    },
    "content": [
        {
            "id": "7ab06688",
            "settings": {
                "layout": "full_width",
                "gap": "wider",
                "background_background": "classic",
                "background_color": "#EBF2F0"
            },
            "elements": [
                {
                    "id": "226148c6",
                    "settings": {
                        "_column_size": 100,
                        "_inline_size": null
                    },
                    "elements": [
                        {
                            "id": "14c75ba3",
                            "settings": {
                                "text_typography_typography": "custom",
                                "text_typography_font_family": "EB Garamond",
                                "text_typography_font_style": "italic",
                                "alignment": "center",
                                "text_color": "#333333",
                                "link_color": "#4B8B61",
                                "_margin": {
                                    "unit": "px",
                                    "top": "0",
                                    "right": "0",
                                    "bottom": "-14",
                                    "left": "0",
                                    "isLinked": false
                                }
                            },
                            "elements": [],
                            "isInner": false,
                            "widgetType": "woocommerce-breadcrumb",
                            "elType": "widget"
                        }
                    ],
                    "isInner": false,
                    "elType": "column"
                }
            ],
            "isInner": false,
            "elType": "section"
        },
        {
            "id": "397fbdb1",
            "settings": {
                "structure": "30",
                "padding": {
                    "unit": "px",
                    "top": "64",
                    "right": "0",
                    "bottom": "0",
                    "left": "0",
                    "isLinked": false
                },
                "gap": "wider"
            },
            "elements": [
                {
                    "id": "18f430c6",
                    "settings": {
                        "_column_size": 33,
                        "_inline_size": 43.231,
                        "padding_mobile": {
                            "unit": "px",
                            "top": "30",
                            "right": "30",
                            "bottom": "0",
                            "left": "30",
                            "isLinked": false
                        }
                    },
                    "elements": [
                        {
                            "id": "7d9dde0c",
                            "settings": {
                                "spacing": {
                                    "unit": "px",
                                    "size": 8,
                                    "sizes": []
                                },
                                "spacing_thumbs": {
                                    "unit": "px",
                                    "size": 8,
                                    "sizes": []
                                }
                            },
                            "elements": [],
                            "isInner": false,
                            "widgetType": "woocommerce-product-images",
                            "elType": "widget"
                        }
                    ],
                    "isInner": false,
                    "elType": "column"
                },
                {
                    "id": "3adc5dff",
                    "settings": {
                        "_column_size": 33,
                        "_inline_size": 5.615
                    },
                    "elements": [],
                    "isInner": false,
                    "elType": "column"
                },
                {
                    "id": "215d1f01",
                    "settings": {
                        "_column_size": 33,
                        "_inline_size": 50.487
                    },
                    "elements": [
                        {
                            "id": "1443f844",
                            "settings": {
                                "__dynamic__": {
                                    "title": "[elementor-tag id=\"\" name=\"woocommerce-product-title-tag\" settings=\"%7B%22before%22%3A%22%22%2C%22after%22%3A%22%22%2C%22fallback%22%3A%22%22%7D\"]"
                                },
                                "title": "Add Your Heading Text Here",
                                "typography_typography": "custom",
                                "typography_font_size": {
                                    "unit": "px",
                                    "size": 38,
                                    "sizes": []
                                }
                            },
                            "elements": [],
                            "isInner": false,
                            "widgetType": "woocommerce-product-title",
                            "elType": "widget"
                        },
                        {
                            "id": "4386ec04",
                            "settings": {
                                "star_color": "#FFCB00",
                                "text_typography_typography": "custom",
                                "text_typography_font_size": {
                                    "unit": "px",
                                    "size": 14,
                                    "sizes": []
                                },
                                "star_size": {
                                    "unit": "em",
                                    "size": 0.8,
                                    "sizes": []
                                },
                                "space_between": {
                                    "unit": "em",
                                    "size": 1.2,
                                    "sizes": []
                                },
                                "_margin": {
                                    "unit": "px",
                                    "top": "0",
                                    "right": "0",
                                    "bottom": "24",
                                    "left": "0",
                                    "isLinked": false
                                }
                            },
                            "elements": [],
                            "isInner": false,
                            "widgetType": "woocommerce-product-rating",
                            "elType": "widget"
                        },
                        {
                            "id": "56a6a451",
                            "settings": {
                                "price_color": "#66A77C",
                                "typography_typography": "custom",
                                "typography_font_style": "italic",
                                "text_align": "left",
                                "typography_font_size": {
                                    "unit": "px",
                                    "size": 21,
                                    "sizes": []
                                },
                                "typography_font_weight": "400",
                                "typography_text_decoration": "none",
                                "sale_price_color": "#4B8B61",
                                "sale_price_typography_typography": "custom",
                                "sale_price_typography_font_size": {
                                    "unit": "px",
                                    "size": 21,
                                    "sizes": []
                                },
                                "sale_price_typography_font_weight": "400",
                                "sale_price_typography_text_decoration": "none",
                                "sale_price_spacing": {
                                    "unit": "px",
                                    "size": 4,
                                    "sizes": []
                                },
                                "typography_font_family": "EB Garamond",
                                "sale_price_typography_font_style": "italic"
                            },
                            "elements": [],
                            "isInner": false,
                            "widgetType": "woocommerce-product-price",
                            "elType": "widget"
                        },
                        {
                            "id": "13c24a9a",
                            "settings": [],
                            "elements": [],
                            "isInner": false,
                            "widgetType": "woocommerce-product-short-description",
                            "elType": "widget"
                        },
                        {
                            "id": "7f74ba32",
                            "settings": {
                                "button_typography_typography": "custom",
                                "button_typography_font_family": "EB Garamond",
                                "button_typography_font_size": {
                                    "unit": "px",
                                    "size": 15,
                                    "sizes": []
                                },
                                "button_typography_font_weight": "500",
                                "button_border_radius": {
                                    "unit": "px",
                                    "top": "0",
                                    "right": "0",
                                    "bottom": "0",
                                    "left": "0",
                                    "isLinked": true
                                },
                                "button_padding": {
                                    "unit": "px",
                                    "top": "12",
                                    "right": "32",
                                    "bottom": "12",
                                    "left": "32",
                                    "isLinked": false
                                },
                                "button_bg_color": "#66A77C",
                                "button_bg_color_hover": "#4B8B61",
                                "button_transition": {
                                    "unit": "px",
                                    "size": 0.4,
                                    "sizes": []
                                },
                                "quantity_border_border": "solid",
                                "quantity_border_width": {
                                    "unit": "px",
                                    "top": "1",
                                    "right": "1",
                                    "bottom": "1",
                                    "left": "1",
                                    "isLinked": true
                                },
                                "quantity_padding": {
                                    "unit": "px",
                                    "top": "8",
                                    "right": "8",
                                    "bottom": "8",
                                    "left": "0",
                                    "isLinked": false
                                },
                                "_margin": {
                                    "unit": "px",
                                    "top": "0",
                                    "right": "0",
                                    "bottom": "32",
                                    "left": "0",
                                    "isLinked": false
                                }
                            },
                            "elements": [],
                            "isInner": false,
                            "widgetType": "woocommerce-product-add-to-cart",
                            "elType": "widget"
                        },
                        {
                            "id": "5ae32c67",
                            "settings": {
                                "view": "table",
                                "space_between": {
                                    "unit": "px",
                                    "size": 16,
                                    "sizes": []
                                },
                                "divider": "yes",
                                "divider_color": "#F2F2F2"
                            },
                            "elements": [],
                            "isInner": false,
                            "widgetType": "woocommerce-product-meta",
                            "elType": "widget"
                        }
                    ],
                    "isInner": false,
                    "elType": "column"
                }
            ],
            "isInner": false,
            "elType": "section"
        },
        {
            "id": "4e548d1",
            "settings": {
                "background_background": "classic",
                "gap": "wider",
                "margin": {
                    "unit": "px",
                    "top": "0",
                    "right": 0,
                    "bottom": "96",
                    "left": 0,
                    "isLinked": false
                },
                "padding_mobile": {
                    "unit": "px",
                    "top": "0",
                    "right": "0",
                    "bottom": "0",
                    "left": "0",
                    "isLinked": false
                }
            },
            "elements": [
                {
                    "id": "3d870e0",
                    "settings": {
                        "_column_size": 100,
                        "_inline_size": null,
                        "padding_mobile": {
                            "unit": "px",
                            "top": "10",
                            "right": "10",
                            "bottom": "10",
                            "left": "10",
                            "isLinked": true
                        }
                    },
                    "elements": [
                        {
                            "id": "301a1291",
                            "settings": {
                                "tabs_border_color": "#DEDEDE",
                                "tab_border_radius": {
                                    "unit": "px",
                                    "size": 0,
                                    "sizes": []
                                },
                                "content_heading_typography_typography": "custom",
                                "content_heading_typography_font_size": {
                                    "unit": "px",
                                    "size": 16,
                                    "sizes": []
                                },
                                "panel_border_width": {
                                    "unit": "px",
                                    "top": "1",
                                    "right": "0",
                                    "bottom": "0",
                                    "left": "0",
                                    "isLinked": false
                                },
                                "panel_border_radius": {
                                    "unit": "px",
                                    "top": "0",
                                    "right": "0",
                                    "bottom": "0",
                                    "left": "0",
                                    "isLinked": false
                                },
                                "tab_text_color": "#999999",
                                "tab_bg_color": "#FFFFFF",
                                "active_tab_text_color": "#333333",
                                "tab_typography_typography": "custom",
                                "_margin": {
                                    "unit": "px",
                                    "top": "0",
                                    "right": "0",
                                    "bottom": "0",
                                    "left": "0",
                                    "isLinked": false
                                },
                                "_background_background": "classic"
                            },
                            "elements": [],
                            "isInner": false,
                            "widgetType": "woocommerce-product-data-tabs",
                            "elType": "widget"
                        },
                        {
                            "id": "3ad50132",
                            "settings": {
                                "text": "Divider",
                                "color": "#DEDEDE",
                                "gap": {
                                    "unit": "px",
                                    "size": 0,
                                    "sizes": []
                                },
                                "_margin": {
                                    "unit": "px",
                                    "top": "0",
                                    "right": "0",
                                    "bottom": "64",
                                    "left": "0",
                                    "isLinked": false
                                }
                            },
                            "elements": [],
                            "isInner": false,
                            "widgetType": "divider",
                            "elType": "widget"
                        },
                        {
                            "id": "2e05a9ec",
                            "settings": {
                                "column_gap": {
                                    "unit": "px",
                                    "size": 48,
                                    "sizes": []
                                },
                                "row_gap": {
                                    "unit": "px",
                                    "size": 64,
                                    "sizes": []
                                },
                                "align": "center",
                                "price_color": "#66A77C",
                                "button_background_color": "rgba(2, 1, 1, 0)",
                                "button_border_color": "#ABABAB",
                                "button_typography_typography": "custom",
                                "button_typography_font_family": "EB Garamond",
                                "button_typography_font_weight": "400",
                                "button_typography_font_style": "italic",
                                "button_hover_color": "#333333",
                                "button_hover_border_color": "#333333",
                                "button_border_border": "solid",
                                "button_border_width": {
                                    "unit": "px",
                                    "top": "0",
                                    "right": "0",
                                    "bottom": "1",
                                    "left": "0",
                                    "isLinked": false
                                },
                                "button_border_radius": {
                                    "unit": "px",
                                    "top": "0",
                                    "right": "0",
                                    "bottom": "0",
                                    "left": "0",
                                    "isLinked": true
                                },
                                "button_text_padding": {
                                    "unit": "px",
                                    "top": "0",
                                    "right": "0",
                                    "bottom": "0",
                                    "left": "0",
                                    "isLinked": false
                                },
                                "button_spacing": {
                                    "unit": "px",
                                    "size": 12,
                                    "sizes": []
                                },
                                "heading_typography_typography": "custom",
                                "heading_typography_font_size": {
                                    "unit": "px",
                                    "size": 28,
                                    "sizes": []
                                },
                                "heading_spacing": {
                                    "unit": "px",
                                    "size": 48,
                                    "sizes": []
                                },
                                "onsale_text_background_color": "#FF7E54",
                                "onsale_typography_typography": "custom",
                                "onsale_typography_font_size_mobile": {
                                    "unit": "px",
                                    "size": 12,
                                    "sizes": []
                                },
                                "onsale_typography_font_weight": "400",
                                "_padding_mobile": {
                                    "unit": "px",
                                    "top": "0",
                                    "right": "20",
                                    "bottom": "0",
                                    "left": "20",
                                    "isLinked": false
                                }
                            },
                            "elements": [],
                            "isInner": false,
                            "widgetType": "woocommerce-product-related",
                            "elType": "widget"
                        }
                    ],
                    "isInner": false,
                    "elType": "column"
                }
            ],
            "isInner": false,
            "elType": "section"
        }
    ]
}