{
    "version": "0.4",
    "title": "About Us",
    "type": "page",
    "metadata": {
        "template_type": "single-page",
        "include_in_zip": "1",
        "elementor_pro_required": "1",
        "wp_page_template": "default"
    },
    "content": [
        {
            "id": "32d02175",
            "settings": {
                "_ob_glider_nav_pos_y_alt": "50% - 25px",
                "_ob_glider_nav_pos_x_prev_alt": "0%",
                "_ob_glider_nav_pos_x_next_alt": "0%",
                "padding": {
                    "unit": "px",
                    "top": "100",
                    "right": "0",
                    "bottom": "50",
                    "left": "0",
                    "isLinked": false
                }
            },
            "elements": [
                {
                    "id": "2e895ca5",
                    "settings": {
                        "_column_size": 100,
                        "_inline_size": null,
                        "border_radius": {
                            "unit": "px",
                            "top": "50",
                            "right": "50",
                            "bottom": "50",
                            "left": "50",
                            "isLinked": true
                        },
                        "__globals__": {
                            "background_color": ""
                        },
                        "margin": {
                            "unit": "px",
                            "top": "0",
                            "right": "0",
                            "bottom": "0",
                            "left": "0",
                            "isLinked": true
                        }
                    },
                    "elements": [
                        {
                            "id": "5e68bb60",
                            "settings": {
                                "_ob_bbad_inner_width": "100%",
                                "_ob_glider_nav_pos_y_alt": "50% - 25px",
                                "_ob_glider_nav_pos_x_prev_alt": "0%",
                                "_ob_glider_nav_pos_x_next_alt": "0%"
                            },
                            "elements": [
                                {
                                    "id": "e8bdc74",
                                    "settings": {
                                        "_column_size": 100,
                                        "_inline_size": null,
                                        "background_background": "gradient",
                                        "border_radius": {
                                            "unit": "px",
                                            "top": "50",
                                            "right": "50",
                                            "bottom": "50",
                                            "left": "50",
                                            "isLinked": true
                                        },
                                        "margin": {
                                            "unit": "px",
                                            "top": "0",
                                            "right": "0",
                                            "bottom": "0",
                                            "left": "0",
                                            "isLinked": true
                                        },
                                        "padding": {
                                            "unit": "px",
                                            "top": "100",
                                            "right": "0",
                                            "bottom": "100",
                                            "left": "0",
                                            "isLinked": false
                                        },
                                        "__globals__": {
                                            "background_color": "globals\/colors?id=accent",
                                            "background_color_b": "globals\/colors?id=9246096"
                                        }
                                    },
                                    "elements": [
                                        {
                                            "id": "40b54c21",
                                            "settings": {
                                                "title": "About",
                                                "align": "center",
                                                "__globals__": {
                                                    "title_color": "globals\/colors?id=2f4ca98"
                                                },
                                                "_animation": "fadeInUp",
                                                "__dynamic__": {
                                                    "title": "[elementor-tag id=\"4f20884\" name=\"page-title\" settings=\"%7B%7D\"]"
                                                }
                                            },
                                            "elements": [],
                                            "isInner": false,
                                            "widgetType": "heading",
                                            "elType": "widget"
                                        },
                                        {
                                            "id": "6e604f10",
                                            "settings": {
                                                "alignment": "center",
                                                "__globals__": {
                                                    "text_color": "globals\/colors?id=2f4ca98",
                                                    "link_color": "globals\/colors?id=a45282c"
                                                },
                                                "_animation": "fadeInUp",
                                                "_animation_delay": 200
                                            },
                                            "elements": [],
                                            "isInner": false,
                                            "widgetType": "woocommerce-breadcrumb",
                                            "elType": "widget"
                                        }
                                    ],
                                    "isInner": true,
                                    "elType": "column"
                                }
                            ],
                            "isInner": true,
                            "elType": "section"
                        }
                    ],
                    "isInner": false,
                    "elType": "column"
                }
            ],
            "isInner": false,
            "elType": "section"
        },
        {
            "id": "5cdd126d",
            "settings": {
                "_ob_glider_nav_pos_y_alt": "50% - 25px",
                "_ob_glider_nav_pos_x_prev_alt": "0%",
                "_ob_glider_nav_pos_x_next_alt": "0%",
                "padding": {
                    "unit": "px",
                    "top": "50",
                    "right": "0",
                    "bottom": "50",
                    "left": "0",
                    "isLinked": false
                }
            },
            "elements": [
                {
                    "id": "19e22177",
                    "settings": {
                        "_column_size": 100,
                        "_inline_size": null
                    },
                    "elements": [
                        {
                            "id": "47f643f8",
                            "settings": {
                                "_ob_bbad_inner_width": "100%",
                                "_ob_glider_nav_pos_y_alt": "50% - 25px",
                                "_ob_glider_nav_pos_x_prev_alt": "0%",
                                "_ob_glider_nav_pos_x_next_alt": "0%",
                                "structure": "20",
                                "reverse_order_mobile": "reverse-mobile"
                            },
                            "elements": [
                                {
                                    "id": "12b241bb",
                                    "settings": {
                                        "_column_size": 50,
                                        "_inline_size": null,
                                        "padding": {
                                            "unit": "px",
                                            "top": "0",
                                            "right": "32",
                                            "bottom": "0",
                                            "left": "0",
                                            "isLinked": false
                                        },
                                        "padding_mobile": {
                                            "unit": "px",
                                            "top": "12",
                                            "right": "12",
                                            "bottom": "12",
                                            "left": "12",
                                            "isLinked": true
                                        }
                                    },
                                    "elements": [
                                        {
                                            "id": "229c7284",
                                            "settings": {
                                                "title": "Welcome to",
                                                "header_size": "h5",
                                                "__globals__": {
                                                    "title_color": "globals\/colors?id=accent"
                                                },
                                                "_animation": "fadeInUp"
                                            },
                                            "elements": [],
                                            "isInner": false,
                                            "widgetType": "heading",
                                            "elType": "widget"
                                        },
                                        {
                                            "id": "d501e19",
                                            "settings": {
                                                "title": "Our Shop",
                                                "_animation": "fadeInUp",
                                                "_animation_delay": 200
                                            },
                                            "elements": [],
                                            "isInner": false,
                                            "widgetType": "heading",
                                            "elType": "widget"
                                        },
                                        {
                                            "id": "22edf557",
                                            "settings": {
                                                "editor": "<p>Morbi justo neque, rutrum quis ex a, ultricies iaculis risus. Etiam nec risus sed orci mattis rutrum vel malesuada orci. Aliquam et massa ac tellus tempus dictum. Vestibulum ante ipsum primis in faucibus orci luctus et ultrices posuere cubilia curae; Suspendisse potenti.<\/p><p>Vivamus id sagittis massa. Vestibulum elementum, orci eget volutpat pellentesque, ante metus efficitur mi, sit amet dapibus massa nisl lobortis neque.\u00a0<\/p>",
                                                "_animation": "fadeInUp",
                                                "_animation_delay": 400
                                            },
                                            "elements": [],
                                            "isInner": false,
                                            "widgetType": "text-editor",
                                            "elType": "widget"
                                        },
                                        {
                                            "id": "1c27b8c",
                                            "settings": {
                                                "text": "Contact Us",
                                                "__globals__": {
                                                    "button_background_hover_color": "globals\/colors?id=a45282c",
                                                    "hover_color": "globals\/colors?id=2f4ca98"
                                                },
                                                "_padding": {
                                                    "unit": "px",
                                                    "top": "50",
                                                    "right": "0",
                                                    "bottom": "0",
                                                    "left": "0",
                                                    "isLinked": false
                                                },
                                                "_animation": "fadeInUp",
                                                "_animation_delay": 600
                                            },
                                            "elements": [],
                                            "isInner": false,
                                            "widgetType": "button",
                                            "elType": "widget"
                                        }
                                    ],
                                    "isInner": true,
                                    "elType": "column"
                                },
                                {
                                    "id": "1f30da15",
                                    "settings": {
                                        "_column_size": 50,
                                        "_inline_size": null,
                                        "content_position": "center",
                                        "padding": {
                                            "unit": "px",
                                            "top": "0",
                                            "right": "0",
                                            "bottom": "0",
                                            "left": "32",
                                            "isLinked": false
                                        },
                                        "padding_mobile": {
                                            "unit": "px",
                                            "top": "12",
                                            "right": "12",
                                            "bottom": "12",
                                            "left": "12",
                                            "isLinked": true
                                        }
                                    },
                                    "elements": [
                                        {
                                            "id": "35e47df8",
                                            "settings": {
                                                "image": {
                                                    "url": "https:\/\/tpkit.colllabstudio.com\/urbanisty\/wp-content\/uploads\/sites\/13\/2021\/09\/shop-assistant-helping-man.jpg",
                                                    "id": 272,
                                                    "alt": "Shop assistant helping man",
                                                    "source": "library"
                                                },
                                                "align": "left",
                                                "image_border_radius": {
                                                    "unit": "px",
                                                    "top": "25",
                                                    "right": "25",
                                                    "bottom": "25",
                                                    "left": "25",
                                                    "isLinked": true
                                                },
                                                "_z_index": 3,
                                                "space_tablet": {
                                                    "unit": "%",
                                                    "size": 100,
                                                    "sizes": []
                                                },
                                                "image_size": "full",
                                                "motion_fx_motion_fx_scrolling": "yes",
                                                "motion_fx_scale_effect": "yes",
                                                "motion_fx_scale_speed": {
                                                    "unit": "px",
                                                    "size": 2,
                                                    "sizes": []
                                                },
                                                "motion_fx_scale_range": {
                                                    "unit": "%",
                                                    "size": "",
                                                    "sizes": {
                                                        "start": 44,
                                                        "end": 99
                                                    }
                                                },
                                                "_animation": "fadeInRight",
                                                "_animation_delay": 200
                                            },
                                            "elements": [],
                                            "isInner": false,
                                            "widgetType": "image",
                                            "elType": "widget"
                                        }
                                    ],
                                    "isInner": true,
                                    "elType": "column"
                                }
                            ],
                            "isInner": true,
                            "elType": "section"
                        }
                    ],
                    "isInner": false,
                    "elType": "column"
                }
            ],
            "isInner": false,
            "elType": "section"
        },
        {
            "id": "445c29ea",
            "settings": {
                "_ob_glider_nav_pos_y_alt": "50% - 25px",
                "_ob_glider_nav_pos_x_prev_alt": "0%",
                "_ob_glider_nav_pos_x_next_alt": "0%",
                "padding": {
                    "unit": "px",
                    "top": "50",
                    "right": "0",
                    "bottom": "50",
                    "left": "0",
                    "isLinked": false
                }
            },
            "elements": [
                {
                    "id": "50996f05",
                    "settings": {
                        "_column_size": 100,
                        "_inline_size": null,
                        "padding_mobile": {
                            "unit": "px",
                            "top": "12",
                            "right": "12",
                            "bottom": "12",
                            "left": "12",
                            "isLinked": true
                        }
                    },
                    "elements": [
                        {
                            "id": "6e150880",
                            "settings": {
                                "_ob_bbad_inner_width": "100%",
                                "_ob_glider_nav_pos_y_alt": "50% - 25px",
                                "_ob_glider_nav_pos_x_prev_alt": "0%",
                                "_ob_glider_nav_pos_x_next_alt": "0%",
                                "structure": "20"
                            },
                            "elements": [
                                {
                                    "id": "24643bd5",
                                    "settings": {
                                        "_column_size": 50,
                                        "_inline_size": null,
                                        "content_position": "center",
                                        "align": "center",
                                        "padding": {
                                            "unit": "px",
                                            "top": "0",
                                            "right": "32",
                                            "bottom": "0",
                                            "left": "0",
                                            "isLinked": false
                                        },
                                        "padding_mobile": {
                                            "unit": "px",
                                            "top": "0",
                                            "right": "0",
                                            "bottom": "0",
                                            "left": "0",
                                            "isLinked": true
                                        }
                                    },
                                    "elements": [
                                        {
                                            "id": "58bb3785",
                                            "settings": {
                                                "image": {
                                                    "url": "https:\/\/tpkit.colllabstudio.com\/urbanisty\/wp-content\/uploads\/sites\/13\/2021\/09\/Frame-34.png",
                                                    "id": 273,
                                                    "alt": "",
                                                    "source": "library"
                                                },
                                                "align": "right",
                                                "width": {
                                                    "unit": "%",
                                                    "size": 66,
                                                    "sizes": []
                                                },
                                                "_margin": {
                                                    "unit": "px",
                                                    "top": "0",
                                                    "right": "0",
                                                    "bottom": "-250",
                                                    "left": "0",
                                                    "isLinked": false
                                                },
                                                "_z_index": 1,
                                                "width_mobile": {
                                                    "unit": "%",
                                                    "size": 73,
                                                    "sizes": []
                                                },
                                                "_margin_mobile": {
                                                    "unit": "px",
                                                    "top": "0",
                                                    "right": "0",
                                                    "bottom": "-150",
                                                    "left": "0",
                                                    "isLinked": false
                                                },
                                                "width_tablet": {
                                                    "unit": "%",
                                                    "size": 77,
                                                    "sizes": []
                                                },
                                                "motion_fx_motion_fx_scrolling": "yes",
                                                "motion_fx_translateX_effect": "yes",
                                                "motion_fx_translateX_direction": "negative",
                                                "motion_fx_translateX_speed": {
                                                    "unit": "px",
                                                    "size": 2,
                                                    "sizes": []
                                                },
                                                "motion_fx_translateX_affectedRange": {
                                                    "unit": "%",
                                                    "size": "",
                                                    "sizes": {
                                                        "start": 25,
                                                        "end": 75
                                                    }
                                                },
                                                "_animation": "fadeInRight"
                                            },
                                            "elements": [],
                                            "isInner": false,
                                            "widgetType": "image",
                                            "elType": "widget"
                                        },
                                        {
                                            "id": "7876e91f",
                                            "settings": {
                                                "space": {
                                                    "unit": "px",
                                                    "size": 300,
                                                    "sizes": []
                                                },
                                                "_background_background": "classic",
                                                "_border_radius": {
                                                    "unit": "px",
                                                    "top": "25",
                                                    "right": "25",
                                                    "bottom": "25",
                                                    "left": "25",
                                                    "isLinked": true
                                                },
                                                "_element_width": "initial",
                                                "_element_custom_width": {
                                                    "unit": "px",
                                                    "size": 300,
                                                    "sizes": []
                                                },
                                                "__globals__": {
                                                    "_background_color": "globals\/colors?id=9246096"
                                                },
                                                "space_mobile": {
                                                    "unit": "px",
                                                    "size": 300,
                                                    "sizes": []
                                                },
                                                "_element_width_mobile": "initial",
                                                "_element_custom_width_mobile": {
                                                    "unit": "px",
                                                    "size": 250,
                                                    "sizes": []
                                                },
                                                "space_tablet": {
                                                    "unit": "px",
                                                    "size": 371,
                                                    "sizes": []
                                                },
                                                "motion_fx_motion_fx_scrolling": "yes",
                                                "motion_fx_translateY_effect": "yes",
                                                "motion_fx_translateY_affectedRange": {
                                                    "unit": "%",
                                                    "size": "",
                                                    "sizes": {
                                                        "start": 27,
                                                        "end": 67
                                                    }
                                                },
                                                "_animation": "fadeInDown"
                                            },
                                            "elements": [],
                                            "isInner": false,
                                            "widgetType": "spacer",
                                            "elType": "widget"
                                        },
                                        {
                                            "id": "21aa3de",
                                            "settings": {
                                                "image": {
                                                    "url": "https:\/\/tpkit.colllabstudio.com\/urbanisty\/wp-content\/uploads\/sites\/13\/2021\/09\/Frame-35.png",
                                                    "id": 274,
                                                    "alt": "",
                                                    "source": "library"
                                                },
                                                "align": "left",
                                                "width": {
                                                    "unit": "%",
                                                    "size": 56,
                                                    "sizes": []
                                                },
                                                "_margin": {
                                                    "unit": "px",
                                                    "top": "-250",
                                                    "right": "0",
                                                    "bottom": "0",
                                                    "left": "0",
                                                    "isLinked": false
                                                },
                                                "_z_index": 1,
                                                "width_mobile": {
                                                    "unit": "%",
                                                    "size": 66,
                                                    "sizes": []
                                                },
                                                "width_tablet": {
                                                    "unit": "%",
                                                    "size": 67,
                                                    "sizes": []
                                                },
                                                "motion_fx_motion_fx_scrolling": "yes",
                                                "motion_fx_translateX_effect": "yes",
                                                "motion_fx_translateX_speed": {
                                                    "unit": "px",
                                                    "size": 1.1,
                                                    "sizes": []
                                                },
                                                "motion_fx_translateX_affectedRange": {
                                                    "unit": "%",
                                                    "size": "",
                                                    "sizes": {
                                                        "start": 31,
                                                        "end": 100
                                                    }
                                                },
                                                "_animation": "fadeInLeft"
                                            },
                                            "elements": [],
                                            "isInner": false,
                                            "widgetType": "image",
                                            "elType": "widget"
                                        }
                                    ],
                                    "isInner": true,
                                    "elType": "column"
                                },
                                {
                                    "id": "255692",
                                    "settings": {
                                        "_column_size": 50,
                                        "_inline_size": null,
                                        "padding": {
                                            "unit": "px",
                                            "top": "0",
                                            "right": "0",
                                            "bottom": "0",
                                            "left": "32",
                                            "isLinked": false
                                        },
                                        "padding_mobile": {
                                            "unit": "px",
                                            "top": "12",
                                            "right": "12",
                                            "bottom": "12",
                                            "left": "12",
                                            "isLinked": true
                                        }
                                    },
                                    "elements": [
                                        {
                                            "id": "4249cd62",
                                            "settings": {
                                                "_ob_bbad_inner_width": "100%",
                                                "_ob_glider_nav_pos_y_alt": "50% - 25px",
                                                "_ob_glider_nav_pos_x_prev_alt": "0%",
                                                "_ob_glider_nav_pos_x_next_alt": "0%"
                                            },
                                            "elements": [
                                                {
                                                    "id": "177ffdd9",
                                                    "settings": {
                                                        "_column_size": 100,
                                                        "_inline_size": null
                                                    },
                                                    "elements": [
                                                        {
                                                            "id": "456ebce1",
                                                            "settings": {
                                                                "title": "About Us",
                                                                "header_size": "h5",
                                                                "__globals__": {
                                                                    "title_color": "globals\/colors?id=accent"
                                                                },
                                                                "_animation": "fadeInUp"
                                                            },
                                                            "elements": [],
                                                            "isInner": false,
                                                            "widgetType": "heading",
                                                            "elType": "widget"
                                                        },
                                                        {
                                                            "id": "2d35ff2a",
                                                            "settings": {
                                                                "title": "Our Priosity is Our Customer",
                                                                "_animation": "fadeInUp",
                                                                "_animation_delay": 200
                                                            },
                                                            "elements": [],
                                                            "isInner": false,
                                                            "widgetType": "heading",
                                                            "elType": "widget"
                                                        },
                                                        {
                                                            "id": "6e80f5f6",
                                                            "settings": {
                                                                "editor": "<p>Morbi justo neque, rutrum quis ex a, ultricies iaculis risus. Etiam nec risus sed orci mattis rutrum vel malesuada orci. Aliquam et massa ac tellus tempus dictum. Vestibulum ante ipsum primis in faucibus orci luctus et ultrices posuere cubilia curae; Suspendisse potenti.<\/p>",
                                                                "_animation": "fadeInUp",
                                                                "_animation_delay": 400
                                                            },
                                                            "elements": [],
                                                            "isInner": false,
                                                            "widgetType": "text-editor",
                                                            "elType": "widget"
                                                        }
                                                    ],
                                                    "isInner": true,
                                                    "elType": "column"
                                                }
                                            ],
                                            "isInner": true,
                                            "elType": "section"
                                        },
                                        {
                                            "id": "69eb3d",
                                            "settings": {
                                                "_ob_bbad_inner_width": "100%",
                                                "_ob_glider_nav_pos_y_alt": "50% - 25px",
                                                "_ob_glider_nav_pos_x_prev_alt": "0%",
                                                "_ob_glider_nav_pos_x_next_alt": "0%",
                                                "structure": "20"
                                            },
                                            "elements": [
                                                {
                                                    "id": "25af226d",
                                                    "settings": {
                                                        "_column_size": 50,
                                                        "_inline_size": null,
                                                        "space_between_widgets": 8,
                                                        "animation": "fadeInRight",
                                                        "animation_delay": 400
                                                    },
                                                    "elements": [
                                                        {
                                                            "id": "422a78d7",
                                                            "settings": {
                                                                "title": "Trusted By Thousands",
                                                                "header_size": "h5"
                                                            },
                                                            "elements": [],
                                                            "isInner": false,
                                                            "widgetType": "heading",
                                                            "elType": "widget"
                                                        },
                                                        {
                                                            "id": "47583e24",
                                                            "settings": {
                                                                "editor": "<p>Morbi justo neque, rutrum quis ex a, ultricies iaculis risus.<\/p>"
                                                            },
                                                            "elements": [],
                                                            "isInner": false,
                                                            "widgetType": "text-editor",
                                                            "elType": "widget"
                                                        }
                                                    ],
                                                    "isInner": true,
                                                    "elType": "column"
                                                },
                                                {
                                                    "id": "34434d28",
                                                    "settings": {
                                                        "_column_size": 50,
                                                        "_inline_size": null,
                                                        "space_between_widgets": 8,
                                                        "animation": "fadeInRight",
                                                        "animation_delay": 600
                                                    },
                                                    "elements": [
                                                        {
                                                            "id": "37e75368",
                                                            "settings": {
                                                                "title": "Best Services",
                                                                "header_size": "h5"
                                                            },
                                                            "elements": [],
                                                            "isInner": false,
                                                            "widgetType": "heading",
                                                            "elType": "widget"
                                                        },
                                                        {
                                                            "id": "5bcf3975",
                                                            "settings": {
                                                                "editor": "<p>Morbi justo neque, rutrum quis ex a, ultricies iaculis risus.<\/p>"
                                                            },
                                                            "elements": [],
                                                            "isInner": false,
                                                            "widgetType": "text-editor",
                                                            "elType": "widget"
                                                        }
                                                    ],
                                                    "isInner": true,
                                                    "elType": "column"
                                                }
                                            ],
                                            "isInner": true,
                                            "elType": "section"
                                        },
                                        {
                                            "id": "86f201e",
                                            "settings": {
                                                "_ob_bbad_inner_width": "100%",
                                                "_ob_glider_nav_pos_y_alt": "50% - 25px",
                                                "_ob_glider_nav_pos_x_prev_alt": "0%",
                                                "_ob_glider_nav_pos_x_next_alt": "0%"
                                            },
                                            "elements": [
                                                {
                                                    "id": "16ae0745",
                                                    "settings": {
                                                        "_column_size": 100,
                                                        "_inline_size": null
                                                    },
                                                    "elements": [
                                                        {
                                                            "id": "206a18",
                                                            "settings": {
                                                                "text": "Shop Now",
                                                                "__globals__": {
                                                                    "button_background_hover_color": "globals\/colors?id=a45282c",
                                                                    "hover_color": "globals\/colors?id=2f4ca98"
                                                                },
                                                                "_padding": {
                                                                    "unit": "px",
                                                                    "top": "25",
                                                                    "right": "0",
                                                                    "bottom": "0",
                                                                    "left": "0",
                                                                    "isLinked": false
                                                                },
                                                                "_animation": "fadeInUp",
                                                                "_animation_delay": 400
                                                            },
                                                            "elements": [],
                                                            "isInner": false,
                                                            "widgetType": "button",
                                                            "elType": "widget"
                                                        }
                                                    ],
                                                    "isInner": true,
                                                    "elType": "column"
                                                }
                                            ],
                                            "isInner": true,
                                            "elType": "section"
                                        }
                                    ],
                                    "isInner": true,
                                    "elType": "column"
                                }
                            ],
                            "isInner": true,
                            "elType": "section"
                        }
                    ],
                    "isInner": false,
                    "elType": "column"
                }
            ],
            "isInner": false,
            "elType": "section"
        },
        {
            "id": "b4496ae",
            "settings": {
                "padding": {
                    "unit": "px",
                    "top": "50",
                    "right": "0",
                    "bottom": "0",
                    "left": "0",
                    "isLinked": false
                },
                "_ob_glider_nav_pos_y_alt": "50% - 25px",
                "_ob_glider_nav_pos_x_prev_alt": "0%",
                "_ob_glider_nav_pos_x_next_alt": "0%"
            },
            "elements": [
                {
                    "id": "6f9afad",
                    "settings": {
                        "_column_size": 100,
                        "_inline_size": null
                    },
                    "elements": [
                        {
                            "id": "2329ae15",
                            "settings": {
                                "gap": "no",
                                "_ob_bbad_inner_width": "100%",
                                "_ob_glider_nav_pos_y_alt": "50% - 25px",
                                "_ob_glider_nav_pos_x_prev_alt": "0%",
                                "_ob_glider_nav_pos_x_next_alt": "0%"
                            },
                            "elements": [
                                {
                                    "id": "1da2eaae",
                                    "settings": {
                                        "_column_size": 100,
                                        "_inline_size": null,
                                        "align": "space-between",
                                        "align_mobile": "center"
                                    },
                                    "elements": [
                                        {
                                            "id": "1cdefd1c",
                                            "settings": {
                                                "title": "Testimonial",
                                                "header_size": "h5",
                                                "__globals__": {
                                                    "title_color": "globals\/colors?id=accent"
                                                },
                                                "_animation": "fadeInUp",
                                                "align_mobile": "center"
                                            },
                                            "elements": [],
                                            "isInner": false,
                                            "widgetType": "heading",
                                            "elType": "widget"
                                        },
                                        {
                                            "id": "378c97a1",
                                            "settings": {
                                                "title": "What Our Customer Says",
                                                "header_size": "h3",
                                                "_element_width": "auto",
                                                "align_mobile": "center",
                                                "_animation": "fadeInUp",
                                                "_animation_delay": 200
                                            },
                                            "elements": [],
                                            "isInner": false,
                                            "widgetType": "heading",
                                            "elType": "widget"
                                        },
                                        {
                                            "id": "61db7693",
                                            "settings": {
                                                "text": "See All Testimonial",
                                                "icon_indent": {
                                                    "unit": "px",
                                                    "size": 2,
                                                    "sizes": []
                                                },
                                                "__globals__": {
                                                    "button_text_color": "globals\/colors?id=2f4ca98",
                                                    "background_color": "globals\/colors?id=accent",
                                                    "hover_color": "globals\/colors?id=2f4ca98",
                                                    "button_background_hover_color": "globals\/colors?id=a45282c"
                                                },
                                                "_z_index": 2,
                                                "_element_width": "auto",
                                                "_padding_mobile": {
                                                    "unit": "px",
                                                    "top": "32",
                                                    "right": "0",
                                                    "bottom": "0",
                                                    "left": "0",
                                                    "isLinked": false
                                                },
                                                "_animation": "fadeInUp",
                                                "_animation_delay": 400
                                            },
                                            "elements": [],
                                            "isInner": false,
                                            "widgetType": "button",
                                            "elType": "widget"
                                        }
                                    ],
                                    "isInner": true,
                                    "elType": "column"
                                }
                            ],
                            "isInner": true,
                            "elType": "section"
                        }
                    ],
                    "isInner": false,
                    "elType": "column"
                }
            ],
            "isInner": false,
            "elType": "section"
        },
        {
            "id": "21f1c2e4",
            "settings": {
                "structure": "20",
                "padding": {
                    "unit": "px",
                    "top": "50",
                    "right": "0",
                    "bottom": "50",
                    "left": "0",
                    "isLinked": false
                },
                "_ob_glider_nav_pos_y_alt": "50% - 25px",
                "_ob_glider_nav_pos_x_prev_alt": "0%",
                "_ob_glider_nav_pos_x_next_alt": "0%"
            },
            "elements": [
                {
                    "id": "2fa9ac",
                    "settings": {
                        "_column_size": 50,
                        "_inline_size": null
                    },
                    "elements": [
                        {
                            "id": "37571a2e",
                            "settings": {
                                "gap": "no",
                                "_ob_bbad_inner_width": "100%",
                                "_ob_glider_nav_pos_y_alt": "50% - 25px",
                                "_ob_glider_nav_pos_x_prev_alt": "0%",
                                "_ob_glider_nav_pos_x_next_alt": "0%"
                            },
                            "elements": [
                                {
                                    "id": "1d526e7a",
                                    "settings": {
                                        "_column_size": 100,
                                        "_inline_size": null,
                                        "background_background": "classic",
                                        "border_radius": {
                                            "unit": "px",
                                            "top": "25",
                                            "right": "25",
                                            "bottom": "25",
                                            "left": "25",
                                            "isLinked": true
                                        },
                                        "padding": {
                                            "unit": "%",
                                            "top": "8",
                                            "right": "8",
                                            "bottom": "8",
                                            "left": "8",
                                            "isLinked": true
                                        },
                                        "__globals__": {
                                            "background_color": "globals\/colors?id=d5ab640"
                                        },
                                        "animation": "fadeInLeft"
                                    },
                                    "elements": [
                                        {
                                            "id": "40906df0",
                                            "settings": {
                                                "selected_icon": {
                                                    "value": "fas fa-quote-left",
                                                    "library": "fa-solid"
                                                },
                                                "size": {
                                                    "unit": "px",
                                                    "size": 80,
                                                    "sizes": []
                                                },
                                                "_margin": {
                                                    "unit": "px",
                                                    "top": "0",
                                                    "right": "0",
                                                    "bottom": "-50",
                                                    "left": "0",
                                                    "isLinked": false
                                                },
                                                "__globals__": {
                                                    "primary_color": "globals\/colors?id=4948477"
                                                }
                                            },
                                            "elements": [],
                                            "isInner": false,
                                            "widgetType": "icon",
                                            "elType": "widget"
                                        },
                                        {
                                            "id": "efdfebc",
                                            "settings": {
                                                "align": "center"
                                            },
                                            "elements": [],
                                            "isInner": false,
                                            "widgetType": "text-editor",
                                            "elType": "widget"
                                        },
                                        {
                                            "id": "268a91dd",
                                            "settings": {
                                                "title": "Christina",
                                                "header_size": "h5",
                                                "align": "center"
                                            },
                                            "elements": [],
                                            "isInner": false,
                                            "widgetType": "heading",
                                            "elType": "widget"
                                        },
                                        {
                                            "id": "463275d",
                                            "settings": {
                                                "image": {
                                                    "url": "https:\/\/tpkit.colllabstudio.com\/urbanisty\/wp-content\/uploads\/sites\/13\/2021\/09\/closeup-portrait-of-young-fair-haired-woman-on-yellow.jpg",
                                                    "id": 141,
                                                    "alt": "Closeup portrait of young fair-haired woman on yellow",
                                                    "source": "library"
                                                },
                                                "image_size": "full",
                                                "width": {
                                                    "unit": "%",
                                                    "size": 30,
                                                    "sizes": []
                                                },
                                                "_mask_switch": "yes"
                                            },
                                            "elements": [],
                                            "isInner": false,
                                            "widgetType": "image",
                                            "elType": "widget"
                                        }
                                    ],
                                    "isInner": true,
                                    "elType": "column"
                                }
                            ],
                            "isInner": true,
                            "elType": "section"
                        }
                    ],
                    "isInner": false,
                    "elType": "column"
                },
                {
                    "id": "2071c859",
                    "settings": {
                        "_column_size": 50,
                        "_inline_size": null
                    },
                    "elements": [
                        {
                            "id": "74a20366",
                            "settings": {
                                "_ob_bbad_inner_width": "100%",
                                "_ob_glider_nav_pos_y_alt": "50% - 25px",
                                "_ob_glider_nav_pos_x_prev_alt": "0%",
                                "_ob_glider_nav_pos_x_next_alt": "0%"
                            },
                            "elements": [
                                {
                                    "id": "effc690",
                                    "settings": {
                                        "_column_size": 100,
                                        "_inline_size": null,
                                        "background_background": "classic",
                                        "border_radius": {
                                            "unit": "px",
                                            "top": "25",
                                            "right": "25",
                                            "bottom": "25",
                                            "left": "25",
                                            "isLinked": true
                                        },
                                        "padding": {
                                            "unit": "%",
                                            "top": "8",
                                            "right": "8",
                                            "bottom": "8",
                                            "left": "8",
                                            "isLinked": true
                                        },
                                        "__globals__": {
                                            "background_color": "globals\/colors?id=d5ab640"
                                        },
                                        "animation": "fadeInRight"
                                    },
                                    "elements": [
                                        {
                                            "id": "58e643ce",
                                            "settings": {
                                                "selected_icon": {
                                                    "value": "fas fa-quote-left",
                                                    "library": "fa-solid"
                                                },
                                                "size": {
                                                    "unit": "px",
                                                    "size": 80,
                                                    "sizes": []
                                                },
                                                "_margin": {
                                                    "unit": "px",
                                                    "top": "0",
                                                    "right": "0",
                                                    "bottom": "-50",
                                                    "left": "0",
                                                    "isLinked": false
                                                },
                                                "__globals__": {
                                                    "primary_color": "globals\/colors?id=4948477"
                                                }
                                            },
                                            "elements": [],
                                            "isInner": false,
                                            "widgetType": "icon",
                                            "elType": "widget"
                                        },
                                        {
                                            "id": "36ee63be",
                                            "settings": {
                                                "align": "center"
                                            },
                                            "elements": [],
                                            "isInner": false,
                                            "widgetType": "text-editor",
                                            "elType": "widget"
                                        },
                                        {
                                            "id": "753dfb13",
                                            "settings": {
                                                "title": "Mikayla",
                                                "header_size": "h5",
                                                "align": "center"
                                            },
                                            "elements": [],
                                            "isInner": false,
                                            "widgetType": "heading",
                                            "elType": "widget"
                                        },
                                        {
                                            "id": "6b4f942e",
                                            "settings": {
                                                "image": {
                                                    "url": "https:\/\/tpkit.colllabstudio.com\/urbanisty\/wp-content\/uploads\/sites\/13\/2021\/09\/woman.jpg",
                                                    "id": 142,
                                                    "alt": "Woman",
                                                    "source": "library"
                                                },
                                                "image_size": "full",
                                                "width": {
                                                    "unit": "%",
                                                    "size": 30,
                                                    "sizes": []
                                                },
                                                "_mask_switch": "yes"
                                            },
                                            "elements": [],
                                            "isInner": false,
                                            "widgetType": "image",
                                            "elType": "widget"
                                        }
                                    ],
                                    "isInner": true,
                                    "elType": "column"
                                }
                            ],
                            "isInner": true,
                            "elType": "section"
                        }
                    ],
                    "isInner": false,
                    "elType": "column"
                }
            ],
            "isInner": false,
            "elType": "section"
        },
        {
            "id": "4a34a6a4",
            "settings": {
                "gap": "no",
                "_ob_glider_nav_pos_y_alt": "50% - 25px",
                "_ob_glider_nav_pos_x_prev_alt": "0%",
                "_ob_glider_nav_pos_x_next_alt": "0%",
                "padding": {
                    "unit": "px",
                    "top": "0",
                    "right": "0",
                    "bottom": "50",
                    "left": "0",
                    "isLinked": false
                }
            },
            "elements": [
                {
                    "id": "1b47977b",
                    "settings": {
                        "_column_size": 100,
                        "_inline_size": null
                    },
                    "elements": [
                        {
                            "id": "7460d544",
                            "settings": {
                                "carousel": [
                                    {
                                        "id": 239,
                                        "url": "https:\/\/tpkit.colllabstudio.com\/urbanisty\/wp-content\/uploads\/sites\/13\/2021\/09\/logo-5.png"
                                    },
                                    {
                                        "id": 240,
                                        "url": "https:\/\/tpkit.colllabstudio.com\/urbanisty\/wp-content\/uploads\/sites\/13\/2021\/09\/logo-6.png"
                                    },
                                    {
                                        "id": 241,
                                        "url": "https:\/\/tpkit.colllabstudio.com\/urbanisty\/wp-content\/uploads\/sites\/13\/2021\/09\/logo-7.png"
                                    },
                                    {
                                        "id": 242,
                                        "url": "https:\/\/tpkit.colllabstudio.com\/urbanisty\/wp-content\/uploads\/sites\/13\/2021\/09\/logo-8.png"
                                    },
                                    {
                                        "id": 243,
                                        "url": "https:\/\/tpkit.colllabstudio.com\/urbanisty\/wp-content\/uploads\/sites\/13\/2021\/09\/logo-9.png"
                                    }
                                ],
                                "thumbnail_size": "full",
                                "slides_to_show": "4",
                                "slides_to_show_tablet": "4",
                                "slides_to_scroll": "4",
                                "navigation": "none",
                                "autoplay_speed": 500,
                                "speed": 10000,
                                "_ob_kontrolz_nav_pos_y_alt": "50% - 25px",
                                "_ob_kontrolz_nav_pos_x_prev_alt": "0%",
                                "_ob_kontrolz_nav_pos_x_next_alt": "0%"
                            },
                            "elements": [],
                            "isInner": false,
                            "widgetType": "image-carousel",
                            "elType": "widget"
                        }
                    ],
                    "isInner": false,
                    "elType": "column"
                }
            ],
            "isInner": false,
            "elType": "section"
        }
    ],
    "page_settings": {
        "hide_title": "yes",
        "eael_ext_toc_title": "Table of Contents"
    }
}