{
    "version": "0.4",
    "title": "Blog Archive",
    "type": "archive",
    "metadata": {
        "template_type": "archive-blog",
        "include_in_zip": "1",
        "elementor_pro_required": "1",
        "elementor_library_type": "archive",
        "elementor_pro_conditions": [
            "include\/archive\/post_archive"
        ],
        "additional_template_information": [
            "This is a \"Archive\" template for Elementor Pro.",
            "This template will display on: Posts Archive."
        ],
        "wp_page_template": "default"
    },
    "content": [
        {
            "id": "200dcd39",
            "settings": {
                "_ob_glider_nav_pos_y_alt": "50% - 25px",
                "_ob_glider_nav_pos_x_prev_alt": "0%",
                "_ob_glider_nav_pos_x_next_alt": "0%",
                "padding": {
                    "unit": "px",
                    "top": "100",
                    "right": "0",
                    "bottom": "50",
                    "left": "0",
                    "isLinked": false
                }
            },
            "elements": [
                {
                    "id": "24d89b4e",
                    "settings": {
                        "_column_size": 100,
                        "_inline_size": null,
                        "border_radius": {
                            "unit": "px",
                            "top": "50",
                            "right": "50",
                            "bottom": "50",
                            "left": "50",
                            "isLinked": true
                        },
                        "__globals__": {
                            "background_color": ""
                        },
                        "margin": {
                            "unit": "px",
                            "top": "0",
                            "right": "0",
                            "bottom": "0",
                            "left": "0",
                            "isLinked": true
                        }
                    },
                    "elements": [
                        {
                            "id": "78ce4ad1",
                            "settings": {
                                "_ob_bbad_inner_width": "100%",
                                "_ob_glider_nav_pos_y_alt": "50% - 25px",
                                "_ob_glider_nav_pos_x_prev_alt": "0%",
                                "_ob_glider_nav_pos_x_next_alt": "0%"
                            },
                            "elements": [
                                {
                                    "id": "5169b38b",
                                    "settings": {
                                        "_column_size": 100,
                                        "_inline_size": null,
                                        "background_background": "gradient",
                                        "border_radius": {
                                            "unit": "px",
                                            "top": "50",
                                            "right": "50",
                                            "bottom": "50",
                                            "left": "50",
                                            "isLinked": true
                                        },
                                        "margin": {
                                            "unit": "px",
                                            "top": "0",
                                            "right": "0",
                                            "bottom": "0",
                                            "left": "0",
                                            "isLinked": true
                                        },
                                        "padding": {
                                            "unit": "px",
                                            "top": "100",
                                            "right": "0",
                                            "bottom": "100",
                                            "left": "0",
                                            "isLinked": false
                                        },
                                        "__globals__": {
                                            "background_color": "globals\/colors?id=accent",
                                            "background_color_b": "globals\/colors?id=9246096"
                                        }
                                    },
                                    "elements": [
                                        {
                                            "id": "4b70150",
                                            "settings": {
                                                "title": "Blogs",
                                                "align": "center",
                                                "__globals__": {
                                                    "title_color": "globals\/colors?id=2f4ca98"
                                                },
                                                "_animation": "fadeInUp",
                                                "__dynamic__": {
                                                    "title": "[elementor-tag id=\"89c78ec\" name=\"archive-title\" settings=\"%7B%7D\"]"
                                                }
                                            },
                                            "elements": [],
                                            "isInner": false,
                                            "widgetType": "heading",
                                            "elType": "widget"
                                        },
                                        {
                                            "id": "37b97ea2",
                                            "settings": {
                                                "alignment": "center",
                                                "__globals__": {
                                                    "text_color": "globals\/colors?id=2f4ca98",
                                                    "link_color": "globals\/colors?id=a45282c"
                                                },
                                                "_animation": "fadeInUp",
                                                "_animation_delay": 200
                                            },
                                            "elements": [],
                                            "isInner": false,
                                            "widgetType": "woocommerce-breadcrumb",
                                            "elType": "widget"
                                        }
                                    ],
                                    "isInner": true,
                                    "elType": "column"
                                }
                            ],
                            "isInner": true,
                            "elType": "section"
                        }
                    ],
                    "isInner": false,
                    "elType": "column"
                }
            ],
            "isInner": false,
            "elType": "section"
        },
        {
            "id": "17d68589",
            "settings": {
                "_ob_glider_nav_pos_y_alt": "50% - 25px",
                "_ob_glider_nav_pos_x_prev_alt": "0%",
                "_ob_glider_nav_pos_x_next_alt": "0%",
                "padding": {
                    "unit": "px",
                    "top": "50",
                    "right": "0",
                    "bottom": "50",
                    "left": "0",
                    "isLinked": false
                }
            },
            "elements": [
                {
                    "id": "5c546984",
                    "settings": {
                        "_column_size": 100,
                        "_inline_size": null
                    },
                    "elements": [
                        {
                            "id": "2ec50ad",
                            "settings": {
                                "_ob_bbad_inner_width": "100%",
                                "_ob_glider_nav_pos_y_alt": "50% - 25px",
                                "_ob_glider_nav_pos_x_prev_alt": "0%",
                                "_ob_glider_nav_pos_x_next_alt": "0%"
                            },
                            "elements": [
                                {
                                    "id": "16863a6a",
                                    "settings": {
                                        "_column_size": 100,
                                        "_inline_size": null,
                                        "padding": {
                                            "unit": "px",
                                            "top": "0",
                                            "right": "0",
                                            "bottom": "0",
                                            "left": "0",
                                            "isLinked": false
                                        }
                                    },
                                    "elements": [
                                        {
                                            "id": "7e69fa80",
                                            "settings": {
                                                "posts_per_page": 6,
                                                "eael_post_grid_columns": "eael-col-3",
                                                "show_load_more": "yes",
                                                "show_load_more_text": "Load More",
                                                "image_size": "full",
                                                "postgrid_image_height": {
                                                    "unit": "px",
                                                    "size": 300,
                                                    "sizes": []
                                                },
                                                "title_tag": "h5",
                                                "eael_title_length": 4,
                                                "excerpt_expanison_indicator": "...",
                                                "eael_read_more_text": "Read More",
                                                "read_more_button_text": "Read More",
                                                "meta_position": "meta-entry-header",
                                                "eael_show_avatar": "",
                                                "eael_show_author": "",
                                                "eael_post_grid_preset_style": "two",
                                                "eael_post_grid_border_border": "solid",
                                                "eael_post_grid_border_width": {
                                                    "unit": "px",
                                                    "top": "0",
                                                    "right": "0",
                                                    "bottom": "0",
                                                    "left": "0",
                                                    "isLinked": true
                                                },
                                                "eael_post_grid_thumbnail_radius": {
                                                    "unit": "px",
                                                    "top": "25",
                                                    "right": "25",
                                                    "bottom": "25",
                                                    "left": "25",
                                                    "isLinked": true
                                                },
                                                "eael_post_grid_meta_date_background_background": "classic",
                                                "eael_post_grid_meta_date_margin": {
                                                    "unit": "px",
                                                    "top": "0",
                                                    "right": "0",
                                                    "bottom": "0",
                                                    "left": "0",
                                                    "isLinked": false
                                                },
                                                "eael_post_grid_meta_date_shadow_box_shadow": {
                                                    "horizontal": 0,
                                                    "vertical": 0,
                                                    "blur": 10,
                                                    "spread": 0,
                                                    "color": "rgba(0, 0, 0, 0)"
                                                },
                                                "eael_meta_date_position__position": "absolute",
                                                "eael_meta_date_position__offset_x": {
                                                    "unit": "px",
                                                    "size": 24,
                                                    "sizes": []
                                                },
                                                "eael_meta_date_position__offset_y": {
                                                    "unit": "px",
                                                    "size": 24,
                                                    "sizes": []
                                                },
                                                "eael_post_grid_title_color": "#4D31B9",
                                                "eael_post_grid_title_hover_color": "#FFC931",
                                                "eael_post_grid_title_margin": {
                                                    "unit": "px",
                                                    "top": "16",
                                                    "right": "0",
                                                    "bottom": "16",
                                                    "left": "0",
                                                    "isLinked": false
                                                },
                                                "eael_post_grid_excerpt_margin": {
                                                    "unit": "px",
                                                    "top": "16",
                                                    "right": "0",
                                                    "bottom": "16",
                                                    "left": "0",
                                                    "isLinked": false
                                                },
                                                "eael_post_grid_hover_bg_color": "#4D31B966",
                                                "eael_post_grid_hover_icon_color": "#FFFFFF",
                                                "eael_post_grid_hover_icon_fontsize": {
                                                    "unit": "px",
                                                    "size": 24,
                                                    "sizes": []
                                                },
                                                "eael_post_read_more_btn_typography_typography": "custom",
                                                "eael_post_read_more_btn_typography_font_family": "DM Sans",
                                                "eael_post_read_more_btn_typography_font_weight": "500",
                                                "eael_post_read_more_btn_color": "#FFFFFF",
                                                "read_more_btn_background_background": "classic",
                                                "read_more_btn_background_color": "#4D31B9",
                                                "read_more_btn_border_radius": {
                                                    "unit": "px",
                                                    "top": "25",
                                                    "right": "25",
                                                    "bottom": "25",
                                                    "left": "25",
                                                    "isLinked": true
                                                },
                                                "read_more_btn_hover_background_background": "classic",
                                                "eael_post_read_more_btn_padding": {
                                                    "unit": "px",
                                                    "top": "12",
                                                    "right": "24",
                                                    "bottom": "12",
                                                    "left": "24",
                                                    "isLinked": false
                                                },
                                                "eael_post_grid_load_more_btn_normal_text_color": "#FFFFFF",
                                                "eael_cta_btn_normal_bg_color": "#4D31B9",
                                                "eael_post_grid_load_more_btn_hover_bg_color": "#FFC931",
                                                "__globals__": {
                                                    "eael_post_grid_title_color": "globals\/colors?id=accent",
                                                    "eael_post_grid_title_hover_color": "globals\/colors?id=a45282c",
                                                    "eael_post_read_more_btn_color": "globals\/colors?id=2f4ca98",
                                                    "read_more_btn_background_color": "globals\/colors?id=accent",
                                                    "eael_post_read_more_btn_typography_typography": "globals\/typography?id=accent",
                                                    "eael_cta_btn_normal_bg_color": "globals\/colors?id=accent",
                                                    "eael_post_grid_load_more_btn_normal_text_color": "globals\/colors?id=2f4ca98",
                                                    "eael_post_grid_load_more_btn_hover_bg_color": "globals\/colors?id=a45282c",
                                                    "eael_post_grid_hover_bg_color": "",
                                                    "eael_post_grid_hover_icon_color": "globals\/colors?id=2f4ca98",
                                                    "eael_post_grid_meta_date_color": "globals\/colors?id=primary",
                                                    "read_more_btn_hover_background_color": "globals\/colors?id=a45282c"
                                                },
                                                "eael_post_grid_spacing": {
                                                    "unit": "px",
                                                    "top": "24",
                                                    "right": "12",
                                                    "bottom": "24",
                                                    "left": "12",
                                                    "isLinked": false
                                                },
                                                "read_more_btn_margin": {
                                                    "unit": "px",
                                                    "top": "0",
                                                    "right": "0",
                                                    "bottom": "0",
                                                    "left": "0",
                                                    "isLinked": true
                                                },
                                                "eael_post_grid_load_more_btn_padding": {
                                                    "unit": "px",
                                                    "top": "12",
                                                    "right": "32",
                                                    "bottom": "12",
                                                    "left": "32",
                                                    "isLinked": false
                                                },
                                                "eael_post_grid_load_more_btn_margin": {
                                                    "unit": "px",
                                                    "top": "50",
                                                    "right": "0",
                                                    "bottom": "0",
                                                    "left": "0",
                                                    "isLinked": false
                                                },
                                                "eael_post_grid_load_more_btn_border_radius": {
                                                    "unit": "px",
                                                    "size": 25,
                                                    "sizes": []
                                                },
                                                "post_type": "source_dynamic"
                                            },
                                            "elements": [],
                                            "isInner": false,
                                            "widgetType": "eael-post-grid",
                                            "elType": "widget"
                                        }
                                    ],
                                    "isInner": true,
                                    "elType": "column"
                                }
                            ],
                            "isInner": true,
                            "elType": "section"
                        }
                    ],
                    "isInner": false,
                    "elType": "column"
                }
            ],
            "isInner": false,
            "elType": "section"
        }
    ],
    "page_settings": {
        "hide_title": "yes",
        "eael_ext_toc_title": "Table of Contents"
    }
}