{
    "version": "0.4",
    "title": "Error 404",
    "type": "error-404",
    "metadata": {
        "template_type": "single-404",
        "include_in_zip": "1",
        "elementor_pro_required": "1",
        "elementor_library_type": "error-404",
        "elementor_pro_conditions": [
            "include\/singular\/not_found404"
        ],
        "additional_template_information": [
            "This is a \"Error 404\" template for Elementor Pro.",
            "This template will display on: 404 Page."
        ],
        "wp_page_template": "default"
    },
    "content": [
        {
            "id": "1ab12b13",
            "settings": {
                "_ob_glider_nav_pos_y_alt": "50% - 25px",
                "_ob_glider_nav_pos_x_prev_alt": "0%",
                "_ob_glider_nav_pos_x_next_alt": "0%",
                "padding": {
                    "unit": "px",
                    "top": "50",
                    "right": "0",
                    "bottom": "50",
                    "left": "0",
                    "isLinked": false
                }
            },
            "elements": [
                {
                    "id": "148bcd2b",
                    "settings": {
                        "_column_size": 100,
                        "_inline_size": null,
                        "background_background": "gradient",
                        "border_radius": {
                            "unit": "px",
                            "top": "50",
                            "right": "50",
                            "bottom": "50",
                            "left": "50",
                            "isLinked": true
                        },
                        "padding": {
                            "unit": "px",
                            "top": "100",
                            "right": "0",
                            "bottom": "100",
                            "left": "0",
                            "isLinked": false
                        },
                        "__globals__": {
                            "background_color": "globals\/colors?id=accent",
                            "background_color_b": "globals\/colors?id=9246096"
                        },
                        "margin_mobile": {
                            "unit": "px",
                            "top": "0",
                            "right": "12",
                            "bottom": "0",
                            "left": "12",
                            "isLinked": false
                        },
                        "padding_mobile": {
                            "unit": "px",
                            "top": "100",
                            "right": "0",
                            "bottom": "0100",
                            "left": "0",
                            "isLinked": false
                        },
                        "background_color_stop": {
                            "unit": "%",
                            "size": 50,
                            "sizes": []
                        }
                    },
                    "elements": [
                        {
                            "id": "247f74ce",
                            "settings": {
                                "_ob_bbad_inner_width": "100%",
                                "_ob_glider_nav_pos_y_alt": "50% - 25px",
                                "_ob_glider_nav_pos_x_prev_alt": "0%",
                                "_ob_glider_nav_pos_x_next_alt": "0%",
                                "structure": "20",
                                "reverse_order_mobile": "reverse-mobile"
                            },
                            "elements": [
                                {
                                    "id": "377e1127",
                                    "settings": {
                                        "_column_size": 50,
                                        "_inline_size": null,
                                        "padding": {
                                            "unit": "%",
                                            "top": "8",
                                            "right": "8",
                                            "bottom": "8",
                                            "left": "8",
                                            "isLinked": true
                                        },
                                        "padding_mobile": {
                                            "unit": "px",
                                            "top": "150",
                                            "right": "12",
                                            "bottom": "12",
                                            "left": "12",
                                            "isLinked": false
                                        },
                                        "margin": {
                                            "unit": "px",
                                            "top": "0",
                                            "right": "0",
                                            "bottom": "0",
                                            "left": "50",
                                            "isLinked": false
                                        },
                                        "margin_mobile": {
                                            "unit": "px",
                                            "top": "0",
                                            "right": "0",
                                            "bottom": "0",
                                            "left": "0",
                                            "isLinked": false
                                        },
                                        "z_index_mobile": 2
                                    },
                                    "elements": [
                                        {
                                            "id": "31315154",
                                            "settings": {
                                                "title": "Page Not Found",
                                                "align": "center",
                                                "__globals__": {
                                                    "title_color": "globals\/colors?id=a45282c"
                                                },
                                                "header_size": "h5",
                                                "_animation": "fadeInUp"
                                            },
                                            "elements": [],
                                            "isInner": false,
                                            "widgetType": "heading",
                                            "elType": "widget"
                                        },
                                        {
                                            "id": "1a761a45",
                                            "settings": {
                                                "title": "404",
                                                "align": "center",
                                                "__globals__": {
                                                    "title_color": "globals\/colors?id=2f4ca98"
                                                },
                                                "header_size": "h1",
                                                "_animation": "fadeInUp",
                                                "_animation_delay": 200
                                            },
                                            "elements": [],
                                            "isInner": false,
                                            "widgetType": "heading",
                                            "elType": "widget"
                                        },
                                        {
                                            "id": "3245c0bd",
                                            "settings": {
                                                "align": "center",
                                                "__globals__": {
                                                    "text_color": "globals\/colors?id=2f4ca98"
                                                },
                                                "_animation": "fadeInUp",
                                                "_animation_delay": 400
                                            },
                                            "elements": [],
                                            "isInner": false,
                                            "widgetType": "text-editor",
                                            "elType": "widget"
                                        },
                                        {
                                            "id": "3a6865ed",
                                            "settings": {
                                                "text": "Back To Homepage",
                                                "align": "center",
                                                "_padding": {
                                                    "unit": "px",
                                                    "top": "50",
                                                    "right": "0",
                                                    "bottom": "0",
                                                    "left": "0",
                                                    "isLinked": false
                                                },
                                                "__globals__": {
                                                    "background_color": "globals\/colors?id=4bde18e",
                                                    "button_background_hover_color": "globals\/colors?id=a45282c"
                                                },
                                                "_animation": "fadeInUp",
                                                "_animation_delay": 600
                                            },
                                            "elements": [],
                                            "isInner": false,
                                            "widgetType": "button",
                                            "elType": "widget"
                                        }
                                    ],
                                    "isInner": true,
                                    "elType": "column"
                                },
                                {
                                    "id": "33c65c4e",
                                    "settings": {
                                        "_column_size": 50,
                                        "_inline_size": null,
                                        "padding_mobile": {
                                            "unit": "px",
                                            "top": "300",
                                            "right": "0",
                                            "bottom": "0",
                                            "left": "0",
                                            "isLinked": false
                                        }
                                    },
                                    "elements": [
                                        {
                                            "id": "5a7d59a8",
                                            "settings": {
                                                "image": {
                                                    "url": "https:\/\/tpkit.colllabstudio.com\/urbanisty\/wp-content\/uploads\/sites\/13\/2021\/09\/handsome-relaxed-man-in-suglasses-sitting-on-the-c-P6HN5FG.png.jpg-1.png",
                                                    "id": 59,
                                                    "alt": "",
                                                    "source": "library"
                                                },
                                                "align": "center",
                                                "width": {
                                                    "unit": "%",
                                                    "size": 66,
                                                    "sizes": []
                                                },
                                                "width_tablet": {
                                                    "unit": "%",
                                                    "size": 98,
                                                    "sizes": []
                                                },
                                                "_position": "absolute",
                                                "_offset_x": {
                                                    "unit": "px",
                                                    "size": -16,
                                                    "sizes": []
                                                },
                                                "_offset_x_mobile": {
                                                    "unit": "px",
                                                    "size": -5,
                                                    "sizes": []
                                                },
                                                "_offset_y": {
                                                    "unit": "px",
                                                    "size": -80,
                                                    "sizes": []
                                                },
                                                "_offset_y_mobile": {
                                                    "unit": "px",
                                                    "size": -149,
                                                    "sizes": []
                                                },
                                                "motion_fx_motion_fx_scrolling": "yes",
                                                "motion_fx_translateX_effect": "yes",
                                                "motion_fx_translateX_speed": {
                                                    "unit": "px",
                                                    "size": 1,
                                                    "sizes": []
                                                },
                                                "motion_fx_translateX_affectedRange": {
                                                    "unit": "%",
                                                    "size": "",
                                                    "sizes": {
                                                        "start": 22,
                                                        "end": 75
                                                    }
                                                },
                                                "_animation": "fadeInRight"
                                            },
                                            "elements": [],
                                            "isInner": false,
                                            "widgetType": "image",
                                            "elType": "widget"
                                        }
                                    ],
                                    "isInner": true,
                                    "elType": "column"
                                }
                            ],
                            "isInner": true,
                            "elType": "section"
                        }
                    ],
                    "isInner": false,
                    "elType": "column"
                }
            ],
            "isInner": false,
            "elType": "section"
        }
    ],
    "page_settings": {
        "hide_title": "yes",
        "eael_ext_toc_title": "Table of Contents"
    }
}