{
    "version": "0.4",
    "title": "Footer",
    "type": "footer",
    "metadata": {
        "template_type": "section-footer",
        "include_in_zip": "1",
        "elementor_pro_required": "1",
        "elementor_library_type": "footer",
        "elementor_pro_conditions": [
            "include\/general"
        ],
        "additional_template_information": [
            "This is a \"Footer\" template for Elementor Pro.",
            "This template will display on: Entire Site."
        ],
        "wp_page_template": "default"
    },
    "content": [
        {
            "id": "540edf70",
            "settings": {
                "structure": "20",
                "background_background": "classic",
                "padding": {
                    "unit": "px",
                    "top": "50",
                    "right": "0",
                    "bottom": "50",
                    "left": "0",
                    "isLinked": false
                },
                "__globals__": {
                    "background_color": "globals\/colors?id=primary"
                },
                "_ob_glider_nav_pos_y_alt": "50% - 25px",
                "_ob_glider_nav_pos_x_prev_alt": "0%",
                "_ob_glider_nav_pos_x_next_alt": "0%"
            },
            "elements": [
                {
                    "id": "4e1c7aba",
                    "settings": {
                        "_column_size": 50,
                        "_inline_size": 94.951
                    },
                    "elements": [
                        {
                            "id": "63b017f1",
                            "settings": {
                                "structure": "40",
                                "_ob_bbad_inner_width": "100%",
                                "_ob_glider_nav_pos_y_alt": "50% - 25px",
                                "_ob_glider_nav_pos_x_prev_alt": "0%",
                                "_ob_glider_nav_pos_x_next_alt": "0%"
                            },
                            "elements": [
                                {
                                    "id": "52de87d3",
                                    "settings": {
                                        "_column_size": 25,
                                        "_inline_size": null
                                    },
                                    "elements": [
                                        {
                                            "id": "7524c098",
                                            "settings": {
                                                "image": {
                                                    "url": "https:\/\/tpkit.colllabstudio.com\/urbanisty\/wp-content\/uploads\/sites\/13\/2021\/09\/URBANisty.png",
                                                    "id": 33,
                                                    "alt": "",
                                                    "source": "library"
                                                },
                                                "align": "left",
                                                "align_mobile": "center",
                                                "width": {
                                                    "unit": "%",
                                                    "size": 80,
                                                    "sizes": []
                                                },
                                                "image_size": "full",
                                                "__dynamic__": {
                                                    "image": "[elementor-tag id=\"dc1332b\" name=\"site-logo\" settings=\"%7B%7D\"]"
                                                }
                                            },
                                            "elements": [],
                                            "isInner": false,
                                            "widgetType": "image",
                                            "elType": "widget"
                                        },
                                        {
                                            "id": "75bf7949",
                                            "settings": {
                                                "align_mobile": "center",
                                                "__globals__": {
                                                    "text_color": "globals\/colors?id=2f4ca98"
                                                }
                                            },
                                            "elements": [],
                                            "isInner": false,
                                            "widgetType": "text-editor",
                                            "elType": "widget"
                                        }
                                    ],
                                    "isInner": true,
                                    "elType": "column"
                                },
                                {
                                    "id": "777c1a97",
                                    "settings": {
                                        "_column_size": 25,
                                        "_inline_size": null,
                                        "margin": {
                                            "unit": "px",
                                            "top": "16",
                                            "right": "0",
                                            "bottom": "0",
                                            "left": "32",
                                            "isLinked": false
                                        },
                                        "margin_mobile": {
                                            "unit": "px",
                                            "top": "32",
                                            "right": "0",
                                            "bottom": "0",
                                            "left": "0",
                                            "isLinked": false
                                        }
                                    },
                                    "elements": [
                                        {
                                            "id": "595a41b5",
                                            "settings": {
                                                "title": "About",
                                                "header_size": "h6",
                                                "align_mobile": "center",
                                                "__globals__": {
                                                    "title_color": "globals\/colors?id=a45282c"
                                                }
                                            },
                                            "elements": [],
                                            "isInner": false,
                                            "widgetType": "heading",
                                            "elType": "widget"
                                        },
                                        {
                                            "id": "58e808c7",
                                            "settings": {
                                                "icon_list": [
                                                    {
                                                        "text": "Size Guide",
                                                        "selected_icon": {
                                                            "value": "",
                                                            "library": ""
                                                        },
                                                        "_id": "e48e5aa"
                                                    },
                                                    {
                                                        "text": "Join Our Team",
                                                        "selected_icon": {
                                                            "value": "",
                                                            "library": ""
                                                        },
                                                        "_id": "e7fb8fc"
                                                    },
                                                    {
                                                        "text": "Terms & Condition",
                                                        "selected_icon": {
                                                            "value": "",
                                                            "library": ""
                                                        },
                                                        "_id": "1543a56"
                                                    },
                                                    {
                                                        "text": "Helps & FAQ",
                                                        "selected_icon": {
                                                            "value": "",
                                                            "library": ""
                                                        },
                                                        "_id": "85a0b57"
                                                    }
                                                ],
                                                "icon_align_mobile": "center",
                                                "__globals__": {
                                                    "text_color": "globals\/colors?id=2f4ca98"
                                                }
                                            },
                                            "elements": [],
                                            "isInner": false,
                                            "widgetType": "icon-list",
                                            "elType": "widget"
                                        }
                                    ],
                                    "isInner": true,
                                    "elType": "column"
                                },
                                {
                                    "id": "206a77fd",
                                    "settings": {
                                        "_column_size": 25,
                                        "_inline_size": null,
                                        "margin": {
                                            "unit": "px",
                                            "top": "16",
                                            "right": "0",
                                            "bottom": "0",
                                            "left": "32",
                                            "isLinked": false
                                        },
                                        "margin_mobile": {
                                            "unit": "px",
                                            "top": "32",
                                            "right": "0",
                                            "bottom": "0",
                                            "left": "0",
                                            "isLinked": false
                                        }
                                    },
                                    "elements": [
                                        {
                                            "id": "283722bc",
                                            "settings": {
                                                "title": "Shop",
                                                "header_size": "h6",
                                                "align_mobile": "center",
                                                "__globals__": {
                                                    "title_color": "globals\/colors?id=a45282c"
                                                }
                                            },
                                            "elements": [],
                                            "isInner": false,
                                            "widgetType": "heading",
                                            "elType": "widget"
                                        },
                                        {
                                            "id": "6b43fc6f",
                                            "settings": {
                                                "icon_list": [
                                                    {
                                                        "text": "Men",
                                                        "selected_icon": {
                                                            "value": "",
                                                            "library": ""
                                                        },
                                                        "_id": "e48e5aa"
                                                    },
                                                    {
                                                        "text": "Woman",
                                                        "selected_icon": {
                                                            "value": "",
                                                            "library": ""
                                                        },
                                                        "_id": "e7fb8fc"
                                                    },
                                                    {
                                                        "text": "Boys",
                                                        "selected_icon": {
                                                            "value": "",
                                                            "library": ""
                                                        },
                                                        "_id": "1543a56"
                                                    },
                                                    {
                                                        "text": "Girls",
                                                        "selected_icon": {
                                                            "value": "",
                                                            "library": ""
                                                        },
                                                        "_id": "85a0b57"
                                                    },
                                                    {
                                                        "text": "Accessories",
                                                        "selected_icon": {
                                                            "value": "",
                                                            "library": ""
                                                        },
                                                        "_id": "49dad6a"
                                                    }
                                                ],
                                                "icon_align_mobile": "center",
                                                "__globals__": {
                                                    "text_color": "globals\/colors?id=2f4ca98"
                                                }
                                            },
                                            "elements": [],
                                            "isInner": false,
                                            "widgetType": "icon-list",
                                            "elType": "widget"
                                        }
                                    ],
                                    "isInner": true,
                                    "elType": "column"
                                },
                                {
                                    "id": "55467494",
                                    "settings": {
                                        "_column_size": 25,
                                        "_inline_size": null,
                                        "margin": {
                                            "unit": "px",
                                            "top": "16",
                                            "right": "0",
                                            "bottom": "0",
                                            "left": "32",
                                            "isLinked": false
                                        },
                                        "margin_mobile": {
                                            "unit": "px",
                                            "top": "32",
                                            "right": "0",
                                            "bottom": "0",
                                            "left": "0",
                                            "isLinked": false
                                        }
                                    },
                                    "elements": [
                                        {
                                            "id": "315b6c7",
                                            "settings": {
                                                "title": "Contact",
                                                "header_size": "h6",
                                                "align_mobile": "center",
                                                "__globals__": {
                                                    "title_color": "globals\/colors?id=a45282c"
                                                }
                                            },
                                            "elements": [],
                                            "isInner": false,
                                            "widgetType": "heading",
                                            "elType": "widget"
                                        },
                                        {
                                            "id": "10ac1363",
                                            "settings": {
                                                "icon_list": [
                                                    {
                                                        "text": "Request a return",
                                                        "selected_icon": {
                                                            "value": "",
                                                            "library": ""
                                                        },
                                                        "_id": "e48e5aa"
                                                    },
                                                    {
                                                        "text": "Contact us",
                                                        "selected_icon": {
                                                            "value": "",
                                                            "library": ""
                                                        },
                                                        "_id": "e7fb8fc"
                                                    },
                                                    {
                                                        "text": "Trade enquiries",
                                                        "selected_icon": {
                                                            "value": "",
                                                            "library": ""
                                                        },
                                                        "_id": "1543a56"
                                                    },
                                                    {
                                                        "text": "Location",
                                                        "selected_icon": {
                                                            "value": "",
                                                            "library": ""
                                                        },
                                                        "_id": "85a0b57"
                                                    }
                                                ],
                                                "icon_align_mobile": "center",
                                                "__globals__": {
                                                    "text_color": "globals\/colors?id=2f4ca98"
                                                }
                                            },
                                            "elements": [],
                                            "isInner": false,
                                            "widgetType": "icon-list",
                                            "elType": "widget"
                                        }
                                    ],
                                    "isInner": true,
                                    "elType": "column"
                                }
                            ],
                            "isInner": true,
                            "elType": "section"
                        }
                    ],
                    "isInner": false,
                    "elType": "column"
                },
                {
                    "id": "23d992e3",
                    "settings": {
                        "_column_size": 50,
                        "_inline_size": 5,
                        "content_position": "center"
                    },
                    "elements": [
                        {
                            "id": "13e1e8b9",
                            "settings": {
                                "social_icon_list": [
                                    {
                                        "social_icon": {
                                            "value": "fab fa-facebook",
                                            "library": "fa-brands"
                                        },
                                        "_id": "a14d4d7",
                                        "link": {
                                            "url": "#",
                                            "is_external": "true",
                                            "nofollow": "",
                                            "custom_attributes": ""
                                        }
                                    },
                                    {
                                        "social_icon": {
                                            "value": "fab fa-instagram",
                                            "library": "fa-brands"
                                        },
                                        "_id": "7db4884",
                                        "link": {
                                            "url": "#",
                                            "is_external": "true",
                                            "nofollow": "",
                                            "custom_attributes": ""
                                        }
                                    },
                                    {
                                        "social_icon": {
                                            "value": "fab fa-youtube",
                                            "library": "fa-brands"
                                        },
                                        "_id": "cc14742",
                                        "link": {
                                            "url": "#",
                                            "is_external": "true",
                                            "nofollow": "",
                                            "custom_attributes": ""
                                        }
                                    }
                                ],
                                "columns": "1",
                                "columns_mobile": "3",
                                "align": "right",
                                "align_mobile": "center",
                                "icon_color": "custom",
                                "icon_primary_color": "#02010100",
                                "icon_size": {
                                    "unit": "px",
                                    "size": 24,
                                    "sizes": []
                                },
                                "icon_spacing": {
                                    "unit": "px",
                                    "size": 8,
                                    "sizes": []
                                },
                                "row_gap": {
                                    "unit": "px",
                                    "size": 8,
                                    "sizes": []
                                },
                                "__globals__": {
                                    "icon_secondary_color": "globals\/colors?id=a45282c",
                                    "hover_secondary_color": "globals\/colors?id=2f4ca98"
                                }
                            },
                            "elements": [],
                            "isInner": false,
                            "widgetType": "social-icons",
                            "elType": "widget"
                        }
                    ],
                    "isInner": false,
                    "elType": "column"
                }
            ],
            "isInner": false,
            "elType": "section"
        },
        {
            "id": "71e54b69",
            "settings": {
                "background_background": "classic",
                "margin": {
                    "unit": "px",
                    "top": "",
                    "right": 0,
                    "bottom": "",
                    "left": 0,
                    "isLinked": true
                },
                "padding": {
                    "unit": "px",
                    "top": "16",
                    "right": "0",
                    "bottom": "16",
                    "left": "0",
                    "isLinked": false
                },
                "__globals__": {
                    "background_color": "globals\/colors?id=accent"
                },
                "_ob_glider_nav_pos_y_alt": "50% - 25px",
                "_ob_glider_nav_pos_x_prev_alt": "0%",
                "_ob_glider_nav_pos_x_next_alt": "0%"
            },
            "elements": [
                {
                    "id": "8f44e5",
                    "settings": {
                        "_column_size": 100,
                        "_inline_size": null
                    },
                    "elements": [
                        {
                            "id": "720afb53",
                            "settings": {
                                "align": "center",
                                "__dynamic__": {
                                    "editor": "[elementor-tag id=\"40c1b9f\" name=\"post-date\" settings=\"%7B%22format%22%3A%22custom%22%2C%22custom_format%22%3A%22Y%22%2C%22before%22%3A%22Copyright%20%40%20Urbanisty%20%22%7D\"]"
                                },
                                "__globals__": {
                                    "text_color": "globals\/colors?id=a45282c",
                                    "typography_typography": "globals\/typography?id=3dfe8b0"
                                }
                            },
                            "elements": [],
                            "isInner": false,
                            "widgetType": "text-editor",
                            "elType": "widget"
                        }
                    ],
                    "isInner": false,
                    "elType": "column"
                }
            ],
            "isInner": false,
            "elType": "section"
        }
    ]
}