{
    "version": "0.4",
    "title": "Global Kit Styles",
    "type": "section",
    "metadata": {
        "template_type": "global-styles",
        "include_in_zip": "1",
        "elementor_pro_required": "1",
        "additional_template_information": [
            "These are the global theme styles configured through the Elementor Theme Styles area."
        ],
        "wp_page_template": "default"
    },
    "content": [],
    "page_settings": {
        "system_colors": [
            {
                "_id": "primary",
                "title": "Primary",
                "color": "#090909"
            },
            {
                "_id": "secondary",
                "title": "Secondary",
                "color": "#1A1E5D"
            },
            {
                "_id": "text",
                "title": "Text",
                "color": "#5E5C5C"
            },
            {
                "_id": "accent",
                "title": "Accent",
                "color": "#4D31B9"
            }
        ],
        "custom_colors": [
            {
                "_id": "a45282c",
                "title": "Yellow",
                "color": "#FFC931"
            },
            {
                "_id": "4bde18e",
                "title": "Orange",
                "color": "#FE4327"
            },
            {
                "_id": "2f4ca98",
                "title": "White",
                "color": "#FFFFFF"
            },
            {
                "_id": "d5ab640",
                "title": "Light Blue",
                "color": "#EBEFFC"
            },
            {
                "_id": "9246096",
                "title": "Blue",
                "color": "#3357D9"
            },
            {
                "_id": "5ec9ddc",
                "title": "New Item #6",
                "color": "#CAC7C7"
            },
            {
                "_id": "4948477",
                "title": "transparent red",
                "color": "#FE43277A"
            },
            {
                "_id": "c1035fa",
                "title": "Green",
                "color": "#69D23B"
            }
        ],
        "system_typography": [
            {
                "_id": "primary",
                "title": "Primary",
                "typography_typography": "custom",
                "typography_font_family": "DM Sans",
                "typography_font_weight": "700"
            },
            {
                "_id": "secondary",
                "title": "Secondary",
                "typography_typography": "custom",
                "typography_font_family": "DM Sans",
                "typography_font_weight": "500"
            },
            {
                "_id": "text",
                "title": "Text",
                "typography_typography": "custom",
                "typography_font_family": "DM Sans",
                "typography_font_weight": "400"
            },
            {
                "_id": "accent",
                "title": "Accent",
                "typography_typography": "custom",
                "typography_font_family": "DM Sans",
                "typography_font_weight": "500"
            }
        ],
        "custom_typography": [
            {
                "_id": "3dfe8b0",
                "title": "Smaller Text",
                "typography_typography": "custom",
                "typography_font_family": "DM Sans",
                "typography_font_size": {
                    "unit": "px",
                    "size": 14,
                    "sizes": []
                },
                "typography_font_weight": "400",
                "typography_line_height": {
                    "unit": "px",
                    "size": 14,
                    "sizes": []
                }
            },
            {
                "typography_font_size": {
                    "unit": "px",
                    "size": 16,
                    "sizes": []
                },
                "typography_font_weight": "600",
                "typography_line_height": {
                    "unit": "px",
                    "size": 21,
                    "sizes": []
                },
                "_id": "aa0155b",
                "title": "Product Title"
            },
            {
                "typography_typography": "custom",
                "typography_font_size": {
                    "unit": "px",
                    "size": 20,
                    "sizes": []
                },
                "typography_font_weight": "600",
                "typography_line_height": {
                    "unit": "px",
                    "size": 21,
                    "sizes": []
                },
                "_id": "2a50e7b",
                "title": "New Title "
            }
        ],
        "default_generic_fonts": "Sans-serif",
        "body_color": "#5E5C5C",
        "body_typography_typography": "custom",
        "body_typography_font_family": "DM Sans",
        "body_typography_font_size": {
            "unit": "px",
            "size": 16,
            "sizes": []
        },
        "body_typography_font_weight": "400",
        "body_typography_line_height": {
            "unit": "px",
            "size": 16,
            "sizes": []
        },
        "paragraph_spacing": {
            "unit": "px",
            "size": 16,
            "sizes": []
        },
        "link_normal_color": "#FFC931",
        "link_hover_color": "#4D31B9",
        "link_hover_typography_typography": "custom",
        "link_hover_typography_font_family": "DM Sans",
        "link_hover_typography_font_weight": "500",
        "h1_color": "#090909",
        "h1_typography_typography": "custom",
        "h1_typography_font_family": "DM Sans",
        "h1_typography_font_size": {
            "unit": "px",
            "size": 67.34,
            "sizes": []
        },
        "h1_typography_font_weight": "700",
        "h1_typography_line_height": {
            "unit": "px",
            "size": 89.8,
            "sizes": []
        },
        "h2_color": "#090909",
        "h2_typography_typography": "custom",
        "h2_typography_font_family": "DM Sans",
        "h2_typography_font_size": {
            "unit": "px",
            "size": 50.5,
            "sizes": []
        },
        "h2_typography_font_weight": "700",
        "h2_typography_line_height": {
            "unit": "px",
            "size": 68,
            "sizes": []
        },
        "h3_color": "#090909",
        "h3_typography_typography": "custom",
        "h3_typography_font_family": "DM Sans",
        "h3_typography_font_size": {
            "unit": "px",
            "size": 38,
            "sizes": []
        },
        "h3_typography_font_weight": "700",
        "h3_typography_line_height": {
            "unit": "px",
            "size": 50.5,
            "sizes": []
        },
        "h4_color": "#090909",
        "h4_typography_typography": "custom",
        "h4_typography_font_family": "DM Sans",
        "h4_typography_font_size": {
            "unit": "px",
            "size": 28.5,
            "sizes": []
        },
        "h4_typography_font_weight": "700",
        "h4_typography_line_height": {
            "unit": "px",
            "size": 38,
            "sizes": []
        },
        "h5_color": "#090909",
        "h5_typography_typography": "custom",
        "h5_typography_font_family": "DM Sans",
        "h5_typography_font_size": {
            "unit": "px",
            "size": 21,
            "sizes": []
        },
        "h5_typography_font_weight": "700",
        "h5_typography_line_height": {
            "unit": "px",
            "size": 28,
            "sizes": []
        },
        "h6_color": "#090909",
        "h6_typography_typography": "custom",
        "h6_typography_font_family": "DM Sans",
        "h6_typography_font_size": {
            "unit": "px",
            "size": 16,
            "sizes": []
        },
        "h6_typography_font_weight": "700",
        "h6_typography_line_height": {
            "unit": "px",
            "size": 16,
            "sizes": []
        },
        "page_title_selector": "h1.entry-title",
        "hello_footer_copyright_text": "All rights reserved",
        "activeItemIndex": 1,
        "__globals__": {
            "body_color": "globals\/colors?id=text",
            "body_typography_typography": "globals\/typography?id=text",
            "link_normal_color": "globals\/colors?id=a45282c",
            "link_normal_typography_typography": "globals\/typography?id=accent",
            "link_hover_color": "globals\/colors?id=accent",
            "link_hover_typography_typography": "globals\/typography?id=accent",
            "h2_color": "globals\/colors?id=primary",
            "h2_typography_typography": "",
            "h1_typography_typography": "",
            "h1_color": "globals\/colors?id=primary",
            "h3_color": "globals\/colors?id=primary",
            "h3_typography_typography": "",
            "h4_color": "globals\/colors?id=primary",
            "h4_typography_typography": "",
            "h5_color": "globals\/colors?id=primary",
            "h5_typography_typography": "",
            "h6_color": "globals\/colors?id=primary",
            "h6_typography_typography": "",
            "button_typography_typography": "globals\/typography?id=accent",
            "button_text_color": "globals\/colors?id=2f4ca98",
            "button_background_color": "globals\/colors?id=accent",
            "button_hover_text_color": "globals\/colors?id=2f4ca98",
            "button_hover_background_color": "globals\/colors?id=a45282c"
        },
        "viewport_md": 768,
        "viewport_lg": 1025,
        "button_hover_border_radius": {
            "unit": "px",
            "top": "25",
            "right": "25",
            "bottom": "25",
            "left": "25",
            "isLinked": true
        },
        "button_padding": {
            "unit": "px",
            "top": "14",
            "right": "24",
            "bottom": "14",
            "left": "24",
            "isLinked": false
        },
        "button_border_radius": {
            "unit": "px",
            "top": "25",
            "right": "25",
            "bottom": "25",
            "left": "25",
            "isLinked": true
        },
        "button_typography_typography": "custom",
        "button_typography_font_family": "DM Sans",
        "button_typography_font_weight": "500",
        "button_text_color": "#FFFFFF",
        "button_background_color": "#4D31B9",
        "button_hover_text_color": "#FFC931",
        "button_hover_background_color": "#FFFFFF",
        "h1_typography_font_size_mobile": {
            "unit": "px",
            "size": 48.83,
            "sizes": []
        },
        "h1_typography_line_height_mobile": {
            "unit": "em",
            "size": 1.25,
            "sizes": []
        },
        "h2_typography_font_size_mobile": {
            "unit": "px",
            "size": 39.06,
            "sizes": []
        },
        "h2_typography_line_height_mobile": {
            "unit": "em",
            "size": 1.25,
            "sizes": []
        },
        "h3_typography_font_size_mobile": {
            "unit": "px",
            "size": 31.25,
            "sizes": []
        },
        "h3_typography_line_height_mobile": {
            "unit": "em",
            "size": 1.25,
            "sizes": []
        },
        "h4_typography_font_size_mobile": {
            "unit": "px",
            "size": 25,
            "sizes": []
        },
        "h4_typography_line_height_mobile": {
            "unit": "em",
            "size": 1.25,
            "sizes": []
        },
        "h5_typography_font_size_mobile": {
            "unit": "px",
            "size": 20,
            "sizes": []
        },
        "h5_typography_line_height_mobile": {
            "unit": "em",
            "size": 1.25,
            "sizes": []
        },
        "h6_typography_font_size_mobile": {
            "unit": "px",
            "size": 16,
            "sizes": []
        },
        "h6_typography_line_height_mobile": {
            "unit": "em",
            "size": 1.25,
            "sizes": []
        },
        "form_field_border_radius": {
            "unit": "px",
            "top": "25",
            "right": "25",
            "bottom": "25",
            "left": "25",
            "isLinked": true
        },
        "form_field_focus_border_width": {
            "unit": "px",
            "top": "0",
            "right": "0",
            "bottom": "0",
            "left": "0",
            "isLinked": true
        },
        "form_field_focus_border_radius": {
            "unit": "px",
            "top": "25",
            "right": "25",
            "bottom": "25",
            "left": "25",
            "isLinked": true
        },
        "form_label_typography_typography": "custom",
        "form_field_padding": {
            "unit": "px",
            "top": "12",
            "right": "24",
            "bottom": "12",
            "left": "24",
            "isLinked": false
        },
        "form_label_typography_font_size_tablet": {
            "unit": "px",
            "size": 16,
            "sizes": []
        },
        "form_label_typography_line_height_tablet": {
            "unit": "em",
            "size": 16,
            "sizes": []
        },
        "form_field_padding_tablet": {
            "unit": "px",
            "top": "14",
            "right": "24",
            "bottom": "14",
            "left": "24",
            "isLinked": false
        },
        "form_field_padding_mobile": {
            "unit": "px",
            "top": "16",
            "right": "24",
            "bottom": "16",
            "left": "24",
            "isLinked": false
        },
        "button_border_border": "solid",
        "button_border_width": {
            "unit": "px",
            "top": "0",
            "right": "0",
            "bottom": "0",
            "left": "0",
            "isLinked": true
        },
        "space_between_widgets": {
            "unit": "px",
            "size": 16,
            "sizes": []
        }
    }
}