{
    "version": "0.4",
    "title": "popup",
    "type": "popup",
    "metadata": {
        "template_type": "section-popup",
        "include_in_zip": "1",
        "elementor_pro_required": "1",
        "elementor_library_type": "popup",
        "elementor_pro_conditions": [
            "include\/singular\/front_page"
        ],
        "additional_template_information": [
            "This is a \"Popup\" template for Elementor Pro.",
            "This template will display on: Front Page."
        ],
        "wp_page_template": "default"
    },
    "content": [
        {
            "id": "3665f477",
            "settings": {
                "_ob_glider_nav_pos_y_alt": "50% - 25px",
                "_ob_glider_nav_pos_x_prev_alt": "0%",
                "_ob_glider_nav_pos_x_next_alt": "0%",
                "padding": {
                    "unit": "px",
                    "top": "50",
                    "right": "0",
                    "bottom": "50",
                    "left": "0",
                    "isLinked": false
                },
                "padding_tablet": {
                    "unit": "px",
                    "top": "0",
                    "right": "0",
                    "bottom": "0",
                    "left": "0",
                    "isLinked": true
                }
            },
            "elements": [
                {
                    "id": "44614a",
                    "settings": {
                        "_column_size": 100,
                        "_inline_size": null
                    },
                    "elements": [
                        {
                            "id": "ccbbb26",
                            "settings": {
                                "custom_height_inner_mobile": {
                                    "unit": "px",
                                    "size": 521,
                                    "sizes": []
                                },
                                "_ob_bbad_inner_width": "100%",
                                "_ob_glider_nav_pos_y_alt": "50% - 25px",
                                "_ob_glider_nav_pos_x_prev_alt": "0%",
                                "_ob_glider_nav_pos_x_next_alt": "0%",
                                "structure": "20",
                                "background_background": "gradient",
                                "background_image_mobile": {
                                    "url": "https:\/\/tpkit.colllabstudio.com\/urbanisty\/wp-content\/uploads\/sites\/13\/2021\/09\/attractive-young-man-in-hat-and-sunglasses-drinkin-PNXJZE6.png",
                                    "id": 70,
                                    "alt": "",
                                    "source": "library"
                                },
                                "background_motion_fx_motion_fx_scrolling": "yes",
                                "background_motion_fx_translateY_effect": "yes",
                                "background_motion_fx_devices": [
                                    "mobile"
                                ],
                                "background_overlay_image_mobile": {
                                    "url": "",
                                    "id": "",
                                    "alt": "",
                                    "source": "library"
                                },
                                "background_overlay_opacity": {
                                    "unit": "px",
                                    "size": 0.7,
                                    "sizes": []
                                },
                                "_ob_overlaiz_use_it": "",
                                "_ob_overlaiz_width_mobile": {
                                    "unit": "px",
                                    "size": 167,
                                    "sizes": []
                                },
                                "border_radius": {
                                    "unit": "px",
                                    "top": "50",
                                    "right": "50",
                                    "bottom": "50",
                                    "left": "50",
                                    "isLinked": true
                                },
                                "padding": {
                                    "unit": "px",
                                    "top": "32",
                                    "right": "0",
                                    "bottom": "32",
                                    "left": "0",
                                    "isLinked": false
                                },
                                "__globals__": {
                                    "background_color": "globals\/colors?id=accent",
                                    "background_color_b": "globals\/colors?id=9246096"
                                },
                                "background_color_stop": {
                                    "unit": "%",
                                    "size": 30,
                                    "sizes": []
                                }
                            },
                            "elements": [
                                {
                                    "id": "73c1a4c1",
                                    "settings": {
                                        "_column_size": 50,
                                        "_inline_size": 66.613,
                                        "content_position": "center",
                                        "padding": {
                                            "unit": "px",
                                            "top": "0",
                                            "right": "0",
                                            "bottom": "0",
                                            "left": "50",
                                            "isLinked": false
                                        },
                                        "padding_mobile": {
                                            "unit": "px",
                                            "top": "12",
                                            "right": "12",
                                            "bottom": "12",
                                            "left": "12",
                                            "isLinked": true
                                        }
                                    },
                                    "elements": [
                                        {
                                            "id": "56d42eca",
                                            "settings": {
                                                "title": "Subscribe",
                                                "header_size": "h5",
                                                "align": "left",
                                                "align_mobile": "left",
                                                "__globals__": {
                                                    "title_color": "globals\/colors?id=a45282c"
                                                }
                                            },
                                            "elements": [],
                                            "isInner": false,
                                            "widgetType": "heading",
                                            "elType": "widget"
                                        },
                                        {
                                            "id": "4821a954",
                                            "settings": {
                                                "title": "Get 25% Off",
                                                "align": "left",
                                                "align_mobile": "left",
                                                "__globals__": {
                                                    "title_color": "globals\/colors?id=2f4ca98"
                                                }
                                            },
                                            "elements": [],
                                            "isInner": false,
                                            "widgetType": "heading",
                                            "elType": "widget"
                                        },
                                        {
                                            "id": "742fa862",
                                            "settings": {
                                                "align_mobile": "left",
                                                "__globals__": {
                                                    "text_color": "globals\/colors?id=2f4ca98"
                                                }
                                            },
                                            "elements": [],
                                            "isInner": false,
                                            "widgetType": "text-editor",
                                            "elType": "widget"
                                        },
                                        {
                                            "id": "24d938df",
                                            "settings": {
                                                "form_name": "New Form",
                                                "form_fields": [
                                                    {
                                                        "custom_id": "email",
                                                        "field_type": "email",
                                                        "required": "true",
                                                        "field_label": "Email",
                                                        "placeholder": "Email",
                                                        "width": "75",
                                                        "_id": "c4afb1b"
                                                    }
                                                ],
                                                "show_labels": "",
                                                "button_width": "25",
                                                "step_next_label": "Next",
                                                "step_previous_label": "Previous",
                                                "button_text": "Subscribe",
                                                "email_content": "[all-fields]",
                                                "email_content_2": "[all-fields]",
                                                "success_message": "The form was sent successfully.",
                                                "error_message": "An error occurred.",
                                                "required_field_message": "This field is required.",
                                                "invalid_message": "There's something wrong. The form is invalid.",
                                                "field_border_width": {
                                                    "unit": "px",
                                                    "top": "0",
                                                    "right": "0",
                                                    "bottom": "0",
                                                    "left": "0",
                                                    "isLinked": true
                                                },
                                                "button_text_padding": {
                                                    "unit": "px",
                                                    "top": "16",
                                                    "right": "24",
                                                    "bottom": "16",
                                                    "left": "24",
                                                    "isLinked": false
                                                },
                                                "_padding": {
                                                    "unit": "px",
                                                    "top": "50",
                                                    "right": "0",
                                                    "bottom": "0",
                                                    "left": "0",
                                                    "isLinked": false
                                                },
                                                "__globals__": {
                                                    "button_background_color": "globals\/colors?id=a45282c",
                                                    "field_background_color": "globals\/colors?id=d5ab640"
                                                }
                                            },
                                            "elements": [],
                                            "isInner": false,
                                            "widgetType": "form",
                                            "elType": "widget"
                                        }
                                    ],
                                    "isInner": true,
                                    "elType": "column"
                                },
                                {
                                    "id": "11a283b3",
                                    "settings": {
                                        "_column_size": 50,
                                        "_inline_size": 33.387
                                    },
                                    "elements": [
                                        {
                                            "id": "1ed2feb9",
                                            "settings": {
                                                "image": {
                                                    "url": "https:\/\/tpkit.colllabstudio.com\/urbanisty\/wp-content\/uploads\/sites\/13\/2021\/09\/handsome-relaxed-man-in-suglasses-sitting-on-the-c-P6HN5FG.png.jpg-1.png",
                                                    "id": 59,
                                                    "alt": "",
                                                    "source": "library"
                                                },
                                                "width": {
                                                    "unit": "%",
                                                    "size": 100,
                                                    "sizes": []
                                                },
                                                "width_tablet": {
                                                    "unit": "%",
                                                    "size": 95,
                                                    "sizes": []
                                                },
                                                "_position": "absolute",
                                                "_offset_x": {
                                                    "size": -24.5,
                                                    "unit": "px"
                                                },
                                                "_offset_x_tablet": {
                                                    "size": -25.5,
                                                    "unit": "px"
                                                },
                                                "_offset_x_mobile": {
                                                    "size": 0.5,
                                                    "unit": "px"
                                                },
                                                "_offset_y": {
                                                    "size": -64,
                                                    "unit": "px"
                                                },
                                                "_offset_y_tablet": {
                                                    "size": -57,
                                                    "unit": "px"
                                                },
                                                "_offset_y_mobile": {
                                                    "size": -5,
                                                    "unit": "px"
                                                },
                                                "hide_mobile": "hidden-mobile"
                                            },
                                            "elements": [],
                                            "isInner": false,
                                            "widgetType": "image",
                                            "elType": "widget"
                                        }
                                    ],
                                    "isInner": true,
                                    "elType": "column"
                                }
                            ],
                            "isInner": true,
                            "elType": "section"
                        }
                    ],
                    "isInner": false,
                    "elType": "column"
                }
            ],
            "isInner": false,
            "elType": "section"
        }
    ],
    "page_settings": {
        "eael_ext_toc_title": "Table of Contents",
        "hide_title": "yes",
        "width": {
            "unit": "px",
            "size": 750,
            "sizes": []
        },
        "background_background": "classic",
        "background_color": "#02010100",
        "box_shadow_box_shadow_type": "",
        "__globals__": {
            "close_button_color": "globals\/colors?id=2f4ca98"
        }
    }
}