{
    "version": "0.4",
    "title": "Shop Page",
    "type": "product-archive",
    "metadata": {
        "template_type": "archive-product",
        "include_in_zip": "1",
        "elementor_pro_required": "1",
        "elementor_library_type": "product-archive",
        "elementor_pro_conditions": [
            "include\/product_archive"
        ],
        "additional_template_information": [
            "This is a \"Product Archive\" template for Elementor Pro.",
            "This template will display on: All Product Archives."
        ],
        "wp_page_template": "default"
    },
    "content": [
        {
            "id": "56e30287",
            "settings": {
                "_ob_glider_nav_pos_y_alt": "50% - 25px",
                "_ob_glider_nav_pos_x_prev_alt": "0%",
                "_ob_glider_nav_pos_x_next_alt": "0%",
                "padding": {
                    "unit": "px",
                    "top": "100",
                    "right": "0",
                    "bottom": "50",
                    "left": "0",
                    "isLinked": false
                }
            },
            "elements": [
                {
                    "id": "388fd139",
                    "settings": {
                        "_column_size": 100,
                        "_inline_size": null,
                        "border_radius": {
                            "unit": "px",
                            "top": "50",
                            "right": "50",
                            "bottom": "50",
                            "left": "50",
                            "isLinked": true
                        },
                        "__globals__": {
                            "background_color": ""
                        },
                        "margin": {
                            "unit": "px",
                            "top": "0",
                            "right": "0",
                            "bottom": "0",
                            "left": "0",
                            "isLinked": true
                        }
                    },
                    "elements": [
                        {
                            "id": "57ea905",
                            "settings": {
                                "_ob_bbad_inner_width": "100%",
                                "_ob_glider_nav_pos_y_alt": "50% - 25px",
                                "_ob_glider_nav_pos_x_prev_alt": "0%",
                                "_ob_glider_nav_pos_x_next_alt": "0%"
                            },
                            "elements": [
                                {
                                    "id": "14b3661e",
                                    "settings": {
                                        "_column_size": 100,
                                        "_inline_size": null,
                                        "background_background": "gradient",
                                        "border_radius": {
                                            "unit": "px",
                                            "top": "50",
                                            "right": "50",
                                            "bottom": "50",
                                            "left": "50",
                                            "isLinked": true
                                        },
                                        "margin": {
                                            "unit": "px",
                                            "top": "0",
                                            "right": "0",
                                            "bottom": "0",
                                            "left": "0",
                                            "isLinked": true
                                        },
                                        "padding": {
                                            "unit": "px",
                                            "top": "100",
                                            "right": "0",
                                            "bottom": "100",
                                            "left": "0",
                                            "isLinked": false
                                        },
                                        "__globals__": {
                                            "background_color": "globals\/colors?id=accent",
                                            "background_color_b": "globals\/colors?id=9246096"
                                        }
                                    },
                                    "elements": [
                                        {
                                            "id": "40f89d09",
                                            "settings": {
                                                "title": "Shop",
                                                "align": "center",
                                                "__globals__": {
                                                    "title_color": "globals\/colors?id=2f4ca98"
                                                },
                                                "_animation": "fadeInUp",
                                                "__dynamic__": []
                                            },
                                            "elements": [],
                                            "isInner": false,
                                            "widgetType": "heading",
                                            "elType": "widget"
                                        },
                                        {
                                            "id": "3d40a1ad",
                                            "settings": {
                                                "alignment": "center",
                                                "__globals__": {
                                                    "text_color": "globals\/colors?id=2f4ca98",
                                                    "link_color": "globals\/colors?id=a45282c"
                                                },
                                                "_animation": "fadeInUp",
                                                "_animation_delay": 200
                                            },
                                            "elements": [],
                                            "isInner": false,
                                            "widgetType": "woocommerce-breadcrumb",
                                            "elType": "widget"
                                        }
                                    ],
                                    "isInner": true,
                                    "elType": "column"
                                }
                            ],
                            "isInner": true,
                            "elType": "section"
                        }
                    ],
                    "isInner": false,
                    "elType": "column"
                }
            ],
            "isInner": false,
            "elType": "section"
        },
        {
            "id": "1db31b7a",
            "settings": {
                "margin": {
                    "unit": "px",
                    "top": "",
                    "right": 0,
                    "bottom": "",
                    "left": 0,
                    "isLinked": true
                },
                "_ob_glider_nav_pos_y_alt": "50% - 25px",
                "_ob_glider_nav_pos_x_prev_alt": "0%",
                "_ob_glider_nav_pos_x_next_alt": "0%",
                "padding": {
                    "unit": "px",
                    "top": "50",
                    "right": "0",
                    "bottom": "100",
                    "left": "0",
                    "isLinked": false
                }
            },
            "elements": [
                {
                    "id": "6e518832",
                    "settings": {
                        "_column_size": 100,
                        "_inline_size": null
                    },
                    "elements": [
                        {
                            "id": "5df7113e",
                            "settings": {
                                "gap": "no",
                                "margin": {
                                    "unit": "px",
                                    "top": "",
                                    "right": 0,
                                    "bottom": "",
                                    "left": 0,
                                    "isLinked": true
                                },
                                "_ob_bbad_inner_width": "100%",
                                "_ob_glider_nav_pos_y_alt": "50% - 25px",
                                "_ob_glider_nav_pos_x_prev_alt": "0%",
                                "_ob_glider_nav_pos_x_next_alt": "0%"
                            },
                            "elements": [
                                {
                                    "id": "258aa0f8",
                                    "settings": {
                                        "_column_size": 100,
                                        "_inline_size": null,
                                        "align": "space-between"
                                    },
                                    "elements": [
                                        {
                                            "id": "323a3558",
                                            "settings": {
                                                "column_gap": {
                                                    "unit": "px",
                                                    "size": 24,
                                                    "sizes": []
                                                },
                                                "column_gap_tablet": {
                                                    "unit": "px",
                                                    "size": 24,
                                                    "sizes": []
                                                },
                                                "column_gap_mobile": {
                                                    "unit": "px",
                                                    "size": 24,
                                                    "sizes": []
                                                },
                                                "row_gap": {
                                                    "unit": "px",
                                                    "size": 24,
                                                    "sizes": []
                                                },
                                                "row_gap_tablet": {
                                                    "unit": "px",
                                                    "size": 24,
                                                    "sizes": []
                                                },
                                                "row_gap_mobile": {
                                                    "unit": "px",
                                                    "size": 24,
                                                    "sizes": []
                                                },
                                                "align": "center",
                                                "image_spacing": {
                                                    "unit": "px",
                                                    "size": 0,
                                                    "sizes": []
                                                },
                                                "title_spacing": {
                                                    "unit": "px",
                                                    "size": 0,
                                                    "sizes": []
                                                },
                                                "rating_spacing": {
                                                    "unit": "px",
                                                    "size": 16,
                                                    "sizes": []
                                                },
                                                "button_border_radius": {
                                                    "unit": "px",
                                                    "top": "25",
                                                    "right": "25",
                                                    "bottom": "25",
                                                    "left": "25",
                                                    "isLinked": true
                                                },
                                                "button_text_padding": {
                                                    "unit": "px",
                                                    "top": "16",
                                                    "right": "16",
                                                    "bottom": "16",
                                                    "left": "16",
                                                    "isLinked": true
                                                },
                                                "button_spacing": {
                                                    "unit": "px",
                                                    "size": 16,
                                                    "sizes": []
                                                },
                                                "box_border_radius": {
                                                    "unit": "px",
                                                    "size": 25,
                                                    "sizes": []
                                                },
                                                "box_padding": {
                                                    "unit": "px",
                                                    "top": "16",
                                                    "right": "16",
                                                    "bottom": "16",
                                                    "left": "16",
                                                    "isLinked": true
                                                },
                                                "onsale_horizontal_position": "right",
                                                "onsale_distance": {
                                                    "unit": "px",
                                                    "size": 4,
                                                    "sizes": []
                                                },
                                                "nothing_found_message": "It seems we can't find what you're looking for.",
                                                "__globals__": {
                                                    "box_bg_color": "globals\/colors?id=d5ab640",
                                                    "button_text_color": "globals\/colors?id=2f4ca98",
                                                    "button_background_color": "globals\/colors?id=accent",
                                                    "price_color": "globals\/colors?id=primary",
                                                    "price_typography_typography": "globals\/typography?id=aa0155b",
                                                    "title_typography_typography": "globals\/typography?id=aa0155b",
                                                    "button_hover_background_color": "globals\/colors?id=a45282c",
                                                    "onsale_text_color": "globals\/colors?id=2f4ca98",
                                                    "onsale_text_background_color": "globals\/colors?id=9246096",
                                                    "pagination_link_color": "globals\/colors?id=primary",
                                                    "pagination_link_color_hover": "globals\/colors?id=2f4ca98",
                                                    "pagination_link_color_active": "globals\/colors?id=2f4ca98",
                                                    "pagination_link_bg_color_hover": "globals\/colors?id=accent",
                                                    "pagination_link_bg_color_active": "globals\/colors?id=accent"
                                                },
                                                "pagination_spacing": {
                                                    "unit": "px",
                                                    "size": 16,
                                                    "sizes": []
                                                },
                                                "show_pagination_border": "",
                                                "pagination_padding": {
                                                    "unit": "px",
                                                    "size": 8,
                                                    "sizes": []
                                                }
                                            },
                                            "elements": [],
                                            "isInner": false,
                                            "widgetType": "wc-archive-products",
                                            "elType": "widget"
                                        }
                                    ],
                                    "isInner": true,
                                    "elType": "column"
                                }
                            ],
                            "isInner": true,
                            "elType": "section"
                        }
                    ],
                    "isInner": false,
                    "elType": "column"
                }
            ],
            "isInner": false,
            "elType": "section"
        }
    ],
    "page_settings": {
        "hide_title": "yes",
        "eael_ext_toc_title": "Table of Contents"
    }
}