{
    "version": "0.4",
    "title": "Single Post",
    "type": "single-post",
    "metadata": {
        "template_type": "single-post",
        "include_in_zip": "1",
        "elementor_pro_required": "1",
        "elementor_library_type": "single-post",
        "elementor_pro_conditions": [
            "include\/singular\/post"
        ],
        "additional_template_information": [
            "This is a \"Single Post\" template for Elementor Pro.",
            "This template will display on: Posts."
        ],
        "wp_page_template": "default"
    },
    "content": [
        {
            "id": "7043bb70",
            "settings": {
                "_ob_glider_nav_pos_y_alt": "50% - 25px",
                "_ob_glider_nav_pos_x_prev_alt": "0%",
                "_ob_glider_nav_pos_x_next_alt": "0%",
                "padding": {
                    "unit": "px",
                    "top": "100",
                    "right": "0",
                    "bottom": "50",
                    "left": "0",
                    "isLinked": false
                }
            },
            "elements": [
                {
                    "id": "39c3aca",
                    "settings": {
                        "_column_size": 100,
                        "_inline_size": null
                    },
                    "elements": [
                        {
                            "id": "14cf6954",
                            "settings": {
                                "_ob_bbad_inner_width": "100%",
                                "_ob_glider_nav_pos_y_alt": "50% - 25px",
                                "_ob_glider_nav_pos_x_prev_alt": "0%",
                                "_ob_glider_nav_pos_x_next_alt": "0%"
                            },
                            "elements": [
                                {
                                    "id": "5ba14ba6",
                                    "settings": {
                                        "_column_size": 100,
                                        "_inline_size": null,
                                        "background_background": "gradient",
                                        "border_radius": {
                                            "unit": "px",
                                            "top": "50",
                                            "right": "50",
                                            "bottom": "50",
                                            "left": "50",
                                            "isLinked": true
                                        },
                                        "padding": {
                                            "unit": "px",
                                            "top": "100",
                                            "right": "24",
                                            "bottom": "100",
                                            "left": "24",
                                            "isLinked": false
                                        },
                                        "__globals__": {
                                            "background_color": "globals\/colors?id=accent",
                                            "background_color_b": "globals\/colors?id=9246096"
                                        },
                                        "padding_tablet": {
                                            "unit": "px",
                                            "top": "100",
                                            "right": "12",
                                            "bottom": "100",
                                            "left": "12",
                                            "isLinked": false
                                        }
                                    },
                                    "elements": [
                                        {
                                            "id": "71f67a55",
                                            "settings": {
                                                "title": "Blogs",
                                                "align": "center",
                                                "__globals__": {
                                                    "title_color": "globals\/colors?id=2f4ca98"
                                                },
                                                "__dynamic__": {
                                                    "title": "[elementor-tag id=\"56beb40\" name=\"post-title\" settings=\"%7B%7D\"]"
                                                },
                                                "_animation_tablet": "fadeInUp",
                                                "_padding": {
                                                    "unit": "px",
                                                    "top": "0",
                                                    "right": "32",
                                                    "bottom": "0",
                                                    "left": "32",
                                                    "isLinked": false
                                                }
                                            },
                                            "elements": [],
                                            "isInner": false,
                                            "widgetType": "heading",
                                            "elType": "widget"
                                        },
                                        {
                                            "id": "aaf7ba4",
                                            "settings": {
                                                "icon_list": [
                                                    {
                                                        "type": "author",
                                                        "selected_icon": {
                                                            "value": "far fa-user-circle",
                                                            "library": "fa-regular"
                                                        },
                                                        "_id": "9e55485",
                                                        "custom_date_format": "F j, Y",
                                                        "custom_time_format": "g:i a"
                                                    },
                                                    {
                                                        "selected_icon": {
                                                            "value": "fas fa-calendar",
                                                            "library": "fa-solid"
                                                        },
                                                        "_id": "301c696",
                                                        "custom_date_format": "F j, Y",
                                                        "custom_time_format": "g:i a"
                                                    },
                                                    {
                                                        "type": "comments",
                                                        "selected_icon": {
                                                            "value": "far fa-comment-dots",
                                                            "library": "fa-regular"
                                                        },
                                                        "_id": "eb5da2d",
                                                        "custom_date_format": "F j, Y",
                                                        "custom_time_format": "g:i a"
                                                    }
                                                ],
                                                "space_between_tablet": {
                                                    "unit": "px",
                                                    "size": 16,
                                                    "sizes": []
                                                },
                                                "icon_align": "center",
                                                "icon_align_tablet": "center",
                                                "_padding_mobile": {
                                                    "unit": "px",
                                                    "top": "16",
                                                    "right": "0",
                                                    "bottom": "0",
                                                    "left": "0",
                                                    "isLinked": false
                                                },
                                                "__globals__": {
                                                    "icon_color": "globals\/colors?id=2f4ca98"
                                                }
                                            },
                                            "elements": [],
                                            "isInner": false,
                                            "widgetType": "post-info",
                                            "elType": "widget"
                                        }
                                    ],
                                    "isInner": true,
                                    "elType": "column"
                                }
                            ],
                            "isInner": true,
                            "elType": "section"
                        }
                    ],
                    "isInner": false,
                    "elType": "column"
                }
            ],
            "isInner": false,
            "elType": "section"
        },
        {
            "id": "68ce6182",
            "settings": {
                "_ob_glider_nav_pos_y_alt": "50% - 25px",
                "_ob_glider_nav_pos_x_prev_alt": "0%",
                "_ob_glider_nav_pos_x_next_alt": "0%",
                "structure": "22",
                "padding": {
                    "unit": "px",
                    "top": "0",
                    "right": "0",
                    "bottom": "50",
                    "left": "0",
                    "isLinked": false
                }
            },
            "elements": [
                {
                    "id": "5b4e13f9",
                    "settings": {
                        "_column_size": 66,
                        "_inline_size": null
                    },
                    "elements": [
                        {
                            "id": "1cda6757",
                            "settings": {
                                "_ob_bbad_inner_width": "100%",
                                "_ob_glider_nav_pos_y_alt": "50% - 25px",
                                "_ob_glider_nav_pos_x_prev_alt": "0%",
                                "_ob_glider_nav_pos_x_next_alt": "0%",
                                "padding": {
                                    "unit": "px",
                                    "top": "0",
                                    "right": "0",
                                    "bottom": "50",
                                    "left": "0",
                                    "isLinked": false
                                }
                            },
                            "elements": [
                                {
                                    "id": "2eb23aa4",
                                    "settings": {
                                        "_column_size": 100,
                                        "_inline_size": null,
                                        "animation": "fadeInUp"
                                    },
                                    "elements": [
                                        {
                                            "id": "65466d3e",
                                            "settings": {
                                                "__dynamic__": {
                                                    "image": "[elementor-tag id=\"\" name=\"post-featured-image\" settings=\"%7B%22fallback%22%3A%7B%22url%22%3A%22%22%2C%22id%22%3A%22%22%7D%7D\"]"
                                                },
                                                "image_size": "full",
                                                "image_border_radius": {
                                                    "unit": "px",
                                                    "top": "25",
                                                    "right": "25",
                                                    "bottom": "25",
                                                    "left": "25",
                                                    "isLinked": true
                                                }
                                            },
                                            "elements": [],
                                            "isInner": false,
                                            "widgetType": "theme-post-featured-image",
                                            "elType": "widget"
                                        },
                                        {
                                            "id": "32311f0b",
                                            "settings": {
                                                "_padding": {
                                                    "unit": "px",
                                                    "top": "50",
                                                    "right": "0",
                                                    "bottom": "0",
                                                    "left": "0",
                                                    "isLinked": false
                                                }
                                            },
                                            "elements": [],
                                            "isInner": false,
                                            "widgetType": "theme-post-content",
                                            "elType": "widget"
                                        },
                                        {
                                            "id": "4aca386",
                                            "settings": {
                                                "prev_label": "Previous",
                                                "next_label": "Next",
                                                "arrow_size": {
                                                    "unit": "px",
                                                    "size": 24,
                                                    "sizes": []
                                                },
                                                "borders_width": {
                                                    "unit": "px",
                                                    "size": 0,
                                                    "sizes": []
                                                },
                                                "__globals__": {
                                                    "text_color": "globals\/colors?id=accent",
                                                    "hover_color": "globals\/colors?id=a45282c",
                                                    "label_color": "globals\/colors?id=accent",
                                                    "label_hover_color": "globals\/colors?id=a45282c",
                                                    "arrow_color": "globals\/colors?id=primary"
                                                }
                                            },
                                            "elements": [],
                                            "isInner": false,
                                            "widgetType": "post-navigation",
                                            "elType": "widget"
                                        }
                                    ],
                                    "isInner": true,
                                    "elType": "column"
                                }
                            ],
                            "isInner": true,
                            "elType": "section"
                        }
                    ],
                    "isInner": false,
                    "elType": "column"
                },
                {
                    "id": "23ef2ca6",
                    "settings": {
                        "_column_size": 33,
                        "_inline_size": null,
                        "padding": {
                            "unit": "px",
                            "top": "0",
                            "right": "0",
                            "bottom": "0",
                            "left": "50",
                            "isLinked": false
                        },
                        "padding_tablet": {
                            "unit": "px",
                            "top": "0",
                            "right": "0",
                            "bottom": "0",
                            "left": "0",
                            "isLinked": false
                        }
                    },
                    "elements": [
                        {
                            "id": "1773a04",
                            "settings": {
                                "_ob_bbad_inner_width": "100%",
                                "_ob_glider_nav_pos_y_alt": "50% - 25px",
                                "_ob_glider_nav_pos_x_prev_alt": "0%",
                                "_ob_glider_nav_pos_x_next_alt": "0%",
                                "padding_mobile": {
                                    "unit": "px",
                                    "top": "12",
                                    "right": "12",
                                    "bottom": "12",
                                    "left": "12",
                                    "isLinked": true
                                }
                            },
                            "elements": [
                                {
                                    "id": "1254773a",
                                    "settings": {
                                        "_column_size": 100,
                                        "_inline_size": null,
                                        "animation": "fadeInUp",
                                        "animation_delay": 200
                                    },
                                    "elements": [
                                        {
                                            "id": "21fa7779",
                                            "settings": {
                                                "skin": "minimal",
                                                "placeholder": "Search...",
                                                "button_text": "Search",
                                                "_ob_searchcop_srch_options": "post",
                                                "border_radius": {
                                                    "unit": "px",
                                                    "size": 25,
                                                    "sizes": []
                                                },
                                                "__globals__": {
                                                    "input_background_color": "globals\/colors?id=d5ab640",
                                                    "input_text_color": "globals\/colors?id=text"
                                                }
                                            },
                                            "elements": [],
                                            "isInner": false,
                                            "widgetType": "search-form",
                                            "elType": "widget"
                                        },
                                        {
                                            "id": "2fe2815f",
                                            "settings": {
                                                "title": "Latest News",
                                                "header_size": "h5",
                                                "_padding": {
                                                    "unit": "px",
                                                    "top": "50",
                                                    "right": "0",
                                                    "bottom": "0",
                                                    "left": "0",
                                                    "isLinked": false
                                                }
                                            },
                                            "elements": [],
                                            "isInner": false,
                                            "widgetType": "heading",
                                            "elType": "widget"
                                        },
                                        {
                                            "id": "2206e989",
                                            "settings": {
                                                "classic_columns": "1",
                                                "classic_thumbnail": "left",
                                                "classic_thumbnail_size_size": "full",
                                                "classic_item_ratio": {
                                                    "unit": "px",
                                                    "size": 1,
                                                    "sizes": []
                                                },
                                                "classic_image_width": {
                                                    "unit": "%",
                                                    "size": 24,
                                                    "sizes": []
                                                },
                                                "classic_title_tag": "p",
                                                "classic_show_excerpt": "",
                                                "classic_meta_data": [],
                                                "classic_meta_separator": "\/\/\/",
                                                "classic_show_read_more": "",
                                                "classic_read_more_text": "Read More \u00bb",
                                                "cards_columns": "1",
                                                "cards_show_excerpt": "",
                                                "cards_meta_separator": "\u2022",
                                                "cards_show_read_more": "",
                                                "cards_read_more_text": "Read More \u00bb",
                                                "cards_show_badge": "",
                                                "cards_show_avatar": "",
                                                "full_content_meta_separator": "\/\/\/",
                                                "classic_column_gap": {
                                                    "unit": "px",
                                                    "size": 24,
                                                    "sizes": []
                                                },
                                                "classic_row_gap": {
                                                    "unit": "px",
                                                    "size": 24,
                                                    "sizes": []
                                                },
                                                "classic_img_border_radius": {
                                                    "unit": "px",
                                                    "top": "15",
                                                    "right": "15",
                                                    "bottom": "15",
                                                    "left": "15",
                                                    "isLinked": true
                                                },
                                                "cards_column_gap": {
                                                    "unit": "px",
                                                    "size": 24,
                                                    "sizes": []
                                                },
                                                "cards_row_gap": {
                                                    "unit": "px",
                                                    "size": 24,
                                                    "sizes": []
                                                },
                                                "cards_alignment": "left",
                                                "cards_image_spacing": {
                                                    "unit": "px",
                                                    "size": 16,
                                                    "sizes": []
                                                },
                                                "cards_title_spacing": {
                                                    "unit": "px",
                                                    "size": 16,
                                                    "sizes": []
                                                },
                                                "pagination_page_limit": "5",
                                                "pagination_prev_label": "&laquo; Previous",
                                                "pagination_next_label": "Next &raquo;",
                                                "_padding": {
                                                    "unit": "px",
                                                    "top": "0",
                                                    "right": "0",
                                                    "bottom": "0",
                                                    "left": "0",
                                                    "isLinked": false
                                                },
                                                "classic_columns_tablet": "1",
                                                "classic_item_ratio_mobile": {
                                                    "unit": "px",
                                                    "size": 0.86,
                                                    "sizes": []
                                                },
                                                "classic_image_width_mobile": {
                                                    "unit": "%",
                                                    "size": 24,
                                                    "sizes": []
                                                }
                                            },
                                            "elements": [],
                                            "isInner": false,
                                            "widgetType": "posts",
                                            "elType": "widget"
                                        }
                                    ],
                                    "isInner": true,
                                    "elType": "column"
                                }
                            ],
                            "isInner": true,
                            "elType": "section"
                        },
                        {
                            "id": "7349fb4f",
                            "settings": {
                                "_ob_bbad_inner_width": "100%",
                                "_ob_glider_nav_pos_y_alt": "50% - 25px",
                                "_ob_glider_nav_pos_x_prev_alt": "0%",
                                "_ob_glider_nav_pos_x_next_alt": "0%",
                                "padding": {
                                    "unit": "px",
                                    "top": "50",
                                    "right": "0",
                                    "bottom": "0",
                                    "left": "0",
                                    "isLinked": false
                                },
                                "padding_mobile": {
                                    "unit": "px",
                                    "top": "50",
                                    "right": "12",
                                    "bottom": "12",
                                    "left": "12",
                                    "isLinked": false
                                }
                            },
                            "elements": [
                                {
                                    "id": "5e5de455",
                                    "settings": {
                                        "_column_size": 100,
                                        "_inline_size": null,
                                        "content_position": "top",
                                        "background_background": "classic",
                                        "padding": {
                                            "unit": "%",
                                            "top": "8",
                                            "right": "8",
                                            "bottom": "8",
                                            "left": "8",
                                            "isLinked": true
                                        },
                                        "__globals__": {
                                            "background_color": "globals\/colors?id=secondary"
                                        },
                                        "background_overlay_background": "classic",
                                        "background_overlay_image": {
                                            "url": "https:\/\/tpkit.colllabstudio.com\/urbanisty\/wp-content\/uploads\/sites\/13\/2021\/09\/Mens-Polo-Shirt.H01-1.png",
                                            "id": 137,
                                            "alt": "",
                                            "source": "library"
                                        },
                                        "background_overlay_position": "initial",
                                        "background_overlay_repeat": "no-repeat",
                                        "background_overlay_size": "initial",
                                        "background_overlay_opacity": {
                                            "unit": "px",
                                            "size": 1,
                                            "sizes": []
                                        },
                                        "border_radius": {
                                            "unit": "px",
                                            "top": "25",
                                            "right": "25",
                                            "bottom": "25",
                                            "left": "25",
                                            "isLinked": true
                                        },
                                        "background_overlay_xpos": {
                                            "unit": "px",
                                            "size": -65,
                                            "sizes": []
                                        },
                                        "background_overlay_ypos": {
                                            "unit": "px",
                                            "size": 120,
                                            "sizes": []
                                        },
                                        "background_overlay_bg_width": {
                                            "unit": "px",
                                            "size": 500,
                                            "sizes": []
                                        },
                                        "background_overlay_position_mobile": "initial",
                                        "background_overlay_xpos_mobile": {
                                            "unit": "px",
                                            "size": -5,
                                            "sizes": []
                                        },
                                        "background_overlay_ypos_mobile": {
                                            "unit": "px",
                                            "size": 53,
                                            "sizes": []
                                        }
                                    },
                                    "elements": [
                                        {
                                            "id": "4bef0bfe",
                                            "settings": {
                                                "title": "Save Up to 50%",
                                                "align": "center",
                                                "__globals__": {
                                                    "title_color": "globals\/colors?id=2f4ca98"
                                                },
                                                "header_size": "h3"
                                            },
                                            "elements": [],
                                            "isInner": false,
                                            "widgetType": "heading",
                                            "elType": "widget"
                                        },
                                        {
                                            "id": "4ecbec16",
                                            "settings": {
                                                "editor": "<p>Lorem ipsum dolor sit amet, consectetur adipiscing elit. Ut elit tellus.<\/p>",
                                                "align": "center",
                                                "__globals__": {
                                                    "text_color": "globals\/colors?id=2f4ca98"
                                                }
                                            },
                                            "elements": [],
                                            "isInner": false,
                                            "widgetType": "text-editor",
                                            "elType": "widget"
                                        },
                                        {
                                            "id": "2c5d49b6",
                                            "settings": {
                                                "text": "Shop Now",
                                                "align": "center",
                                                "icon_indent": {
                                                    "unit": "px",
                                                    "size": 2,
                                                    "sizes": []
                                                },
                                                "__globals__": {
                                                    "button_text_color": "globals\/colors?id=2f4ca98",
                                                    "background_color": "globals\/colors?id=accent",
                                                    "hover_color": "globals\/colors?id=2f4ca98",
                                                    "button_background_hover_color": "globals\/colors?id=4bde18e"
                                                },
                                                "_z_index": 3
                                            },
                                            "elements": [],
                                            "isInner": false,
                                            "widgetType": "button",
                                            "elType": "widget"
                                        }
                                    ],
                                    "isInner": true,
                                    "elType": "column"
                                }
                            ],
                            "isInner": true,
                            "elType": "section"
                        }
                    ],
                    "isInner": false,
                    "elType": "column"
                }
            ],
            "isInner": false,
            "elType": "section"
        }
    ],
    "page_settings": {
        "eael_ext_toc_title": "Table of Contents",
        "hide_title": "yes"
    }
}