{
    "version": "0.4",
    "title": "Single Product",
    "type": "product",
    "metadata": {
        "template_type": "single-product",
        "include_in_zip": "1",
        "elementor_pro_required": "1",
        "elementor_library_type": "product",
        "elementor_pro_conditions": [
            "include\/product"
        ],
        "additional_template_information": [
            "This is a \"Product\" template for Elementor Pro.",
            "This template will display on: Products."
        ],
        "wp_page_template": "default"
    },
    "content": [
        {
            "id": "727e12e6",
            "settings": {
                "_ob_glider_nav_pos_y_alt": "50% - 25px",
                "_ob_glider_nav_pos_x_prev_alt": "0%",
                "_ob_glider_nav_pos_x_next_alt": "0%",
                "structure": "20",
                "padding": {
                    "unit": "px",
                    "top": "100",
                    "right": "0",
                    "bottom": "50",
                    "left": "0",
                    "isLinked": false
                }
            },
            "elements": [
                {
                    "id": "77720483",
                    "settings": {
                        "_column_size": 50,
                        "_inline_size": 65,
                        "padding": {
                            "unit": "px",
                            "top": "0",
                            "right": "50",
                            "bottom": "0",
                            "left": "0",
                            "isLinked": false
                        }
                    },
                    "elements": [
                        {
                            "id": "3b5bebbb",
                            "settings": {
                                "_ob_bbad_inner_width": "100%",
                                "_ob_glider_nav_pos_y_alt": "50% - 25px",
                                "_ob_glider_nav_pos_x_prev_alt": "0%",
                                "_ob_glider_nav_pos_x_next_alt": "0%"
                            },
                            "elements": [
                                {
                                    "id": "2b506e00",
                                    "settings": {
                                        "_column_size": 100,
                                        "_inline_size": null,
                                        "background_background": "classic",
                                        "border_radius": {
                                            "unit": "px",
                                            "top": "50",
                                            "right": "50",
                                            "bottom": "50",
                                            "left": "50",
                                            "isLinked": true
                                        },
                                        "__globals__": {
                                            "background_color": "globals\/colors?id=d5ab640"
                                        },
                                        "animation": "fadeInUp"
                                    },
                                    "elements": [
                                        {
                                            "id": "2ee52e1e",
                                            "settings": {
                                                "sale_flash": "",
                                                "thumbs_border_radius": {
                                                    "unit": "px",
                                                    "top": "25",
                                                    "right": "25",
                                                    "bottom": "25",
                                                    "left": "25",
                                                    "isLinked": true
                                                },
                                                "spacing_thumbs": {
                                                    "unit": "px",
                                                    "size": 15,
                                                    "sizes": []
                                                }
                                            },
                                            "elements": [],
                                            "isInner": false,
                                            "widgetType": "woocommerce-product-images",
                                            "elType": "widget"
                                        }
                                    ],
                                    "isInner": true,
                                    "elType": "column"
                                }
                            ],
                            "isInner": true,
                            "elType": "section"
                        }
                    ],
                    "isInner": false,
                    "elType": "column"
                },
                {
                    "id": "5fb817c7",
                    "settings": {
                        "_column_size": 50,
                        "_inline_size": 35,
                        "animation": "fadeInUp",
                        "animation_delay": 200
                    },
                    "elements": [
                        {
                            "id": "5e6c52df",
                            "settings": {
                                "_ob_bbad_inner_width": "100%",
                                "_ob_glider_nav_pos_y_alt": "50% - 25px",
                                "_ob_glider_nav_pos_x_prev_alt": "0%",
                                "_ob_glider_nav_pos_x_next_alt": "0%"
                            },
                            "elements": [
                                {
                                    "id": "6e875b7f",
                                    "settings": {
                                        "_column_size": 100,
                                        "_inline_size": null
                                    },
                                    "elements": [
                                        {
                                            "id": "cfb24b6",
                                            "settings": [],
                                            "elements": [],
                                            "isInner": false,
                                            "widgetType": "woocommerce-breadcrumb",
                                            "elType": "widget"
                                        },
                                        {
                                            "id": "6f9fd346",
                                            "settings": {
                                                "__dynamic__": {
                                                    "title": "[elementor-tag id=\"\" name=\"woocommerce-product-title-tag\" settings=\"%7B%22before%22%3A%22%22%2C%22after%22%3A%22%22%2C%22fallback%22%3A%22%22%7D\"]"
                                                },
                                                "title": "Add Your Heading Text Here",
                                                "header_size": "h2"
                                            },
                                            "elements": [],
                                            "isInner": false,
                                            "widgetType": "woocommerce-product-title",
                                            "elType": "widget"
                                        },
                                        {
                                            "id": "4fb2717d",
                                            "settings": {
                                                "__globals__": {
                                                    "star_color": "globals\/colors?id=a45282c",
                                                    "empty_star_color": "globals\/colors?id=text"
                                                }
                                            },
                                            "elements": [],
                                            "isInner": false,
                                            "widgetType": "woocommerce-product-rating",
                                            "elType": "widget"
                                        },
                                        {
                                            "id": "751d7201",
                                            "settings": {
                                                "title": "Add Your Heading Text Here",
                                                "header_size": "h5",
                                                "__dynamic__": {
                                                    "title": "[elementor-tag id=\"dc7ea19\" name=\"woocommerce-product-price-tag\" settings=\"%7B%7D\"]"
                                                }
                                            },
                                            "elements": [],
                                            "isInner": false,
                                            "widgetType": "heading",
                                            "elType": "widget"
                                        }
                                    ],
                                    "isInner": true,
                                    "elType": "column"
                                }
                            ],
                            "isInner": true,
                            "elType": "section"
                        },
                        {
                            "id": "2142a870",
                            "settings": {
                                "_ob_bbad_inner_width": "100%",
                                "_ob_glider_nav_pos_y_alt": "50% - 25px",
                                "_ob_glider_nav_pos_x_prev_alt": "0%",
                                "_ob_glider_nav_pos_x_next_alt": "0%",
                                "margin": {
                                    "unit": "px",
                                    "top": "50",
                                    "right": 0,
                                    "bottom": "0",
                                    "left": 0,
                                    "isLinked": false
                                }
                            },
                            "elements": [
                                {
                                    "id": "abc3fd1",
                                    "settings": {
                                        "_column_size": 100,
                                        "_inline_size": null
                                    },
                                    "elements": [
                                        {
                                            "id": "3ec56e64",
                                            "settings": {
                                                "__dynamic__": {
                                                    "editor": "[elementor-tag id=\"5f0e6dc\" name=\"woocommerce-product-short-description-tag\" settings=\"%7B%7D\"]"
                                                }
                                            },
                                            "elements": [],
                                            "isInner": false,
                                            "widgetType": "text-editor",
                                            "elType": "widget"
                                        },
                                        {
                                            "id": "65500bab",
                                            "settings": {
                                                "shopengine_add_cart_button_border_border": "",
                                                "shopengine_add_cart_button_border_width": {
                                                    "unit": "px",
                                                    "top": "0",
                                                    "right": "0",
                                                    "bottom": "0",
                                                    "left": "0",
                                                    "isLinked": true
                                                },
                                                "shopengine_add_cart_button_border_radius": {
                                                    "unit": "px",
                                                    "top": "25",
                                                    "right": "25",
                                                    "bottom": "25",
                                                    "left": "25",
                                                    "isLinked": true
                                                },
                                                "shopengine_add_cart_button_padding": {
                                                    "unit": "px",
                                                    "top": "16",
                                                    "right": "24",
                                                    "bottom": "16",
                                                    "left": "24",
                                                    "isLinked": false
                                                },
                                                "shopengine_add_cart_button_margin": {
                                                    "unit": "px",
                                                    "top": "0",
                                                    "right": "16",
                                                    "bottom": "0",
                                                    "left": "16",
                                                    "isLinked": false
                                                },
                                                "shopengine_quick_checkout_button_border_border": "",
                                                "shopengine_quick_checkout_button_border_radius": {
                                                    "unit": "px",
                                                    "top": "25",
                                                    "right": "25",
                                                    "bottom": "25",
                                                    "left": "25",
                                                    "isLinked": true
                                                },
                                                "shopengine_quick_checkout_button_padding": {
                                                    "unit": "px",
                                                    "top": "16",
                                                    "right": "24",
                                                    "bottom": "16",
                                                    "left": "24",
                                                    "isLinked": false
                                                },
                                                "shopengine_quick_checkout_button_margin": {
                                                    "unit": "px",
                                                    "top": "0",
                                                    "right": "16",
                                                    "bottom": "0",
                                                    "left": "0",
                                                    "isLinked": false
                                                },
                                                "shopengine_add_cart_quantity_padding": {
                                                    "unit": "px",
                                                    "top": "16",
                                                    "right": "8",
                                                    "bottom": "16",
                                                    "left": "8",
                                                    "isLinked": false
                                                },
                                                "shopengine_add_cart_quantity_border_border": "",
                                                "shopengine_add_cart_quantity_border_radius": {
                                                    "unit": "px",
                                                    "top": "25",
                                                    "right": "25",
                                                    "bottom": "25",
                                                    "left": "25",
                                                    "isLinked": true
                                                },
                                                "shopengine_add_cart_quantity_wrap_margin": {
                                                    "unit": "px",
                                                    "top": "0",
                                                    "right": "16",
                                                    "bottom": "0",
                                                    "left": "0",
                                                    "isLinked": false
                                                },
                                                "shopengine_add_cart_wishlist_size": {
                                                    "unit": "px",
                                                    "size": 18,
                                                    "sizes": []
                                                },
                                                "shopengine_add_cart_wishlist_border_border": "",
                                                "shopengine_add_cart_wishlist_border_radius": {
                                                    "unit": "px",
                                                    "top": "25",
                                                    "right": "25",
                                                    "bottom": "25",
                                                    "left": "25",
                                                    "isLinked": true
                                                },
                                                "shopengine_add_cart_wishlist_padding": {
                                                    "unit": "px",
                                                    "top": "16",
                                                    "right": "24",
                                                    "bottom": "16",
                                                    "left": "24",
                                                    "isLinked": false
                                                },
                                                "shopengine_add_cart_wishlist_margin": {
                                                    "unit": "px",
                                                    "top": "0",
                                                    "right": "0",
                                                    "bottom": "0",
                                                    "left": "0",
                                                    "isLinked": false
                                                },
                                                "_padding": {
                                                    "unit": "px",
                                                    "top": "50",
                                                    "right": "0",
                                                    "bottom": "50",
                                                    "left": "0",
                                                    "isLinked": false
                                                },
                                                "__globals__": {
                                                    "shopengine_add_to_cart_in_stock_color": "globals\/colors?id=9246096",
                                                    "shopengine_add_to_cart_out_of_stock_color": "globals\/colors?id=4bde18e",
                                                    "shopengine_add_cart_button_bg_color_normal": "globals\/colors?id=accent",
                                                    "shopengine_add_cart_button_text_color_normal": "globals\/colors?id=2f4ca98",
                                                    "shopengine_add_cart_button_text_color_hover": "globals\/colors?id=2f4ca98",
                                                    "shopengine_add_cart_button_bg_color_hover": "globals\/colors?id=a45282c",
                                                    "shopengine_add_cart_button_typography_typography": "globals\/typography?id=accent",
                                                    "shopengine_quick_checkout_button_bg_color_normal": "globals\/colors?id=accent",
                                                    "shopengine_quick_checkout_button_text_color_normal": "globals\/colors?id=2f4ca98",
                                                    "shopengine_quick_checkout_button_text_color_hover": "globals\/colors?id=2f4ca98",
                                                    "shopengine_quick_checkout_button_bg_color_hover": "globals\/colors?id=a45282c",
                                                    "shopengine_quick_checkout_button_border_color_hover": "globals\/colors?id=primary",
                                                    "shopengine_add_cart_quantity_typography_typography": "globals\/typography?id=primary",
                                                    "shopengine_add_cart_quantity_bg_color": "globals\/colors?id=d5ab640",
                                                    "shopengine_add_cart_quantity_color": "globals\/colors?id=primary",
                                                    "shopengine_add_cart_wishlist_button_color": "globals\/colors?id=primary",
                                                    "shopengine_add_cart_wishlist_button_bg_color": "globals\/colors?id=2f4ca98",
                                                    "shopengine_add_cart_wishlist_button_bg_hover_color": "globals\/colors?id=a45282c",
                                                    "shopengine_add_cart_wishlist_button_hover_color": "globals\/colors?id=2f4ca98"
                                                }
                                            },
                                            "elements": [],
                                            "isInner": false,
                                            "widgetType": "shopengine-add-to-cart",
                                            "elType": "widget"
                                        },
                                        {
                                            "id": "2aa5e8f9",
                                            "settings": {
                                                "space_between": {
                                                    "unit": "px",
                                                    "size": 16,
                                                    "sizes": []
                                                }
                                            },
                                            "elements": [],
                                            "isInner": false,
                                            "widgetType": "woocommerce-product-meta",
                                            "elType": "widget"
                                        }
                                    ],
                                    "isInner": true,
                                    "elType": "column"
                                }
                            ],
                            "isInner": true,
                            "elType": "section"
                        }
                    ],
                    "isInner": false,
                    "elType": "column"
                }
            ],
            "isInner": false,
            "elType": "section"
        },
        {
            "id": "6f4bd99c",
            "settings": {
                "_ob_glider_nav_pos_y_alt": "50% - 25px",
                "_ob_glider_nav_pos_x_prev_alt": "0%",
                "_ob_glider_nav_pos_x_next_alt": "0%",
                "padding": {
                    "unit": "px",
                    "top": "50",
                    "right": "0",
                    "bottom": "0",
                    "left": "0",
                    "isLinked": false
                }
            },
            "elements": [
                {
                    "id": "76d0f1f2",
                    "settings": {
                        "_column_size": 100,
                        "_inline_size": null,
                        "animation": "fadeInUp"
                    },
                    "elements": [
                        {
                            "id": "7fd11590",
                            "settings": {
                                "_ob_bbad_inner_width": "100%",
                                "_ob_glider_nav_pos_y_alt": "50% - 25px",
                                "_ob_glider_nav_pos_x_prev_alt": "0%",
                                "_ob_glider_nav_pos_x_next_alt": "0%"
                            },
                            "elements": [
                                {
                                    "id": "55cd68dd",
                                    "settings": {
                                        "_column_size": 100,
                                        "_inline_size": null
                                    },
                                    "elements": [
                                        {
                                            "id": "6bf883bc",
                                            "settings": {
                                                "shopengine_product_nav_active_color": "#4D31B9",
                                                "shopengine_product_nav_indicator_color": "#4D31B9",
                                                "shopengine_nav_menu_spacing": {
                                                    "unit": "px",
                                                    "size": 24,
                                                    "sizes": []
                                                },
                                                "shopengine_nav_line_width": {
                                                    "unit": "px",
                                                    "top": "0",
                                                    "right": 0,
                                                    "bottom": "0",
                                                    "left": 0,
                                                    "isLinked": true
                                                },
                                                "shopengine_tab_nav_padding": {
                                                    "unit": "px",
                                                    "top": "24",
                                                    "right": "0",
                                                    "bottom": "24",
                                                    "left": "0",
                                                    "isLinked": false
                                                },
                                                "shopengine_product_tab_content_title_padding": {
                                                    "unit": "px",
                                                    "top": "0",
                                                    "right": "0",
                                                    "bottom": "24",
                                                    "left": "0",
                                                    "isLinked": false
                                                },
                                                "shopengine_product_tab_content_wrap_padding": {
                                                    "unit": "px",
                                                    "top": "24",
                                                    "right": "0",
                                                    "bottom": "24",
                                                    "left": "0",
                                                    "isLinked": false
                                                },
                                                "shopengine_product_tab_ainfo_tcell_padding": {
                                                    "unit": "px",
                                                    "top": "16",
                                                    "right": "32",
                                                    "bottom": "16",
                                                    "left": "32",
                                                    "isLinked": false
                                                },
                                                "shopengine_product_tab_ainfo_label_width": {
                                                    "unit": "%",
                                                    "size": 24,
                                                    "sizes": []
                                                },
                                                "shopengine_product_tab_average_rating_total_typography_font_size": {
                                                    "unit": "px",
                                                    "size": 48,
                                                    "sizes": []
                                                },
                                                "shopengine_product_tab_average_rating_count_typography_font_size": {
                                                    "unit": "px",
                                                    "size": 28,
                                                    "sizes": []
                                                },
                                                "shopengine_product_tab_title_margin": {
                                                    "unit": "px",
                                                    "top": "0",
                                                    "right": "0",
                                                    "bottom": "32",
                                                    "left": "0",
                                                    "isLinked": false
                                                },
                                                "shopengine_product_tab_rating_color": "#FFC931",
                                                "shopengine_product_tab_date_color": "#090909",
                                                "shopengine_product_tab_date_typography_font_weight": "500",
                                                "shopengine_product_tab_single_spacing": {
                                                    "unit": "px",
                                                    "size": 32,
                                                    "sizes": []
                                                },
                                                "shopengine_product_tab_label_clr": "#CAC7C7",
                                                "shopengine_product_tab_label_required": "#FE4327",
                                                "shopengine_product_tab_input_clr": "#090909",
                                                "shopengine_review_label_input_typography_font_weight": "400",
                                                "shopengine_product_tab_field_spacing": {
                                                    "unit": "px",
                                                    "size": 24,
                                                    "sizes": []
                                                },
                                                "shopengine_product_tab_input_border_radius": {
                                                    "unit": "px",
                                                    "size": 25,
                                                    "sizes": []
                                                },
                                                "shopengine_product_tab_input_padding": {
                                                    "unit": "px",
                                                    "top": "12",
                                                    "right": "12",
                                                    "bottom": "12",
                                                    "left": "12",
                                                    "isLinked": true
                                                },
                                                "shopengine_product_tab_submit_button_bg": "#4D31B9",
                                                "shopengine_product_tab_submit_button_hover_bg": "#FFC931",
                                                "shopengine_product_tab_submit_button_border_width": {
                                                    "unit": "px",
                                                    "top": "0",
                                                    "right": "0",
                                                    "bottom": "0",
                                                    "left": "0",
                                                    "isLinked": true
                                                },
                                                "shopengine_product_tab_submit_button_border_color": "",
                                                "shopengine_product_tab_submit_button_padding": {
                                                    "unit": "px",
                                                    "top": "12",
                                                    "right": "24",
                                                    "bottom": "12",
                                                    "left": "24",
                                                    "isLinked": false
                                                },
                                                "__globals__": {
                                                    "shopengine_product_nav_active_color": "globals\/colors?id=accent",
                                                    "shopengine_product_nav_indicator_color": "globals\/colors?id=accent",
                                                    "shopengine_product_tab_submit_button_bg": "globals\/colors?id=accent",
                                                    "shopengine_product_tab_submit_button_hover_bg": "globals\/colors?id=a45282c",
                                                    "shopengine_product_tab_rating_color": "globals\/colors?id=a45282c",
                                                    "shopengine_product_tab_date_color": "globals\/colors?id=primary",
                                                    "shopengine_product_tab_author_typography_typography": "globals\/typography?id=primary",
                                                    "shopengine_product_tab_date_typography_typography": "globals\/typography?id=secondary",
                                                    "shopengine_product_tab_description_typography_typography": "globals\/typography?id=text",
                                                    "shopengine_product_tab_label_clr": "globals\/colors?id=5ec9ddc",
                                                    "shopengine_product_tab_label_required": "globals\/colors?id=4bde18e",
                                                    "shopengine_product_tab_label_typography_typography": "globals\/typography?id=text",
                                                    "shopengine_product_tab_input_clr": "globals\/colors?id=primary",
                                                    "shopengine_review_label_input_typography_typography": "globals\/typography?id=text",
                                                    "shopengine_product_tab_input_border_focus_clr": "globals\/colors?id=5ec9ddc",
                                                    "shopengine_product_tab_input_border_clr": "globals\/colors?id=5ec9ddc",
                                                    "shopengine_product_tab_ainfo_tcell_divider_color": "globals\/colors?id=text",
                                                    "shopengine_product_tab_content_title_color": "globals\/colors?id=primary",
                                                    "shopengine_product_nav_color": "globals\/colors?id=5ec9ddc",
                                                    "shopengine_product_nav_typography_typography": "globals\/typography?id=primary",
                                                    "shopengine_nav_line_color": "globals\/colors?id=5ec9ddc",
                                                    "shopengine_product_tab_heading_typography_typography": "globals\/typography?id=primary",
                                                    "shopengine_product_tab_heading_color": "globals\/colors?id=primary",
                                                    "shopengine_product_tab_ainfo_label_color": "globals\/colors?id=text",
                                                    "shopengine_product_tab_ainfo_value_color": "globals\/colors?id=text",
                                                    "shopengine_product_tab_ainfo_value_bg_color": "globals\/colors?id=2f4ca98",
                                                    "shopengine_product_tab_average_rating_title_color": "globals\/colors?id=primary",
                                                    "shopengine_product_tab_average_rating_title_typography_typography": "globals\/typography?id=aa0155b",
                                                    "shopengine_product_tab_average_rating_total_color": "globals\/colors?id=primary",
                                                    "shopengine_product_tab_average_rating_total_typography_typography": "",
                                                    "shopengine_product_tab_average_rating_count_typography_typography": "globals\/typography?id=aa0155b",
                                                    "shopengine_product_tab_average_rating_count_color": "globals\/colors?id=primary",
                                                    "shopengine_product_tab_average_rating_average_active_bg_color": "globals\/colors?id=9246096"
                                                },
                                                "shopengine_product_tab_author_typography_font_family": "DM Sans",
                                                "shopengine_product_tab_date_typography_font_family": "DM Sans",
                                                "shopengine_product_tab_description_typography_font_family": "DM Sans",
                                                "shopengine_product_tab_label_typography_font_family": "DM Sans",
                                                "shopengine_review_label_input_typography_font_family": "DM Sans"
                                            },
                                            "elements": [],
                                            "isInner": false,
                                            "widgetType": "shopengine-product-tabs",
                                            "elType": "widget"
                                        }
                                    ],
                                    "isInner": true,
                                    "elType": "column"
                                }
                            ],
                            "isInner": true,
                            "elType": "section"
                        }
                    ],
                    "isInner": false,
                    "elType": "column"
                }
            ],
            "isInner": false,
            "elType": "section"
        },
        {
            "id": "5bdc0124",
            "settings": {
                "_ob_glider_nav_pos_y_alt": "50% - 25px",
                "_ob_glider_nav_pos_x_prev_alt": "0%",
                "_ob_glider_nav_pos_x_next_alt": "0%",
                "padding": {
                    "unit": "px",
                    "top": "0",
                    "right": "0",
                    "bottom": "50",
                    "left": "0",
                    "isLinked": false
                }
            },
            "elements": [
                {
                    "id": "360b4158",
                    "settings": {
                        "_column_size": 100,
                        "_inline_size": null,
                        "animation": "fadeInUp"
                    },
                    "elements": [
                        {
                            "id": "4286c7d0",
                            "settings": {
                                "_ob_bbad_inner_width": "100%",
                                "_ob_glider_nav_pos_y_alt": "50% - 25px",
                                "_ob_glider_nav_pos_x_prev_alt": "0%",
                                "_ob_glider_nav_pos_x_next_alt": "0%",
                                "margin": {
                                    "unit": "px",
                                    "top": "",
                                    "right": 0,
                                    "bottom": "",
                                    "left": 0,
                                    "isLinked": true
                                }
                            },
                            "elements": [
                                {
                                    "id": "5afeb1d",
                                    "settings": {
                                        "_column_size": 100,
                                        "_inline_size": null
                                    },
                                    "elements": [
                                        {
                                            "id": "3f4c89a9",
                                            "settings": {
                                                "columns_tablet": 3,
                                                "columns_mobile": 1,
                                                "column_gap": {
                                                    "unit": "px",
                                                    "size": 24,
                                                    "sizes": []
                                                },
                                                "column_gap_tablet": {
                                                    "unit": "px",
                                                    "size": 24,
                                                    "sizes": []
                                                },
                                                "column_gap_mobile": {
                                                    "unit": "px",
                                                    "size": 24,
                                                    "sizes": []
                                                },
                                                "row_gap": {
                                                    "unit": "px",
                                                    "size": 24,
                                                    "sizes": []
                                                },
                                                "row_gap_tablet": {
                                                    "unit": "px",
                                                    "size": 24,
                                                    "sizes": []
                                                },
                                                "row_gap_mobile": {
                                                    "unit": "px",
                                                    "size": 24,
                                                    "sizes": []
                                                },
                                                "align": "center",
                                                "image_spacing": {
                                                    "unit": "px",
                                                    "size": 0,
                                                    "sizes": []
                                                },
                                                "rating_spacing": {
                                                    "unit": "px",
                                                    "size": 16,
                                                    "sizes": []
                                                },
                                                "button_border_radius": {
                                                    "unit": "px",
                                                    "top": "25",
                                                    "right": "25",
                                                    "bottom": "25",
                                                    "left": "25",
                                                    "isLinked": true
                                                },
                                                "button_text_padding": {
                                                    "unit": "px",
                                                    "top": "16",
                                                    "right": "16",
                                                    "bottom": "16",
                                                    "left": "16",
                                                    "isLinked": true
                                                },
                                                "button_spacing": {
                                                    "unit": "px",
                                                    "size": 16,
                                                    "sizes": []
                                                },
                                                "heading_spacing": {
                                                    "unit": "px",
                                                    "size": 50,
                                                    "sizes": []
                                                },
                                                "box_border_radius": {
                                                    "unit": "px",
                                                    "size": 25,
                                                    "sizes": []
                                                },
                                                "box_padding": {
                                                    "unit": "px",
                                                    "top": "16",
                                                    "right": "16",
                                                    "bottom": "16",
                                                    "left": "16",
                                                    "isLinked": true
                                                },
                                                "onsale_horizontal_position": "right",
                                                "onsale_distance": {
                                                    "unit": "px",
                                                    "size": 4,
                                                    "sizes": []
                                                },
                                                "__globals__": {
                                                    "box_bg_color": "globals\/colors?id=d5ab640",
                                                    "button_text_color": "globals\/colors?id=2f4ca98",
                                                    "button_background_color": "globals\/colors?id=accent",
                                                    "price_color": "globals\/colors?id=primary",
                                                    "price_typography_typography": "globals\/typography?id=aa0155b",
                                                    "title_typography_typography": "globals\/typography?id=aa0155b",
                                                    "button_hover_background_color": "globals\/colors?id=a45282c",
                                                    "onsale_text_color": "globals\/colors?id=2f4ca98",
                                                    "onsale_text_background_color": "globals\/colors?id=9246096"
                                                }
                                            },
                                            "elements": [],
                                            "isInner": false,
                                            "widgetType": "woocommerce-product-related",
                                            "elType": "widget"
                                        }
                                    ],
                                    "isInner": true,
                                    "elType": "column"
                                }
                            ],
                            "isInner": true,
                            "elType": "section"
                        }
                    ],
                    "isInner": false,
                    "elType": "column"
                }
            ],
            "isInner": false,
            "elType": "section"
        },
        {
            "id": "72abeea1",
            "settings": {
                "margin": {
                    "unit": "px",
                    "top": "0",
                    "right": 0,
                    "bottom": "100",
                    "left": 0,
                    "isLinked": false
                },
                "_ob_glider_nav_pos_y_alt": "50% - 25px",
                "_ob_glider_nav_pos_x_prev_alt": "0%",
                "_ob_glider_nav_pos_x_next_alt": "0%"
            },
            "elements": [
                {
                    "id": "594b0b76",
                    "settings": {
                        "_column_size": 100,
                        "_inline_size": null
                    },
                    "elements": [
                        {
                            "id": "aec68c4",
                            "settings": {
                                "structure": "40",
                                "_ob_bbad_inner_width": "100%",
                                "_ob_glider_nav_pos_y_alt": "50% - 25px",
                                "_ob_glider_nav_pos_x_prev_alt": "0%",
                                "_ob_glider_nav_pos_x_next_alt": "0%"
                            },
                            "elements": [
                                {
                                    "id": "4bf8798",
                                    "settings": {
                                        "_column_size": 25,
                                        "_inline_size": null,
                                        "_inline_size_tablet": 50,
                                        "animation": "fadeInUp"
                                    },
                                    "elements": [
                                        {
                                            "id": "27eabc4a",
                                            "settings": {
                                                "image": {
                                                    "url": "https:\/\/tpkit.colllabstudio.com\/urbanisty\/wp-content\/uploads\/sites\/13\/2021\/09\/wallet.png",
                                                    "id": 63,
                                                    "alt": "",
                                                    "source": "library"
                                                },
                                                "title_text": "Secure Payment",
                                                "description_text": "All cards accepted",
                                                "position": "left",
                                                "title_size": "h5",
                                                "image_space": {
                                                    "unit": "px",
                                                    "size": 8,
                                                    "sizes": []
                                                },
                                                "image_size": {
                                                    "unit": "%",
                                                    "size": 24,
                                                    "sizes": []
                                                },
                                                "text_align": "left",
                                                "content_vertical_alignment": "middle",
                                                "_padding": {
                                                    "unit": "px",
                                                    "top": "0",
                                                    "right": "0",
                                                    "bottom": "0",
                                                    "left": "0",
                                                    "isLinked": false
                                                },
                                                "_border_width": {
                                                    "unit": "px",
                                                    "top": "0",
                                                    "right": "0",
                                                    "bottom": "0",
                                                    "left": "0",
                                                    "isLinked": false
                                                },
                                                "text_align_mobile": "center",
                                                "title_bottom_space": {
                                                    "unit": "px",
                                                    "size": 8,
                                                    "sizes": []
                                                }
                                            },
                                            "elements": [],
                                            "isInner": false,
                                            "widgetType": "image-box",
                                            "elType": "widget"
                                        }
                                    ],
                                    "isInner": true,
                                    "elType": "column"
                                },
                                {
                                    "id": "3691eef7",
                                    "settings": {
                                        "_column_size": 25,
                                        "_inline_size": null,
                                        "_inline_size_tablet": 50,
                                        "animation": "fadeInUp",
                                        "animation_delay": 200
                                    },
                                    "elements": [
                                        {
                                            "id": "5da51ba9",
                                            "settings": {
                                                "image": {
                                                    "url": "https:\/\/tpkit.colllabstudio.com\/urbanisty\/wp-content\/uploads\/sites\/13\/2021\/09\/free-delivery.png",
                                                    "id": 62,
                                                    "alt": "",
                                                    "source": "library"
                                                },
                                                "title_text": "Free Shipping",
                                                "description_text": "Free shipping around US",
                                                "position": "left",
                                                "title_size": "h5",
                                                "image_space": {
                                                    "unit": "px",
                                                    "size": 8,
                                                    "sizes": []
                                                },
                                                "image_size": {
                                                    "unit": "%",
                                                    "size": 24,
                                                    "sizes": []
                                                },
                                                "text_align": "left",
                                                "content_vertical_alignment": "middle",
                                                "_padding": {
                                                    "unit": "px",
                                                    "top": "0",
                                                    "right": "0",
                                                    "bottom": "0",
                                                    "left": "0",
                                                    "isLinked": false
                                                },
                                                "_border_width": {
                                                    "unit": "px",
                                                    "top": "0",
                                                    "right": "0",
                                                    "bottom": "0",
                                                    "left": "0",
                                                    "isLinked": false
                                                },
                                                "__globals__": {
                                                    "_border_color": "globals\/colors?id=primary"
                                                },
                                                "text_align_mobile": "center",
                                                "title_bottom_space": {
                                                    "unit": "px",
                                                    "size": 8,
                                                    "sizes": []
                                                }
                                            },
                                            "elements": [],
                                            "isInner": false,
                                            "widgetType": "image-box",
                                            "elType": "widget"
                                        }
                                    ],
                                    "isInner": true,
                                    "elType": "column"
                                },
                                {
                                    "id": "4a33bb83",
                                    "settings": {
                                        "_column_size": 25,
                                        "_inline_size": null,
                                        "_inline_size_tablet": 50,
                                        "animation": "fadeInUp",
                                        "animation_delay": 400
                                    },
                                    "elements": [
                                        {
                                            "id": "7cf2566b",
                                            "settings": {
                                                "image": {
                                                    "url": "https:\/\/tpkit.colllabstudio.com\/urbanisty\/wp-content\/uploads\/sites\/13\/2021\/09\/discount.png",
                                                    "id": 222,
                                                    "alt": "",
                                                    "source": "library"
                                                },
                                                "title_text": "Up to 75% Off",
                                                "description_text": "Save your pocket",
                                                "position": "left",
                                                "title_size": "h5",
                                                "image_space": {
                                                    "unit": "px",
                                                    "size": 8,
                                                    "sizes": []
                                                },
                                                "image_size": {
                                                    "unit": "%",
                                                    "size": 24,
                                                    "sizes": []
                                                },
                                                "text_align": "left",
                                                "content_vertical_alignment": "middle",
                                                "_padding": {
                                                    "unit": "px",
                                                    "top": "0",
                                                    "right": "0",
                                                    "bottom": "0",
                                                    "left": "0",
                                                    "isLinked": false
                                                },
                                                "_border_width": {
                                                    "unit": "px",
                                                    "top": "0",
                                                    "right": "0",
                                                    "bottom": "0",
                                                    "left": "0",
                                                    "isLinked": false
                                                },
                                                "__globals__": {
                                                    "_border_color": "globals\/colors?id=primary"
                                                },
                                                "text_align_mobile": "center",
                                                "title_bottom_space": {
                                                    "unit": "px",
                                                    "size": 8,
                                                    "sizes": []
                                                }
                                            },
                                            "elements": [],
                                            "isInner": false,
                                            "widgetType": "image-box",
                                            "elType": "widget"
                                        }
                                    ],
                                    "isInner": true,
                                    "elType": "column"
                                },
                                {
                                    "id": "4af17cd5",
                                    "settings": {
                                        "_column_size": 25,
                                        "_inline_size": null,
                                        "_inline_size_tablet": 50,
                                        "animation": "fadeInUp",
                                        "animation_delay": 600
                                    },
                                    "elements": [
                                        {
                                            "id": "389ac283",
                                            "settings": {
                                                "image": {
                                                    "url": "https:\/\/tpkit.colllabstudio.com\/urbanisty\/wp-content\/uploads\/sites\/13\/2021\/09\/customer-service.png",
                                                    "id": 61,
                                                    "alt": "",
                                                    "source": "library"
                                                },
                                                "title_text": "24\/7 Service",
                                                "description_text": "We are here to help",
                                                "position": "left",
                                                "title_size": "h5",
                                                "image_space": {
                                                    "unit": "px",
                                                    "size": 8,
                                                    "sizes": []
                                                },
                                                "image_size": {
                                                    "unit": "%",
                                                    "size": 24,
                                                    "sizes": []
                                                },
                                                "text_align": "left",
                                                "content_vertical_alignment": "middle",
                                                "_padding": {
                                                    "unit": "px",
                                                    "top": "0",
                                                    "right": "0",
                                                    "bottom": "0",
                                                    "left": "0",
                                                    "isLinked": false
                                                },
                                                "_border_width": {
                                                    "unit": "px",
                                                    "top": "0",
                                                    "right": "0",
                                                    "bottom": "0",
                                                    "left": "0",
                                                    "isLinked": false
                                                },
                                                "__globals__": {
                                                    "_border_color": "globals\/colors?id=primary"
                                                },
                                                "text_align_mobile": "center",
                                                "title_bottom_space": {
                                                    "unit": "px",
                                                    "size": 8,
                                                    "sizes": []
                                                },
                                                "_ob_imbox_overrides": "yes"
                                            },
                                            "elements": [],
                                            "isInner": false,
                                            "widgetType": "image-box",
                                            "elType": "widget"
                                        }
                                    ],
                                    "isInner": true,
                                    "elType": "column"
                                }
                            ],
                            "isInner": true,
                            "elType": "section"
                        }
                    ],
                    "isInner": false,
                    "elType": "column"
                }
            ],
            "isInner": false,
            "elType": "section"
        }
    ]
}