{
    "version": "0.4",
    "title": "Blog",
    "type": "page",
    "metadata": {
        "template_type": "single-page",
        "include_in_zip": "1",
        "elementor_pro_required": "1",
        "wp_page_template": "default"
    },
    "content": [
        {
            "id": "6c3544a",
            "settings": {
                "gap": "wider",
                "background_background": "classic",
                "padding": {
                    "unit": "px",
                    "top": "96",
                    "right": "0",
                    "bottom": "96",
                    "left": "0",
                    "isLinked": false
                },
                "__globals__": {
                    "background_color": "globals\/colors?id=d3ae19d",
                    "background_overlay_color": "globals\/colors?id=a047deb"
                },
                "background_image": {
                    "url": "http:\/\/kit.detheme.com\/rickandsons\/wp-content\/uploads\/sites\/45\/2020\/12\/hardware-store-assortment-angle-grinders-EYHBYPT.jpg",
                    "id": 649
                },
                "background_position": "center center",
                "background_size": "cover",
                "background_overlay_background": "classic",
                "background_overlay_opacity": {
                    "unit": "px",
                    "size": 0.37,
                    "sizes": []
                },
                "padding_mobile": {
                    "unit": "px",
                    "top": "64",
                    "right": "0",
                    "bottom": "64",
                    "left": "0",
                    "isLinked": false
                },
                "height": "min-height",
                "custom_height": {
                    "unit": "px",
                    "size": 300,
                    "sizes": []
                },
                "custom_height_tablet": {
                    "unit": "px",
                    "size": 100,
                    "sizes": []
                }
            },
            "elements": [
                {
                    "id": "4d028eb2",
                    "settings": {
                        "_column_size": 100,
                        "_inline_size": null
                    },
                    "elements": [
                        {
                            "id": "265e3040",
                            "settings": {
                                "title": "Latest news & article",
                                "header_size": "div",
                                "_margin": {
                                    "unit": "px",
                                    "top": "0",
                                    "right": "0",
                                    "bottom": "16",
                                    "left": "0",
                                    "isLinked": false
                                },
                                "__globals__": {
                                    "title_color": "globals\/colors?id=ec25634",
                                    "typography_typography": "globals\/typography?id=text"
                                },
                                "align_mobile": "center",
                                "align": "center",
                                "_animation": "fadeInDown"
                            },
                            "elements": [],
                            "isInner": false,
                            "widgetType": "heading",
                            "elType": "widget"
                        },
                        {
                            "id": "6dbc25a4",
                            "settings": {
                                "title": "From our blog",
                                "header_size": "h1",
                                "align_mobile": "center",
                                "__globals__": {
                                    "title_color": "globals\/colors?id=ec25634"
                                },
                                "_animation": "fadeInLeft",
                                "align": "center"
                            },
                            "elements": [],
                            "isInner": false,
                            "widgetType": "heading",
                            "elType": "widget"
                        }
                    ],
                    "isInner": false,
                    "elType": "column"
                }
            ],
            "isInner": false,
            "elType": "section"
        },
        {
            "id": "2fea0c50",
            "settings": {
                "padding": {
                    "unit": "px",
                    "top": "96",
                    "right": "0",
                    "bottom": "0",
                    "left": "0",
                    "isLinked": false
                }
            },
            "elements": [
                {
                    "id": "1e05dcad",
                    "settings": {
                        "_column_size": 100,
                        "_inline_size": null
                    },
                    "elements": [
                        {
                            "id": "523e46f8",
                            "settings": {
                                "gap": "wider",
                                "margin": {
                                    "unit": "px",
                                    "top": "0",
                                    "right": 0,
                                    "bottom": "24",
                                    "left": 0,
                                    "isLinked": false
                                }
                            },
                            "elements": [
                                {
                                    "id": "44dfe359",
                                    "settings": {
                                        "_column_size": 100,
                                        "_inline_size": null,
                                        "content_position": "bottom"
                                    },
                                    "elements": [
                                        {
                                            "id": "17f5d488",
                                            "settings": {
                                                "classic_thumbnail_size_size": "medium_large",
                                                "classic_item_ratio": {
                                                    "unit": "px",
                                                    "size": 0.7,
                                                    "sizes": []
                                                },
                                                "classic_excerpt_length": "11",
                                                "classic_meta_separator": "\u2022",
                                                "classic_read_more_text": "Read More",
                                                "cards_meta_separator": "\u2022",
                                                "cards_read_more_text": "Read More \u00bb",
                                                "full_content_meta_separator": "\/\/\/",
                                                "classic_image_spacing": {
                                                    "unit": "px",
                                                    "size": "32",
                                                    "sizes": []
                                                },
                                                "classic_title_color": "#333333",
                                                "classic_title_spacing": {
                                                    "unit": "px",
                                                    "size": "4",
                                                    "sizes": []
                                                },
                                                "classic_meta_color": "#999999",
                                                "classic_meta_spacing": {
                                                    "unit": "px",
                                                    "size": "16",
                                                    "sizes": []
                                                },
                                                "classic_excerpt_typography_typography": "custom",
                                                "classic_excerpt_typography_font_size": {
                                                    "unit": "px",
                                                    "size": "16",
                                                    "sizes": []
                                                },
                                                "classic_excerpt_spacing": {
                                                    "unit": "px",
                                                    "size": "24",
                                                    "sizes": []
                                                },
                                                "pagination_page_limit": "5",
                                                "pagination_prev_label": "&laquo; Previous",
                                                "pagination_next_label": "Next &raquo;",
                                                "__globals__": {
                                                    "classic_title_typography_typography": "globals\/typography?id=1ce1d7e",
                                                    "classic_meta_color": "globals\/colors?id=primary",
                                                    "classic_meta_typography_typography": "globals\/typography?id=5ec7628",
                                                    "classic_read_more_typography_typography": "globals\/typography?id=secondary",
                                                    "classic_read_more_color": "globals\/colors?id=b41e63e"
                                                },
                                                "classic_read_more_color": "#B68545",
                                                "classic_read_more_typography_typography": "custom",
                                                "classic_read_more_typography_font_family": "Cormorant Garamond",
                                                "classic_read_more_typography_font_size": {
                                                    "unit": "px",
                                                    "size": "18",
                                                    "sizes": []
                                                },
                                                "classic_read_more_typography_font_weight": "500",
                                                "classic_read_more_typography_font_style": "italic",
                                                "classic_read_more_typography_line_height": {
                                                    "unit": "em",
                                                    "size": "1.5",
                                                    "sizes": []
                                                },
                                                "classic_read_more_typography_letter_spacing": {
                                                    "unit": "px",
                                                    "size": "0",
                                                    "sizes": []
                                                },
                                                "classic_show_excerpt": "",
                                                "classic_show_read_more": "",
                                                "classic_column_gap": {
                                                    "unit": "px",
                                                    "size": "24",
                                                    "sizes": []
                                                },
                                                "classic_alignment": "left",
                                                "pagination_type": "numbers"
                                            },
                                            "elements": [],
                                            "isInner": false,
                                            "widgetType": "posts",
                                            "elType": "widget"
                                        }
                                    ],
                                    "isInner": true,
                                    "elType": "column"
                                }
                            ],
                            "isInner": true,
                            "elType": "section"
                        }
                    ],
                    "isInner": false,
                    "elType": "column"
                }
            ],
            "isInner": false,
            "elType": "section"
        },
        {
            "id": "2bb29ce0",
            "settings": {
                "gap": "wider",
                "overflow": "hidden",
                "padding": {
                    "unit": "px",
                    "top": "0",
                    "right": "0",
                    "bottom": "64",
                    "left": "0",
                    "isLinked": false
                }
            },
            "elements": [
                {
                    "id": "14950b19",
                    "settings": {
                        "_column_size": 100,
                        "_inline_size": null,
                        "padding_mobile": {
                            "unit": "px",
                            "top": "0",
                            "right": "0",
                            "bottom": "0",
                            "left": "0",
                            "isLinked": false
                        }
                    },
                    "elements": [
                        {
                            "id": "2096c3fe",
                            "settings": {
                                "height_inner": "min-height",
                                "custom_height_inner": {
                                    "unit": "px",
                                    "size": 500,
                                    "sizes": []
                                },
                                "structure": "20",
                                "background_background": "classic",
                                "background_position": "initial",
                                "background_xpos": {
                                    "unit": "%",
                                    "size": "100",
                                    "sizes": []
                                },
                                "background_ypos": {
                                    "unit": "%",
                                    "size": "94",
                                    "sizes": []
                                },
                                "background_size": "cover",
                                "background_motion_fx_motion_fx_scrolling": "yes",
                                "background_motion_fx_translateY_effect": "yes",
                                "background_motion_fx_translateY_speed": {
                                    "unit": "px",
                                    "size": "2",
                                    "sizes": []
                                },
                                "margin": {
                                    "unit": "px",
                                    "top": "0",
                                    "right": "0",
                                    "bottom": "0",
                                    "left": "0",
                                    "isLinked": ""
                                },
                                "__globals__": {
                                    "background_color": "globals\/colors?id=d3ae19d"
                                },
                                "custom_height_inner_tablet": {
                                    "unit": "px",
                                    "size": "0",
                                    "sizes": []
                                },
                                "padding_tablet": {
                                    "unit": "px",
                                    "top": "48",
                                    "right": "0",
                                    "bottom": "48",
                                    "left": "0",
                                    "isLinked": ""
                                },
                                "margin_tablet": {
                                    "unit": "px",
                                    "top": "0",
                                    "right": 0,
                                    "bottom": "0",
                                    "left": 0,
                                    "isLinked": false
                                }
                            },
                            "elements": [
                                {
                                    "id": "7153b1ae",
                                    "settings": {
                                        "_column_size": "50",
                                        "_inline_size": 57.246,
                                        "content_position": "center",
                                        "_inline_size_tablet": "50",
                                        "padding": {
                                            "unit": "px",
                                            "top": "0",
                                            "right": "30",
                                            "bottom": "0",
                                            "left": "60",
                                            "isLinked": ""
                                        },
                                        "margin_mobile": {
                                            "unit": "px",
                                            "top": "0",
                                            "right": "0",
                                            "bottom": "0",
                                            "left": "0",
                                            "isLinked": ""
                                        },
                                        "padding_mobile": {
                                            "unit": "px",
                                            "top": "30",
                                            "right": "30",
                                            "bottom": "30",
                                            "left": "30",
                                            "isLinked": "1"
                                        },
                                        "padding_tablet": {
                                            "unit": "px",
                                            "top": "30",
                                            "right": "30",
                                            "bottom": "30",
                                            "left": "30",
                                            "isLinked": true
                                        }
                                    },
                                    "elements": [
                                        {
                                            "id": "43358b4b",
                                            "settings": {
                                                "width": {
                                                    "unit": "px",
                                                    "size": 341,
                                                    "sizes": []
                                                },
                                                "look": "line_text",
                                                "text": "Subscribe our newsletter",
                                                "text_align": "left",
                                                "__globals__": {
                                                    "color": "globals\/colors?id=primary",
                                                    "text_color": "globals\/colors?id=primary",
                                                    "typography_typography": "globals\/typography?id=text"
                                                },
                                                "align_mobile": "center"
                                            },
                                            "elements": [],
                                            "isInner": false,
                                            "widgetType": "divider",
                                            "elType": "widget"
                                        },
                                        {
                                            "id": "5b3af56f",
                                            "settings": {
                                                "title": "Subscribe now and get 25% OFF of all our storewide products",
                                                "_margin": {
                                                    "unit": "px",
                                                    "top": "0",
                                                    "right": "0",
                                                    "bottom": "24",
                                                    "left": "0",
                                                    "isLinked": false
                                                },
                                                "header_size": "h3",
                                                "align_mobile": "center"
                                            },
                                            "elements": [],
                                            "isInner": false,
                                            "widgetType": "heading",
                                            "elType": "widget"
                                        },
                                        {
                                            "id": "2104907b",
                                            "settings": {
                                                "form_name": "Subscribe",
                                                "form_fields": [
                                                    {
                                                        "custom_id": "email",
                                                        "field_type": "email",
                                                        "required": "true",
                                                        "field_label": "Email",
                                                        "placeholder": "Email",
                                                        "width": "66",
                                                        "_id": "f1c624f",
                                                        "width_mobile": "50"
                                                    }
                                                ],
                                                "show_labels": "",
                                                "step_next_label": "Next",
                                                "step_previous_label": "Previous",
                                                "button_text": "Subscribe",
                                                "email_content": "[all-fields]",
                                                "email_content_2": "[all-fields]",
                                                "success_message": "The form was sent successfully.",
                                                "error_message": "An error occured.",
                                                "required_field_message": "This field is required.",
                                                "invalid_message": "There's something wrong. The form is invalid.",
                                                "button_width": "33",
                                                "column_gap": {
                                                    "unit": "px",
                                                    "size": 12,
                                                    "sizes": []
                                                },
                                                "field_border_width": {
                                                    "unit": "px",
                                                    "top": "0",
                                                    "right": "0",
                                                    "bottom": "0",
                                                    "left": "0",
                                                    "isLinked": "1"
                                                },
                                                "button_text_padding": {
                                                    "unit": "px",
                                                    "top": "16",
                                                    "right": "18",
                                                    "bottom": "16",
                                                    "left": "18",
                                                    "isLinked": ""
                                                },
                                                "submit_actions": [
                                                    "email",
                                                    "mailchimp"
                                                ],
                                                "_animation": "fadeInUp",
                                                "_animation_delay": "500",
                                                "input_size": "md",
                                                "_margin": {
                                                    "unit": "px",
                                                    "top": "0",
                                                    "right": "0",
                                                    "bottom": "16",
                                                    "left": "0",
                                                    "isLinked": ""
                                                },
                                                "__globals__": {
                                                    "button_background_color": "",
                                                    "button_text_color": ""
                                                },
                                                "button_width_mobile": "50",
                                                "button_text_color": ""
                                            },
                                            "elements": [],
                                            "isInner": false,
                                            "widgetType": "form",
                                            "elType": "widget"
                                        },
                                        {
                                            "id": "5d81dbf8",
                                            "settings": {
                                                "title": "Lorem ipsum dolor sit amet, consectetur adipiscing elit purus luctuc eget",
                                                "header_size": "div",
                                                "align": "left",
                                                "typography_typography": "custom",
                                                "typography_font_size": {
                                                    "unit": "px",
                                                    "size": "14",
                                                    "sizes": []
                                                },
                                                "__globals__": {
                                                    "title_color": "globals\/colors?id=8fa36e4"
                                                },
                                                "typography_line_height": {
                                                    "unit": "em",
                                                    "size": "1.5",
                                                    "sizes": []
                                                },
                                                "align_mobile": "center"
                                            },
                                            "elements": [],
                                            "isInner": false,
                                            "widgetType": "heading",
                                            "elType": "widget"
                                        }
                                    ],
                                    "isInner": true,
                                    "elType": "column"
                                },
                                {
                                    "id": "37c6badb",
                                    "settings": {
                                        "_column_size": "50",
                                        "_inline_size": 42.716,
                                        "content_position": "center",
                                        "align": "center",
                                        "_inline_size_tablet": "50"
                                    },
                                    "elements": [
                                        {
                                            "id": "635c6399",
                                            "settings": {
                                                "image": {
                                                    "url": "http:\/\/kit.detheme.com\/rickandsons\/wp-content\/uploads\/sites\/45\/2020\/12\/AE9U3Z-1.png",
                                                    "id": 565
                                                },
                                                "image_size": "1536x1536",
                                                "_margin": {
                                                    "unit": "px",
                                                    "top": "0",
                                                    "right": "-281",
                                                    "bottom": "-150",
                                                    "left": "-175",
                                                    "isLinked": ""
                                                },
                                                "motion_fx_motion_fx_scrolling": "yes",
                                                "motion_fx_translateY_effect": "yes",
                                                "motion_fx_translateY_direction": "negative",
                                                "motion_fx_translateY_speed": {
                                                    "unit": "px",
                                                    "size": "1.6",
                                                    "sizes": []
                                                },
                                                "_margin_tablet": {
                                                    "unit": "px",
                                                    "top": "0",
                                                    "right": "-70",
                                                    "bottom": "0",
                                                    "left": "0",
                                                    "isLinked": ""
                                                },
                                                "_margin_mobile": {
                                                    "unit": "px",
                                                    "top": "0",
                                                    "right": "0",
                                                    "bottom": "0",
                                                    "left": "0",
                                                    "isLinked": ""
                                                },
                                                "width": {
                                                    "unit": "px",
                                                    "size": 688,
                                                    "sizes": []
                                                }
                                            },
                                            "elements": [],
                                            "isInner": false,
                                            "widgetType": "image",
                                            "elType": "widget"
                                        }
                                    ],
                                    "isInner": "1",
                                    "elType": "column"
                                }
                            ],
                            "isInner": "1",
                            "elType": "section"
                        }
                    ],
                    "isInner": false,
                    "elType": "column"
                }
            ],
            "isInner": false,
            "elType": "section"
        }
    ]
}