{
    "version": "0.4",
    "title": "Blog Archive",
    "type": "archive",
    "metadata": {
        "template_type": "archive-blog",
        "include_in_zip": "1",
        "elementor_pro_required": "1",
        "elementor_library_type": "archive",
        "elementor_pro_conditions": [
            "include\/archive"
        ],
        "additional_template_information": [
            "This is a \"Archive\" template for Elementor Pro.",
            "This template will display on: All Archives."
        ],
        "wp_page_template": "default"
    },
    "content": [
        {
            "id": "756e4026",
            "settings": {
                "gap": "wider",
                "background_background": "classic",
                "padding": {
                    "unit": "px",
                    "top": "96",
                    "right": "0",
                    "bottom": "96",
                    "left": "0",
                    "isLinked": false
                },
                "__globals__": {
                    "background_color": "globals\/colors?id=d3ae19d",
                    "background_overlay_color": "globals\/colors?id=a047deb"
                },
                "background_image": {
                    "url": "http:\/\/kit.detheme.com\/rickandsons\/wp-content\/uploads\/sites\/45\/2020\/12\/Image-PJJNAQF.jpg",
                    "id": 1264
                },
                "background_position": "center center",
                "background_size": "cover",
                "background_overlay_background": "classic",
                "background_overlay_opacity": {
                    "unit": "px",
                    "size": 0.37,
                    "sizes": []
                },
                "padding_mobile": {
                    "unit": "px",
                    "top": "64",
                    "right": "0",
                    "bottom": "64",
                    "left": "0",
                    "isLinked": false
                },
                "height": "min-height",
                "custom_height": {
                    "unit": "px",
                    "size": 300,
                    "sizes": []
                },
                "custom_height_tablet": {
                    "unit": "px",
                    "size": 100,
                    "sizes": []
                }
            },
            "elements": [
                {
                    "id": "702f8f2",
                    "settings": {
                        "_column_size": 100,
                        "_inline_size": null
                    },
                    "elements": [
                        {
                            "id": "25d5ead1",
                            "settings": {
                                "title": "FROM OUR BLOG",
                                "header_size": "div",
                                "_margin": {
                                    "unit": "px",
                                    "top": "0",
                                    "right": "0",
                                    "bottom": "16",
                                    "left": "0",
                                    "isLinked": false
                                },
                                "__globals__": {
                                    "title_color": "globals\/colors?id=ec25634",
                                    "typography_typography": "globals\/typography?id=text"
                                },
                                "align_mobile": "center",
                                "align": "center"
                            },
                            "elements": [],
                            "isInner": false,
                            "widgetType": "heading",
                            "elType": "widget"
                        },
                        {
                            "id": "59a77b73",
                            "settings": {
                                "__dynamic__": {
                                    "title": "[elementor-tag id=\"\" name=\"archive-title\" settings=\"%7B%22include_context%22%3A%22yes%22%2C%22before%22%3A%22%22%2C%22after%22%3A%22%22%2C%22fallback%22%3A%22%22%7D\"]"
                                },
                                "title": "Add Your Heading Text Here",
                                "align": "center",
                                "__globals__": {
                                    "title_color": "globals\/colors?id=ec25634"
                                }
                            },
                            "elements": [],
                            "isInner": false,
                            "widgetType": "theme-archive-title",
                            "elType": "widget"
                        }
                    ],
                    "isInner": false,
                    "elType": "column"
                }
            ],
            "isInner": false,
            "elType": "section"
        },
        {
            "id": "652a4e15",
            "settings": {
                "gap": "wider",
                "padding": {
                    "unit": "px",
                    "top": "96",
                    "right": "0",
                    "bottom": "96",
                    "left": "0",
                    "isLinked": false
                },
                "padding_tablet": {
                    "unit": "px",
                    "top": "48",
                    "right": "0",
                    "bottom": "48",
                    "left": "0",
                    "isLinked": false
                }
            },
            "elements": [
                {
                    "id": "192cbd01",
                    "settings": {
                        "_column_size": 100,
                        "_inline_size": null
                    },
                    "elements": [
                        {
                            "id": "24d9ee4c",
                            "settings": {
                                "archive_classic_meta_separator": "\u2022",
                                "archive_classic_read_more_text": "Read More",
                                "archive_cards_meta_separator": "\u2022",
                                "archive_cards_read_more_text": "Read More \u00bb",
                                "archive_full_content_meta_separator": "\/\/\/",
                                "archive_classic_column_gap": {
                                    "unit": "px",
                                    "size": 48,
                                    "sizes": []
                                },
                                "archive_classic_row_gap": {
                                    "unit": "px",
                                    "size": 64,
                                    "sizes": []
                                },
                                "archive_classic_title_spacing": {
                                    "unit": "px",
                                    "size": 4,
                                    "sizes": []
                                },
                                "archive_classic_meta_spacing": {
                                    "unit": "px",
                                    "size": 24,
                                    "sizes": []
                                },
                                "archive_classic_excerpt_spacing": {
                                    "unit": "px",
                                    "size": 24,
                                    "sizes": []
                                },
                                "pagination_page_limit": "5",
                                "pagination_prev_label": "&laquo; Previous",
                                "pagination_next_label": "Next &raquo;",
                                "nothing_found_message": "It seems we can't find what you're looking for.",
                                "__globals__": {
                                    "archive_classic_title_typography_typography": "globals\/typography?id=1ce1d7e",
                                    "archive_classic_excerpt_typography_typography": "globals\/typography?id=primary",
                                    "archive_classic_read_more_color": "globals\/colors?id=primary",
                                    "archive_classic_read_more_typography_typography": "globals\/typography?id=secondary",
                                    "archive_classic_excerpt_color": "globals\/colors?id=text",
                                    "archive_classic_meta_color": "globals\/colors?id=8fa36e4",
                                    "archive_classic_meta_separator_color": "globals\/colors?id=primary",
                                    "archive_classic_meta_typography_typography": "globals\/typography?id=5ec7628",
                                    "archive_classic_title_color": "globals\/colors?id=secondary"
                                }
                            },
                            "elements": [],
                            "isInner": false,
                            "widgetType": "archive-posts",
                            "elType": "widget"
                        }
                    ],
                    "isInner": false,
                    "elType": "column"
                }
            ],
            "isInner": false,
            "elType": "section"
        },
        {
            "id": "28e83b63",
            "settings": {
                "gap": "wider",
                "overflow": "hidden",
                "padding": {
                    "unit": "px",
                    "top": "0",
                    "right": "0",
                    "bottom": "64",
                    "left": "0",
                    "isLinked": false
                }
            },
            "elements": [
                {
                    "id": "2cac825",
                    "settings": {
                        "_column_size": 100,
                        "_inline_size": null,
                        "padding_mobile": {
                            "unit": "px",
                            "top": "0",
                            "right": "0",
                            "bottom": "0",
                            "left": "0",
                            "isLinked": false
                        }
                    },
                    "elements": [
                        {
                            "id": "2ae51654",
                            "settings": {
                                "height_inner": "min-height",
                                "custom_height_inner": {
                                    "unit": "px",
                                    "size": 500,
                                    "sizes": []
                                },
                                "structure": "20",
                                "background_background": "classic",
                                "background_position": "initial",
                                "background_xpos": {
                                    "unit": "%",
                                    "size": "100",
                                    "sizes": []
                                },
                                "background_ypos": {
                                    "unit": "%",
                                    "size": "94",
                                    "sizes": []
                                },
                                "background_size": "cover",
                                "background_motion_fx_motion_fx_scrolling": "yes",
                                "background_motion_fx_translateY_effect": "yes",
                                "background_motion_fx_translateY_speed": {
                                    "unit": "px",
                                    "size": "2",
                                    "sizes": []
                                },
                                "margin": {
                                    "unit": "px",
                                    "top": "0",
                                    "right": "0",
                                    "bottom": "0",
                                    "left": "0",
                                    "isLinked": ""
                                },
                                "__globals__": {
                                    "background_color": "globals\/colors?id=d3ae19d"
                                },
                                "custom_height_inner_tablet": {
                                    "unit": "px",
                                    "size": "0",
                                    "sizes": []
                                },
                                "padding_tablet": {
                                    "unit": "px",
                                    "top": "48",
                                    "right": "0",
                                    "bottom": "48",
                                    "left": "0",
                                    "isLinked": ""
                                },
                                "margin_tablet": {
                                    "unit": "px",
                                    "top": "0",
                                    "right": 0,
                                    "bottom": "0",
                                    "left": 0,
                                    "isLinked": false
                                }
                            },
                            "elements": [
                                {
                                    "id": "23ad2691",
                                    "settings": {
                                        "_column_size": "50",
                                        "_inline_size": 57.246,
                                        "content_position": "center",
                                        "_inline_size_tablet": "50",
                                        "padding": {
                                            "unit": "px",
                                            "top": "0",
                                            "right": "30",
                                            "bottom": "0",
                                            "left": "60",
                                            "isLinked": ""
                                        },
                                        "margin_mobile": {
                                            "unit": "px",
                                            "top": "0",
                                            "right": "0",
                                            "bottom": "0",
                                            "left": "0",
                                            "isLinked": ""
                                        },
                                        "padding_mobile": {
                                            "unit": "px",
                                            "top": "30",
                                            "right": "30",
                                            "bottom": "30",
                                            "left": "30",
                                            "isLinked": "1"
                                        },
                                        "padding_tablet": {
                                            "unit": "px",
                                            "top": "30",
                                            "right": "30",
                                            "bottom": "30",
                                            "left": "30",
                                            "isLinked": true
                                        }
                                    },
                                    "elements": [
                                        {
                                            "id": "196b6dfe",
                                            "settings": {
                                                "width": {
                                                    "unit": "px",
                                                    "size": 341,
                                                    "sizes": []
                                                },
                                                "look": "line_text",
                                                "text": "Subscribe our newsletter",
                                                "text_align": "left",
                                                "__globals__": {
                                                    "color": "globals\/colors?id=primary",
                                                    "text_color": "globals\/colors?id=primary",
                                                    "typography_typography": "globals\/typography?id=text"
                                                },
                                                "align_mobile": "center"
                                            },
                                            "elements": [],
                                            "isInner": false,
                                            "widgetType": "divider",
                                            "elType": "widget"
                                        },
                                        {
                                            "id": "70e1a505",
                                            "settings": {
                                                "title": "Subscribe now and get 25% OFF of all our storewide products",
                                                "_margin": {
                                                    "unit": "px",
                                                    "top": "0",
                                                    "right": "0",
                                                    "bottom": "24",
                                                    "left": "0",
                                                    "isLinked": false
                                                },
                                                "header_size": "h3",
                                                "align_mobile": "center"
                                            },
                                            "elements": [],
                                            "isInner": false,
                                            "widgetType": "heading",
                                            "elType": "widget"
                                        },
                                        {
                                            "id": "4909f713",
                                            "settings": {
                                                "form_name": "Subscribe",
                                                "form_fields": [
                                                    {
                                                        "custom_id": "email",
                                                        "field_type": "email",
                                                        "required": "true",
                                                        "field_label": "Email",
                                                        "placeholder": "Email",
                                                        "width": "66",
                                                        "_id": "f1c624f",
                                                        "width_mobile": "50"
                                                    }
                                                ],
                                                "show_labels": "",
                                                "step_next_label": "Next",
                                                "step_previous_label": "Previous",
                                                "button_text": "Subscribe",
                                                "email_content": "[all-fields]",
                                                "email_content_2": "[all-fields]",
                                                "success_message": "The form was sent successfully.",
                                                "error_message": "An error occured.",
                                                "required_field_message": "This field is required.",
                                                "invalid_message": "There's something wrong. The form is invalid.",
                                                "button_width": "33",
                                                "column_gap": {
                                                    "unit": "px",
                                                    "size": 12,
                                                    "sizes": []
                                                },
                                                "field_border_width": {
                                                    "unit": "px",
                                                    "top": "0",
                                                    "right": "0",
                                                    "bottom": "0",
                                                    "left": "0",
                                                    "isLinked": "1"
                                                },
                                                "button_text_padding": {
                                                    "unit": "px",
                                                    "top": "16",
                                                    "right": "18",
                                                    "bottom": "16",
                                                    "left": "18",
                                                    "isLinked": ""
                                                },
                                                "submit_actions": [
                                                    "email",
                                                    "mailchimp"
                                                ],
                                                "_animation": "fadeInUp",
                                                "_animation_delay": "500",
                                                "input_size": "md",
                                                "_margin": {
                                                    "unit": "px",
                                                    "top": "0",
                                                    "right": "0",
                                                    "bottom": "16",
                                                    "left": "0",
                                                    "isLinked": ""
                                                },
                                                "__globals__": {
                                                    "button_background_color": "",
                                                    "button_text_color": ""
                                                },
                                                "button_width_mobile": "50",
                                                "button_text_color": ""
                                            },
                                            "elements": [],
                                            "isInner": false,
                                            "widgetType": "form",
                                            "elType": "widget"
                                        },
                                        {
                                            "id": "75ed59f2",
                                            "settings": {
                                                "title": "Lorem ipsum dolor sit amet, consectetur adipiscing elit purus luctuc eget",
                                                "header_size": "div",
                                                "align": "left",
                                                "typography_typography": "custom",
                                                "typography_font_size": {
                                                    "unit": "px",
                                                    "size": "14",
                                                    "sizes": []
                                                },
                                                "__globals__": {
                                                    "title_color": "globals\/colors?id=8fa36e4"
                                                },
                                                "typography_line_height": {
                                                    "unit": "em",
                                                    "size": "1.5",
                                                    "sizes": []
                                                },
                                                "align_mobile": "center"
                                            },
                                            "elements": [],
                                            "isInner": false,
                                            "widgetType": "heading",
                                            "elType": "widget"
                                        }
                                    ],
                                    "isInner": true,
                                    "elType": "column"
                                },
                                {
                                    "id": "12d282c9",
                                    "settings": {
                                        "_column_size": "50",
                                        "_inline_size": 42.716,
                                        "content_position": "center",
                                        "align": "center",
                                        "_inline_size_tablet": "50"
                                    },
                                    "elements": [
                                        {
                                            "id": "4b6c4eb6",
                                            "settings": {
                                                "image": {
                                                    "url": "http:\/\/kit.detheme.com\/rickandsons\/wp-content\/uploads\/sites\/45\/2020\/12\/AE9U3Z-1.png",
                                                    "id": 565
                                                },
                                                "image_size": "1536x1536",
                                                "_margin": {
                                                    "unit": "px",
                                                    "top": "0",
                                                    "right": "-281",
                                                    "bottom": "-150",
                                                    "left": "-175",
                                                    "isLinked": ""
                                                },
                                                "motion_fx_motion_fx_scrolling": "yes",
                                                "motion_fx_translateY_effect": "yes",
                                                "motion_fx_translateY_direction": "negative",
                                                "motion_fx_translateY_speed": {
                                                    "unit": "px",
                                                    "size": "1.6",
                                                    "sizes": []
                                                },
                                                "_margin_tablet": {
                                                    "unit": "px",
                                                    "top": "0",
                                                    "right": "-70",
                                                    "bottom": "0",
                                                    "left": "0",
                                                    "isLinked": ""
                                                },
                                                "_margin_mobile": {
                                                    "unit": "px",
                                                    "top": "0",
                                                    "right": "0",
                                                    "bottom": "0",
                                                    "left": "0",
                                                    "isLinked": ""
                                                },
                                                "width": {
                                                    "unit": "px",
                                                    "size": 688,
                                                    "sizes": []
                                                }
                                            },
                                            "elements": [],
                                            "isInner": false,
                                            "widgetType": "image",
                                            "elType": "widget"
                                        }
                                    ],
                                    "isInner": "1",
                                    "elType": "column"
                                }
                            ],
                            "isInner": "1",
                            "elType": "section"
                        }
                    ],
                    "isInner": false,
                    "elType": "column"
                }
            ],
            "isInner": false,
            "elType": "section"
        }
    ]
}