{
    "version": "0.4",
    "title": "Coming soon",
    "type": "section",
    "metadata": {
        "template_type": "section-other",
        "include_in_zip": "1",
        "elementor_pro_required": "1",
        "wp_page_template": "elementor_canvas"
    },
    "content": [
        {
            "id": "32dc8bdc",
            "settings": {
                "gap": "wider",
                "height": "min-height",
                "custom_height": {
                    "unit": "vh",
                    "size": 100,
                    "sizes": []
                },
                "structure": "30",
                "background_background": "classic",
                "background_image": {
                    "url": "http:\/\/kit.detheme.com\/rickandsons\/wp-content\/uploads\/sites\/45\/2020\/12\/male-worker-holds-pneumatic-nailer-in-tool-store-TLAMDQN.jpg",
                    "id": 107
                },
                "background_position": "center center",
                "background_size": "cover",
                "background_bg_width": {
                    "unit": "px",
                    "size": 400,
                    "sizes": []
                },
                "background_overlay_background": "classic",
                "background_overlay_color": "#000000",
                "background_overlay_opacity": {
                    "unit": "px",
                    "size": 0.63,
                    "sizes": []
                },
                "overlay_blend_mode": "multiply"
            },
            "elements": [
                {
                    "id": "6b021dd9",
                    "settings": {
                        "_column_size": 33,
                        "_inline_size": 18
                    },
                    "elements": [],
                    "isInner": false,
                    "elType": "column"
                },
                {
                    "id": "15be8036",
                    "settings": {
                        "_column_size": 33,
                        "_inline_size": 63.332,
                        "_inline_size_tablet": 100
                    },
                    "elements": [
                        {
                            "id": "17b46606",
                            "settings": {
                                "title": "Coming Soon",
                                "header_size": "h1",
                                "align": "center",
                                "title_color": "#FFFFFF",
                                "_margin": {
                                    "unit": "px",
                                    "top": "0",
                                    "right": "0",
                                    "bottom": "24",
                                    "left": "0",
                                    "isLinked": false
                                },
                                "_animation": "fadeInDown"
                            },
                            "elements": [],
                            "isInner": false,
                            "widgetType": "heading",
                            "elType": "widget"
                        },
                        {
                            "id": "edf4dc7",
                            "settings": {
                                "title": "Our Website Is Under Construction And Will Be Live Very Soon. Please Stay Tuned And Inspired.",
                                "header_size": "div",
                                "_margin": {
                                    "unit": "px",
                                    "top": "0",
                                    "right": "0",
                                    "bottom": "24",
                                    "left": "0",
                                    "isLinked": false
                                },
                                "ekit_we_effect_on": "none",
                                "ekit_we_css_animation_fx": "",
                                "ekit_we_css_animation": "ekit-fade",
                                "ekit_we_css_animation_tablet": "",
                                "ekit_we_css_animation_mobile": "",
                                "ekit_we_css_animation_speed": "5",
                                "ekit_we_css_animation_iteration_count": "infinite",
                                "ekit_we_css_animation_direction": "normal",
                                "ekit_we_css_transform_fx": "",
                                "ekit_we_css_transform_fx_translate_toggle": "",
                                "ekit_we_css_transform_fx_translate_x": {
                                    "unit": "px",
                                    "size": "",
                                    "sizes": []
                                },
                                "ekit_we_css_transform_fx_translate_x_tablet": {
                                    "unit": "px",
                                    "size": "",
                                    "sizes": []
                                },
                                "ekit_we_css_transform_fx_translate_x_mobile": {
                                    "unit": "px",
                                    "size": "",
                                    "sizes": []
                                },
                                "ekit_we_css_transform_fx_translate_y": {
                                    "unit": "px",
                                    "size": "",
                                    "sizes": []
                                },
                                "ekit_we_css_transform_fx_translate_y_tablet": {
                                    "unit": "px",
                                    "size": "",
                                    "sizes": []
                                },
                                "ekit_we_css_transform_fx_translate_y_mobile": {
                                    "unit": "px",
                                    "size": "",
                                    "sizes": []
                                },
                                "ekit_we_css_transform_fx_rotate_toggle": "",
                                "ekit_we_css_transform_fx_rotate_z": {
                                    "unit": "px",
                                    "size": "",
                                    "sizes": []
                                },
                                "ekit_we_css_transform_fx_rotate_z_tablet": {
                                    "unit": "px",
                                    "size": "",
                                    "sizes": []
                                },
                                "ekit_we_css_transform_fx_rotate_z_mobile": {
                                    "unit": "px",
                                    "size": "",
                                    "sizes": []
                                },
                                "ekit_we_css_transform_fx_rotate_x": {
                                    "unit": "px",
                                    "size": "",
                                    "sizes": []
                                },
                                "ekit_we_css_transform_fx_rotate_x_tablet": {
                                    "unit": "px",
                                    "size": "",
                                    "sizes": []
                                },
                                "ekit_we_css_transform_fx_rotate_x_mobile": {
                                    "unit": "px",
                                    "size": "",
                                    "sizes": []
                                },
                                "ekit_we_css_transform_fx_rotate_y": {
                                    "unit": "px",
                                    "size": "",
                                    "sizes": []
                                },
                                "ekit_we_css_transform_fx_rotate_y_tablet": {
                                    "unit": "px",
                                    "size": "",
                                    "sizes": []
                                },
                                "ekit_we_css_transform_fx_rotate_y_mobile": {
                                    "unit": "px",
                                    "size": "",
                                    "sizes": []
                                },
                                "ekit_we_css_transform_fx_scale_toggle": "",
                                "ekit_we_css_transform_fx_scale_x": {
                                    "unit": "px",
                                    "size": 1,
                                    "sizes": []
                                },
                                "ekit_we_css_transform_fx_scale_x_tablet": {
                                    "unit": "px",
                                    "size": "",
                                    "sizes": []
                                },
                                "ekit_we_css_transform_fx_scale_x_mobile": {
                                    "unit": "px",
                                    "size": "",
                                    "sizes": []
                                },
                                "ekit_we_css_transform_fx_scale_y": {
                                    "unit": "px",
                                    "size": 1,
                                    "sizes": []
                                },
                                "ekit_we_css_transform_fx_scale_y_tablet": {
                                    "unit": "px",
                                    "size": "",
                                    "sizes": []
                                },
                                "ekit_we_css_transform_fx_scale_y_mobile": {
                                    "unit": "px",
                                    "size": "",
                                    "sizes": []
                                },
                                "ekit_we_css_transform_fx_skew_toggle": "",
                                "ekit_we_css_transform_fx_skew_x": {
                                    "unit": "px",
                                    "size": "",
                                    "sizes": []
                                },
                                "ekit_we_css_transform_fx_skew_x_tablet": {
                                    "unit": "px",
                                    "size": "",
                                    "sizes": []
                                },
                                "ekit_we_css_transform_fx_skew_x_mobile": {
                                    "unit": "px",
                                    "size": "",
                                    "sizes": []
                                },
                                "ekit_we_css_transform_fx_skew_y": {
                                    "unit": "px",
                                    "size": "",
                                    "sizes": []
                                },
                                "ekit_we_css_transform_fx_skew_y_tablet": {
                                    "unit": "px",
                                    "size": "",
                                    "sizes": []
                                },
                                "ekit_we_css_transform_fx_skew_y_mobile": {
                                    "unit": "px",
                                    "size": "",
                                    "sizes": []
                                },
                                "ekit_we_on_test_mode": "on",
                                "ekit_we_tilt_maxtilt": 20,
                                "ekit_we_tilt_scale": 1,
                                "ekit_we_tilt_disableaxis": "",
                                "ekit_we_mousemove_parallax_speed": 40,
                                "ekit_we_scroll_animation": "translateY",
                                "ekit_we_scroll_animation_value": 250,
                                "ekit_we_scroll_smoothness": 700,
                                "ekit_we_scroll_offsettop": 0,
                                "ekit_we_scroll_offsetbottom": 0,
                                "ekit_sticky": "",
                                "ekit_sticky_on": [
                                    "desktop",
                                    "tablet",
                                    "mobile"
                                ],
                                "ekit_sticky_offset": {
                                    "unit": "px",
                                    "size": 0,
                                    "sizes": []
                                },
                                "ekit_sticky_effect_offset": {
                                    "unit": "px",
                                    "size": 0,
                                    "sizes": []
                                },
                                "align": "center",
                                "__globals__": {
                                    "title_color": "globals\/colors?id=d3ae19d",
                                    "typography_typography": "globals\/typography?id=text"
                                },
                                "_animation": "fadeInDown"
                            },
                            "elements": [],
                            "isInner": false,
                            "widgetType": "heading",
                            "elType": "widget"
                        },
                        {
                            "id": "23046dd3",
                            "settings": {
                                "countdown_type": "evergreen",
                                "due_date": "2023-01-14 06:35",
                                "evergreen_counter_hours": 280,
                                "label_days": "Days",
                                "label_hours": "Hours",
                                "label_minutes": "Minutes",
                                "label_seconds": "Seconds",
                                "container_width": {
                                    "unit": "%",
                                    "size": 81,
                                    "sizes": []
                                },
                                "box_background_color": "rgba(2, 1, 1, 0)",
                                "box_spacing": {
                                    "unit": "px",
                                    "size": 0,
                                    "sizes": []
                                },
                                "box_padding": {
                                    "unit": "px",
                                    "top": "0",
                                    "right": "0",
                                    "bottom": "0",
                                    "left": "0",
                                    "isLinked": false
                                },
                                "box_padding_mobile": {
                                    "unit": "px",
                                    "top": "10",
                                    "right": "10",
                                    "bottom": "10",
                                    "left": "10",
                                    "isLinked": true
                                },
                                "digits_typography_typography": "custom",
                                "digits_typography_font_size_mobile": {
                                    "unit": "px",
                                    "size": 43,
                                    "sizes": []
                                },
                                "digits_typography_font_weight": "600",
                                "_margin": {
                                    "unit": "px",
                                    "top": "0",
                                    "right": "0",
                                    "bottom": "48",
                                    "left": "0",
                                    "isLinked": false
                                },
                                "__globals__": {
                                    "label_color": "globals\/colors?id=d3ae19d"
                                },
                                "_animation": "fadeInDown"
                            },
                            "elements": [],
                            "isInner": false,
                            "widgetType": "countdown",
                            "elType": "widget"
                        },
                        {
                            "id": "4d6ebb9d",
                            "settings": {
                                "title": "Questions and inquiries?",
                                "header_size": "span",
                                "align": "center",
                                "title_color": "#FFFFFF",
                                "_margin": {
                                    "unit": "px",
                                    "top": "0",
                                    "right": "0",
                                    "bottom": "24",
                                    "left": "0",
                                    "isLinked": false
                                },
                                "_animation": "fadeInDown"
                            },
                            "elements": [],
                            "isInner": false,
                            "widgetType": "heading",
                            "elType": "widget"
                        },
                        {
                            "id": "3e520fdb",
                            "settings": {
                                "text": "Contact Us",
                                "align": "center",
                                "size": "md",
                                "border_width": {
                                    "unit": "px",
                                    "top": "2",
                                    "right": "2",
                                    "bottom": "2",
                                    "left": "2",
                                    "isLinked": true
                                },
                                "border_color": "#333333",
                                "_animation": "fadeInDown"
                            },
                            "elements": [],
                            "isInner": false,
                            "widgetType": "button",
                            "elType": "widget"
                        }
                    ],
                    "isInner": false,
                    "elType": "column"
                },
                {
                    "id": "ff7b4ee",
                    "settings": {
                        "_column_size": 33,
                        "_inline_size": 18
                    },
                    "elements": [],
                    "isInner": false,
                    "elType": "column"
                }
            ],
            "isInner": false,
            "elType": "section"
        }
    ]
}