{
    "version": "0.4",
    "title": "FAQ",
    "type": "section",
    "metadata": {
        "template_type": "section-faq",
        "include_in_zip": "1",
        "elementor_pro_required": "1",
        "wp_page_template": "default"
    },
    "content": [
        {
            "id": "47a989b",
            "settings": {
                "gap": "wider",
                "background_background": "classic",
                "padding": {
                    "unit": "px",
                    "top": "96",
                    "right": "0",
                    "bottom": "96",
                    "left": "0",
                    "isLinked": false
                },
                "__globals__": {
                    "background_color": "globals\/colors?id=d3ae19d",
                    "background_overlay_color": "globals\/colors?id=a047deb"
                },
                "background_image": {
                    "url": "http:\/\/kit.detheme.com\/rickandsons\/wp-content\/uploads\/sites\/45\/2020\/12\/Image-Q2GTT3N.jpg",
                    "id": 1272
                },
                "background_position": "center center",
                "background_size": "cover",
                "background_overlay_background": "classic",
                "background_overlay_opacity": {
                    "unit": "px",
                    "size": 0.37,
                    "sizes": []
                },
                "padding_mobile": {
                    "unit": "px",
                    "top": "64",
                    "right": "0",
                    "bottom": "64",
                    "left": "0",
                    "isLinked": false
                },
                "height": "min-height",
                "custom_height": {
                    "unit": "px",
                    "size": 300,
                    "sizes": []
                },
                "custom_height_tablet": {
                    "unit": "px",
                    "size": 100,
                    "sizes": []
                }
            },
            "elements": [
                {
                    "id": "3ac87f55",
                    "settings": {
                        "_column_size": 100,
                        "_inline_size": null
                    },
                    "elements": [
                        {
                            "id": "43f4f344",
                            "settings": {
                                "title": "Get Answers",
                                "header_size": "div",
                                "_margin": {
                                    "unit": "px",
                                    "top": "0",
                                    "right": "0",
                                    "bottom": "16",
                                    "left": "0",
                                    "isLinked": false
                                },
                                "__globals__": {
                                    "title_color": "globals\/colors?id=ec25634",
                                    "typography_typography": "globals\/typography?id=text"
                                },
                                "align_mobile": "center",
                                "align": "center",
                                "_animation": "fadeInDown"
                            },
                            "elements": [],
                            "isInner": false,
                            "widgetType": "heading",
                            "elType": "widget"
                        },
                        {
                            "id": "14978ee9",
                            "settings": {
                                "title": "FAQ",
                                "header_size": "h1",
                                "align_mobile": "center",
                                "__globals__": {
                                    "title_color": "globals\/colors?id=ec25634"
                                },
                                "_animation": "fadeInLeft",
                                "align": "center"
                            },
                            "elements": [],
                            "isInner": false,
                            "widgetType": "heading",
                            "elType": "widget"
                        }
                    ],
                    "isInner": false,
                    "elType": "column"
                }
            ],
            "isInner": false,
            "elType": "section"
        },
        {
            "id": "535929c4",
            "settings": {
                "gap": "no",
                "padding": {
                    "unit": "px",
                    "top": "96",
                    "right": "0",
                    "bottom": "0",
                    "left": "0",
                    "isLinked": ""
                },
                "padding_tablet": {
                    "unit": "px",
                    "top": "48",
                    "right": "0",
                    "bottom": "48",
                    "left": "0",
                    "isLinked": ""
                },
                "background_background": "classic",
                "__globals__": {
                    "background_color": ""
                },
                "background_color": "#FFFFFF"
            },
            "elements": [
                {
                    "id": "5e9e694",
                    "settings": {
                        "_column_size": "100"
                    },
                    "elements": [
                        {
                            "id": "66eb0823",
                            "settings": {
                                "gap": "wider",
                                "margin": {
                                    "unit": "px",
                                    "top": "0",
                                    "right": 0,
                                    "bottom": "0",
                                    "left": 0,
                                    "isLinked": true
                                },
                                "padding": {
                                    "unit": "px",
                                    "top": "0",
                                    "right": "0",
                                    "bottom": "0",
                                    "left": "0",
                                    "isLinked": false
                                }
                            },
                            "elements": [
                                {
                                    "id": "2f39311c",
                                    "settings": {
                                        "_column_size": "100",
                                        "align": "center",
                                        "align_mobile": "center"
                                    },
                                    "elements": [
                                        {
                                            "id": "72a1e948",
                                            "settings": {
                                                "title": "Have a question?",
                                                "header_size": "div",
                                                "_margin": {
                                                    "unit": "px",
                                                    "top": "0",
                                                    "right": "0",
                                                    "bottom": "24",
                                                    "left": "0",
                                                    "isLinked": ""
                                                },
                                                "ekit_we_effect_on": "none",
                                                "ekit_we_css_animation_fx": "",
                                                "ekit_we_css_animation": "ekit-fade",
                                                "ekit_we_css_animation_tablet": "",
                                                "ekit_we_css_animation_mobile": "",
                                                "ekit_we_css_animation_speed": "5",
                                                "ekit_we_css_animation_iteration_count": "infinite",
                                                "ekit_we_css_animation_direction": "normal",
                                                "ekit_we_css_transform_fx": "",
                                                "ekit_we_css_transform_fx_translate_toggle": "",
                                                "ekit_we_css_transform_fx_translate_x": {
                                                    "unit": "px",
                                                    "size": "",
                                                    "sizes": []
                                                },
                                                "ekit_we_css_transform_fx_translate_x_tablet": {
                                                    "unit": "px",
                                                    "size": "",
                                                    "sizes": []
                                                },
                                                "ekit_we_css_transform_fx_translate_x_mobile": {
                                                    "unit": "px",
                                                    "size": "",
                                                    "sizes": []
                                                },
                                                "ekit_we_css_transform_fx_translate_y": {
                                                    "unit": "px",
                                                    "size": "",
                                                    "sizes": []
                                                },
                                                "ekit_we_css_transform_fx_translate_y_tablet": {
                                                    "unit": "px",
                                                    "size": "",
                                                    "sizes": []
                                                },
                                                "ekit_we_css_transform_fx_translate_y_mobile": {
                                                    "unit": "px",
                                                    "size": "",
                                                    "sizes": []
                                                },
                                                "ekit_we_css_transform_fx_rotate_toggle": "",
                                                "ekit_we_css_transform_fx_rotate_z": {
                                                    "unit": "px",
                                                    "size": "",
                                                    "sizes": []
                                                },
                                                "ekit_we_css_transform_fx_rotate_z_tablet": {
                                                    "unit": "px",
                                                    "size": "",
                                                    "sizes": []
                                                },
                                                "ekit_we_css_transform_fx_rotate_z_mobile": {
                                                    "unit": "px",
                                                    "size": "",
                                                    "sizes": []
                                                },
                                                "ekit_we_css_transform_fx_rotate_x": {
                                                    "unit": "px",
                                                    "size": "",
                                                    "sizes": []
                                                },
                                                "ekit_we_css_transform_fx_rotate_x_tablet": {
                                                    "unit": "px",
                                                    "size": "",
                                                    "sizes": []
                                                },
                                                "ekit_we_css_transform_fx_rotate_x_mobile": {
                                                    "unit": "px",
                                                    "size": "",
                                                    "sizes": []
                                                },
                                                "ekit_we_css_transform_fx_rotate_y": {
                                                    "unit": "px",
                                                    "size": "",
                                                    "sizes": []
                                                },
                                                "ekit_we_css_transform_fx_rotate_y_tablet": {
                                                    "unit": "px",
                                                    "size": "",
                                                    "sizes": []
                                                },
                                                "ekit_we_css_transform_fx_rotate_y_mobile": {
                                                    "unit": "px",
                                                    "size": "",
                                                    "sizes": []
                                                },
                                                "ekit_we_css_transform_fx_scale_toggle": "",
                                                "ekit_we_css_transform_fx_scale_x": {
                                                    "unit": "px",
                                                    "size": "1",
                                                    "sizes": []
                                                },
                                                "ekit_we_css_transform_fx_scale_x_tablet": {
                                                    "unit": "px",
                                                    "size": "",
                                                    "sizes": []
                                                },
                                                "ekit_we_css_transform_fx_scale_x_mobile": {
                                                    "unit": "px",
                                                    "size": "",
                                                    "sizes": []
                                                },
                                                "ekit_we_css_transform_fx_scale_y": {
                                                    "unit": "px",
                                                    "size": "1",
                                                    "sizes": []
                                                },
                                                "ekit_we_css_transform_fx_scale_y_tablet": {
                                                    "unit": "px",
                                                    "size": "",
                                                    "sizes": []
                                                },
                                                "ekit_we_css_transform_fx_scale_y_mobile": {
                                                    "unit": "px",
                                                    "size": "",
                                                    "sizes": []
                                                },
                                                "ekit_we_css_transform_fx_skew_toggle": "",
                                                "ekit_we_css_transform_fx_skew_x": {
                                                    "unit": "px",
                                                    "size": "",
                                                    "sizes": []
                                                },
                                                "ekit_we_css_transform_fx_skew_x_tablet": {
                                                    "unit": "px",
                                                    "size": "",
                                                    "sizes": []
                                                },
                                                "ekit_we_css_transform_fx_skew_x_mobile": {
                                                    "unit": "px",
                                                    "size": "",
                                                    "sizes": []
                                                },
                                                "ekit_we_css_transform_fx_skew_y": {
                                                    "unit": "px",
                                                    "size": "",
                                                    "sizes": []
                                                },
                                                "ekit_we_css_transform_fx_skew_y_tablet": {
                                                    "unit": "px",
                                                    "size": "",
                                                    "sizes": []
                                                },
                                                "ekit_we_css_transform_fx_skew_y_mobile": {
                                                    "unit": "px",
                                                    "size": "",
                                                    "sizes": []
                                                },
                                                "ekit_we_on_test_mode": "on",
                                                "ekit_we_tilt_maxtilt": "20",
                                                "ekit_we_tilt_scale": "1",
                                                "ekit_we_tilt_disableaxis": "",
                                                "ekit_we_mousemove_parallax_speed": "40",
                                                "ekit_we_scroll_animation": "translateY",
                                                "ekit_we_scroll_animation_value": "250",
                                                "ekit_we_scroll_smoothness": "700",
                                                "ekit_we_scroll_offsettop": "0",
                                                "ekit_we_scroll_offsetbottom": "0",
                                                "ekit_sticky": "",
                                                "ekit_sticky_on": [
                                                    "desktop",
                                                    "tablet",
                                                    "mobile"
                                                ],
                                                "ekit_sticky_offset": {
                                                    "unit": "px",
                                                    "size": "0",
                                                    "sizes": []
                                                },
                                                "ekit_sticky_effect_offset": {
                                                    "unit": "px",
                                                    "size": "0",
                                                    "sizes": []
                                                },
                                                "_element_width": "auto",
                                                "_animation": "fadeInDown",
                                                "_animation_delay": "300",
                                                "__globals__": {
                                                    "title_color": "globals\/colors?id=primary",
                                                    "typography_typography": "globals\/typography?id=text"
                                                }
                                            },
                                            "elements": [],
                                            "isInner": false,
                                            "widgetType": "heading",
                                            "elType": "widget"
                                        },
                                        {
                                            "id": "6382cedc",
                                            "settings": {
                                                "title": "Frequently Asked Question",
                                                "_margin": {
                                                    "unit": "px",
                                                    "top": "0",
                                                    "right": "0",
                                                    "bottom": "8",
                                                    "left": "0",
                                                    "isLinked": ""
                                                },
                                                "align": "center",
                                                "align_mobile": "center",
                                                "_animation": "fadeInUp",
                                                "_animation_delay": "500"
                                            },
                                            "elements": [],
                                            "isInner": false,
                                            "widgetType": "heading",
                                            "elType": "widget"
                                        }
                                    ],
                                    "isInner": "1",
                                    "elType": "column"
                                }
                            ],
                            "isInner": "1",
                            "elType": "section"
                        },
                        {
                            "id": "25249d8c",
                            "settings": {
                                "gap": "wider",
                                "structure": "30",
                                "margin": {
                                    "unit": "px",
                                    "top": "0",
                                    "right": "0",
                                    "bottom": "0",
                                    "left": "0",
                                    "isLinked": ""
                                }
                            },
                            "elements": [
                                {
                                    "id": "506b8c65",
                                    "settings": {
                                        "_column_size": "33",
                                        "padding_mobile": {
                                            "unit": "px",
                                            "top": "0",
                                            "right": "30",
                                            "bottom": "30",
                                            "left": "30",
                                            "isLinked": ""
                                        }
                                    },
                                    "elements": [
                                        {
                                            "id": "29ae060f",
                                            "settings": {
                                                "tabs": [
                                                    {
                                                        "tab_title": "What is the status of my order?",
                                                        "tab_content": "<p>Lorem ipsum dolor sit amet, consectetur adipiscing elit. Ut elit tellus, luctus nec ullamcorper mattis, pulvinar dapibus leo.<\/p>",
                                                        "_id": "3a6db3d"
                                                    },
                                                    {
                                                        "tab_title": "When will my order ship?",
                                                        "tab_content": "<p>Lorem ipsum dolor sit amet, consectetur adipiscing elit. Ut elit tellus, luctus nec ullamcorper mattis, pulvinar dapibus leo.<\/p>",
                                                        "_id": "c707619"
                                                    },
                                                    {
                                                        "tab_title": "Where can I find gift certificates?",
                                                        "tab_content": "Lorem ipsum dolor sit amet, consectetur adipiscing elit. Ut elit tellus, luctus nec ullamcorper mattis, pulvinar dapibus leo.",
                                                        "_id": "6eb0916"
                                                    }
                                                ],
                                                "selected_icon": {
                                                    "value": "icon dticon-add-outline",
                                                    "library": "dticon"
                                                },
                                                "selected_active_icon": {
                                                    "value": "icon dticon-remove-outline",
                                                    "library": "dticon"
                                                },
                                                "title_typography_font_family": "Inter",
                                                "title_typography_font_size": {
                                                    "unit": "px",
                                                    "size": "12",
                                                    "sizes": []
                                                },
                                                "title_typography_font_weight": "600",
                                                "title_padding": {
                                                    "unit": "px",
                                                    "top": "24",
                                                    "right": "0",
                                                    "bottom": "24",
                                                    "left": "0",
                                                    "isLinked": ""
                                                },
                                                "icon_align": "right",
                                                "content_padding": {
                                                    "unit": "px",
                                                    "top": "0",
                                                    "right": "0",
                                                    "bottom": "16",
                                                    "left": "0",
                                                    "isLinked": ""
                                                },
                                                "border_color": "#DEDEDE",
                                                "title_color": "#333333",
                                                "title_typography_text_transform": "uppercase",
                                                "title_typography_line_height": {
                                                    "unit": "em",
                                                    "size": "2",
                                                    "sizes": []
                                                },
                                                "title_typography_letter_spacing": {
                                                    "unit": "px",
                                                    "size": "3",
                                                    "sizes": []
                                                },
                                                "__globals__": {
                                                    "title_typography_typography": "",
                                                    "title_color": "globals\/colors?id=secondary",
                                                    "icon_color": "globals\/colors?id=primary",
                                                    "icon_active_color": "globals\/colors?id=secondary"
                                                },
                                                "_animation": "fadeInDown"
                                            },
                                            "elements": [],
                                            "isInner": false,
                                            "widgetType": "toggle",
                                            "elType": "widget"
                                        }
                                    ],
                                    "isInner": "1",
                                    "elType": "column"
                                },
                                {
                                    "id": "c458e61",
                                    "settings": {
                                        "_column_size": "33"
                                    },
                                    "elements": [
                                        {
                                            "id": "28069521",
                                            "settings": {
                                                "tabs": [
                                                    {
                                                        "tab_title": "How do I find out my shipping cost? ",
                                                        "tab_content": "<p>Lorem ipsum dolor sit amet, consectetur adipiscing elit. Ut elit tellus, luctus nec ullamcorper mattis, pulvinar dapibus leo.<\/p>",
                                                        "_id": "6eb0916"
                                                    },
                                                    {
                                                        "tab_title": "What shipping options are available?",
                                                        "tab_content": "<p>Lorem ipsum dolor sit amet, consectetur adipiscing elit. Ut elit tellus, luctus nec ullamcorper mattis, pulvinar dapibus leo.<\/p>",
                                                        "_id": "3a6db3d"
                                                    },
                                                    {
                                                        "tab_title": "How do I change my order?",
                                                        "tab_content": "Lorem ipsum dolor sit amet, consectetur adipiscing elit. Ut elit tellus, luctus nec ullamcorper mattis, pulvinar dapibus leo.",
                                                        "_id": "c707619"
                                                    }
                                                ],
                                                "selected_icon": {
                                                    "value": "icon dticon-add-outline",
                                                    "library": "dticon"
                                                },
                                                "selected_active_icon": {
                                                    "value": "icon dticon-remove-outline",
                                                    "library": "dticon"
                                                },
                                                "title_typography_font_family": "Inter",
                                                "title_typography_font_size": {
                                                    "unit": "px",
                                                    "size": "12",
                                                    "sizes": []
                                                },
                                                "title_typography_font_weight": "600",
                                                "title_padding": {
                                                    "unit": "px",
                                                    "top": "24",
                                                    "right": "0",
                                                    "bottom": "24",
                                                    "left": "0",
                                                    "isLinked": ""
                                                },
                                                "icon_align": "right",
                                                "content_padding": {
                                                    "unit": "px",
                                                    "top": "0",
                                                    "right": "0",
                                                    "bottom": "16",
                                                    "left": "0",
                                                    "isLinked": ""
                                                },
                                                "border_color": "#DEDEDE",
                                                "title_color": "#333333",
                                                "title_typography_text_transform": "uppercase",
                                                "title_typography_line_height": {
                                                    "unit": "em",
                                                    "size": "2",
                                                    "sizes": []
                                                },
                                                "title_typography_letter_spacing": {
                                                    "unit": "px",
                                                    "size": "3",
                                                    "sizes": []
                                                },
                                                "__globals__": {
                                                    "title_typography_typography": "",
                                                    "title_color": "globals\/colors?id=secondary",
                                                    "icon_color": "globals\/colors?id=primary",
                                                    "icon_active_color": "globals\/colors?id=secondary"
                                                },
                                                "_animation": "fadeInDown"
                                            },
                                            "elements": [],
                                            "isInner": false,
                                            "widgetType": "toggle",
                                            "elType": "widget"
                                        }
                                    ],
                                    "isInner": "1",
                                    "elType": "column"
                                },
                                {
                                    "id": "3f02a8f6",
                                    "settings": {
                                        "_column_size": "33"
                                    },
                                    "elements": [
                                        {
                                            "id": "4bc8045f",
                                            "settings": {
                                                "tabs": [
                                                    {
                                                        "tab_title": "Are your products used or new?",
                                                        "tab_content": "<p>Lorem ipsum dolor sit amet, consectetur adipiscing elit. Ut elit tellus, luctus nec ullamcorper mattis, pulvinar dapibus leo.<\/p>",
                                                        "_id": "6eb0916"
                                                    },
                                                    {
                                                        "tab_title": "What payment methods do you accept?",
                                                        "tab_content": "<p>Lorem ipsum dolor sit amet, consectetur adipiscing elit. Ut elit tellus, luctus nec ullamcorper mattis, pulvinar dapibus leo.<\/p>",
                                                        "_id": "3a6db3d"
                                                    },
                                                    {
                                                        "tab_title": "Do you charge sales tax?",
                                                        "tab_content": "Lorem ipsum dolor sit amet, consectetur adipiscing elit. Ut elit tellus, luctus nec ullamcorper mattis, pulvinar dapibus leo.",
                                                        "_id": "c707619"
                                                    }
                                                ],
                                                "selected_icon": {
                                                    "value": "icon dticon-add-outline",
                                                    "library": "dticon"
                                                },
                                                "selected_active_icon": {
                                                    "value": "icon dticon-remove-outline",
                                                    "library": "dticon"
                                                },
                                                "title_typography_font_family": "Inter",
                                                "title_typography_font_size": {
                                                    "unit": "px",
                                                    "size": "12",
                                                    "sizes": []
                                                },
                                                "title_typography_font_weight": "600",
                                                "title_padding": {
                                                    "unit": "px",
                                                    "top": "24",
                                                    "right": "0",
                                                    "bottom": "24",
                                                    "left": "0",
                                                    "isLinked": ""
                                                },
                                                "icon_align": "right",
                                                "content_padding": {
                                                    "unit": "px",
                                                    "top": "0",
                                                    "right": "0",
                                                    "bottom": "16",
                                                    "left": "0",
                                                    "isLinked": ""
                                                },
                                                "border_color": "#DEDEDE",
                                                "title_color": "#333333",
                                                "title_typography_text_transform": "uppercase",
                                                "title_typography_line_height": {
                                                    "unit": "em",
                                                    "size": "2",
                                                    "sizes": []
                                                },
                                                "title_typography_letter_spacing": {
                                                    "unit": "px",
                                                    "size": "3",
                                                    "sizes": []
                                                },
                                                "__globals__": {
                                                    "title_typography_typography": "",
                                                    "title_color": "globals\/colors?id=secondary",
                                                    "icon_color": "globals\/colors?id=primary",
                                                    "icon_active_color": "globals\/colors?id=secondary"
                                                },
                                                "_animation": "fadeInDown"
                                            },
                                            "elements": [],
                                            "isInner": false,
                                            "widgetType": "toggle",
                                            "elType": "widget"
                                        }
                                    ],
                                    "isInner": "1",
                                    "elType": "column"
                                }
                            ],
                            "isInner": "1",
                            "elType": "section"
                        }
                    ],
                    "isInner": "",
                    "elType": "column"
                }
            ],
            "isInner": "",
            "elType": "section"
        },
        {
            "id": "28c3ad7e",
            "settings": {
                "gap": "wider",
                "padding": {
                    "unit": "px",
                    "top": "0",
                    "right": "0",
                    "bottom": "64",
                    "left": "0",
                    "isLinked": false
                },
                "__globals__": {
                    "background_overlay_color": ""
                },
                "overflow": "hidden"
            },
            "elements": [
                {
                    "id": "22d6499f",
                    "settings": {
                        "_column_size": "100"
                    },
                    "elements": [
                        {
                            "id": "745078c4",
                            "settings": {
                                "gap": "wider",
                                "structure": "30",
                                "margin": {
                                    "unit": "px",
                                    "top": "",
                                    "right": 0,
                                    "bottom": "",
                                    "left": 0,
                                    "isLinked": true
                                },
                                "padding_tablet": {
                                    "unit": "px",
                                    "top": "48",
                                    "right": "0",
                                    "bottom": "0",
                                    "left": "0",
                                    "isLinked": ""
                                },
                                "reverse_order_mobile": "reverse-mobile"
                            },
                            "elements": [
                                {
                                    "id": "6cac916b",
                                    "settings": {
                                        "_column_size": "33",
                                        "_inline_size": 34.716,
                                        "content_position": "bottom",
                                        "padding": {
                                            "unit": "px",
                                            "top": "96",
                                            "right": "0",
                                            "bottom": "0",
                                            "left": "0",
                                            "isLinked": ""
                                        },
                                        "margin_mobile": {
                                            "unit": "px",
                                            "top": "0",
                                            "right": "0",
                                            "bottom": "0",
                                            "left": "0",
                                            "isLinked": ""
                                        },
                                        "padding_mobile": {
                                            "unit": "px",
                                            "top": "0",
                                            "right": "0",
                                            "bottom": "0",
                                            "left": "0",
                                            "isLinked": ""
                                        }
                                    },
                                    "elements": [
                                        {
                                            "id": "a794d3",
                                            "settings": {
                                                "image": {
                                                    "url": "http:\/\/kit.detheme.com\/rickandsons\/wp-content\/uploads\/sites\/45\/2020\/12\/2-Image-CYJ9ZTS.png",
                                                    "id": 1478
                                                },
                                                "width_mobile": {
                                                    "unit": "%",
                                                    "size": "57",
                                                    "sizes": []
                                                },
                                                "image_size": "full",
                                                "image_custom_dimension": {
                                                    "width": "900",
                                                    "height": "1248"
                                                },
                                                "_animation": "fadeInDown"
                                            },
                                            "elements": [],
                                            "isInner": false,
                                            "widgetType": "image",
                                            "elType": "widget"
                                        }
                                    ],
                                    "isInner": "1",
                                    "elType": "column"
                                },
                                {
                                    "id": "7e28de24",
                                    "settings": {
                                        "_column_size": "33",
                                        "_inline_size": 8.723
                                    },
                                    "elements": [],
                                    "isInner": "1",
                                    "elType": "column"
                                },
                                {
                                    "id": "debccfb",
                                    "settings": {
                                        "_column_size": "33",
                                        "_inline_size": "55.893",
                                        "content_position": "center"
                                    },
                                    "elements": [
                                        {
                                            "id": "3025d97e",
                                            "settings": {
                                                "title": "free consultation",
                                                "header_size": "div",
                                                "_margin": {
                                                    "unit": "px",
                                                    "top": "0",
                                                    "right": "0",
                                                    "bottom": "16",
                                                    "left": "0",
                                                    "isLinked": ""
                                                },
                                                "ekit_we_effect_on": "none",
                                                "ekit_we_css_animation_fx": "",
                                                "ekit_we_css_animation": "ekit-fade",
                                                "ekit_we_css_animation_tablet": "",
                                                "ekit_we_css_animation_mobile": "",
                                                "ekit_we_css_animation_speed": "5",
                                                "ekit_we_css_animation_iteration_count": "infinite",
                                                "ekit_we_css_animation_direction": "normal",
                                                "ekit_we_css_transform_fx": "",
                                                "ekit_we_css_transform_fx_translate_toggle": "",
                                                "ekit_we_css_transform_fx_translate_x": {
                                                    "unit": "px",
                                                    "size": "",
                                                    "sizes": []
                                                },
                                                "ekit_we_css_transform_fx_translate_x_tablet": {
                                                    "unit": "px",
                                                    "size": "",
                                                    "sizes": []
                                                },
                                                "ekit_we_css_transform_fx_translate_x_mobile": {
                                                    "unit": "px",
                                                    "size": "",
                                                    "sizes": []
                                                },
                                                "ekit_we_css_transform_fx_translate_y": {
                                                    "unit": "px",
                                                    "size": "",
                                                    "sizes": []
                                                },
                                                "ekit_we_css_transform_fx_translate_y_tablet": {
                                                    "unit": "px",
                                                    "size": "",
                                                    "sizes": []
                                                },
                                                "ekit_we_css_transform_fx_translate_y_mobile": {
                                                    "unit": "px",
                                                    "size": "",
                                                    "sizes": []
                                                },
                                                "ekit_we_css_transform_fx_rotate_toggle": "",
                                                "ekit_we_css_transform_fx_rotate_z": {
                                                    "unit": "px",
                                                    "size": "",
                                                    "sizes": []
                                                },
                                                "ekit_we_css_transform_fx_rotate_z_tablet": {
                                                    "unit": "px",
                                                    "size": "",
                                                    "sizes": []
                                                },
                                                "ekit_we_css_transform_fx_rotate_z_mobile": {
                                                    "unit": "px",
                                                    "size": "",
                                                    "sizes": []
                                                },
                                                "ekit_we_css_transform_fx_rotate_x": {
                                                    "unit": "px",
                                                    "size": "",
                                                    "sizes": []
                                                },
                                                "ekit_we_css_transform_fx_rotate_x_tablet": {
                                                    "unit": "px",
                                                    "size": "",
                                                    "sizes": []
                                                },
                                                "ekit_we_css_transform_fx_rotate_x_mobile": {
                                                    "unit": "px",
                                                    "size": "",
                                                    "sizes": []
                                                },
                                                "ekit_we_css_transform_fx_rotate_y": {
                                                    "unit": "px",
                                                    "size": "",
                                                    "sizes": []
                                                },
                                                "ekit_we_css_transform_fx_rotate_y_tablet": {
                                                    "unit": "px",
                                                    "size": "",
                                                    "sizes": []
                                                },
                                                "ekit_we_css_transform_fx_rotate_y_mobile": {
                                                    "unit": "px",
                                                    "size": "",
                                                    "sizes": []
                                                },
                                                "ekit_we_css_transform_fx_scale_toggle": "",
                                                "ekit_we_css_transform_fx_scale_x": {
                                                    "unit": "px",
                                                    "size": "1",
                                                    "sizes": []
                                                },
                                                "ekit_we_css_transform_fx_scale_x_tablet": {
                                                    "unit": "px",
                                                    "size": "",
                                                    "sizes": []
                                                },
                                                "ekit_we_css_transform_fx_scale_x_mobile": {
                                                    "unit": "px",
                                                    "size": "",
                                                    "sizes": []
                                                },
                                                "ekit_we_css_transform_fx_scale_y": {
                                                    "unit": "px",
                                                    "size": "1",
                                                    "sizes": []
                                                },
                                                "ekit_we_css_transform_fx_scale_y_tablet": {
                                                    "unit": "px",
                                                    "size": "",
                                                    "sizes": []
                                                },
                                                "ekit_we_css_transform_fx_scale_y_mobile": {
                                                    "unit": "px",
                                                    "size": "",
                                                    "sizes": []
                                                },
                                                "ekit_we_css_transform_fx_skew_toggle": "",
                                                "ekit_we_css_transform_fx_skew_x": {
                                                    "unit": "px",
                                                    "size": "",
                                                    "sizes": []
                                                },
                                                "ekit_we_css_transform_fx_skew_x_tablet": {
                                                    "unit": "px",
                                                    "size": "",
                                                    "sizes": []
                                                },
                                                "ekit_we_css_transform_fx_skew_x_mobile": {
                                                    "unit": "px",
                                                    "size": "",
                                                    "sizes": []
                                                },
                                                "ekit_we_css_transform_fx_skew_y": {
                                                    "unit": "px",
                                                    "size": "",
                                                    "sizes": []
                                                },
                                                "ekit_we_css_transform_fx_skew_y_tablet": {
                                                    "unit": "px",
                                                    "size": "",
                                                    "sizes": []
                                                },
                                                "ekit_we_css_transform_fx_skew_y_mobile": {
                                                    "unit": "px",
                                                    "size": "",
                                                    "sizes": []
                                                },
                                                "ekit_we_on_test_mode": "on",
                                                "ekit_we_tilt_maxtilt": "20",
                                                "ekit_we_tilt_scale": "1",
                                                "ekit_we_tilt_disableaxis": "",
                                                "ekit_we_mousemove_parallax_speed": "40",
                                                "ekit_we_scroll_animation": "translateY",
                                                "ekit_we_scroll_animation_value": "250",
                                                "ekit_we_scroll_smoothness": "700",
                                                "ekit_we_scroll_offsettop": "0",
                                                "ekit_we_scroll_offsetbottom": "0",
                                                "ekit_sticky": "",
                                                "ekit_sticky_on": [
                                                    "desktop",
                                                    "tablet",
                                                    "mobile"
                                                ],
                                                "ekit_sticky_offset": {
                                                    "unit": "px",
                                                    "size": "0",
                                                    "sizes": []
                                                },
                                                "ekit_sticky_effect_offset": {
                                                    "unit": "px",
                                                    "size": "0",
                                                    "sizes": []
                                                },
                                                "__globals__": {
                                                    "typography_typography": "globals\/typography?id=text",
                                                    "title_color": "globals\/colors?id=secondary"
                                                },
                                                "align_mobile": "center",
                                                "_animation": "fadeInDown",
                                                "_animation_delay": "800"
                                            },
                                            "elements": [],
                                            "isInner": false,
                                            "widgetType": "heading",
                                            "elType": "widget"
                                        },
                                        {
                                            "id": "6a52b982",
                                            "settings": {
                                                "title": "Get in touch with our experts",
                                                "typography_typography": "custom",
                                                "typography_line_height": {
                                                    "unit": "em",
                                                    "size": "1.1",
                                                    "sizes": []
                                                },
                                                "align": "left",
                                                "_margin": {
                                                    "unit": "px",
                                                    "top": "0",
                                                    "right": "0",
                                                    "bottom": "24",
                                                    "left": "0",
                                                    "isLinked": ""
                                                },
                                                "typography_font_size_mobile": {
                                                    "unit": "px",
                                                    "size": "38",
                                                    "sizes": []
                                                },
                                                "typography_line_height_mobile": {
                                                    "unit": "em",
                                                    "size": "1.3",
                                                    "sizes": []
                                                },
                                                "align_tablet": "left",
                                                "align_mobile": "center",
                                                "__globals__": {
                                                    "title_color": "globals\/colors?id=secondary"
                                                },
                                                "_animation": "fadeInDown"
                                            },
                                            "elements": [],
                                            "isInner": false,
                                            "widgetType": "heading",
                                            "elType": "widget"
                                        },
                                        {
                                            "id": "114da01",
                                            "settings": {
                                                "__globals__": {
                                                    "text_color": "globals\/colors?id=text"
                                                },
                                                "align_mobile": "center",
                                                "_animation": "fadeInDown"
                                            },
                                            "elements": [],
                                            "isInner": false,
                                            "widgetType": "text-editor",
                                            "elType": "widget"
                                        },
                                        {
                                            "id": "67c87135",
                                            "settings": {
                                                "form_name": "New Form",
                                                "form_fields": [
                                                    {
                                                        "custom_id": "name",
                                                        "field_label": "Name",
                                                        "placeholder": "Name",
                                                        "width": "50",
                                                        "_id": "1aafa02"
                                                    },
                                                    {
                                                        "custom_id": "email",
                                                        "field_type": "email",
                                                        "required": "true",
                                                        "field_label": "Email",
                                                        "placeholder": "Email",
                                                        "width": "50",
                                                        "_id": "432c2ae"
                                                    },
                                                    {
                                                        "_id": "293cc87",
                                                        "field_type": "number",
                                                        "field_label": "Phone",
                                                        "placeholder": "Phone Number",
                                                        "required": "true",
                                                        "width": "50",
                                                        "custom_id": "field_293cc87"
                                                    },
                                                    {
                                                        "field_label": "Practise area",
                                                        "placeholder": "Practise area",
                                                        "required": "true",
                                                        "width": "50",
                                                        "custom_id": "field_0ce72a9",
                                                        "_id": "0ce72a9"
                                                    },
                                                    {
                                                        "custom_id": "message",
                                                        "field_type": "textarea",
                                                        "field_label": "Case",
                                                        "placeholder": "Case details",
                                                        "_id": "4713c03"
                                                    }
                                                ],
                                                "show_labels": "",
                                                "step_next_label": "Next",
                                                "step_previous_label": "Previous",
                                                "button_text": "Send your request",
                                                "email_content": "[all-fields]",
                                                "email_content_2": "[all-fields]",
                                                "success_message": "The form was sent successfully.",
                                                "error_message": "An error occurred.",
                                                "required_field_message": "This field is required.",
                                                "invalid_message": "There's something wrong. The form is invalid.",
                                                "button_size": "md",
                                                "button_width": "50",
                                                "column_gap": {
                                                    "unit": "px",
                                                    "size": 48,
                                                    "sizes": []
                                                },
                                                "row_gap": {
                                                    "unit": "px",
                                                    "size": 32,
                                                    "sizes": []
                                                },
                                                "button_width_tablet": "100",
                                                "label_spacing": {
                                                    "unit": "px",
                                                    "size": 16,
                                                    "sizes": []
                                                },
                                                "field_typography_typography": "custom",
                                                "button_text_padding": {
                                                    "unit": "px",
                                                    "top": "16",
                                                    "right": "16",
                                                    "bottom": "16",
                                                    "left": "16",
                                                    "isLinked": true
                                                },
                                                "__globals__": {
                                                    "field_background_color": "globals\/colors?id=ec25634",
                                                    "field_border_color": "globals\/colors?id=785b64d"
                                                }
                                            },
                                            "elements": [],
                                            "isInner": false,
                                            "widgetType": "form",
                                            "elType": "widget"
                                        },
                                        {
                                            "id": "1281ba34",
                                            "settings": {
                                                "__globals__": {
                                                    "text_color": "globals\/colors?id=ec25634"
                                                },
                                                "align_mobile": "center"
                                            },
                                            "elements": [],
                                            "isInner": false,
                                            "widgetType": "text-editor",
                                            "elType": "widget"
                                        }
                                    ],
                                    "isInner": "1",
                                    "elType": "column"
                                }
                            ],
                            "isInner": "1",
                            "elType": "section"
                        }
                    ],
                    "isInner": "",
                    "elType": "column"
                }
            ],
            "isInner": "",
            "elType": "section"
        },
        {
            "id": "6d445b4b",
            "settings": {
                "gap": "wider",
                "overflow": "hidden",
                "padding": {
                    "unit": "px",
                    "top": "0",
                    "right": "0",
                    "bottom": "64",
                    "left": "0",
                    "isLinked": false
                }
            },
            "elements": [
                {
                    "id": "1977da75",
                    "settings": {
                        "_column_size": 100,
                        "_inline_size": null,
                        "padding_mobile": {
                            "unit": "px",
                            "top": "0",
                            "right": "0",
                            "bottom": "0",
                            "left": "0",
                            "isLinked": false
                        }
                    },
                    "elements": [
                        {
                            "id": "6c74f22e",
                            "settings": {
                                "height_inner": "min-height",
                                "custom_height_inner": {
                                    "unit": "px",
                                    "size": 500,
                                    "sizes": []
                                },
                                "structure": "20",
                                "background_background": "classic",
                                "background_position": "initial",
                                "background_xpos": {
                                    "unit": "%",
                                    "size": "100",
                                    "sizes": []
                                },
                                "background_ypos": {
                                    "unit": "%",
                                    "size": "94",
                                    "sizes": []
                                },
                                "background_size": "cover",
                                "background_motion_fx_motion_fx_scrolling": "yes",
                                "background_motion_fx_translateY_effect": "yes",
                                "background_motion_fx_translateY_speed": {
                                    "unit": "px",
                                    "size": "2",
                                    "sizes": []
                                },
                                "margin": {
                                    "unit": "px",
                                    "top": "0",
                                    "right": "0",
                                    "bottom": "0",
                                    "left": "0",
                                    "isLinked": ""
                                },
                                "__globals__": {
                                    "background_color": "globals\/colors?id=d3ae19d"
                                },
                                "custom_height_inner_tablet": {
                                    "unit": "px",
                                    "size": "0",
                                    "sizes": []
                                },
                                "padding_tablet": {
                                    "unit": "px",
                                    "top": "48",
                                    "right": "0",
                                    "bottom": "48",
                                    "left": "0",
                                    "isLinked": ""
                                },
                                "margin_tablet": {
                                    "unit": "px",
                                    "top": "0",
                                    "right": 0,
                                    "bottom": "0",
                                    "left": 0,
                                    "isLinked": false
                                }
                            },
                            "elements": [
                                {
                                    "id": "61001c93",
                                    "settings": {
                                        "_column_size": "50",
                                        "_inline_size": 57.246,
                                        "content_position": "center",
                                        "_inline_size_tablet": "50",
                                        "padding": {
                                            "unit": "px",
                                            "top": "0",
                                            "right": "30",
                                            "bottom": "0",
                                            "left": "60",
                                            "isLinked": ""
                                        },
                                        "margin_mobile": {
                                            "unit": "px",
                                            "top": "0",
                                            "right": "0",
                                            "bottom": "0",
                                            "left": "0",
                                            "isLinked": ""
                                        },
                                        "padding_mobile": {
                                            "unit": "px",
                                            "top": "30",
                                            "right": "30",
                                            "bottom": "30",
                                            "left": "30",
                                            "isLinked": "1"
                                        },
                                        "padding_tablet": {
                                            "unit": "px",
                                            "top": "30",
                                            "right": "30",
                                            "bottom": "30",
                                            "left": "30",
                                            "isLinked": true
                                        }
                                    },
                                    "elements": [
                                        {
                                            "id": "576e19fb",
                                            "settings": {
                                                "width": {
                                                    "unit": "px",
                                                    "size": 341,
                                                    "sizes": []
                                                },
                                                "look": "line_text",
                                                "text": "Subscribe our newsletter",
                                                "text_align": "left",
                                                "__globals__": {
                                                    "color": "globals\/colors?id=primary",
                                                    "text_color": "globals\/colors?id=primary",
                                                    "typography_typography": "globals\/typography?id=text"
                                                },
                                                "align_mobile": "center",
                                                "_animation": "fadeInDown"
                                            },
                                            "elements": [],
                                            "isInner": false,
                                            "widgetType": "divider",
                                            "elType": "widget"
                                        },
                                        {
                                            "id": "6c80163d",
                                            "settings": {
                                                "title": "Subscribe now and get 25% OFF of all our storewide products",
                                                "_margin": {
                                                    "unit": "px",
                                                    "top": "0",
                                                    "right": "0",
                                                    "bottom": "24",
                                                    "left": "0",
                                                    "isLinked": false
                                                },
                                                "header_size": "h3",
                                                "align_mobile": "center",
                                                "_animation": "fadeInDown"
                                            },
                                            "elements": [],
                                            "isInner": false,
                                            "widgetType": "heading",
                                            "elType": "widget"
                                        },
                                        {
                                            "id": "5d53b729",
                                            "settings": {
                                                "form_name": "Subscribe",
                                                "form_fields": [
                                                    {
                                                        "custom_id": "email",
                                                        "field_type": "email",
                                                        "required": "true",
                                                        "field_label": "Email",
                                                        "placeholder": "Email",
                                                        "width": "66",
                                                        "_id": "f1c624f",
                                                        "width_mobile": "50"
                                                    }
                                                ],
                                                "show_labels": "",
                                                "step_next_label": "Next",
                                                "step_previous_label": "Previous",
                                                "button_text": "Subscribe",
                                                "email_content": "[all-fields]",
                                                "email_content_2": "[all-fields]",
                                                "success_message": "The form was sent successfully.",
                                                "error_message": "An error occured.",
                                                "required_field_message": "This field is required.",
                                                "invalid_message": "There's something wrong. The form is invalid.",
                                                "button_width": "33",
                                                "column_gap": {
                                                    "unit": "px",
                                                    "size": 12,
                                                    "sizes": []
                                                },
                                                "field_border_width": {
                                                    "unit": "px",
                                                    "top": "0",
                                                    "right": "0",
                                                    "bottom": "0",
                                                    "left": "0",
                                                    "isLinked": "1"
                                                },
                                                "button_text_padding": {
                                                    "unit": "px",
                                                    "top": "16",
                                                    "right": "18",
                                                    "bottom": "16",
                                                    "left": "18",
                                                    "isLinked": ""
                                                },
                                                "submit_actions": [
                                                    "email",
                                                    "mailchimp"
                                                ],
                                                "_animation": "fadeInUp",
                                                "_animation_delay": "500",
                                                "input_size": "md",
                                                "_margin": {
                                                    "unit": "px",
                                                    "top": "0",
                                                    "right": "0",
                                                    "bottom": "16",
                                                    "left": "0",
                                                    "isLinked": ""
                                                },
                                                "__globals__": {
                                                    "button_background_color": "",
                                                    "button_text_color": ""
                                                },
                                                "button_width_mobile": "50",
                                                "button_text_color": ""
                                            },
                                            "elements": [],
                                            "isInner": false,
                                            "widgetType": "form",
                                            "elType": "widget"
                                        },
                                        {
                                            "id": "2d2ed2d3",
                                            "settings": {
                                                "title": "Lorem ipsum dolor sit amet, consectetur adipiscing elit purus luctuc eget",
                                                "header_size": "div",
                                                "align": "left",
                                                "typography_typography": "custom",
                                                "typography_font_size": {
                                                    "unit": "px",
                                                    "size": "14",
                                                    "sizes": []
                                                },
                                                "__globals__": {
                                                    "title_color": "globals\/colors?id=8fa36e4"
                                                },
                                                "typography_line_height": {
                                                    "unit": "em",
                                                    "size": "1.5",
                                                    "sizes": []
                                                },
                                                "align_mobile": "center"
                                            },
                                            "elements": [],
                                            "isInner": false,
                                            "widgetType": "heading",
                                            "elType": "widget"
                                        }
                                    ],
                                    "isInner": true,
                                    "elType": "column"
                                },
                                {
                                    "id": "4c4574f1",
                                    "settings": {
                                        "_column_size": "50",
                                        "_inline_size": 42.716,
                                        "content_position": "center",
                                        "align": "center",
                                        "_inline_size_tablet": "50"
                                    },
                                    "elements": [
                                        {
                                            "id": "aad2b8c",
                                            "settings": {
                                                "image": {
                                                    "url": "http:\/\/kit.detheme.com\/rickandsons\/wp-content\/uploads\/sites\/45\/2020\/12\/AE9U3Z-1.png",
                                                    "id": 565
                                                },
                                                "image_size": "1536x1536",
                                                "_margin": {
                                                    "unit": "px",
                                                    "top": "0",
                                                    "right": "-281",
                                                    "bottom": "-150",
                                                    "left": "-175",
                                                    "isLinked": ""
                                                },
                                                "motion_fx_motion_fx_scrolling": "yes",
                                                "motion_fx_translateY_effect": "yes",
                                                "motion_fx_translateY_direction": "negative",
                                                "motion_fx_translateY_speed": {
                                                    "unit": "px",
                                                    "size": "1.6",
                                                    "sizes": []
                                                },
                                                "_margin_tablet": {
                                                    "unit": "px",
                                                    "top": "0",
                                                    "right": "-70",
                                                    "bottom": "0",
                                                    "left": "0",
                                                    "isLinked": ""
                                                },
                                                "_margin_mobile": {
                                                    "unit": "px",
                                                    "top": "0",
                                                    "right": "0",
                                                    "bottom": "0",
                                                    "left": "0",
                                                    "isLinked": ""
                                                },
                                                "width": {
                                                    "unit": "px",
                                                    "size": 688,
                                                    "sizes": []
                                                }
                                            },
                                            "elements": [],
                                            "isInner": false,
                                            "widgetType": "image",
                                            "elType": "widget"
                                        }
                                    ],
                                    "isInner": "1",
                                    "elType": "column"
                                }
                            ],
                            "isInner": "1",
                            "elType": "section"
                        }
                    ],
                    "isInner": false,
                    "elType": "column"
                }
            ],
            "isInner": false,
            "elType": "section"
        }
    ]
}