{
    "version": "0.4",
    "title": "Header",
    "type": "header",
    "metadata": {
        "template_type": "section-header",
        "include_in_zip": "1",
        "elementor_pro_required": "1",
        "elementor_library_type": "header",
        "elementor_pro_conditions": [
            "include\/general"
        ],
        "additional_template_information": [
            "This is a \"Header\" template for Elementor Pro.",
            "This template will display on: Entire Site."
        ],
        "wp_page_template": "default"
    },
    "content": [
        {
            "id": "3f7b8646",
            "settings": {
                "gap": "no",
                "margin_mobile": {
                    "unit": "px",
                    "top": "0",
                    "right": 0,
                    "bottom": "0",
                    "left": 0,
                    "isLinked": false
                }
            },
            "elements": [
                {
                    "id": "8d4036f",
                    "settings": {
                        "_column_size": "100",
                        "margin_mobile": {
                            "unit": "px",
                            "top": "0",
                            "right": "0",
                            "bottom": "0",
                            "left": "0",
                            "isLinked": ""
                        },
                        "padding_mobile": {
                            "unit": "px",
                            "top": "0",
                            "right": "0",
                            "bottom": "0",
                            "left": "0",
                            "isLinked": ""
                        }
                    },
                    "elements": [
                        {
                            "id": "61e1ca6e",
                            "settings": {
                                "structure": "40",
                                "margin": {
                                    "unit": "px",
                                    "top": "0",
                                    "right": "0",
                                    "bottom": "0",
                                    "left": "0",
                                    "isLinked": ""
                                },
                                "gap": "wider",
                                "margin_mobile": {
                                    "unit": "%",
                                    "top": "-184",
                                    "right": "0",
                                    "bottom": "0",
                                    "left": "0",
                                    "isLinked": ""
                                },
                                "overflow": "hidden"
                            },
                            "elements": [
                                {
                                    "id": "76643151",
                                    "settings": {
                                        "_column_size": 25,
                                        "_inline_size": 12.75,
                                        "_inline_size_tablet": 18,
                                        "content_position": "center",
                                        "padding_mobile": {
                                            "unit": "px",
                                            "top": "0",
                                            "right": "0",
                                            "bottom": "0",
                                            "left": "0",
                                            "isLinked": ""
                                        },
                                        "padding_tablet": {
                                            "unit": "px",
                                            "top": "30",
                                            "right": "0",
                                            "bottom": "30",
                                            "left": "30",
                                            "isLinked": false
                                        }
                                    },
                                    "elements": [
                                        {
                                            "id": "32a44469",
                                            "settings": {
                                                "image": {
                                                    "url": "http:\/\/kit.detheme.com\/rickandsons\/wp-content\/uploads\/sites\/45\/2020\/12\/rickson-dark.png",
                                                    "id": 1900
                                                },
                                                "align": "left",
                                                "width": {
                                                    "unit": "px",
                                                    "size": 59,
                                                    "sizes": []
                                                },
                                                "_padding": {
                                                    "unit": "px",
                                                    "top": "0",
                                                    "right": "16",
                                                    "bottom": "0",
                                                    "left": "0",
                                                    "isLinked": ""
                                                },
                                                "_element_width": "auto",
                                                "_margin": {
                                                    "unit": "px",
                                                    "top": "0",
                                                    "right": "0",
                                                    "bottom": "0",
                                                    "left": "0",
                                                    "isLinked": false
                                                }
                                            },
                                            "elements": [],
                                            "isInner": false,
                                            "widgetType": "image",
                                            "elType": "widget"
                                        }
                                    ],
                                    "isInner": "1",
                                    "elType": "column"
                                },
                                {
                                    "id": "11f263bd",
                                    "settings": {
                                        "_column_size": 25,
                                        "_inline_size": 45.853,
                                        "align": "flex-end",
                                        "_inline_size_tablet": 36,
                                        "content_position_tablet": "center",
                                        "padding_mobile": {
                                            "unit": "px",
                                            "top": "0",
                                            "right": "0",
                                            "bottom": "0",
                                            "left": "0",
                                            "isLinked": ""
                                        },
                                        "content_position": "center"
                                    },
                                    "elements": [
                                        {
                                            "id": "3aefc72e",
                                            "settings": {
                                                "placeholder": "What can we help you find?",
                                                "button_text": "Go",
                                                "button_type": "text",
                                                "__globals__": {
                                                    "button_background_color": "globals\/colors?id=primary",
                                                    "button_typography_typography": "globals\/typography?id=secondary",
                                                    "button_text_color": "globals\/colors?id=ec25634",
                                                    "input_background_color": "globals\/colors?id=07414c8",
                                                    "input_border_color": "",
                                                    "input_background_color_focus": "",
                                                    "button_background_color_hover": "globals\/colors?id=b41e63e",
                                                    "input_text_color": ""
                                                },
                                                "size": {
                                                    "unit": "px",
                                                    "size": "40",
                                                    "sizes": []
                                                },
                                                "icon_size_minimal": {
                                                    "unit": "px",
                                                    "size": "11",
                                                    "sizes": []
                                                },
                                                "border_radius": {
                                                    "unit": "px",
                                                    "size": 4,
                                                    "sizes": []
                                                },
                                                "input_background_color": "#FFFFFF00",
                                                "button_typography_typography": "custom",
                                                "button_typography_font_size": {
                                                    "unit": "px",
                                                    "size": 11,
                                                    "sizes": []
                                                },
                                                "button_typography_font_weight": "700",
                                                "button_typography_text_transform": "uppercase",
                                                "button_typography_line_height": {
                                                    "unit": "em",
                                                    "size": 1.5,
                                                    "sizes": []
                                                },
                                                "button_typography_letter_spacing": {
                                                    "unit": "px",
                                                    "size": 3,
                                                    "sizes": []
                                                },
                                                "button_text_color": "#FFFFFF",
                                                "button_background_color_hover": "#BC2B2B",
                                                "button_background_color": "#D72222",
                                                "button_width": {
                                                    "unit": "px",
                                                    "size": 1,
                                                    "sizes": []
                                                }
                                            },
                                            "elements": [],
                                            "isInner": false,
                                            "widgetType": "search-form",
                                            "elType": "widget"
                                        }
                                    ],
                                    "isInner": "1",
                                    "elType": "column"
                                },
                                {
                                    "id": "7fd98f5c",
                                    "settings": {
                                        "_column_size": 25,
                                        "_inline_size": 33.102,
                                        "_inline_size_tablet": 37,
                                        "content_position": "center",
                                        "align": "flex-end",
                                        "padding_mobile": {
                                            "unit": "px",
                                            "top": "0",
                                            "right": "0",
                                            "bottom": "0",
                                            "left": "0",
                                            "isLinked": ""
                                        },
                                        "padding_tablet": {
                                            "unit": "px",
                                            "top": "0",
                                            "right": "0",
                                            "bottom": "0",
                                            "left": "0",
                                            "isLinked": false
                                        }
                                    },
                                    "elements": [
                                        {
                                            "id": "44c6d966",
                                            "settings": {
                                                "toggle_button_typography_typography": "custom",
                                                "toggle_button_typography_font_size": {
                                                    "unit": "px",
                                                    "size": 15,
                                                    "sizes": []
                                                },
                                                "toggle_button_typography_letter_spacing": {
                                                    "unit": "px",
                                                    "size": "0",
                                                    "sizes": []
                                                },
                                                "toggle_button_padding": {
                                                    "unit": "px",
                                                    "top": "0",
                                                    "right": "0",
                                                    "bottom": "0",
                                                    "left": "0",
                                                    "isLinked": ""
                                                },
                                                "_margin": {
                                                    "unit": "px",
                                                    "top": "0",
                                                    "right": "64",
                                                    "bottom": "0",
                                                    "left": "0",
                                                    "isLinked": ""
                                                },
                                                "_element_width": "auto",
                                                "__globals__": {
                                                    "toggle_button_text_color": "globals\/colors?id=secondary",
                                                    "toggle_button_icon_color": "globals\/colors?id=secondary",
                                                    "toggle_button_background_color": "globals\/colors?id=07414c8",
                                                    "items_indicator_background_color": "globals\/colors?id=primary",
                                                    "toggle_button_hover_background_color": "globals\/colors?id=07414c8",
                                                    "product_title_color": "globals\/colors?id=secondary",
                                                    "product_title_typography_typography": "globals\/typography?id=47eb6c6",
                                                    "product_price_color": "globals\/colors?id=text",
                                                    "product_price_typography_typography": "globals\/typography?id=primary",
                                                    "product_buttons_typography_typography": "globals\/typography?id=secondary",
                                                    "subtotal_color": "globals\/colors?id=text",
                                                    "subtotal_typography_typography": "globals\/typography?id=47eb6c6",
                                                    "toggle_button_border_color": "globals\/colors?id=07414c8",
                                                    "toggle_button_typography_typography": "",
                                                    "items_indicator_text_color": "globals\/colors?id=ec25634"
                                                },
                                                "space_between_buttons": {
                                                    "unit": "px",
                                                    "size": "12",
                                                    "sizes": []
                                                },
                                                "icon": "bag-medium",
                                                "toggle_button_border_color": "#FFFFFF00",
                                                "toggle_button_typography_font_weight": "600",
                                                "toggle_button_typography_line_height": {
                                                    "unit": "em",
                                                    "size": "0.1",
                                                    "sizes": []
                                                },
                                                "toggle_icon_size": {
                                                    "unit": "px",
                                                    "size": 19,
                                                    "sizes": []
                                                },
                                                "buttons_layout": "stacked",
                                                "_margin_tablet": {
                                                    "unit": "px",
                                                    "top": "0",
                                                    "right": "24",
                                                    "bottom": "0",
                                                    "left": "0",
                                                    "isLinked": false
                                                }
                                            },
                                            "elements": [],
                                            "isInner": false,
                                            "widgetType": "woocommerce-menu-cart",
                                            "elType": "widget"
                                        },
                                        {
                                            "id": "32bf28d4",
                                            "settings": {
                                                "social_icon_list": [
                                                    {
                                                        "social_icon": {
                                                            "value": "fab fa-facebook",
                                                            "library": "fa-brands"
                                                        },
                                                        "_id": "d78856a",
                                                        "link": {
                                                            "url": "#",
                                                            "is_external": "true",
                                                            "nofollow": "",
                                                            "custom_attributes": ""
                                                        }
                                                    },
                                                    {
                                                        "social_icon": {
                                                            "value": "fab fa-twitter",
                                                            "library": "fa-brands"
                                                        },
                                                        "_id": "0fda246",
                                                        "link": {
                                                            "url": "#",
                                                            "is_external": "true",
                                                            "nofollow": "",
                                                            "custom_attributes": ""
                                                        }
                                                    },
                                                    {
                                                        "social_icon": {
                                                            "value": "fab fa-youtube",
                                                            "library": "fa-brands"
                                                        },
                                                        "_id": "67c2277",
                                                        "link": {
                                                            "url": "#",
                                                            "is_external": "true",
                                                            "nofollow": "",
                                                            "custom_attributes": ""
                                                        }
                                                    },
                                                    {
                                                        "_id": "702809c",
                                                        "social_icon": {
                                                            "value": "fab fa-pinterest",
                                                            "library": "fa-brands"
                                                        },
                                                        "link": {
                                                            "url": "#",
                                                            "is_external": "true",
                                                            "nofollow": "",
                                                            "custom_attributes": ""
                                                        }
                                                    }
                                                ],
                                                "align": "right",
                                                "icon_color": "custom",
                                                "icon_size": {
                                                    "unit": "px",
                                                    "size": "13",
                                                    "sizes": []
                                                },
                                                "image_border_border": "solid",
                                                "image_border_width": {
                                                    "unit": "px",
                                                    "top": "1",
                                                    "right": "1",
                                                    "bottom": "1",
                                                    "left": "1",
                                                    "isLinked": "1"
                                                },
                                                "border_radius": {
                                                    "unit": "%",
                                                    "top": "50",
                                                    "right": "50",
                                                    "bottom": "50",
                                                    "left": "50",
                                                    "isLinked": "1"
                                                },
                                                "__globals__": {
                                                    "icon_secondary_color": "globals\/colors?id=secondary",
                                                    "icon_primary_color": "globals\/colors?id=07414c8",
                                                    "image_border_color": "globals\/colors?id=secondary"
                                                },
                                                "align_tablet": "left",
                                                "_margin_mobile": {
                                                    "unit": "px",
                                                    "top": "-1000",
                                                    "right": "0",
                                                    "bottom": "0",
                                                    "left": "0",
                                                    "isLinked": false
                                                },
                                                "_padding": {
                                                    "unit": "px",
                                                    "top": "0",
                                                    "right": "0",
                                                    "bottom": "0",
                                                    "left": "0",
                                                    "isLinked": ""
                                                },
                                                "_element_width": "auto",
                                                "_element_width_mobile": "initial",
                                                "_element_custom_width_mobile": {
                                                    "unit": "px",
                                                    "size": 0,
                                                    "sizes": []
                                                },
                                                "_margin": {
                                                    "unit": "px",
                                                    "top": "0",
                                                    "right": "24",
                                                    "bottom": "0",
                                                    "left": "0",
                                                    "isLinked": false
                                                },
                                                "_element_width_tablet": "initial",
                                                "_element_custom_width_tablet": {
                                                    "unit": "px",
                                                    "size": 103,
                                                    "sizes": []
                                                }
                                            },
                                            "elements": [],
                                            "isInner": false,
                                            "widgetType": "social-icons",
                                            "elType": "widget"
                                        }
                                    ],
                                    "isInner": "1",
                                    "elType": "column"
                                },
                                {
                                    "id": "2a9dbc8a",
                                    "settings": {
                                        "_column_size": 25,
                                        "_inline_size": 8.295,
                                        "content_position": "center",
                                        "align": "flex-end",
                                        "column_link": {
                                            "url": "#",
                                            "is_external": "",
                                            "nofollow": "",
                                            "custom_attributes": ""
                                        },
                                        "padding_tablet": {
                                            "unit": "px",
                                            "top": "0",
                                            "right": "30",
                                            "bottom": "0",
                                            "left": "0",
                                            "isLinked": false
                                        },
                                        "__dynamic__": {
                                            "column_link": "[elementor-tag id=\"870d209\" name=\"popup\" settings=\"%7B%7D\"]"
                                        }
                                    },
                                    "elements": [
                                        {
                                            "id": "3f92a32c",
                                            "settings": {
                                                "selected_icon": {
                                                    "value": "icon dticon-ellipsis-vertical-outline",
                                                    "library": "dticon"
                                                },
                                                "size": {
                                                    "unit": "px",
                                                    "size": 29,
                                                    "sizes": []
                                                },
                                                "_margin": {
                                                    "unit": "px",
                                                    "top": "0",
                                                    "right": "-10",
                                                    "bottom": "-8",
                                                    "left": "-10",
                                                    "isLinked": false
                                                },
                                                "_element_width": "auto",
                                                "__globals__": {
                                                    "primary_color": "globals\/colors?id=secondary"
                                                }
                                            },
                                            "elements": [],
                                            "isInner": false,
                                            "widgetType": "icon",
                                            "elType": "widget"
                                        },
                                        {
                                            "id": "79d5bb75",
                                            "settings": {
                                                "selected_icon": {
                                                    "value": "icon dticon-ellipsis-vertical-outline",
                                                    "library": "dticon"
                                                },
                                                "size": {
                                                    "unit": "px",
                                                    "size": 29,
                                                    "sizes": []
                                                },
                                                "_margin": {
                                                    "unit": "px",
                                                    "top": "0",
                                                    "right": "-10",
                                                    "bottom": "-8",
                                                    "left": "-10",
                                                    "isLinked": false
                                                },
                                                "_element_width": "auto",
                                                "__globals__": {
                                                    "primary_color": "globals\/colors?id=secondary"
                                                }
                                            },
                                            "elements": [],
                                            "isInner": false,
                                            "widgetType": "icon",
                                            "elType": "widget"
                                        },
                                        {
                                            "id": "676bc06b",
                                            "settings": {
                                                "selected_icon": {
                                                    "value": "icon dticon-ellipsis-vertical-outline",
                                                    "library": "dticon"
                                                },
                                                "size": {
                                                    "unit": "px",
                                                    "size": 29,
                                                    "sizes": []
                                                },
                                                "_margin": {
                                                    "unit": "px",
                                                    "top": "0",
                                                    "right": "-10",
                                                    "bottom": "-8",
                                                    "left": "-10",
                                                    "isLinked": false
                                                },
                                                "_element_width": "auto",
                                                "__globals__": {
                                                    "primary_color": "globals\/colors?id=secondary"
                                                },
                                                "__dynamic__": {
                                                    "link": "[elementor-tag id=\"5a58269\" name=\"popup\" settings=\"%7B%22popup%22%3A%221219%22%7D\"]"
                                                }
                                            },
                                            "elements": [],
                                            "isInner": false,
                                            "widgetType": "icon",
                                            "elType": "widget"
                                        }
                                    ],
                                    "isInner": true,
                                    "elType": "column"
                                }
                            ],
                            "isInner": "1",
                            "elType": "section"
                        },
                        {
                            "id": "20a1c2df",
                            "settings": {
                                "gap": "wider",
                                "margin": {
                                    "unit": "px",
                                    "top": "0",
                                    "right": 0,
                                    "bottom": "0",
                                    "left": 0,
                                    "isLinked": false
                                },
                                "margin_mobile": {
                                    "unit": "px",
                                    "top": "-100",
                                    "right": 0,
                                    "bottom": "0",
                                    "left": 0,
                                    "isLinked": false
                                }
                            },
                            "elements": [
                                {
                                    "id": "3b5e09b8",
                                    "settings": {
                                        "_column_size": 100,
                                        "_inline_size": null,
                                        "padding": {
                                            "unit": "px",
                                            "top": "0",
                                            "right": "30",
                                            "bottom": "0",
                                            "left": "30",
                                            "isLinked": false
                                        }
                                    },
                                    "elements": [
                                        {
                                            "id": "186d2754",
                                            "settings": {
                                                "text": "Divider",
                                                "gap": {
                                                    "unit": "px",
                                                    "size": "0",
                                                    "sizes": []
                                                },
                                                "__globals__": {
                                                    "color": "globals\/colors?id=785b64d"
                                                },
                                                "gap_mobile": {
                                                    "unit": "px",
                                                    "size": "0",
                                                    "sizes": []
                                                }
                                            },
                                            "elements": [],
                                            "isInner": false,
                                            "widgetType": "divider",
                                            "elType": "widget"
                                        }
                                    ],
                                    "isInner": true,
                                    "elType": "column"
                                }
                            ],
                            "isInner": true,
                            "elType": "section"
                        },
                        {
                            "id": "607f3eb2",
                            "settings": {
                                "gap": "wider",
                                "margin": {
                                    "unit": "px",
                                    "top": "0",
                                    "right": 0,
                                    "bottom": "0",
                                    "left": 0,
                                    "isLinked": false
                                },
                                "structure": "20",
                                "reverse_order_mobile": "reverse-mobile"
                            },
                            "elements": [
                                {
                                    "id": "688b9409",
                                    "settings": {
                                        "_column_size": 50,
                                        "_inline_size": 52.544,
                                        "padding": {
                                            "unit": "px",
                                            "top": "0",
                                            "right": "30",
                                            "bottom": "0",
                                            "left": "16",
                                            "isLinked": false
                                        },
                                        "content_position": "center",
                                        "_inline_size_tablet": 20,
                                        "_inline_size_mobile": 40,
                                        "align_mobile": "flex-end",
                                        "padding_mobile": {
                                            "unit": "px",
                                            "top": "8",
                                            "right": "30",
                                            "bottom": "8",
                                            "left": "30",
                                            "isLinked": false
                                        }
                                    },
                                    "elements": [
                                        {
                                            "id": "15db45c9",
                                            "settings": {
                                                "menu_typography_typography": "custom",
                                                "menu_typography_font_size": {
                                                    "unit": "px",
                                                    "size": "15",
                                                    "sizes": []
                                                },
                                                "menu_typography_font_weight": "600",
                                                "padding_horizontal_menu_item": {
                                                    "unit": "px",
                                                    "size": "0",
                                                    "sizes": []
                                                },
                                                "menu_space_between": {
                                                    "unit": "px",
                                                    "size": 0,
                                                    "sizes": []
                                                },
                                                "__globals__": {
                                                    "color_menu_item": "globals\/colors?id=secondary",
                                                    "dropdown_border_color": "globals\/colors?id=ec25634",
                                                    "toggle_background_color": "globals\/colors?id=primary",
                                                    "toggle_color": "globals\/colors?id=ec25634",
                                                    "color_menu_item_hover": "globals\/colors?id=primary",
                                                    "color_menu_item_active": "globals\/colors?id=primary",
                                                    "background_color_dropdown_item_hover": "globals\/colors?id=07414c8",
                                                    "color_dropdown_item_hover": "globals\/colors?id=primary",
                                                    "color_dropdown_item_active": "globals\/colors?id=primary"
                                                },
                                                "indicator": "chevron",
                                                "dropdown_typography_typography": "custom",
                                                "dropdown_typography_font_size": {
                                                    "unit": "px",
                                                    "size": "15",
                                                    "sizes": []
                                                },
                                                "dropdown_typography_font_weight": "600",
                                                "dropdown_border_border": "solid",
                                                "dropdown_border_width": {
                                                    "unit": "px",
                                                    "top": "16",
                                                    "right": "32",
                                                    "bottom": "16",
                                                    "left": "16",
                                                    "isLinked": ""
                                                },
                                                "dropdown_border_radius": {
                                                    "unit": "px",
                                                    "top": "3",
                                                    "right": "3",
                                                    "bottom": "3",
                                                    "left": "3",
                                                    "isLinked": "1"
                                                },
                                                "dropdown_box_shadow_box_shadow_type": "yes",
                                                "dropdown_box_shadow_box_shadow": {
                                                    "horizontal": "0",
                                                    "vertical": "0",
                                                    "blur": "46",
                                                    "spread": "-10",
                                                    "color": "rgba(0, 0, 0, 0.1)"
                                                },
                                                "padding_vertical_dropdown_item": {
                                                    "unit": "px",
                                                    "size": "8",
                                                    "sizes": []
                                                },
                                                "align_items": "justify",
                                                "full_width": "stretch",
                                                "_element_width_tablet": "auto",
                                                "pointer": "none",
                                                "padding_horizontal_dropdown_item_mobile": {
                                                    "unit": "px",
                                                    "size": "27",
                                                    "sizes": []
                                                },
                                                "_margin": {
                                                    "unit": "px",
                                                    "top": "0",
                                                    "right": "48",
                                                    "bottom": "0",
                                                    "left": "0",
                                                    "isLinked": ""
                                                },
                                                "_margin_mobile": {
                                                    "unit": "px",
                                                    "top": "0",
                                                    "right": "0",
                                                    "bottom": "0",
                                                    "left": "0",
                                                    "isLinked": ""
                                                },
                                                "_margin_tablet": {
                                                    "unit": "px",
                                                    "top": "0",
                                                    "right": "0",
                                                    "bottom": "0",
                                                    "left": "0",
                                                    "isLinked": ""
                                                }
                                            },
                                            "elements": [],
                                            "isInner": false,
                                            "widgetType": "nav-menu",
                                            "elType": "widget"
                                        }
                                    ],
                                    "isInner": true,
                                    "elType": "column"
                                },
                                {
                                    "id": "3dd2f2a",
                                    "settings": {
                                        "_column_size": 50,
                                        "_inline_size": 47.326,
                                        "content_position": "center",
                                        "align": "flex-end",
                                        "_inline_size_tablet": 80,
                                        "_inline_size_mobile": 60,
                                        "padding_mobile": {
                                            "unit": "px",
                                            "top": "12",
                                            "right": "30",
                                            "bottom": "12",
                                            "left": "30",
                                            "isLinked": false
                                        }
                                    },
                                    "elements": [
                                        {
                                            "id": "50e225c8",
                                            "settings": {
                                                "image": {
                                                    "url": "http:\/\/kit.detheme.com\/rickandsons\/wp-content\/uploads\/sites\/45\/2020\/12\/rickson-dark.png",
                                                    "id": 1900
                                                },
                                                "width": {
                                                    "unit": "px",
                                                    "size": 0,
                                                    "sizes": []
                                                },
                                                "width_mobile": {
                                                    "unit": "px",
                                                    "size": 32,
                                                    "sizes": []
                                                },
                                                "_margin": {
                                                    "unit": "px",
                                                    "top": "-1000",
                                                    "right": "0",
                                                    "bottom": "0",
                                                    "left": "0",
                                                    "isLinked": false
                                                },
                                                "_margin_mobile": {
                                                    "unit": "px",
                                                    "top": "0",
                                                    "right": "0",
                                                    "bottom": "0",
                                                    "left": "0",
                                                    "isLinked": false
                                                },
                                                "align_mobile": "left"
                                            },
                                            "elements": [],
                                            "isInner": false,
                                            "widgetType": "image",
                                            "elType": "widget"
                                        },
                                        {
                                            "id": "7b9abd06",
                                            "settings": {
                                                "selected_icon": {
                                                    "value": "icon dticon-call-outline",
                                                    "library": "dticon"
                                                },
                                                "title_text": " 1-777-400-9821",
                                                "description_text": "Call us",
                                                "position": "left",
                                                "title_size": "div",
                                                "icon_size": {
                                                    "unit": "px",
                                                    "size": 27,
                                                    "sizes": []
                                                },
                                                "_element_width": "auto",
                                                "__globals__": {
                                                    "primary_color": "globals\/colors?id=primary",
                                                    "title_typography_typography": "globals\/typography?id=47eb6c6",
                                                    "title_color": "globals\/colors?id=secondary"
                                                },
                                                "icon_space": {
                                                    "unit": "px",
                                                    "size": 24,
                                                    "sizes": []
                                                },
                                                "_margin": {
                                                    "unit": "px",
                                                    "top": "0",
                                                    "right": "48",
                                                    "bottom": "0",
                                                    "left": "0",
                                                    "isLinked": false
                                                },
                                                "_margin_mobile": {
                                                    "unit": "px",
                                                    "top": "-1000",
                                                    "right": "0",
                                                    "bottom": "0",
                                                    "left": "0",
                                                    "isLinked": false
                                                },
                                                "__dynamic__": []
                                            },
                                            "elements": [],
                                            "isInner": false,
                                            "widgetType": "icon-box",
                                            "elType": "widget"
                                        },
                                        {
                                            "id": "346906d1",
                                            "settings": {
                                                "selected_icon": {
                                                    "value": "icon dticon-map-outline",
                                                    "library": "dticon"
                                                },
                                                "title_text": "8305 Arch Ave \u2028Chaska",
                                                "description_text": "San Francisco, SF 55318",
                                                "position": "left",
                                                "title_size": "div",
                                                "icon_size": {
                                                    "unit": "px",
                                                    "size": 27,
                                                    "sizes": []
                                                },
                                                "_element_width": "auto",
                                                "__globals__": {
                                                    "primary_color": "globals\/colors?id=primary",
                                                    "title_typography_typography": "globals\/typography?id=47eb6c6",
                                                    "title_color": "globals\/colors?id=secondary"
                                                },
                                                "icon_space": {
                                                    "unit": "px",
                                                    "size": 24,
                                                    "sizes": []
                                                },
                                                "_margin": {
                                                    "unit": "px",
                                                    "top": "0",
                                                    "right": "0",
                                                    "bottom": "0",
                                                    "left": "0",
                                                    "isLinked": false
                                                },
                                                "_margin_mobile": {
                                                    "unit": "px",
                                                    "top": "-1000",
                                                    "right": "0",
                                                    "bottom": "0",
                                                    "left": "0",
                                                    "isLinked": false
                                                }
                                            },
                                            "elements": [],
                                            "isInner": false,
                                            "widgetType": "icon-box",
                                            "elType": "widget"
                                        }
                                    ],
                                    "isInner": true,
                                    "elType": "column"
                                }
                            ],
                            "isInner": true,
                            "elType": "section"
                        }
                    ],
                    "isInner": "",
                    "elType": "column"
                }
            ],
            "isInner": "",
            "elType": "section"
        }
    ]
}