{
    "version": "0.4",
    "title": "Login",
    "type": "section",
    "metadata": {
        "template_type": "section-other",
        "include_in_zip": "1",
        "elementor_pro_required": "1",
        "wp_page_template": "elementor_canvas"
    },
    "content": [
        {
            "id": "6811f81",
            "settings": {
                "structure": "20",
                "gap": "wider",
                "padding": {
                    "unit": "px",
                    "top": "0",
                    "right": "0",
                    "bottom": "0",
                    "left": "0",
                    "isLinked": false
                },
                "padding_tablet": {
                    "unit": "px",
                    "top": "0",
                    "right": "0",
                    "bottom": "0",
                    "left": "0",
                    "isLinked": false
                },
                "layout": "full_width",
                "height": "min-height",
                "custom_height": {
                    "unit": "vh",
                    "size": 100,
                    "sizes": []
                },
                "column_position": "stretch",
                "custom_height_mobile": {
                    "unit": "px",
                    "size": 0,
                    "sizes": []
                },
                "reverse_order_mobile": "reverse-mobile"
            },
            "elements": [
                {
                    "id": "4e481f02",
                    "settings": {
                        "_column_size": 50,
                        "_inline_size": 22.463,
                        "content_position": "space-between",
                        "background_background": "classic",
                        "padding": {
                            "unit": "px",
                            "top": "0",
                            "right": "0",
                            "bottom": "0",
                            "left": "0",
                            "isLinked": true
                        },
                        "__globals__": {
                            "background_color": "globals\/colors?id=d3ae19d"
                        },
                        "_inline_size_tablet": 40
                    },
                    "elements": [
                        {
                            "id": "290620f",
                            "settings": {
                                "gap": "no",
                                "content_width": {
                                    "unit": "px",
                                    "size": 400,
                                    "sizes": []
                                },
                                "margin": {
                                    "unit": "px",
                                    "top": "64",
                                    "right": 0,
                                    "bottom": "0",
                                    "left": 0,
                                    "isLinked": false
                                },
                                "margin_mobile": {
                                    "unit": "px",
                                    "top": "48",
                                    "right": 0,
                                    "bottom": "0",
                                    "left": 0,
                                    "isLinked": false
                                }
                            },
                            "elements": [
                                {
                                    "id": "2a184b89",
                                    "settings": {
                                        "_column_size": 100,
                                        "_inline_size": null
                                    },
                                    "elements": [
                                        {
                                            "id": "2a725665",
                                            "settings": {
                                                "image": {
                                                    "url": "http:\/\/kit.detheme.com\/rickandsons\/wp-content\/uploads\/sites\/45\/2020\/12\/dark.png",
                                                    "id": 84
                                                },
                                                "width": {
                                                    "unit": "px",
                                                    "size": 135,
                                                    "sizes": []
                                                },
                                                "_margin": {
                                                    "unit": "px",
                                                    "top": "0",
                                                    "right": "0",
                                                    "bottom": "8",
                                                    "left": "0",
                                                    "isLinked": false
                                                }
                                            },
                                            "elements": [],
                                            "isInner": false,
                                            "widgetType": "image",
                                            "elType": "widget"
                                        },
                                        {
                                            "id": "222dec8f",
                                            "settings": {
                                                "title": "Sign in to Rick and Sons",
                                                "header_size": "h6",
                                                "align": "center"
                                            },
                                            "elements": [],
                                            "isInner": false,
                                            "widgetType": "heading",
                                            "elType": "widget"
                                        }
                                    ],
                                    "isInner": true,
                                    "elType": "column"
                                }
                            ],
                            "isInner": true,
                            "elType": "section"
                        },
                        {
                            "id": "44a3a68",
                            "settings": {
                                "gap": "no",
                                "margin": {
                                    "unit": "px",
                                    "top": "0",
                                    "right": 0,
                                    "bottom": "0",
                                    "left": 0,
                                    "isLinked": false
                                },
                                "padding": {
                                    "unit": "%",
                                    "top": "13",
                                    "right": "13",
                                    "bottom": "13",
                                    "left": "13",
                                    "isLinked": true
                                }
                            },
                            "elements": [
                                {
                                    "id": "51f6a4f",
                                    "settings": {
                                        "_column_size": 100,
                                        "_inline_size": null
                                    },
                                    "elements": [
                                        {
                                            "id": "4cd300de",
                                            "settings": {
                                                "button_text": "Log In",
                                                "user_label": "Username or Email Address",
                                                "user_placeholder": "Username or Email Address",
                                                "password_label": "Password",
                                                "password_placeholder": "Password",
                                                "row_gap": {
                                                    "unit": "px",
                                                    "size": 12,
                                                    "sizes": []
                                                },
                                                "label_typography_typography": "custom",
                                                "label_typography_font_size": {
                                                    "unit": "px",
                                                    "size": 13,
                                                    "sizes": []
                                                },
                                                "label_typography_text_transform": "none",
                                                "label_typography_line_height": {
                                                    "unit": "em",
                                                    "size": 2.5,
                                                    "sizes": []
                                                },
                                                "label_typography_letter_spacing": {
                                                    "unit": "px",
                                                    "size": 0,
                                                    "sizes": []
                                                },
                                                "__globals__": {
                                                    "label_typography_typography": ""
                                                }
                                            },
                                            "elements": [],
                                            "isInner": false,
                                            "widgetType": "login",
                                            "elType": "widget"
                                        }
                                    ],
                                    "isInner": true,
                                    "elType": "column"
                                }
                            ],
                            "isInner": true,
                            "elType": "section"
                        },
                        {
                            "id": "f8c2073",
                            "settings": {
                                "gap": "no",
                                "margin": {
                                    "unit": "px",
                                    "top": "0",
                                    "right": 0,
                                    "bottom": "64",
                                    "left": 0,
                                    "isLinked": false
                                },
                                "margin_mobile": {
                                    "unit": "px",
                                    "top": "0",
                                    "right": 0,
                                    "bottom": "24",
                                    "left": 0,
                                    "isLinked": false
                                }
                            },
                            "elements": [
                                {
                                    "id": "112a3b22",
                                    "settings": {
                                        "_column_size": 100,
                                        "_inline_size": null
                                    },
                                    "elements": [
                                        {
                                            "id": "7eadf552",
                                            "settings": {
                                                "social_icon_list": [
                                                    {
                                                        "social_icon": {
                                                            "value": "fab fa-facebook",
                                                            "library": "fa-brands"
                                                        },
                                                        "_id": "66de1fb"
                                                    },
                                                    {
                                                        "social_icon": {
                                                            "value": "fab fa-twitter",
                                                            "library": "fa-brands"
                                                        },
                                                        "_id": "ba15bdb"
                                                    },
                                                    {
                                                        "social_icon": {
                                                            "value": "fab fa-youtube",
                                                            "library": "fa-brands"
                                                        },
                                                        "_id": "38e369c",
                                                        "link": {
                                                            "url": "#",
                                                            "is_external": "true",
                                                            "nofollow": "",
                                                            "custom_attributes": ""
                                                        }
                                                    },
                                                    {
                                                        "social_icon": {
                                                            "value": "fab fa-pinterest",
                                                            "library": "fa-brands"
                                                        },
                                                        "link": {
                                                            "url": "#",
                                                            "is_external": "true",
                                                            "nofollow": "",
                                                            "custom_attributes": ""
                                                        },
                                                        "_id": "d80f03e"
                                                    }
                                                ],
                                                "icon_color": "custom",
                                                "icon_size": {
                                                    "unit": "px",
                                                    "size": 14,
                                                    "sizes": []
                                                },
                                                "image_border_border": "solid",
                                                "image_border_width": {
                                                    "unit": "px",
                                                    "top": "1",
                                                    "right": "1",
                                                    "bottom": "1",
                                                    "left": "1",
                                                    "isLinked": true
                                                },
                                                "border_radius": {
                                                    "unit": "%",
                                                    "top": "50",
                                                    "right": "50",
                                                    "bottom": "50",
                                                    "left": "50",
                                                    "isLinked": true
                                                },
                                                "_margin": {
                                                    "unit": "px",
                                                    "top": "0",
                                                    "right": "0",
                                                    "bottom": "-11",
                                                    "left": "0",
                                                    "isLinked": false
                                                },
                                                "__globals__": {
                                                    "icon_secondary_color": "globals\/colors?id=secondary",
                                                    "icon_primary_color": "globals\/colors?id=07414c8",
                                                    "image_border_color": "globals\/colors?id=text"
                                                }
                                            },
                                            "elements": [],
                                            "isInner": false,
                                            "widgetType": "social-icons",
                                            "elType": "widget"
                                        }
                                    ],
                                    "isInner": true,
                                    "elType": "column"
                                }
                            ],
                            "isInner": true,
                            "elType": "section"
                        }
                    ],
                    "isInner": false,
                    "elType": "column"
                },
                {
                    "id": "4d7eac6a",
                    "settings": {
                        "_column_size": 50,
                        "_inline_size": 77.537,
                        "background_background": "classic",
                        "background_image": {
                            "url": "http:\/\/kit.detheme.com\/rickandsons\/wp-content\/uploads\/sites\/45\/2020\/12\/Image-E8FTYKK.jpg",
                            "id": 1259
                        },
                        "background_size": "cover",
                        "_inline_size_tablet": 60
                    },
                    "elements": [
                        {
                            "id": "7eb0b04b",
                            "settings": {
                                "space": {
                                    "unit": "vh",
                                    "size": 30,
                                    "sizes": []
                                }
                            },
                            "elements": [],
                            "isInner": false,
                            "widgetType": "spacer",
                            "elType": "widget"
                        }
                    ],
                    "isInner": false,
                    "elType": "column"
                }
            ],
            "isInner": false,
            "elType": "section"
        }
    ]
}