{
    "version": "0.4",
    "title": "Shop",
    "type": "page",
    "metadata": {
        "template_type": "single-page",
        "include_in_zip": "1",
        "elementor_pro_required": "1",
        "wp_page_template": "default"
    },
    "content": [
        {
            "id": "18c83bca",
            "settings": {
                "gap": "wider",
                "background_background": "classic",
                "padding": {
                    "unit": "px",
                    "top": "96",
                    "right": "0",
                    "bottom": "96",
                    "left": "0",
                    "isLinked": false
                },
                "__globals__": {
                    "background_color": "globals\/colors?id=d3ae19d",
                    "background_overlay_color": "globals\/colors?id=a047deb"
                },
                "background_image": {
                    "url": "http:\/\/kit.detheme.com\/rickandsons\/wp-content\/uploads\/sites\/45\/2020\/12\/hardware-store-assortment-angle-grinders-EYHBYPT.jpg",
                    "id": 649
                },
                "background_position": "center center",
                "background_size": "cover",
                "background_overlay_background": "classic",
                "background_overlay_opacity": {
                    "unit": "px",
                    "size": 0.37,
                    "sizes": []
                },
                "padding_mobile": {
                    "unit": "px",
                    "top": "64",
                    "right": "0",
                    "bottom": "64",
                    "left": "0",
                    "isLinked": false
                },
                "height": "min-height",
                "custom_height": {
                    "unit": "px",
                    "size": 300,
                    "sizes": []
                },
                "custom_height_tablet": {
                    "unit": "px",
                    "size": 100,
                    "sizes": []
                }
            },
            "elements": [
                {
                    "id": "7a2fadcb",
                    "settings": {
                        "_column_size": 100,
                        "_inline_size": null
                    },
                    "elements": [
                        {
                            "id": "636c490c",
                            "settings": {
                                "title": "our new store",
                                "header_size": "div",
                                "_margin": {
                                    "unit": "px",
                                    "top": "0",
                                    "right": "0",
                                    "bottom": "16",
                                    "left": "0",
                                    "isLinked": false
                                },
                                "__globals__": {
                                    "title_color": "globals\/colors?id=ec25634",
                                    "typography_typography": "globals\/typography?id=text"
                                },
                                "align_mobile": "center",
                                "align": "center",
                                "_animation": "fadeInDown"
                            },
                            "elements": [],
                            "isInner": false,
                            "widgetType": "heading",
                            "elType": "widget"
                        },
                        {
                            "id": "4d93cd65",
                            "settings": {
                                "title": "Shop",
                                "header_size": "h1",
                                "align_mobile": "center",
                                "__globals__": {
                                    "title_color": "globals\/colors?id=ec25634"
                                },
                                "_animation": "fadeInLeft",
                                "align": "center"
                            },
                            "elements": [],
                            "isInner": false,
                            "widgetType": "heading",
                            "elType": "widget"
                        }
                    ],
                    "isInner": false,
                    "elType": "column"
                }
            ],
            "isInner": false,
            "elType": "section"
        },
        {
            "id": "48388c4a",
            "settings": {
                "gap": "wider",
                "structure": "30",
                "padding": {
                    "unit": "px",
                    "top": "0",
                    "right": "0",
                    "bottom": "0",
                    "left": "0",
                    "isLinked": ""
                },
                "padding_tablet": {
                    "unit": "px",
                    "top": "48",
                    "right": "0",
                    "bottom": "0",
                    "left": "0",
                    "isLinked": ""
                },
                "overflow": "hidden",
                "margin": {
                    "unit": "px",
                    "top": "0",
                    "right": "0",
                    "bottom": "0",
                    "left": "0",
                    "isLinked": ""
                },
                "margin_mobile": {
                    "unit": "px",
                    "top": "0",
                    "right": "0",
                    "bottom": "0",
                    "left": "0",
                    "isLinked": ""
                },
                "margin_tablet": {
                    "unit": "px",
                    "top": "0",
                    "right": "0",
                    "bottom": "0",
                    "left": "0",
                    "isLinked": ""
                }
            },
            "elements": [
                {
                    "id": "2c2b2d69",
                    "settings": {
                        "_column_size": "33",
                        "_inline_size": "67.632",
                        "_inline_size_tablet": "100",
                        "padding": {
                            "unit": "px",
                            "top": "128",
                            "right": "30",
                            "bottom": "0",
                            "left": "30",
                            "isLinked": ""
                        },
                        "padding_mobile": {
                            "unit": "px",
                            "top": "30",
                            "right": "30",
                            "bottom": "30",
                            "left": "30",
                            "isLinked": "1"
                        },
                        "padding_tablet": {
                            "unit": "px",
                            "top": "0",
                            "right": "30",
                            "bottom": "0",
                            "left": "30",
                            "isLinked": ""
                        }
                    },
                    "elements": [
                        {
                            "id": "2bdc3d07",
                            "settings": {
                                "column_gap": {
                                    "unit": "px",
                                    "size": 24,
                                    "sizes": []
                                },
                                "row_gap": {
                                    "unit": "px",
                                    "size": 80,
                                    "sizes": []
                                },
                                "align": "center",
                                "title_spacing": {
                                    "unit": "px",
                                    "size": 0,
                                    "sizes": []
                                },
                                "price_color": "#6B6B6B",
                                "price_typography_typography": "custom",
                                "price_typography_font_size": {
                                    "unit": "px",
                                    "size": 16,
                                    "sizes": []
                                },
                                "button_background_color": "rgba(2, 1, 1, 0)",
                                "button_typography_typography": "custom",
                                "button_typography_font_size": {
                                    "unit": "px",
                                    "size": 12,
                                    "sizes": []
                                },
                                "button_typography_font_weight": "500",
                                "button_typography_text_transform": "uppercase",
                                "button_typography_line_height": {
                                    "unit": "em",
                                    "size": 1.5,
                                    "sizes": []
                                },
                                "button_typography_letter_spacing": {
                                    "unit": "px",
                                    "size": 1.4,
                                    "sizes": []
                                },
                                "button_hover_color": "#000000",
                                "button_hover_border_color": "#000000",
                                "button_border_border": "solid",
                                "button_border_width": {
                                    "unit": "px",
                                    "top": "0",
                                    "right": "0",
                                    "bottom": "1",
                                    "left": "0",
                                    "isLinked": false
                                },
                                "button_border_radius": {
                                    "unit": "px",
                                    "top": "0",
                                    "right": "0",
                                    "bottom": "0",
                                    "left": "0",
                                    "isLinked": true
                                },
                                "button_text_padding": {
                                    "unit": "px",
                                    "top": "0",
                                    "right": "0",
                                    "bottom": "0",
                                    "left": "0",
                                    "isLinked": false
                                },
                                "onsale_typography_typography": "custom",
                                "onsale_typography_font_size": {
                                    "unit": "px",
                                    "size": 10,
                                    "sizes": []
                                },
                                "onsale_typography_font_weight": "500",
                                "onsale_typography_text_transform": "uppercase",
                                "onsale_typography_letter_spacing": {
                                    "unit": "px",
                                    "size": 1.2,
                                    "sizes": []
                                },
                                "onsale_width": {
                                    "unit": "px",
                                    "size": 48,
                                    "sizes": []
                                },
                                "onsale_height": {
                                    "unit": "px",
                                    "size": 48,
                                    "sizes": []
                                },
                                "onsale_distance": {
                                    "unit": "px",
                                    "size": -10,
                                    "sizes": []
                                },
                                "__globals__": {
                                    "title_typography_typography": "globals\/typography?id=1ce1d7e",
                                    "button_text_color": "globals\/colors?id=primary",
                                    "button_border_color": "globals\/colors?id=primary",
                                    "pagination_link_bg_color_active": "globals\/colors?id=b41e63e",
                                    "pagination_link_color_active": "globals\/colors?id=ec25634",
                                    "onsale_text_background_color": "globals\/colors?id=primary"
                                },
                                "_padding": {
                                    "unit": "px",
                                    "top": "0",
                                    "right": "0",
                                    "bottom": "96",
                                    "left": "0",
                                    "isLinked": false
                                },
                                "paginate": "yes",
                                "pagination_spacing": {
                                    "unit": "px",
                                    "size": 96,
                                    "sizes": []
                                },
                                "show_pagination_border": "",
                                "_animation": "fadeInDown"
                            },
                            "elements": [],
                            "isInner": false,
                            "widgetType": "woocommerce-products",
                            "elType": "widget"
                        }
                    ],
                    "isInner": "",
                    "elType": "column"
                },
                {
                    "id": "a504f3e",
                    "settings": {
                        "_column_size": "33",
                        "_inline_size": "2.017"
                    },
                    "elements": [],
                    "isInner": "",
                    "elType": "column"
                },
                {
                    "id": "276803ba",
                    "settings": {
                        "_column_size": "33",
                        "_inline_size": "29.924",
                        "_inline_size_tablet": "100",
                        "padding": {
                            "unit": "px",
                            "top": "128",
                            "right": "48",
                            "bottom": "48",
                            "left": "48",
                            "isLinked": ""
                        },
                        "background_background": "classic",
                        "padding_mobile": {
                            "unit": "px",
                            "top": "48",
                            "right": "30",
                            "bottom": "48",
                            "left": "30",
                            "isLinked": ""
                        },
                        "__globals__": {
                            "background_color": "globals\/colors?id=d3ae19d"
                        },
                        "padding_tablet": {
                            "unit": "px",
                            "top": "48",
                            "right": "30",
                            "bottom": "48",
                            "left": "30",
                            "isLinked": ""
                        }
                    },
                    "elements": [
                        {
                            "id": "2f1dee75",
                            "settings": {
                                "placeholder": "Search...",
                                "button_text": "go",
                                "size": {
                                    "unit": "px",
                                    "size": 38,
                                    "sizes": []
                                },
                                "border_radius": {
                                    "unit": "px",
                                    "size": 4,
                                    "sizes": []
                                },
                                "_margin": {
                                    "unit": "px",
                                    "top": "0",
                                    "right": "0",
                                    "bottom": "48",
                                    "left": "0",
                                    "isLinked": ""
                                },
                                "icon": "arrow",
                                "button_type": "text",
                                "button_width": {
                                    "unit": "px",
                                    "size": 1,
                                    "sizes": []
                                },
                                "__globals__": {
                                    "input_background_color": "globals\/colors?id=ec25634",
                                    "input_border_color": "",
                                    "button_typography_typography": "globals\/typography?id=secondary",
                                    "button_background_color": "globals\/colors?id=primary",
                                    "button_text_color": "globals\/colors?id=ec25634"
                                },
                                "button_typography_typography": "custom",
                                "button_typography_font_size": {
                                    "unit": "px",
                                    "size": "11",
                                    "sizes": []
                                },
                                "button_typography_font_weight": "700",
                                "button_typography_text_transform": "uppercase",
                                "button_typography_line_height": {
                                    "unit": "em",
                                    "size": "1.5",
                                    "sizes": []
                                },
                                "button_typography_letter_spacing": {
                                    "unit": "px",
                                    "size": "3",
                                    "sizes": []
                                },
                                "button_background_color": "#FB700E",
                                "button_border_width": {
                                    "unit": "px",
                                    "top": "0",
                                    "right": "0",
                                    "bottom": "0",
                                    "left": "0",
                                    "isLinked": true
                                }
                            },
                            "elements": [],
                            "isInner": false,
                            "widgetType": "search-form",
                            "elType": "widget"
                        },
                        {
                            "id": "6e885aa7",
                            "settings": {
                                "margin": {
                                    "unit": "px",
                                    "top": "0",
                                    "right": "0",
                                    "bottom": "48",
                                    "left": "0",
                                    "isLinked": ""
                                }
                            },
                            "elements": [
                                {
                                    "id": "38945453",
                                    "settings": {
                                        "_column_size": "100",
                                        "padding": {
                                            "unit": "px",
                                            "top": "0",
                                            "right": "0",
                                            "bottom": "0",
                                            "left": "0",
                                            "isLinked": ""
                                        }
                                    },
                                    "elements": [
                                        {
                                            "id": "6ad8e20b",
                                            "settings": {
                                                "width": {
                                                    "unit": "px",
                                                    "size": 186,
                                                    "sizes": []
                                                },
                                                "align": "left",
                                                "look": "line_text",
                                                "text": "Categories",
                                                "text_align": "left",
                                                "__globals__": {
                                                    "typography_typography": "globals\/typography?id=48207f0",
                                                    "text_color": "globals\/colors?id=secondary"
                                                }
                                            },
                                            "elements": [],
                                            "isInner": false,
                                            "widgetType": "divider",
                                            "elType": "widget"
                                        },
                                        {
                                            "id": "41db3480",
                                            "settings": {
                                                "columns": "2",
                                                "column_gap": {
                                                    "unit": "px",
                                                    "size": "22",
                                                    "sizes": []
                                                },
                                                "title_typography_typography": "custom",
                                                "title_typography_font_size": {
                                                    "unit": "px",
                                                    "size": "15",
                                                    "sizes": []
                                                },
                                                "count_color": "#ADADAD",
                                                "count_typography_typography": "custom",
                                                "count_typography_font_size": {
                                                    "unit": "px",
                                                    "size": "12",
                                                    "sizes": []
                                                },
                                                "number": "6",
                                                "source": "by_parent",
                                                "columns_tablet": "2",
                                                "_padding": {
                                                    "unit": "px",
                                                    "top": "0",
                                                    "right": "0",
                                                    "bottom": "0",
                                                    "left": "0",
                                                    "isLinked": false
                                                }
                                            },
                                            "elements": [],
                                            "isInner": false,
                                            "widgetType": "wc-categories",
                                            "elType": "widget"
                                        }
                                    ],
                                    "isInner": "1",
                                    "elType": "column"
                                }
                            ],
                            "isInner": "1",
                            "elType": "section"
                        },
                        {
                            "id": "1a9b2ad5",
                            "settings": {
                                "margin": {
                                    "unit": "px",
                                    "top": "0",
                                    "right": "0",
                                    "bottom": "48",
                                    "left": "0",
                                    "isLinked": ""
                                }
                            },
                            "elements": [
                                {
                                    "id": "4c1a7203",
                                    "settings": {
                                        "_column_size": "100",
                                        "padding": {
                                            "unit": "px",
                                            "top": "0",
                                            "right": "0",
                                            "bottom": "0",
                                            "left": "0",
                                            "isLinked": ""
                                        }
                                    },
                                    "elements": [
                                        {
                                            "id": "13deabb4",
                                            "settings": {
                                                "width": {
                                                    "unit": "px",
                                                    "size": 186,
                                                    "sizes": []
                                                },
                                                "align": "left",
                                                "look": "line_text",
                                                "text": "Testimonials",
                                                "text_align": "left",
                                                "__globals__": {
                                                    "typography_typography": "globals\/typography?id=48207f0",
                                                    "text_color": "globals\/colors?id=secondary"
                                                }
                                            },
                                            "elements": [],
                                            "isInner": false,
                                            "widgetType": "divider",
                                            "elType": "widget"
                                        },
                                        {
                                            "id": "eabd6d4",
                                            "settings": {
                                                "slides": [
                                                    {
                                                        "content": "\u201cLorem ipsum dolor sit amet, consectetur adipiscing elit. Ut elit tellus, luctus nec ullamcorper mattis, pulvinar dapibus leo\u201d",
                                                        "name": "John Doe",
                                                        "title": "Accountant, Colibri",
                                                        "_id": "074a119"
                                                    },
                                                    {
                                                        "content": "\u201cLorem ipsum dolor sit amet, consectetur adipiscing elit. Ut elit tellus, luctus nec ullamcorper mattis, pulvinar dapibus leo\u201d",
                                                        "name": "Max Powell",
                                                        "title": "CEO, Falcon",
                                                        "_id": "eb46ccf"
                                                    },
                                                    {
                                                        "content": "\u201cLorem ipsum dolor sit amet, consectetur adipiscing elit. Ut elit tellus, luctus nec ullamcorper mattis, pulvinar dapibus leo\u201d",
                                                        "name": "Alex Palo",
                                                        "title": "Owner, Eagle",
                                                        "_id": "5439117"
                                                    }
                                                ],
                                                "alignment": "left",
                                                "show_arrows": "",
                                                "speed": "900",
                                                "slide_padding": {
                                                    "unit": "px",
                                                    "top": "0",
                                                    "right": "0",
                                                    "bottom": "0",
                                                    "left": "0",
                                                    "isLinked": ""
                                                },
                                                "content_typography_typography": "custom",
                                                "content_typography_font_size": {
                                                    "unit": "px",
                                                    "size": "18",
                                                    "sizes": []
                                                },
                                                "content_typography_font_weight": "100",
                                                "content_typography_font_style": "normal",
                                                "name_color": "#333333",
                                                "name_typography_typography": "custom",
                                                "name_typography_font_size": {
                                                    "unit": "px",
                                                    "size": "16",
                                                    "sizes": []
                                                },
                                                "name_typography_font_weight": "700",
                                                "title_typography_typography": "custom",
                                                "title_typography_font_size": {
                                                    "unit": "px",
                                                    "size": "11",
                                                    "sizes": []
                                                },
                                                "title_typography_font_weight": "500",
                                                "title_typography_text_transform": "uppercase",
                                                "title_typography_letter_spacing": {
                                                    "unit": "px",
                                                    "size": "1",
                                                    "sizes": []
                                                },
                                                "_margin": {
                                                    "unit": "px",
                                                    "top": "0",
                                                    "right": "-9",
                                                    "bottom": "0",
                                                    "left": "-9",
                                                    "isLinked": ""
                                                },
                                                "__globals__": {
                                                    "title_typography_typography": ""
                                                },
                                                "_padding": {
                                                    "unit": "px",
                                                    "top": "0",
                                                    "right": "0",
                                                    "bottom": "0",
                                                    "left": "0",
                                                    "isLinked": false
                                                }
                                            },
                                            "elements": [],
                                            "isInner": false,
                                            "widgetType": "testimonial-carousel",
                                            "elType": "widget"
                                        }
                                    ],
                                    "isInner": "1",
                                    "elType": "column"
                                }
                            ],
                            "isInner": "1",
                            "elType": "section"
                        },
                        {
                            "id": "3ca5b23f",
                            "settings": {
                                "margin": {
                                    "unit": "px",
                                    "top": "0",
                                    "right": "0",
                                    "bottom": "48",
                                    "left": "0",
                                    "isLinked": ""
                                }
                            },
                            "elements": [
                                {
                                    "id": "105d480f",
                                    "settings": {
                                        "_column_size": "100",
                                        "padding": {
                                            "unit": "px",
                                            "top": "0",
                                            "right": "0",
                                            "bottom": "0",
                                            "left": "0",
                                            "isLinked": ""
                                        }
                                    },
                                    "elements": [
                                        {
                                            "id": "38dc634d",
                                            "settings": {
                                                "width": {
                                                    "unit": "px",
                                                    "size": 186,
                                                    "sizes": []
                                                },
                                                "align": "left",
                                                "look": "line_text",
                                                "text": "Follow us",
                                                "text_align": "left",
                                                "__globals__": {
                                                    "typography_typography": "globals\/typography?id=48207f0",
                                                    "text_color": "globals\/colors?id=secondary"
                                                }
                                            },
                                            "elements": [],
                                            "isInner": false,
                                            "widgetType": "divider",
                                            "elType": "widget"
                                        },
                                        {
                                            "id": "1b58a307",
                                            "settings": {
                                                "social_icon_list": [
                                                    {
                                                        "social_icon": {
                                                            "value": "fab fa-facebook",
                                                            "library": "fa-brands"
                                                        },
                                                        "_id": "137cd67"
                                                    },
                                                    {
                                                        "social_icon": {
                                                            "value": "fab fa-twitter",
                                                            "library": "fa-brands"
                                                        },
                                                        "_id": "eaa720a"
                                                    },
                                                    {
                                                        "social_icon": {
                                                            "value": "fab fa-youtube",
                                                            "library": "fa-brands"
                                                        },
                                                        "_id": "3790639"
                                                    },
                                                    {
                                                        "social_icon": {
                                                            "value": "fab fa-linkedin",
                                                            "library": "fa-brands"
                                                        },
                                                        "_id": "580f044"
                                                    },
                                                    {
                                                        "social_icon": {
                                                            "value": "fab fa-instagram",
                                                            "library": "fa-brands"
                                                        },
                                                        "link": {
                                                            "url": "#",
                                                            "is_external": "true",
                                                            "nofollow": "",
                                                            "custom_attributes": ""
                                                        },
                                                        "_id": "0b75838"
                                                    }
                                                ],
                                                "align": "left",
                                                "icon_color": "custom",
                                                "icon_primary_color": "rgba(255, 255, 255, 0)",
                                                "icon_secondary_color": "#333333",
                                                "icon_size": {
                                                    "unit": "px",
                                                    "size": "17",
                                                    "sizes": []
                                                },
                                                "icon_spacing": {
                                                    "unit": "px",
                                                    "size": "6",
                                                    "sizes": []
                                                },
                                                "image_border_border": "solid",
                                                "image_border_width": {
                                                    "unit": "px",
                                                    "top": "1",
                                                    "right": "1",
                                                    "bottom": "1",
                                                    "left": "1",
                                                    "isLinked": "1"
                                                },
                                                "image_border_color": "#5A5A5A",
                                                "border_radius": {
                                                    "unit": "%",
                                                    "top": "50",
                                                    "right": "50",
                                                    "bottom": "50",
                                                    "left": "50",
                                                    "isLinked": "1"
                                                },
                                                "_margin": {
                                                    "unit": "px",
                                                    "top": "0",
                                                    "right": "0",
                                                    "bottom": "0",
                                                    "left": "0",
                                                    "isLinked": true
                                                },
                                                "_padding": {
                                                    "unit": "px",
                                                    "top": "0",
                                                    "right": "0",
                                                    "bottom": "0",
                                                    "left": "0",
                                                    "isLinked": ""
                                                },
                                                "align_tablet": "center"
                                            },
                                            "elements": [],
                                            "isInner": false,
                                            "widgetType": "social-icons",
                                            "elType": "widget"
                                        }
                                    ],
                                    "isInner": "1",
                                    "elType": "column"
                                }
                            ],
                            "isInner": "1",
                            "elType": "section"
                        },
                        {
                            "id": "133f516a",
                            "settings": {
                                "height_inner": "min-height",
                                "custom_height_inner": {
                                    "unit": "px",
                                    "size": 300,
                                    "sizes": []
                                },
                                "background_background": "classic",
                                "background_image": {
                                    "url": "http:\/\/kit.detheme.com\/rickandsons\/wp-content\/uploads\/sites\/45\/2020\/12\/electric-tools-with-cord-on-black-PWYTFZ6.jpg",
                                    "id": 378
                                },
                                "background_size": "cover",
                                "background_repeat": "no-repeat",
                                "border_width": {
                                    "unit": "px",
                                    "top": "2",
                                    "right": "2",
                                    "bottom": "2",
                                    "left": "2",
                                    "isLinked": "1"
                                },
                                "border_color": "#FFFFFF",
                                "margin": {
                                    "unit": "px",
                                    "top": "0",
                                    "right": 0,
                                    "bottom": "48",
                                    "left": 0,
                                    "isLinked": false
                                },
                                "background_position_tablet": "center center",
                                "background_position": "bottom center"
                            },
                            "elements": [
                                {
                                    "id": "377b3d1b",
                                    "settings": {
                                        "_column_size": "100",
                                        "content_position": "bottom",
                                        "align": "center",
                                        "border_width": {
                                            "unit": "px",
                                            "top": "4",
                                            "right": "4",
                                            "bottom": "4",
                                            "left": "4",
                                            "isLinked": "1"
                                        },
                                        "border_color": "#FFFFFF",
                                        "box_shadow_box_shadow_type": "yes",
                                        "box_shadow_box_shadow": {
                                            "horizontal": "0",
                                            "vertical": "0",
                                            "blur": "0",
                                            "spread": "",
                                            "color": "#FFFFFF"
                                        },
                                        "box_shadow_box_shadow_position": "inset",
                                        "padding": {
                                            "unit": "px",
                                            "top": "0",
                                            "right": "0",
                                            "bottom": "0",
                                            "left": "0",
                                            "isLinked": "1"
                                        }
                                    },
                                    "elements": [
                                        {
                                            "id": "4a3ee6a6",
                                            "settings": {
                                                "title": "Power tools",
                                                "header_size": "h6",
                                                "align": "center",
                                                "title_color": "#333333",
                                                "link": {
                                                    "url": "#",
                                                    "is_external": "",
                                                    "nofollow": "",
                                                    "custom_attributes": ""
                                                },
                                                "_padding": {
                                                    "unit": "px",
                                                    "top": "12",
                                                    "right": "24",
                                                    "bottom": "8",
                                                    "left": "24",
                                                    "isLinked": ""
                                                },
                                                "_z_index": "2",
                                                "_background_background": "classic",
                                                "_element_width": "auto",
                                                "_margin": {
                                                    "unit": "px",
                                                    "top": "0",
                                                    "right": "0",
                                                    "bottom": "0",
                                                    "left": "0",
                                                    "isLinked": ""
                                                },
                                                "__globals__": {
                                                    "_background_color": "globals\/colors?id=d3ae19d"
                                                }
                                            },
                                            "elements": [],
                                            "isInner": false,
                                            "widgetType": "heading",
                                            "elType": "widget"
                                        }
                                    ],
                                    "isInner": "1",
                                    "elType": "column"
                                }
                            ],
                            "isInner": "1",
                            "elType": "section"
                        },
                        {
                            "id": "58c38632",
                            "settings": {
                                "height_inner": "min-height",
                                "custom_height_inner": {
                                    "unit": "px",
                                    "size": 300,
                                    "sizes": []
                                },
                                "background_background": "classic",
                                "background_image": {
                                    "url": "http:\/\/kit.detheme.com\/rickandsons\/wp-content\/uploads\/sites\/45\/2020\/12\/new-shower-head-PUUDMVH.jpg",
                                    "id": 333
                                },
                                "background_size": "cover",
                                "background_repeat": "no-repeat",
                                "border_width": {
                                    "unit": "px",
                                    "top": "2",
                                    "right": "2",
                                    "bottom": "2",
                                    "left": "2",
                                    "isLinked": "1"
                                },
                                "border_color": "#FFFFFF",
                                "margin": {
                                    "unit": "px",
                                    "top": "0",
                                    "right": "0",
                                    "bottom": "0",
                                    "left": "0",
                                    "isLinked": ""
                                },
                                "background_position_tablet": "center center",
                                "background_position": "bottom center"
                            },
                            "elements": [
                                {
                                    "id": "7b0f60a9",
                                    "settings": {
                                        "_column_size": "100",
                                        "content_position": "bottom",
                                        "align": "center",
                                        "border_width": {
                                            "unit": "px",
                                            "top": "4",
                                            "right": "4",
                                            "bottom": "4",
                                            "left": "4",
                                            "isLinked": "1"
                                        },
                                        "border_color": "#FFFFFF",
                                        "box_shadow_box_shadow_type": "yes",
                                        "box_shadow_box_shadow": {
                                            "horizontal": "0",
                                            "vertical": "0",
                                            "blur": "0",
                                            "spread": "",
                                            "color": "#FFFFFF"
                                        },
                                        "box_shadow_box_shadow_position": "inset",
                                        "padding": {
                                            "unit": "px",
                                            "top": "0",
                                            "right": "0",
                                            "bottom": "0",
                                            "left": "0",
                                            "isLinked": "1"
                                        }
                                    },
                                    "elements": [
                                        {
                                            "id": "62b944b1",
                                            "settings": {
                                                "title": "Power tools",
                                                "header_size": "h6",
                                                "align": "center",
                                                "title_color": "#333333",
                                                "link": {
                                                    "url": "#",
                                                    "is_external": "",
                                                    "nofollow": "",
                                                    "custom_attributes": ""
                                                },
                                                "_padding": {
                                                    "unit": "px",
                                                    "top": "12",
                                                    "right": "24",
                                                    "bottom": "8",
                                                    "left": "24",
                                                    "isLinked": ""
                                                },
                                                "_z_index": "2",
                                                "_background_background": "classic",
                                                "_element_width": "auto",
                                                "_margin": {
                                                    "unit": "px",
                                                    "top": "0",
                                                    "right": "0",
                                                    "bottom": "0",
                                                    "left": "0",
                                                    "isLinked": ""
                                                },
                                                "__globals__": {
                                                    "_background_color": "globals\/colors?id=d3ae19d"
                                                }
                                            },
                                            "elements": [],
                                            "isInner": false,
                                            "widgetType": "heading",
                                            "elType": "widget"
                                        }
                                    ],
                                    "isInner": "1",
                                    "elType": "column"
                                }
                            ],
                            "isInner": "1",
                            "elType": "section"
                        }
                    ],
                    "isInner": "",
                    "elType": "column"
                }
            ],
            "isInner": "",
            "elType": "section"
        },
        {
            "id": "4bf434d7",
            "settings": {
                "gap": "wider",
                "padding": {
                    "unit": "px",
                    "top": "0",
                    "right": "0",
                    "bottom": "0",
                    "left": "0",
                    "isLinked": ""
                },
                "padding_tablet": {
                    "unit": "px",
                    "top": "48",
                    "right": "0",
                    "bottom": "48",
                    "left": "0",
                    "isLinked": ""
                }
            },
            "elements": [
                {
                    "id": "2616e302",
                    "settings": {
                        "_column_size": "100",
                        "align": "center",
                        "padding": {
                            "unit": "%",
                            "top": "0",
                            "right": "0",
                            "bottom": "0",
                            "left": "0",
                            "isLinked": ""
                        }
                    },
                    "elements": [
                        {
                            "id": "788b6423",
                            "settings": {
                                "gap": "wider",
                                "structure": "20",
                                "margin": {
                                    "unit": "px",
                                    "top": "0",
                                    "right": 0,
                                    "bottom": "0",
                                    "left": 0,
                                    "isLinked": false
                                }
                            },
                            "elements": [
                                {
                                    "id": "5efe3f33",
                                    "settings": {
                                        "_column_size": 50,
                                        "_inline_size": 32.931
                                    },
                                    "elements": [
                                        {
                                            "id": "15e6907d",
                                            "settings": {
                                                "width": {
                                                    "unit": "px",
                                                    "size": 191,
                                                    "sizes": []
                                                },
                                                "look": "line_text",
                                                "text": "from our blog",
                                                "text_align": "left",
                                                "__globals__": {
                                                    "color": "globals\/colors?id=primary",
                                                    "text_color": "globals\/colors?id=primary",
                                                    "typography_typography": "globals\/typography?id=text"
                                                },
                                                "align_mobile": "center"
                                            },
                                            "elements": [],
                                            "isInner": false,
                                            "widgetType": "divider",
                                            "elType": "widget"
                                        },
                                        {
                                            "id": "69c0faf7",
                                            "settings": {
                                                "title": "Latest news &amp; Articles",
                                                "_margin": {
                                                    "unit": "px",
                                                    "top": "0",
                                                    "right": "0",
                                                    "bottom": "0",
                                                    "left": "0",
                                                    "isLinked": false
                                                },
                                                "align_mobile": "center"
                                            },
                                            "elements": [],
                                            "isInner": false,
                                            "widgetType": "heading",
                                            "elType": "widget"
                                        }
                                    ],
                                    "isInner": true,
                                    "elType": "column"
                                },
                                {
                                    "id": "5b6be57d",
                                    "settings": {
                                        "_column_size": 50,
                                        "_inline_size": 67.069,
                                        "content_position": "bottom"
                                    },
                                    "elements": [
                                        {
                                            "id": "7bbb6507",
                                            "settings": {
                                                "selected_icon": {
                                                    "value": "icon dticon-chevron-forward-outline",
                                                    "library": "dticon"
                                                },
                                                "title_text": "see all posts",
                                                "description_text": "",
                                                "position": "right",
                                                "title_size": "div",
                                                "icon_space": {
                                                    "unit": "px",
                                                    "size": 4,
                                                    "sizes": []
                                                },
                                                "icon_size": {
                                                    "unit": "px",
                                                    "size": 21,
                                                    "sizes": []
                                                },
                                                "content_vertical_alignment": "middle",
                                                "__globals__": {
                                                    "primary_color": "globals\/colors?id=text",
                                                    "title_typography_typography": "globals\/typography?id=secondary"
                                                },
                                                "link": {
                                                    "url": "#",
                                                    "is_external": "",
                                                    "nofollow": "",
                                                    "custom_attributes": ""
                                                }
                                            },
                                            "elements": [],
                                            "isInner": false,
                                            "widgetType": "icon-box",
                                            "elType": "widget"
                                        }
                                    ],
                                    "isInner": true,
                                    "elType": "column"
                                }
                            ],
                            "isInner": true,
                            "elType": "section"
                        },
                        {
                            "id": "834f04f",
                            "settings": {
                                "gap": "wider",
                                "margin": {
                                    "unit": "px",
                                    "top": "0",
                                    "right": 0,
                                    "bottom": "0",
                                    "left": 0,
                                    "isLinked": false
                                }
                            },
                            "elements": [
                                {
                                    "id": "3e338507",
                                    "settings": {
                                        "_column_size": 100,
                                        "_inline_size": null
                                    },
                                    "elements": [
                                        {
                                            "id": "77792cc5",
                                            "settings": {
                                                "classic_thumbnail": "none",
                                                "classic_excerpt_length": "14",
                                                "classic_meta_separator": "\u00b7",
                                                "classic_read_more_text": "Read More",
                                                "cards_meta_separator": "\u2022",
                                                "cards_read_more_text": "Read More \u00bb",
                                                "full_content_meta_separator": "\/\/\/",
                                                "classic_column_gap": {
                                                    "unit": "px",
                                                    "size": "0",
                                                    "sizes": []
                                                },
                                                "classic_row_gap": {
                                                    "unit": "px",
                                                    "size": "0",
                                                    "sizes": []
                                                },
                                                "classic_box_border_width": {
                                                    "unit": "px",
                                                    "top": "1",
                                                    "right": "1",
                                                    "bottom": "1",
                                                    "left": "1",
                                                    "isLinked": "1"
                                                },
                                                "classic_box_padding": {
                                                    "unit": "px",
                                                    "top": "48",
                                                    "right": "48",
                                                    "bottom": "48",
                                                    "left": "48",
                                                    "isLinked": "1"
                                                },
                                                "classic_box_shadow_box_shadow": {
                                                    "horizontal": "1",
                                                    "vertical": "1",
                                                    "blur": "0",
                                                    "spread": "0",
                                                    "color": "#DEDEDE"
                                                },
                                                "classic_box_shadow_box_shadow_position": "inset",
                                                "classic_title_spacing": {
                                                    "unit": "px",
                                                    "size": "8",
                                                    "sizes": []
                                                },
                                                "classic_excerpt_spacing": {
                                                    "unit": "px",
                                                    "size": "24",
                                                    "sizes": []
                                                },
                                                "pagination_page_limit": "5",
                                                "pagination_prev_label": "&laquo; Previous",
                                                "pagination_next_label": "Next &raquo;",
                                                "_element_width": "initial",
                                                "_element_custom_width": {
                                                    "unit": "vw",
                                                    "size": "93",
                                                    "sizes": []
                                                },
                                                "__globals__": {
                                                    "classic_title_typography_typography": "globals\/typography?id=48207f0",
                                                    "classic_excerpt_typography_typography": "globals\/typography?id=primary",
                                                    "classic_read_more_typography_typography": "globals\/typography?id=secondary",
                                                    "classic_meta_typography_typography": "globals\/typography?id=text",
                                                    "classic_box_border_color": "globals\/colors?id=07414c8",
                                                    "classic_title_color": "globals\/colors?id=secondary",
                                                    "_border_color": "globals\/colors?id=785b64d"
                                                },
                                                "classic_columns_tablet": "1",
                                                "classic_box_shadow_box_shadow_type": "yes",
                                                "_margin": {
                                                    "unit": "px",
                                                    "top": "0",
                                                    "right": "0",
                                                    "bottom": "-1",
                                                    "left": "0",
                                                    "isLinked": ""
                                                },
                                                "_border_border": "solid",
                                                "_border_width": {
                                                    "unit": "px",
                                                    "top": "0",
                                                    "right": "1",
                                                    "bottom": "1",
                                                    "left": "0",
                                                    "isLinked": ""
                                                }
                                            },
                                            "elements": [],
                                            "isInner": false,
                                            "widgetType": "posts",
                                            "elType": "widget"
                                        }
                                    ],
                                    "isInner": true,
                                    "elType": "column"
                                }
                            ],
                            "isInner": true,
                            "elType": "section"
                        }
                    ],
                    "isInner": "",
                    "elType": "column"
                }
            ],
            "isInner": "",
            "elType": "section"
        },
        {
            "id": "687198c2",
            "settings": {
                "gap": "wider",
                "overflow": "hidden",
                "padding": {
                    "unit": "px",
                    "top": "0",
                    "right": "0",
                    "bottom": "64",
                    "left": "0",
                    "isLinked": false
                }
            },
            "elements": [
                {
                    "id": "61a4488e",
                    "settings": {
                        "_column_size": 100,
                        "_inline_size": null,
                        "padding_mobile": {
                            "unit": "px",
                            "top": "0",
                            "right": "0",
                            "bottom": "0",
                            "left": "0",
                            "isLinked": false
                        }
                    },
                    "elements": [
                        {
                            "id": "1aa083dc",
                            "settings": {
                                "height_inner": "min-height",
                                "custom_height_inner": {
                                    "unit": "px",
                                    "size": 500,
                                    "sizes": []
                                },
                                "structure": "20",
                                "background_background": "classic",
                                "background_position": "initial",
                                "background_xpos": {
                                    "unit": "%",
                                    "size": "100",
                                    "sizes": []
                                },
                                "background_ypos": {
                                    "unit": "%",
                                    "size": "94",
                                    "sizes": []
                                },
                                "background_size": "cover",
                                "background_motion_fx_motion_fx_scrolling": "yes",
                                "background_motion_fx_translateY_effect": "yes",
                                "background_motion_fx_translateY_speed": {
                                    "unit": "px",
                                    "size": "2",
                                    "sizes": []
                                },
                                "margin": {
                                    "unit": "px",
                                    "top": "0",
                                    "right": "0",
                                    "bottom": "0",
                                    "left": "0",
                                    "isLinked": ""
                                },
                                "__globals__": {
                                    "background_color": "globals\/colors?id=d3ae19d"
                                },
                                "custom_height_inner_tablet": {
                                    "unit": "px",
                                    "size": "0",
                                    "sizes": []
                                },
                                "padding_tablet": {
                                    "unit": "px",
                                    "top": "48",
                                    "right": "0",
                                    "bottom": "48",
                                    "left": "0",
                                    "isLinked": ""
                                },
                                "margin_tablet": {
                                    "unit": "px",
                                    "top": "0",
                                    "right": 0,
                                    "bottom": "0",
                                    "left": 0,
                                    "isLinked": false
                                }
                            },
                            "elements": [
                                {
                                    "id": "580bf021",
                                    "settings": {
                                        "_column_size": "50",
                                        "_inline_size": 57.246,
                                        "content_position": "center",
                                        "_inline_size_tablet": "50",
                                        "padding": {
                                            "unit": "px",
                                            "top": "0",
                                            "right": "30",
                                            "bottom": "0",
                                            "left": "60",
                                            "isLinked": ""
                                        },
                                        "margin_mobile": {
                                            "unit": "px",
                                            "top": "0",
                                            "right": "0",
                                            "bottom": "0",
                                            "left": "0",
                                            "isLinked": ""
                                        },
                                        "padding_mobile": {
                                            "unit": "px",
                                            "top": "30",
                                            "right": "30",
                                            "bottom": "30",
                                            "left": "30",
                                            "isLinked": "1"
                                        },
                                        "padding_tablet": {
                                            "unit": "px",
                                            "top": "30",
                                            "right": "30",
                                            "bottom": "30",
                                            "left": "30",
                                            "isLinked": true
                                        }
                                    },
                                    "elements": [
                                        {
                                            "id": "47d2a1a3",
                                            "settings": {
                                                "width": {
                                                    "unit": "px",
                                                    "size": 341,
                                                    "sizes": []
                                                },
                                                "look": "line_text",
                                                "text": "Subscribe our newsletter",
                                                "text_align": "left",
                                                "__globals__": {
                                                    "color": "globals\/colors?id=primary",
                                                    "text_color": "globals\/colors?id=primary",
                                                    "typography_typography": "globals\/typography?id=text"
                                                },
                                                "align_mobile": "center"
                                            },
                                            "elements": [],
                                            "isInner": false,
                                            "widgetType": "divider",
                                            "elType": "widget"
                                        },
                                        {
                                            "id": "422beda3",
                                            "settings": {
                                                "title": "Subscribe now and get 25% OFF of all our storewide products",
                                                "_margin": {
                                                    "unit": "px",
                                                    "top": "0",
                                                    "right": "0",
                                                    "bottom": "24",
                                                    "left": "0",
                                                    "isLinked": false
                                                },
                                                "header_size": "h3",
                                                "align_mobile": "center"
                                            },
                                            "elements": [],
                                            "isInner": false,
                                            "widgetType": "heading",
                                            "elType": "widget"
                                        },
                                        {
                                            "id": "a0f64cf",
                                            "settings": {
                                                "form_name": "Subscribe",
                                                "form_fields": [
                                                    {
                                                        "custom_id": "email",
                                                        "field_type": "email",
                                                        "required": "true",
                                                        "field_label": "Email",
                                                        "placeholder": "Email",
                                                        "width": "66",
                                                        "_id": "f1c624f",
                                                        "width_mobile": "50"
                                                    }
                                                ],
                                                "show_labels": "",
                                                "step_next_label": "Next",
                                                "step_previous_label": "Previous",
                                                "button_text": "Subscribe",
                                                "email_content": "[all-fields]",
                                                "email_content_2": "[all-fields]",
                                                "success_message": "The form was sent successfully.",
                                                "error_message": "An error occured.",
                                                "required_field_message": "This field is required.",
                                                "invalid_message": "There's something wrong. The form is invalid.",
                                                "button_width": "33",
                                                "column_gap": {
                                                    "unit": "px",
                                                    "size": 12,
                                                    "sizes": []
                                                },
                                                "field_border_width": {
                                                    "unit": "px",
                                                    "top": "0",
                                                    "right": "0",
                                                    "bottom": "0",
                                                    "left": "0",
                                                    "isLinked": "1"
                                                },
                                                "button_text_padding": {
                                                    "unit": "px",
                                                    "top": "16",
                                                    "right": "18",
                                                    "bottom": "16",
                                                    "left": "18",
                                                    "isLinked": ""
                                                },
                                                "submit_actions": [
                                                    "email",
                                                    "mailchimp"
                                                ],
                                                "_animation": "fadeInUp",
                                                "_animation_delay": "500",
                                                "input_size": "md",
                                                "_margin": {
                                                    "unit": "px",
                                                    "top": "0",
                                                    "right": "0",
                                                    "bottom": "16",
                                                    "left": "0",
                                                    "isLinked": ""
                                                },
                                                "__globals__": {
                                                    "button_background_color": "",
                                                    "button_text_color": ""
                                                },
                                                "button_width_mobile": "50",
                                                "button_text_color": ""
                                            },
                                            "elements": [],
                                            "isInner": false,
                                            "widgetType": "form",
                                            "elType": "widget"
                                        },
                                        {
                                            "id": "3fb8ab61",
                                            "settings": {
                                                "title": "Lorem ipsum dolor sit amet, consectetur adipiscing elit purus luctuc eget",
                                                "header_size": "div",
                                                "align": "left",
                                                "typography_typography": "custom",
                                                "typography_font_size": {
                                                    "unit": "px",
                                                    "size": "14",
                                                    "sizes": []
                                                },
                                                "__globals__": {
                                                    "title_color": "globals\/colors?id=8fa36e4"
                                                },
                                                "typography_line_height": {
                                                    "unit": "em",
                                                    "size": "1.5",
                                                    "sizes": []
                                                },
                                                "align_mobile": "center"
                                            },
                                            "elements": [],
                                            "isInner": false,
                                            "widgetType": "heading",
                                            "elType": "widget"
                                        }
                                    ],
                                    "isInner": true,
                                    "elType": "column"
                                },
                                {
                                    "id": "5a5d3e43",
                                    "settings": {
                                        "_column_size": "50",
                                        "_inline_size": 42.716,
                                        "content_position": "center",
                                        "align": "center",
                                        "_inline_size_tablet": "50"
                                    },
                                    "elements": [
                                        {
                                            "id": "20e35ad4",
                                            "settings": {
                                                "image": {
                                                    "url": "http:\/\/kit.detheme.com\/rickandsons\/wp-content\/uploads\/sites\/45\/2020\/12\/AE9U3Z-1.png",
                                                    "id": 565
                                                },
                                                "image_size": "1536x1536",
                                                "_margin": {
                                                    "unit": "px",
                                                    "top": "0",
                                                    "right": "-281",
                                                    "bottom": "-150",
                                                    "left": "-175",
                                                    "isLinked": ""
                                                },
                                                "motion_fx_motion_fx_scrolling": "yes",
                                                "motion_fx_translateY_effect": "yes",
                                                "motion_fx_translateY_direction": "negative",
                                                "motion_fx_translateY_speed": {
                                                    "unit": "px",
                                                    "size": "1.6",
                                                    "sizes": []
                                                },
                                                "_margin_tablet": {
                                                    "unit": "px",
                                                    "top": "0",
                                                    "right": "-70",
                                                    "bottom": "0",
                                                    "left": "0",
                                                    "isLinked": ""
                                                },
                                                "_margin_mobile": {
                                                    "unit": "px",
                                                    "top": "0",
                                                    "right": "0",
                                                    "bottom": "0",
                                                    "left": "0",
                                                    "isLinked": ""
                                                },
                                                "width": {
                                                    "unit": "px",
                                                    "size": 688,
                                                    "sizes": []
                                                }
                                            },
                                            "elements": [],
                                            "isInner": false,
                                            "widgetType": "image",
                                            "elType": "widget"
                                        }
                                    ],
                                    "isInner": "1",
                                    "elType": "column"
                                }
                            ],
                            "isInner": "1",
                            "elType": "section"
                        }
                    ],
                    "isInner": false,
                    "elType": "column"
                }
            ],
            "isInner": false,
            "elType": "section"
        }
    ]
}