{"version":"0.4","title":"Make 4","type":"page","content":[{"id":"38ff864c","settings":{"gap":"no","height":"min-height","background_background":"classic","custom_height":{"unit":"vh","size":"73"},"custom_height_tablet":{"unit":"vh","size":"60"},"custom_height_mobile":{"unit":"vh","size":"60"},"content_position":"middle","background_overlay_color":"#f4e181","stretch_section":"section-stretched","layout":"full_width","column_position":"stretch","background_position":"center center","background_size":"cover","css_filters_brightness":{"unit":"px","size":"76"},"css_filters_contrast":{"unit":"px","size":"112"},"css_filters_saturate":{"unit":"px","size":"121"},"overlay_blend_mode":"color-dodge","background_xpos":{"unit":"px","size":"282","sizes":[]},"background_ypos":{"unit":"px","size":"-350","sizes":[]},"background_color":"#f2c5ae","background_overlay_size":"cover","background_overlay_opacity":{"unit":"px","size":"0.27","sizes":[]},"html_tag":"section","margin":{"unit":"px","top":"0","right":"0","bottom":"0","left":"0","isLinked":""},"margin_tablet":{"unit":"px","top":"0","right":"0","bottom":"0","left":"0","isLinked":""},"padding":{"unit":"em","top":"0","right":"0","bottom":"0","left":"0","isLinked":""},"padding_tablet":{"unit":"px","top":"0","right":"0","bottom":"0","left":"0","isLinked":""}},"elements":[{"id":"2c2e0ba9","settings":{"_column_size":"100","content_position":"center","space_between_widgets":"0","padding":{"unit":"%","top":"1","right":"1","bottom":"1","left":"1","isLinked":"1"},"background_background":"classic","background_image":{"url":"http:\/\/sitefacilitado.com.br\/membros\/wp-content\/uploads\/2020\/03\/attractive-close-up-eye-1202000.jpg","id":"4469"},"background_position":"initial","background_ypos":{"unit":"vh","size":"-29","sizes":[]},"background_attachment":"fixed","background_size":"cover","border_radius":{"unit":"px","top":"20","right":"20","bottom":"20","left":"20","isLinked":"1"},"margin":{"unit":"px","top":"90","right":"90","bottom":"090","left":"90","isLinked":""},"animation":"fadeIn","background_color":"#ffffff","background_position_tablet":"initial","background_position_mobile":"bottom left","background_xpos_tablet":{"unit":"px","size":"-236","sizes":[]},"background_ypos_tablet":{"unit":"px","size":"-45","sizes":[]},"background_repeat":"no-repeat","background_repeat_tablet":"no-repeat","background_size_tablet":"cover","box_shadow_box_shadow_type":"yes","box_shadow_box_shadow":{"horizontal":"2","vertical":"59","blur":"28","spread":"-44","color":"rgba(0,0,0,0.29)"},"margin_tablet":{"unit":"%","top":"6","right":"6","bottom":"6","left":"6","isLinked":"1"},"margin_mobile":{"unit":"%","top":"5","right":"5","bottom":"5","left":"5","isLinked":"1"},"padding_mobile":{"unit":"px","top":"0","right":"0","bottom":"0","left":"0","isLinked":""}},"elements":[{"id":"163d3cf0","settings":{"layout":"full_width","height_inner":"min-height","custom_height_inner":{"unit":"px","size":"661"},"margin":{"unit":"px","top":"0","right":"0","bottom":"0","left":"0","isLinked":"1"},"background_background":"classic","border_radius":{"unit":"px","top":"0","right":"0","bottom":"0","left":"0","isLinked":""}},"elements":[{"id":"4dba5b51","settings":{"_column_size":"100","content_position":"space-around","padding":{"unit":"em","top":"2","right":"2","bottom":"2","left":"2","isLinked":"1"},"align":"center","background_background":"classic","margin":{"unit":"%","top":"0","right":"0","bottom":"0","left":"070","isLinked":""},"margin_tablet":{"unit":"%","top":"0","right":"0","bottom":"0","left":"56","isLinked":""},"margin_mobile":{"unit":"px","top":"0","right":"0","bottom":"0","left":"0","isLinked":""},"padding_mobile":{"unit":"em","top":"1","right":"1","bottom":"1","left":"1","isLinked":"1"}},"elements":[{"id":"7eeac5b4","settings":{"title":"New!","header_size":"h5","align":"center","title_color":"#000000","typography_typography":"custom","typography_font_family":"Grand Hotel","typography_font_size":{"unit":"px","size":"38"},"typography_font_weight":"500","typography_font_style":"italic"},"elements":[],"isInner":false,"widgetType":"heading","elType":"widget"},{"id":"65e2cf98","settings":{"title":"Fight signs of ageing, Naturally","title_color":"#000000","typography_typography":"custom","typography_font_family":"Domine","typography_font_size":{"unit":"px","size":"40"},"typography_font_size_tablet":{"unit":"px","size":"36"},"typography_font_weight":"600","typography_font_size_mobile":{"unit":"px","size":"28"},"typography_text_transform":"capitalize","align":"center","header_size":"h1","typography_font_style":"normal","typography_text_decoration":"none"},"elements":[],"isInner":false,"widgetType":"heading","elType":"widget"},{"id":"196a0350","settings":{"editor":"<p>Lorem ipsum dolor sit amet, consectetur adipiscing elit, sed do eiusmod tempor incididunt ut labore et dolore magna aliqua. Ut enim ad minim veniam, quis nostrud exercitation ullamco laboris nisi ut aliquip ex ea commodo consequat.<\/p>","text_color":"#5c5c5d","typography_typography":"custom","typography_font_family":"Muli","typography_font_size":{"unit":"px","size":"15"},"typography_font_size_tablet":{"unit":"px","size":"15"},"typography_font_size_mobile":{"unit":"px","size":"14"},"typography_font_weight":"500","typography_line_height":{"unit":"em","size":"1.8"},"_margin":{"unit":"px","top":"20","right":"0","bottom":"0","left":"0","isLinked":""},"_padding":{"unit":"px","top":"0","right":"0","bottom":"0","left":"0","isLinked":""},"_margin_mobile":{"unit":"px","top":"0","right":"0","bottom":"0","left":"0","isLinked":""},"align":"center"},"elements":[],"isInner":false,"widgetType":"text-editor","elType":"widget"},{"id":"1b9b3f0","settings":{"icon":"fa fa-square","primary_color":"#f7e0d9","size":{"unit":"px","size":"20","sizes":[]},"_element_width":"initial","_element_custom_width":{"unit":"px","size":"43","sizes":[]},"_element_vertical_align":"center"},"elements":[],"isInner":false,"widgetType":"icon","elType":"widget"},{"id":"41a851d9","settings":{"icon":"fa fa-square","primary_color":"#ddc8c3","size":{"unit":"px","size":"20","sizes":[]},"_element_width":"initial","_element_custom_width":{"unit":"px","size":"42","sizes":[]},"_element_vertical_align":"center"},"elements":[],"isInner":false,"widgetType":"icon","elType":"widget"},{"id":"288a4f82","settings":{"icon":"fa fa-square","primary_color":"#c4a39b","size":{"unit":"px","size":"20","sizes":[]},"_element_width":"initial","_element_custom_width":{"unit":"px","size":"42","sizes":[]},"_element_vertical_align":"center"},"elements":[],"isInner":false,"widgetType":"icon","elType":"widget"},{"id":"7d6040ad","settings":{"icon":"fa fa-square","primary_color":"#9e6c68","size":{"unit":"px","size":"20","sizes":[]},"_element_width":"initial","_element_custom_width":{"unit":"px","size":"42","sizes":[]},"_element_vertical_align":"center"},"elements":[],"isInner":false,"widgetType":"icon","elType":"widget"},{"id":"2ff4b5e0","settings":{"text":"View Detail","align":"center","typography_typography":"custom","typography_font_family":"Montserrat","typography_font_size":{"unit":"px","size":"12"},"typography_font_weight":"500","typography_text_transform":"uppercase","typography_line_height":{"unit":"px","size":"15"},"typography_letter_spacing":{"unit":"px","size":"2"},"background_color":"#ed5e5e","button_background_hover_color":"rgba(0,0,0,0)","border_radius":{"unit":"px","top":"8","right":"8","bottom":"8","left":"8","isLinked":"1"},"text_padding":{"unit":"em","top":"","right":"","bottom":"","left":"","isLinked":""},"text_padding_mobile":{"unit":"px","top":"20","right":"40","bottom":"20","left":"40","isLinked":""},"_margin":{"unit":"px","top":"35","right":"0","bottom":"0","left":"0","isLinked":""},"_animation":"fadeInLeft","_margin_mobile":{"unit":"px","top":"30","right":"0","bottom":"0","left":"0","isLinked":""},"_animation_delay":"300","hover_color":"#000000","button_hover_border_color":"#000000","border_border":"solid","border_width":{"unit":"px","top":"1","right":"1","bottom":"1","left":"1","isLinked":"1"},"border_color":"#ed5e5e"},"elements":[],"isInner":false,"widgetType":"button","elType":"widget"}],"isInner":"1","elType":"column"}],"isInner":"1","elType":"section"}],"isInner":"","elType":"column"}],"isInner":"","elType":"section"},{"id":"2b0334dc","settings":{"background_background":"classic","background_position":"initial","background_repeat":"no-repeat","background_size":"initial","background_overlay_background":"classic","background_overlay_color":"#ffffff","background_overlay_opacity":{"unit":"px","size":"0.05"},"padding":{"unit":"px","top":"100","right":"50","bottom":"100","left":"50","isLinked":""},"content_width":{"unit":"px","size":"1300"},"custom_height":{"unit":"px","size":"685"},"custom_height_tablet":{"unit":"px","size":"515"},"custom_height_mobile":{"unit":"px","size":"400"},"column_position":"stretch","content_position":"middle","background_overlay_color_b":"#5c5c5d","background_overlay_gradient_angle":{"unit":"deg","size":"130"},"background_overlay_attachment":"fixed","margin":{"unit":"px","top":"","right":"0","bottom":"","left":"0","isLinked":"1"},"padding_mobile":{"unit":"px","top":"30","right":"20","bottom":"30","left":"20","isLinked":""},"html_tag":"section","padding_tablet":{"unit":"em","top":"4","right":"1","bottom":"4","left":"1","isLinked":""},"background_image":{"url":"http:\/\/sitefacilitado.com.br\/membros\/wp-content\/uploads\/2020\/03\/beautiful-cosmetics-make-up-1499516.jpg","id":"4444"},"background_xpos":{"unit":"vw","size":"51","sizes":[]},"background_ypos":{"unit":"px","size":"-151","sizes":[]},"background_color":"#ededed","background_bg_width":{"unit":"%","size":"28","sizes":[]},"layout":"full_width"},"elements":[{"id":"4e2fda16","settings":{"_column_size":"100","_inline_size":"67.895","margin":{"unit":"px","top":"0","right":"0","bottom":"0","left":"90","isLinked":""},"margin_tablet":{"unit":"px","top":"0","right":"0","bottom":"0","left":"0","isLinked":"1"}},"elements":[{"id":"58e92651","settings":{"title":"35% Off Sale!","header_size":"h5","align":"left","title_color":"#000000","typography_typography":"custom","typography_font_family":"Grand Hotel","typography_font_size":{"unit":"px","size":"38"},"typography_font_weight":"500","typography_font_style":"italic","align_mobile":"center"},"elements":[],"isInner":false,"widgetType":"heading","elType":"widget"},{"id":"4de7d672","settings":{"title":"All New Mineral Magic","align":"left","title_color":"#000000","typography_typography":"custom","typography_font_family":"Domine","typography_font_size":{"unit":"px","size":"45"},"typography_font_size_mobile":{"unit":"px","size":"28"},"typography_font_weight":"600","typography_text_transform":"capitalize","typography_font_size_tablet":{"unit":"px","size":"36"},"align_mobile":"center","typography_font_style":"normal","typography_text_decoration":"none","_margin":{"unit":"%","top":"0","right":"0","bottom":"-2","left":"0","isLinked":""}},"elements":[],"isInner":false,"widgetType":"heading","elType":"widget"},{"id":"2db436e3","settings":{"editor":"<p>At vero eos et accusamus et iusto odio dignissimos.<\/p>","text_color":"#ed5e5e","typography_typography":"custom","typography_font_family":"Montserrat","typography_font_size":{"unit":"rem","size":"0.8"},"typography_font_weight":"600","typography_text_transform":"uppercase","typography_letter_spacing":{"unit":"px","size":"5","sizes":[]},"align":"left","align_mobile":"center","typography_font_size_mobile":{"unit":"px","size":"8","sizes":[]}},"elements":[],"isInner":false,"widgetType":"text-editor","elType":"widget"}],"isInner":"","elType":"column"},{"id":"25c32302","settings":{"_column_size":"100","_inline_size":"32.105","content_position":"center","background_background":"classic","background_position":"center center","background_size":"cover","align":"center"},"elements":[{"id":"7e73c2dd","settings":{"text":"Shop Sale","align":"center","typography_typography":"custom","typography_font_family":"Montserrat","typography_font_size":{"unit":"px","size":"14"},"typography_font_weight":"500","typography_text_transform":"uppercase","typography_line_height":{"unit":"px","size":"15"},"typography_letter_spacing":{"unit":"px","size":"2"},"background_color":"#ed5e5e","button_background_hover_color":"rgba(0,0,0,0)","border_radius":{"unit":"px","top":"8","right":"8","bottom":"8","left":"8","isLinked":"1"},"text_padding":{"unit":"em","top":"","right":"","bottom":"","left":"","isLinked":""},"text_padding_mobile":{"unit":"px","top":"20","right":"40","bottom":"20","left":"40","isLinked":""},"_margin":{"unit":"px","top":"0","right":"0","bottom":"0","left":"-47","isLinked":""},"_animation":"fadeInLeft","_margin_mobile":{"unit":"px","top":"30","right":"0","bottom":"0","left":"0","isLinked":""},"_animation_delay":"300","hover_color":"#000000","button_hover_border_color":"#000000","border_border":"solid","border_width":{"unit":"px","top":"1","right":"1","bottom":"1","left":"1","isLinked":"1"},"border_color":"#ed5e5e","size":"md","align_mobile":"center"},"elements":[],"isInner":false,"widgetType":"button","elType":"widget"}],"isInner":"","elType":"column"}],"isInner":"","elType":"section"},{"id":"7153dee5","settings":{"jet_parallax_layout_list":[{"jet_parallax_layout_image":{"id":"892","url":"https:\/\/demo.crocoblock.com\/crosszone\/wp-content\/uploads\/2018\/05\/crossfit_paralax_element1.png"},"_id":"b34bce4","jet_parallax_layout_speed":{"unit":"%","size":"3"},"jet_parallax_layout_type":"scroll","jet_parallax_layout_z_index":"","jet_parallax_layout_bg_x":"47.2","jet_parallax_layout_bg_y":"21.4","jet_parallax_layout_bg_size":"auto","jet_parallax_layout_animation_prop":"transform"},{"jet_parallax_layout_image":{"id":"892","url":"https:\/\/demo.crocoblock.com\/crosszone\/wp-content\/uploads\/2018\/05\/crossfit_paralax_element1.png"},"jet_parallax_layout_speed":{"unit":"%","size":"3"},"jet_parallax_layout_type":"scroll","jet_parallax_layout_z_index":"","jet_parallax_layout_bg_x":"18","jet_parallax_layout_bg_y":"79","jet_parallax_layout_bg_size":"auto","jet_parallax_layout_animation_prop":"transform","_id":"7176fe1"}],"margin":{"unit":"px","top":"0","right":"0","bottom":"0","left":"0","isLinked":""},"padding":{"unit":"em","top":"3","right":"1","bottom":"3","left":"1","isLinked":""},"padding_tablet":{"unit":"px","top":"30","right":"0","bottom":"40","left":"0","isLinked":""},"padding_mobile":{"unit":"px","top":"30","right":"0","bottom":"30","left":"0","isLinked":""},"content_width":{"unit":"px","size":""},"html_tag":"section","background_background":"classic","background_color":"#ffffff"},"elements":[{"id":"7d5f41d","settings":{"_column_size":"100"},"elements":[{"id":"1200b3ea","settings":{"title":"popular products","align":"center","typography_typography":"custom","typography_font_family":"Montserrat","typography_font_size":{"unit":"px","size":"12"},"typography_font_weight":"600","title_color":"#ed5e5e","typography_text_transform":"uppercase","typography_letter_spacing":{"unit":"px","size":"5","sizes":[]},"header_size":"span","typography_font_style":"normal","typography_text_decoration":"none","typography_line_height":{"unit":"em","size":"1","sizes":[]},"typography_font_size_mobile":{"unit":"px","size":"8","sizes":[]}},"elements":[],"isInner":false,"widgetType":"heading","elType":"widget"},{"id":"1c027a04","settings":{"title":"Best Sellers","title_color":"#000000","typography_typography":"custom","typography_font_family":"Domine","typography_font_size":{"unit":"px","size":"45"},"typography_font_weight":"600","typography_text_transform":"capitalize","typography_font_size_tablet":{"unit":"px","size":"36"},"typography_font_size_mobile":{"unit":"px","size":"28"},"align":"center","typography_font_style":"normal","typography_text_decoration":"none"},"elements":[],"isInner":false,"widgetType":"heading","elType":"widget"},{"id":"ecc2840","settings":{"structure":"40","margin_tablet":{"unit":"px","top":"13","right":"0","bottom":"15","left":"0","isLinked":""},"margin_mobile":{"unit":"px","top":"0","right":"0","bottom":"0","left":"0","isLinked":""},"padding_tablet":{"unit":"px","top":"0","right":"0","bottom":"0","left":"0","isLinked":""},"padding_mobile":{"unit":"px","top":"0","right":"0","bottom":"0","left":"0","isLinked":""},"layout":"full_width"},"elements":[{"id":"26c241f6","settings":{"_column_size":"25","space_between_widgets":"0","background_background":"classic","background_position":"center center","background_repeat":"no-repeat","background_size":"cover","margin":{"unit":"px","top":"54","right":"18","bottom":"0","left":"5","isLinked":""},"padding":{"unit":"px","top":"0","right":"0","bottom":"54","left":"0","isLinked":""},"margin_tablet":{"unit":"px","top":"0","right":"10","bottom":"0","left":"10","isLinked":""},"margin_mobile":{"unit":"px","top":"15","right":"0","bottom":"0","left":"0","isLinked":""},"padding_tablet":{"unit":"px","top":"0","right":"0","bottom":"0","left":"0","isLinked":""},"content_position":"center"},"elements":[{"id":"79dc8718","settings":{"space":{"unit":"px","size":"300"},"_background_background":"classic","_background_image":{"url":"http:\/\/sitefacilitado.com.br\/membros\/wp-content\/uploads\/2020\/03\/cream.png","id":"4470"},"_background_position":"center center","_background_size":"cover","_border_radius":{"unit":"px","top":"12","right":"12","bottom":"12","left":"12","isLinked":"1"},"_border_radius_hover":{"unit":"px","top":"21","right":"21","bottom":"21","left":"21","isLinked":"1"},"_box_shadow_hover_box_shadow_type":"yes","_box_shadow_hover_box_shadow":{"horizontal":"5","vertical":"5","blur":"15","spread":"0","color":"rgba(0,0,0,0.23)"},"_background_color":"#f4f4f4"},"elements":[],"isInner":false,"widgetType":"spacer","elType":"widget"},{"id":"12c5260","settings":{"title":"Cleansers","title_color":"#000000","typography_typography":"custom","typography_font_family":"Domine","typography_font_size":{"unit":"px","size":"17"},"typography_font_weight":"600","typography_text_transform":"capitalize","typography_font_size_tablet":{"unit":"px","size":"20"},"typography_font_size_mobile":{"unit":"px","size":"28"},"align":"left","header_size":"h3","typography_line_height":{"unit":"em","size":"1.5","sizes":[]},"_margin":{"unit":"px","top":"20","right":"0","bottom":"0","left":"0","isLinked":""},"_element_width":"initial","_element_custom_width":{"unit":"%","size":"60","sizes":[]},"_element_vertical_align":"center","align_tablet":"center","typography_font_style":"normal","typography_text_decoration":"none","_element_width_tablet":"inherit"},"elements":[],"isInner":false,"widgetType":"heading","elType":"widget"},{"id":"7570960a","settings":{"text":"View","align":"right","typography_typography":"custom","typography_font_family":"Montserrat","typography_font_size":{"unit":"px","size":"13"},"typography_font_weight":"600","typography_text_transform":"uppercase","typography_line_height":{"unit":"px","size":"16"},"typography_letter_spacing":{"unit":"px","size":"1"},"background_color":"rgba(255,56,105,0)","button_background_hover_color":"rgba(0,0,0,0)","border_radius":{"unit":"px","top":"12","right":"12","bottom":"12","left":"12","isLinked":"1"},"text_padding":{"unit":"em","top":"","right":"","bottom":"","left":"","isLinked":""},"text_padding_mobile":{"unit":"px","top":"20","right":"40","bottom":"20","left":"40","isLinked":""},"_margin":{"unit":"px","top":"14","right":"0","bottom":"0","left":"0","isLinked":""},"_animation":"fadeInLeft","_margin_mobile":{"unit":"px","top":"0","right":"0","bottom":"0","left":"0","isLinked":""},"_animation_delay":"300","button_text_color":"#000000","hover_color":"#e54519","_element_width":"initial","_element_custom_width":{"unit":"%","size":"40","sizes":[]},"_element_vertical_align":"center","align_mobile":"center","_margin_tablet":{"unit":"px","top":"0","right":"0","bottom":"0","left":"0","isLinked":""},"_padding_tablet":{"unit":"px","top":"0","right":"0","bottom":"0","left":"0","isLinked":""},"_element_width_tablet":"inherit","align_tablet":"center"},"elements":[],"isInner":false,"widgetType":"button","elType":"widget"}],"isInner":"1","elType":"column"},{"id":"4385094a","settings":{"_column_size":"25","space_between_widgets":"0","background_background":"classic","background_position":"center center","background_repeat":"no-repeat","background_size":"cover","margin":{"unit":"px","top":"54","right":"18","bottom":"0","left":"5","isLinked":""},"padding":{"unit":"px","top":"0","right":"0","bottom":"54","left":"0","isLinked":""},"margin_tablet":{"unit":"px","top":"0","right":"10","bottom":"0","left":"10","isLinked":""},"margin_mobile":{"unit":"px","top":"15","right":"0","bottom":"0","left":"0","isLinked":""},"padding_tablet":{"unit":"px","top":"0","right":"0","bottom":"0","left":"0","isLinked":""},"content_position":"center"},"elements":[{"id":"2504d4e1","settings":{"space":{"unit":"px","size":"300"},"_background_background":"classic","_background_image":{"url":"http:\/\/sitefacilitado.com.br\/membros\/wp-content\/uploads\/2020\/03\/blur-cheese-close-up-773253.jpg","id":"4454"},"_background_size":"cover","_border_radius":{"unit":"px","top":"12","right":"12","bottom":"12","left":"12","isLinked":"1"},"_border_radius_hover":{"unit":"px","top":"21","right":"21","bottom":"21","left":"21","isLinked":"1"},"_background_position":"center center","_box_shadow_hover_box_shadow_type":"yes","_box_shadow_hover_box_shadow":{"horizontal":"5","vertical":"5","blur":"15","spread":"0","color":"rgba(0,0,0,0.23)"}},"elements":[],"isInner":false,"widgetType":"spacer","elType":"widget"},{"id":"48ea37f3","settings":{"title":"Vegans Soaps","title_color":"#000000","typography_typography":"custom","typography_font_family":"Domine","typography_font_size":{"unit":"px","size":"17"},"typography_font_weight":"600","typography_text_transform":"capitalize","typography_font_size_tablet":{"unit":"px","size":"20"},"typography_font_size_mobile":{"unit":"px","size":"28"},"align":"left","header_size":"h3","typography_line_height":{"unit":"em","size":"1.5","sizes":[]},"_margin":{"unit":"px","top":"20","right":"0","bottom":"0","left":"0","isLinked":""},"_element_width":"initial","_element_custom_width":{"unit":"%","size":"60","sizes":[]},"_element_vertical_align":"center","align_tablet":"center","typography_font_style":"normal","typography_text_decoration":"none","_element_width_tablet":"inherit"},"elements":[],"isInner":false,"widgetType":"heading","elType":"widget"},{"id":"539428ea","settings":{"text":"View","align":"right","typography_typography":"custom","typography_font_family":"Montserrat","typography_font_size":{"unit":"px","size":"13"},"typography_font_weight":"600","typography_text_transform":"uppercase","typography_line_height":{"unit":"px","size":"16"},"typography_letter_spacing":{"unit":"px","size":"1"},"background_color":"rgba(255,56,105,0)","button_background_hover_color":"rgba(0,0,0,0)","border_radius":{"unit":"px","top":"12","right":"12","bottom":"12","left":"12","isLinked":"1"},"text_padding":{"unit":"em","top":"","right":"","bottom":"","left":"","isLinked":""},"text_padding_mobile":{"unit":"px","top":"20","right":"40","bottom":"20","left":"40","isLinked":""},"_margin":{"unit":"px","top":"14","right":"0","bottom":"0","left":"0","isLinked":""},"_animation":"fadeInLeft","_margin_mobile":{"unit":"px","top":"0","right":"0","bottom":"0","left":"0","isLinked":""},"_animation_delay":"300","button_text_color":"#000000","hover_color":"#e54519","_element_width":"initial","_element_custom_width":{"unit":"%","size":"40","sizes":[]},"_element_vertical_align":"center","align_mobile":"center","_margin_tablet":{"unit":"px","top":"0","right":"0","bottom":"0","left":"0","isLinked":""},"_padding_tablet":{"unit":"px","top":"0","right":"0","bottom":"0","left":"0","isLinked":""},"_element_width_tablet":"inherit","align_tablet":"center"},"elements":[],"isInner":false,"widgetType":"button","elType":"widget"}],"isInner":"1","elType":"column"},{"id":"365e138e","settings":{"_column_size":"25","space_between_widgets":"0","background_background":"classic","background_position":"center center","background_repeat":"no-repeat","background_size":"cover","margin":{"unit":"px","top":"54","right":"18","bottom":"0","left":"5","isLinked":""},"padding":{"unit":"px","top":"0","right":"0","bottom":"54","left":"0","isLinked":""},"margin_tablet":{"unit":"px","top":"0","right":"10","bottom":"0","left":"10","isLinked":""},"margin_mobile":{"unit":"px","top":"15","right":"0","bottom":"0","left":"0","isLinked":""},"padding_tablet":{"unit":"px","top":"0","right":"0","bottom":"0","left":"0","isLinked":""},"content_position":"center"},"elements":[{"id":"7cee9c6e","settings":{"space":{"unit":"px","size":"300"},"_background_background":"classic","_background_image":{"url":"http:\/\/sitefacilitado.com.br\/membros\/wp-content\/uploads\/2020\/03\/sponge.png","id":"4445"},"_background_position":"center center","_background_size":"cover","_border_radius":{"unit":"px","top":"12","right":"12","bottom":"12","left":"12","isLinked":"1"},"_border_radius_hover":{"unit":"px","top":"21","right":"21","bottom":"21","left":"21","isLinked":"1"},"_box_shadow_hover_box_shadow_type":"yes","_box_shadow_hover_box_shadow":{"horizontal":"5","vertical":"5","blur":"15","spread":"0","color":"rgba(0,0,0,0.23)"},"_background_color":"#f4f4f4"},"elements":[],"isInner":false,"widgetType":"spacer","elType":"widget"},{"id":"193ac1cc","settings":{"title":"Vegan Sponges","title_color":"#000000","typography_typography":"custom","typography_font_family":"Domine","typography_font_size":{"unit":"px","size":"17"},"typography_font_weight":"600","typography_text_transform":"capitalize","typography_font_size_tablet":{"unit":"px","size":"20"},"typography_font_size_mobile":{"unit":"px","size":"28"},"align":"left","header_size":"h3","typography_line_height":{"unit":"em","size":"1.5","sizes":[]},"_margin":{"unit":"px","top":"20","right":"0","bottom":"0","left":"0","isLinked":""},"_element_width":"initial","_element_custom_width":{"unit":"%","size":"60","sizes":[]},"_element_vertical_align":"center","align_tablet":"center","typography_font_style":"normal","typography_text_decoration":"none","_element_width_tablet":"inherit"},"elements":[],"isInner":false,"widgetType":"heading","elType":"widget"},{"id":"6ad54684","settings":{"text":"View","align":"right","typography_typography":"custom","typography_font_family":"Montserrat","typography_font_size":{"unit":"px","size":"13"},"typography_font_weight":"600","typography_text_transform":"uppercase","typography_line_height":{"unit":"px","size":"16"},"typography_letter_spacing":{"unit":"px","size":"1"},"background_color":"rgba(255,56,105,0)","button_background_hover_color":"rgba(0,0,0,0)","border_radius":{"unit":"px","top":"12","right":"12","bottom":"12","left":"12","isLinked":"1"},"text_padding":{"unit":"em","top":"","right":"","bottom":"","left":"","isLinked":""},"text_padding_mobile":{"unit":"px","top":"20","right":"40","bottom":"20","left":"40","isLinked":""},"_margin":{"unit":"px","top":"14","right":"0","bottom":"0","left":"0","isLinked":""},"_animation":"fadeInLeft","_margin_mobile":{"unit":"px","top":"0","right":"0","bottom":"0","left":"0","isLinked":""},"_animation_delay":"300","button_text_color":"#000000","hover_color":"#e54519","_element_width":"initial","_element_custom_width":{"unit":"%","size":"40","sizes":[]},"_element_vertical_align":"center","align_mobile":"center","_margin_tablet":{"unit":"px","top":"0","right":"0","bottom":"0","left":"0","isLinked":""},"_padding_tablet":{"unit":"px","top":"0","right":"0","bottom":"0","left":"0","isLinked":""},"_element_width_tablet":"inherit","align_tablet":"center"},"elements":[],"isInner":false,"widgetType":"button","elType":"widget"}],"isInner":"1","elType":"column"},{"id":"3eafb405","settings":{"_column_size":"25","space_between_widgets":"0","background_background":"classic","background_position":"center center","background_repeat":"no-repeat","background_size":"cover","margin":{"unit":"px","top":"54","right":"18","bottom":"0","left":"5","isLinked":""},"padding":{"unit":"px","top":"0","right":"0","bottom":"54","left":"0","isLinked":""},"margin_tablet":{"unit":"px","top":"0","right":"10","bottom":"0","left":"10","isLinked":""},"margin_mobile":{"unit":"px","top":"15","right":"0","bottom":"0","left":"0","isLinked":""},"padding_tablet":{"unit":"px","top":"0","right":"0","bottom":"0","left":"0","isLinked":""},"content_position":"center"},"elements":[{"id":"2ad1ae8e","settings":{"space":{"unit":"px","size":"300"},"_background_background":"classic","_background_image":{"url":"http:\/\/sitefacilitado.com.br\/membros\/wp-content\/uploads\/2020\/03\/tea.png","id":"4447"},"_background_position":"center right","_background_size":"cover","_border_radius":{"unit":"px","top":"12","right":"12","bottom":"12","left":"12","isLinked":"1"},"_border_radius_hover":{"unit":"px","top":"21","right":"21","bottom":"21","left":"21","isLinked":"1"},"_box_shadow_hover_box_shadow_type":"yes","_box_shadow_hover_box_shadow":{"horizontal":"5","vertical":"5","blur":"15","spread":"0","color":"rgba(0,0,0,0.23)"}},"elements":[],"isInner":false,"widgetType":"spacer","elType":"widget"},{"id":"9362460","settings":{"title":"Herbal Baths","title_color":"#000000","typography_typography":"custom","typography_font_family":"Domine","typography_font_size":{"unit":"px","size":"17"},"typography_font_weight":"600","typography_text_transform":"capitalize","typography_font_size_tablet":{"unit":"px","size":"20"},"typography_font_size_mobile":{"unit":"px","size":"28"},"align":"left","header_size":"h3","typography_line_height":{"unit":"em","size":"1.5","sizes":[]},"_margin":{"unit":"px","top":"20","right":"0","bottom":"0","left":"0","isLinked":""},"_element_width":"initial","_element_custom_width":{"unit":"%","size":"60","sizes":[]},"_element_vertical_align":"center","align_tablet":"center","typography_font_style":"normal","typography_text_decoration":"none","_element_width_tablet":"inherit"},"elements":[],"isInner":false,"widgetType":"heading","elType":"widget"},{"id":"7d8160ba","settings":{"text":"View","align":"right","typography_typography":"custom","typography_font_family":"Montserrat","typography_font_size":{"unit":"px","size":"13"},"typography_font_weight":"600","typography_text_transform":"uppercase","typography_line_height":{"unit":"px","size":"16"},"typography_letter_spacing":{"unit":"px","size":"1"},"background_color":"rgba(255,56,105,0)","button_background_hover_color":"rgba(0,0,0,0)","border_radius":{"unit":"px","top":"12","right":"12","bottom":"12","left":"12","isLinked":"1"},"text_padding":{"unit":"em","top":"","right":"","bottom":"","left":"","isLinked":""},"text_padding_mobile":{"unit":"px","top":"20","right":"40","bottom":"20","left":"40","isLinked":""},"_margin":{"unit":"px","top":"14","right":"0","bottom":"0","left":"0","isLinked":""},"_animation":"fadeInLeft","_margin_mobile":{"unit":"px","top":"0","right":"0","bottom":"0","left":"0","isLinked":""},"_animation_delay":"300","button_text_color":"#000000","hover_color":"#e54519","_element_width":"initial","_element_custom_width":{"unit":"%","size":"40","sizes":[]},"_element_vertical_align":"center","align_mobile":"center","_margin_tablet":{"unit":"px","top":"0","right":"0","bottom":"0","left":"0","isLinked":""},"_padding_tablet":{"unit":"px","top":"0","right":"0","bottom":"0","left":"0","isLinked":""},"_element_width_tablet":"inherit","align_tablet":"center"},"elements":[],"isInner":false,"widgetType":"button","elType":"widget"}],"isInner":"1","elType":"column"}],"isInner":"1","elType":"section"}],"isInner":"","elType":"column"}],"isInner":"","elType":"section"},{"id":"7a1d1fa8","settings":{"background_background":"classic","height":"min-height","custom_height":{"unit":"px","size":"685"},"custom_height_tablet":{"unit":"px","size":"515"},"custom_height_mobile":{"unit":"px","size":"400"},"content_position":"middle","padding_mobile":{"unit":"em","top":"1","right":"1","bottom":"1","left":"1","isLinked":"1"},"background_position":"center center","background_attachment":"fixed","background_repeat":"repeat","background_overlay_color":"#ffffff","background_overlay_color_b":"#5c5c5d","background_overlay_gradient_angle":{"unit":"deg","size":"130"},"background_overlay_opacity":{"unit":"px","size":"0.19"},"content_width":{"unit":"px","size":""},"column_position":"stretch","margin":{"unit":"px","top":"","right":"0","bottom":"","left":"0","isLinked":"1"},"padding":{"unit":"px","top":"150","right":"50","bottom":"100","left":"50","isLinked":""},"background_color":"#f9f9f9","background_size":"initial","background_overlay_background":"classic","background_overlay_image":{"url":"http:\/\/sitefacilitado.com.br\/membros\/wp-content\/uploads\/2020\/03\/image-from-rawpixel-id-523357-jpeg.jpg","id":"4450"},"background_overlay_attachment":"fixed","margin_tablet":{"unit":"px","top":"0","right":"0","bottom":"0","left":"0","isLinked":""},"padding_tablet":{"unit":"em","top":"5","right":"2","bottom":"2","left":"2","isLinked":""}},"elements":[{"id":"a947db3","settings":{"_column_size":"100","padding":{"unit":"em","top":"0","right":"4","bottom":"4","left":"0","isLinked":""},"background_background":"classic","background_image":{"url":"http:\/\/sitefacilitado.com.br\/membros\/wp-content\/uploads\/2020\/03\/image-from-rawpixel-id-523355-jpeg.jpg","id":"4443"},"background_position":"top right","background_xpos":{"unit":"px","size":"-148"},"background_size":"cover","background_overlay_background":"classic","background_overlay_color":"#ffe7e0","background_overlay_opacity":{"unit":"px","size":"0.68"},"overlay_blend_mode":"overlay","border_radius":{"unit":"px","top":"12","right":"12","bottom":"12","left":"12","isLinked":"1"},"margin":{"unit":"px","top":"0","right":"0","bottom":"0","left":"0","isLinked":""},"margin_mobile":{"unit":"px","top":"0","right":"0","bottom":"0","left":"0","isLinked":""},"padding_tablet":{"unit":"em","top":"-1","right":"0","bottom":"0","left":"0","isLinked":""},"padding_mobile":{"unit":"em","top":"1","right":"1","bottom":"1","left":"1","isLinked":"1"}},"elements":[{"id":"2bc1004d","settings":{"layout":"full_width","height_inner":"min-height","custom_height_inner":{"unit":"px","size":"661"},"background_background":"classic","background_image":{"url":"http:\/\/sitefacilitado.com.br\/membros\/wp-content\/uploads\/2020\/03\/asian-model-attractive-beautiful-1782282.jpg","id":"4463"},"background_position":"initial","background_size":"cover","background_overlay_color":"#c9c9f2","background_overlay_opacity":{"unit":"px","size":"0.2"},"overlay_blend_mode":"lighten","border_radius":{"unit":"px","top":"12","right":"12","bottom":"12","left":"12","isLinked":"1"},"margin":{"unit":"px","top":"-60","right":"0","bottom":"0","left":"0","isLinked":""},"content_width":{"unit":"px","size":"1143","sizes":[]},"background_xpos":{"unit":"px","size":"243","sizes":[]},"background_ypos":{"unit":"px","size":"-164","sizes":[]},"padding":{"unit":"em","top":"0","right":"0","bottom":"0","left":"0","isLinked":""},"background_repeat":"no-repeat","padding_tablet":{"unit":"px","top":"0","right":"0","bottom":"0","left":"0","isLinked":""},"background_position_tablet":"initial","background_position_mobile":"center left","background_xpos_tablet":{"unit":"px","size":"111","sizes":[]},"background_size_tablet":"cover","margin_tablet":{"unit":"%","top":"","right":"0","bottom":"","left":"0","isLinked":"1"},"padding_mobile":{"unit":"em","top":"1","right":"1","bottom":"1","left":"1","isLinked":"1"}},"elements":[{"id":"81f48f4","settings":{"_column_size":"100","content_position":"center","padding":{"unit":"em","top":"3","right":"3","bottom":"3","left":"3","isLinked":"1"},"margin":{"unit":"%","top":"0","right":"59","bottom":"0","left":"0","isLinked":""},"background_background":"classic","margin_mobile":{"unit":"px","top":"0","right":"0","bottom":"0","left":"0","isLinked":""},"padding_mobile":{"unit":"em","top":"7","right":"0","bottom":"0","left":"0","isLinked":""}},"elements":[{"id":"5af9f6df","settings":{"title":"New!","header_size":"h5","align":"center","title_color":"#000000","typography_typography":"custom","typography_font_family":"Grand Hotel","typography_font_size":{"unit":"px","size":"38"},"typography_font_weight":"500","typography_font_style":"italic"},"elements":[],"isInner":false,"widgetType":"heading","elType":"widget"},{"id":"696b7b48","settings":{"title":"Makeup Tutorials","title_color":"#000000","typography_typography":"custom","typography_font_family":"Domine","typography_font_size":{"unit":"px","size":"45"},"typography_font_size_tablet":{"unit":"px","size":"36"},"typography_font_weight":"600","typography_font_size_mobile":{"unit":"px","size":"28"},"typography_text_transform":"capitalize","align":"center","typography_font_style":"normal","typography_text_decoration":"none"},"elements":[],"isInner":false,"widgetType":"heading","elType":"widget"},{"id":"257fd1c2","settings":{"editor":"<p>Dive into the Makeover Essentials Contour Kit and begin your journey in creating the illusions of higher cheekbones, a slimmer nose.<\/p>","text_color":"#5c5c5d","typography_typography":"custom","typography_font_family":"Muli","typography_font_size":{"unit":"px","size":"15"},"typography_font_size_tablet":{"unit":"px","size":"15"},"typography_font_size_mobile":{"unit":"px","size":"14"},"typography_font_weight":"500","typography_line_height":{"unit":"em","size":"1.8"},"_margin":{"unit":"px","top":"20","right":"0","bottom":"0","left":"0","isLinked":""},"_padding":{"unit":"px","top":"0","right":"0","bottom":"0","left":"0","isLinked":""},"_margin_mobile":{"unit":"px","top":"0","right":"0","bottom":"0","left":"0","isLinked":""},"align":"center"},"elements":[],"isInner":false,"widgetType":"text-editor","elType":"widget"},{"id":"6888cf17","settings":{"text":"View All","align":"center","typography_typography":"custom","typography_font_family":"Montserrat","typography_font_size":{"unit":"px","size":"12"},"typography_font_weight":"500","typography_text_transform":"uppercase","typography_line_height":{"unit":"px","size":"15"},"typography_letter_spacing":{"unit":"px","size":"2"},"background_color":"#ed5e5e","button_background_hover_color":"rgba(0,0,0,0)","border_radius":{"unit":"px","top":"8","right":"8","bottom":"8","left":"8","isLinked":"1"},"text_padding":{"unit":"em","top":"","right":"","bottom":"","left":"","isLinked":""},"text_padding_mobile":{"unit":"px","top":"20","right":"40","bottom":"20","left":"40","isLinked":""},"_margin":{"unit":"px","top":"35","right":"-31","bottom":"0","left":"0","isLinked":""},"_animation":"fadeInLeft","_margin_mobile":{"unit":"px","top":"30","right":"0","bottom":"0","left":"0","isLinked":""},"_animation_delay":"300","hover_color":"#000000","button_hover_border_color":"#000000","border_border":"solid","border_width":{"unit":"px","top":"1","right":"1","bottom":"1","left":"1","isLinked":"1"},"border_color":"#ed5e5e"},"elements":[],"isInner":false,"widgetType":"button","elType":"widget"}],"isInner":"1","elType":"column"}],"isInner":"1","elType":"section"}],"isInner":"","elType":"column"}],"isInner":"","elType":"section"},{"id":"2358689a","settings":{"padding":{"unit":"em","top":"3","right":"1","bottom":"3","left":"1","isLinked":""},"html_tag":"section","background_background":"classic","background_color":"#ffffff","content_width":{"unit":"px","size":"1300","sizes":[]}},"elements":[{"id":"2e410a1b","settings":{"_column_size":"100","padding":{"unit":"em","top":"2","right":"2","bottom":"2","left":"2","isLinked":""},"align":"center","margin_mobile":{"unit":"px","top":"0","right":"0","bottom":"0","left":"0","isLinked":""},"padding_mobile":{"unit":"px","top":"0","right":"0","bottom":"0","left":"0","isLinked":""}},"elements":[{"id":"5d989428","settings":{"title":"popular products","align":"center","typography_typography":"custom","typography_font_family":"Montserrat","typography_font_size":{"unit":"rem","size":"0.8"},"typography_font_weight":"600","title_color":"#ed5e5e","typography_text_transform":"uppercase","typography_letter_spacing":{"unit":"px","size":"5","sizes":[]},"_element_width_mobile":"inherit"},"elements":[],"isInner":false,"widgetType":"heading","elType":"widget"},{"id":"72508446","settings":{"title":"Shop Categories","title_color":"#000000","typography_typography":"custom","typography_font_family":"Domine","typography_font_size":{"unit":"px","size":"45"},"typography_font_weight":"600","typography_text_transform":"capitalize","typography_font_size_tablet":{"unit":"px","size":"36"},"typography_font_size_mobile":{"unit":"px","size":"28"},"align":"center","typography_font_style":"normal","typography_text_decoration":"none","_margin":{"unit":"px","top":"0","right":"0","bottom":"30","left":"0","isLinked":""}},"elements":[],"isInner":false,"widgetType":"heading","elType":"widget"},{"id":"46f19bf0","settings":{"layout":"full_width","gap":"no","structure":"40","margin":{"unit":"px","top":"0","right":"0","bottom":"0","left":"0","isLinked":"1"}},"elements":[{"id":"3d8e472b","settings":{"_column_size":"25","_inline_size":"24.11","background_background":"classic","background_size":"cover"},"elements":[{"id":"590299c8","settings":{"image":{"url":"http:\/\/sitefacilitado.com.br\/membros\/wp-content\/uploads\/2020\/03\/image-from-rawpixel-id-523363-jpeg.jpg","id":"4440"},"align":"center","caption":"Skin Care","caption_align":"center","_css_classes":"envato-kit-77-caption","width":{"unit":"%","size":"100","sizes":[]},"hover_animation":"shrink","image_border_radius":{"unit":"px","top":"12","right":"0","bottom":"0","left":"12","isLinked":""},"text_color":"#efefef","caption_typography_typography":"custom","caption_typography_font_family":"Domine","caption_typography_font_size":{"unit":"px","size":"26","sizes":[]},"caption_typography_font_weight":"bold","_border_radius":{"unit":"px","top":"12","right":"0","bottom":"12","left":"0","isLinked":""},"image_size":"custom","image_custom_dimension":{"width":"500","height":"720"}},"elements":[],"isInner":false,"widgetType":"image","elType":"widget"}],"isInner":"1","elType":"column"},{"id":"23665f85","settings":{"_column_size":"25","_inline_size":"23.058","space_between_widgets":"0"},"elements":[{"id":"17aad509","settings":{"image":{"url":"http:\/\/sitefacilitado.com.br\/membros\/wp-content\/uploads\/2020\/03\/beauty-make-up-make-up-brushes-205923.jpg","id":"4448"},"align":"center","caption":"Skin Care","caption_align":"right","_css_classes":"envato-kit-77-caption","image_size":"custom","image_custom_dimension":{"width":"500","height":"370"},"width":{"unit":"%","size":"100","sizes":[]},"hover_animation":"shrink","text_color":"#efefef","caption_typography_typography":"custom","caption_typography_font_family":"Domine","caption_typography_font_size":{"unit":"px","size":"26","sizes":[]},"caption_typography_font_weight":"bold"},"elements":[],"isInner":false,"widgetType":"image","elType":"widget"},{"id":"782d58a0","settings":{"image":{"url":"http:\/\/sitefacilitado.com.br\/membros\/wp-content\/uploads\/2020\/03\/adolescent-adult-attractive-1462637.jpg","id":"4441"},"align":"center","caption":"Skin Care","caption_align":"right","_css_classes":"envato-kit-77-caption","image_size":"custom","image_custom_dimension":{"width":"500","height":"380"},"width":{"unit":"%","size":"100","sizes":[]},"hover_animation":"shrink","text_color":"#efefef","caption_typography_typography":"custom","caption_typography_font_family":"Domine","caption_typography_font_size":{"unit":"px","size":"26","sizes":[]},"caption_typography_font_weight":"bold","_margin":{"unit":"%","top":"0","right":"0","bottom":"0","left":"0","isLinked":""}},"elements":[],"isInner":false,"widgetType":"image","elType":"widget"}],"isInner":"1","elType":"column"},{"id":"49c6ae9","settings":{"_column_size":"25","_inline_size":"26.618","background_background":"classic","background_position":"center center","background_size":"cover","background_color":"#96b8d1"},"elements":[{"id":"346af965","settings":{"image":{"url":"http:\/\/sitefacilitado.com.br\/membros\/wp-content\/uploads\/2020\/03\/brushing-on-makeup-scaled.jpg","id":"4453"},"align":"center","caption":"Skin Care","caption_align":"center","_css_classes":"envato-kit-77-caption","width":{"unit":"%","size":"100","sizes":[]},"hover_animation":"shrink","image_border_radius":{"unit":"px","top":"0","right":"0","bottom":"0","left":"0","isLinked":""},"text_color":"#efefef","caption_typography_typography":"custom","caption_typography_font_family":"Domine","caption_typography_font_size":{"unit":"px","size":"26","sizes":[]},"caption_typography_font_weight":"bold","_border_radius":{"unit":"px","top":"12","right":"0","bottom":"12","left":"0","isLinked":""},"image_size":"custom","image_custom_dimension":{"width":"500","height":"650"},"_background_background":"classic","_background_color":"#a7d1e2"},"elements":[],"isInner":false,"widgetType":"image","elType":"widget"}],"isInner":"1","elType":"column"},{"id":"582673f4","settings":{"_column_size":"25","_inline_size":"26.214","background_background":"classic","background_color":"#bad6e2","background_repeat":"no-repeat","background_size":"contain","border_radius":{"unit":"px","top":"0","right":"12","bottom":"12","left":"0","isLinked":""}},"elements":[{"id":"66cab036","settings":{"image":{"url":"http:\/\/sitefacilitado.com.br\/membros\/wp-content\/uploads\/2020\/03\/brushes-cosmetics-desk-2253833.jpg","id":"4471"},"align":"center","caption":"Hair Care","caption_align":"center","_css_classes":"envato-kit-77-caption","image_size":"custom","image_custom_dimension":{"width":"500","height":"730"},"width":{"unit":"%","size":"100","sizes":[]},"hover_animation":"shrink","text_color":"#efefef","caption_typography_typography":"custom","caption_typography_font_family":"Domine","caption_typography_font_size":{"unit":"px","size":"26","sizes":[]},"caption_typography_font_weight":"bold","css_filters_css_filter":"custom","css_filters_brightness":{"unit":"px","size":"118","sizes":[]},"css_filters_saturate":{"unit":"px","size":"92","sizes":[]},"css_filters_hue":{"unit":"px","size":"343","sizes":[]},"image_border_radius":{"unit":"px","top":"0","right":"0","bottom":"0","left":"0","isLinked":""},"_padding":{"unit":"px","top":"0","right":"25","bottom":"0","left":"0","isLinked":""}},"elements":[],"isInner":false,"widgetType":"image","elType":"widget"}],"isInner":"1","elType":"column"}],"isInner":"1","elType":"section"},{"id":"639311a7","settings":{"text":"View All","align":"center","typography_typography":"custom","typography_font_family":"Montserrat","typography_font_size":{"unit":"px","size":"12"},"typography_font_weight":"500","typography_text_transform":"uppercase","typography_line_height":{"unit":"px","size":"15"},"typography_letter_spacing":{"unit":"px","size":"2"},"background_color":"#ed5e5e","button_background_hover_color":"rgba(0,0,0,0)","border_radius":{"unit":"px","top":"8","right":"8","bottom":"8","left":"8","isLinked":"1"},"text_padding":{"unit":"em","top":"","right":"","bottom":"","left":"","isLinked":""},"text_padding_mobile":{"unit":"px","top":"20","right":"40","bottom":"20","left":"40","isLinked":""},"_margin":{"unit":"px","top":"35","right":"0","bottom":"0","left":"0","isLinked":""},"_animation":"fadeInLeft","_margin_mobile":{"unit":"px","top":"30","right":"0","bottom":"0","left":"0","isLinked":""},"_animation_delay":"300","hover_color":"#000000","button_hover_border_color":"#000000","border_border":"solid","border_width":{"unit":"px","top":"1","right":"1","bottom":"1","left":"1","isLinked":"1"},"border_color":"#ed5e5e","typography_font_style":"normal","typography_text_decoration":"none","button_text_color":"#ffffff"},"elements":[],"isInner":false,"widgetType":"button","elType":"widget"}],"isInner":"","elType":"column"}],"isInner":"","elType":"section"},{"id":"64b96fc7","settings":{"padding":{"unit":"em","top":"4","right":"1","bottom":"4","left":"1","isLinked":""},"padding_mobile":{"unit":"px","top":"30","right":"20","bottom":"30","left":"20","isLinked":""},"content_width":{"unit":"px","size":""},"height":"min-height","custom_height":{"unit":"px","size":"685"},"custom_height_tablet":{"unit":"px","size":"515"},"custom_height_mobile":{"unit":"px","size":"400"},"column_position":"stretch","content_position":"middle","background_background":"classic","background_image":{"url":"http:\/\/sitefacilitado.com.br\/membros\/wp-content\/uploads\/2020\/03\/image-from-rawpixel-id-523363-jpeg.jpg","id":"4440"},"background_position":"center center","background_attachment":"fixed","background_repeat":"no-repeat","background_size":"cover","background_overlay_background":"classic","background_overlay_color_b":"#5c5c5d","background_overlay_gradient_angle":{"unit":"deg","size":"130"},"background_overlay_opacity":{"unit":"px","size":"1"},"margin":{"unit":"px","top":"","right":"0","bottom":"","left":"0","isLinked":"1"},"html_tag":"section","padding_tablet":{"unit":"em","top":"3","right":"1","bottom":"3","left":"1","isLinked":""}},"elements":[{"id":"422c3041","settings":{"_column_size":"100","margin_tablet":{"unit":"px","top":"0","right":"0","bottom":"0","left":"0","isLinked":""},"padding_tablet":{"unit":"px","top":"0","right":"0","bottom":"0","left":"0","isLinked":""}},"elements":[{"id":"8263276","settings":{"title":"get the monthly","header_size":"h3","title_color":"#ffffff","typography_typography":"custom","typography_font_family":"Montserrat","typography_font_size":{"unit":"rem","size":"0.8"},"typography_font_weight":"600","typography_text_transform":"uppercase","align":"center","typography_letter_spacing":{"unit":"px","size":"5","sizes":[]},"align_mobile":"center"},"elements":[],"isInner":false,"widgetType":"heading","elType":"widget"},{"id":"59ff5a3d","settings":{"title":"Beauty Box","title_color":"#ffffff","typography_typography":"custom","typography_font_family":"Domine","typography_font_size":{"unit":"px","size":"45"},"typography_font_weight":"600","typography_text_transform":"capitalize","align":"center","typography_font_size_tablet":{"unit":"px","size":"36"},"typography_font_size_mobile":{"unit":"px","size":"28"},"_padding":{"unit":"em","top":"0","right":"0","bottom":"2","left":"0","isLinked":""}},"elements":[],"isInner":false,"widgetType":"heading","elType":"widget"},{"id":"547d63cf","settings":{"structure":"30","layout":"full_width","background_background":"classic","background_color":"#f2f1ef","padding":{"unit":"em","top":"2","right":"2","bottom":"2","left":"2","isLinked":"1"},"padding_tablet":{"unit":"em","top":"1","right":"1","bottom":"1","left":"1","isLinked":"1"},"border_radius":{"unit":"px","top":"8","right":"8","bottom":"8","left":"8","isLinked":"1"},"background_image":{"url":"http:\/\/sitefacilitado.com.br\/membros\/wp-content\/uploads\/2020\/03\/image-from-rawpixel-id-523357-jpeg.jpg","id":"4450"},"background_overlay_background":"classic","background_overlay_color":"#f2f2f2","background_overlay_opacity":{"unit":"px","size":"0.61","sizes":[]}},"elements":[{"id":"419ffe37","settings":{"_column_size":"33","background_background":"classic","border_width":{"unit":"px","top":"1","right":"0","bottom":"1","left":"1","isLinked":""},"border_color":"#dddddd","padding":{"unit":"px","top":"40","right":"0","bottom":"40","left":"0","isLinked":""},"margin_tablet":{"unit":"px","top":"5","right":"5","bottom":"5","left":"5","isLinked":"1"},"background_color":"#ffffff","border_radius":{"unit":"px","top":"8","right":"8","bottom":"8","left":"8","isLinked":"1"},"margin":{"unit":"px","top":"10","right":"10","bottom":"10","left":"10","isLinked":"1"}},"elements":[{"id":"1a71017e","settings":{"title":"1 month","title_color":"#000000","typography_typography":"custom","typography_font_family":"Domine","typography_font_size":{"unit":"px","size":"28"},"typography_font_weight":"600","typography_text_transform":"capitalize","align":"center","typography_font_size_tablet":{"unit":"px","size":"36"},"typography_font_size_mobile":{"unit":"px","size":"28"},"header_size":"span","typography_font_style":"normal","typography_text_decoration":"none","typography_line_height":{"unit":"em","size":"1","sizes":[]}},"elements":[],"isInner":false,"widgetType":"heading","elType":"widget"},{"id":"6e6d59dc","settings":{"title":"$20","title_color":"#ed5e5e","typography_typography":"custom","typography_font_family":"Domine","typography_font_size":{"unit":"px","size":"60"},"typography_font_weight":"500","typography_text_transform":"capitalize","align":"center","header_size":"span"},"elements":[],"isInner":false,"widgetType":"heading","elType":"widget"},{"id":"7e6c774d","settings":{"color":"#dddddd","gap":{"unit":"px","size":"0"},"text":"Divisor"},"elements":[],"isInner":false,"widgetType":"divider","elType":"widget"},{"id":"55290b80","settings":{"editor":"<p>Lorem ipsum dolor sit amet, consectetur adipiscing elit, sed do eiusmod tempor incididunt ut labore et dolore magna aliqua.\u00a0<\/p>","text_color":"#5c5c5d","typography_typography":"custom","typography_font_family":"Muli","typography_font_size":{"unit":"px","size":"15"},"typography_font_size_tablet":{"unit":"px","size":"14"},"typography_font_size_mobile":{"unit":"px","size":"17"},"typography_font_weight":"400","typography_line_height":{"unit":"em","size":"1.8"},"_margin":{"unit":"px","top":"20","right":"0","bottom":"0","left":"0","isLinked":""},"_padding":{"unit":"em","top":"0","right":"3","bottom":"2","left":"2","isLinked":""},"_margin_mobile":{"unit":"px","top":"0","right":"0","bottom":"0","left":"0","isLinked":""},"align":"center","typography_text_transform":"none","typography_font_style":"normal","typography_text_decoration":"none","_margin_tablet":{"unit":"px","top":"0","right":"0","bottom":"0","left":"0","isLinked":""},"_padding_tablet":{"unit":"em","top":"0","right":"1","bottom":"0","left":"1","isLinked":""}},"elements":[],"isInner":false,"widgetType":"text-editor","elType":"widget"},{"id":"24bc0cec","settings":{"text":"Subscribe","align":"center","background_color":"#ed5e5e","button_background_hover_color":"rgba(0,0,0,0)","typography_typography":"custom","typography_font_family":"Montserrat","typography_font_size":{"unit":"px","size":"12"},"typography_font_weight":"500","typography_text_transform":"uppercase","typography_line_height":{"unit":"px","size":"15"},"typography_letter_spacing":{"unit":"px","size":"2"},"border_radius":{"unit":"px","top":"8","right":"8","bottom":"8","left":"8","isLinked":"1"},"text_padding":{"unit":"em","top":"","right":"","bottom":"","left":"","isLinked":""},"text_padding_mobile":{"unit":"px","top":"20","right":"40","bottom":"20","left":"40","isLinked":""},"_margin":{"unit":"px","top":"35","right":"0","bottom":"0","left":"0","isLinked":""},"_margin_mobile":{"unit":"px","top":"30","right":"0","bottom":"0","left":"0","isLinked":""},"_animation":"fadeInLeft","_animation_delay":"300","hover_color":"#000000","button_hover_border_color":"#000000","border_border":"solid","border_width":{"unit":"px","top":"1","right":"1","bottom":"1","left":"1","isLinked":"1"},"border_color":"#ed5e5e"},"elements":[],"isInner":false,"widgetType":"button","elType":"widget"}],"isInner":"1","elType":"column"},{"id":"e5b68d","settings":{"_column_size":"33","background_background":"classic","border_width":{"unit":"px","top":"1","right":"0","bottom":"1","left":"1","isLinked":""},"border_color":"#dddddd","padding":{"unit":"px","top":"40","right":"0","bottom":"40","left":"0","isLinked":""},"background_color":"#ffffff","border_radius":{"unit":"px","top":"8","right":"8","bottom":"8","left":"8","isLinked":"1"},"margin_tablet":{"unit":"px","top":"5","right":"5","bottom":"5","left":"5","isLinked":"1"},"margin":{"unit":"px","top":"10","right":"10","bottom":"10","left":"10","isLinked":"1"}},"elements":[{"id":"708344bd","settings":{"title":"3 month","title_color":"#000000","typography_typography":"custom","typography_font_family":"Domine","typography_font_size":{"unit":"px","size":"28"},"typography_font_weight":"600","typography_text_transform":"capitalize","align":"center","typography_font_size_tablet":{"unit":"px","size":"36"},"typography_font_size_mobile":{"unit":"px","size":"28"},"header_size":"span","typography_font_style":"normal","typography_text_decoration":"none","typography_line_height":{"unit":"em","size":"1","sizes":[]}},"elements":[],"isInner":false,"widgetType":"heading","elType":"widget"},{"id":"545f0203","settings":{"title":"$50","title_color":"#ed5e5e","typography_typography":"custom","typography_font_family":"Domine","typography_font_size":{"unit":"px","size":"60"},"typography_font_weight":"500","typography_text_transform":"capitalize","align":"center","header_size":"span"},"elements":[],"isInner":false,"widgetType":"heading","elType":"widget"},{"id":"238845da","settings":{"color":"#dddddd","gap":{"unit":"px","size":"0"},"text":"Divisor"},"elements":[],"isInner":false,"widgetType":"divider","elType":"widget"},{"id":"63cb83fa","settings":{"editor":"<p>Lorem ipsum dolor sit amet, consectetur adipiscing elit, sed do eiusmod tempor incididunt ut labore et dolore magna aliqua.\u00a0<\/p>","text_color":"#5c5c5d","typography_typography":"custom","typography_font_family":"Muli","typography_font_size":{"unit":"px","size":"15"},"typography_font_size_tablet":{"unit":"px","size":"14"},"typography_font_size_mobile":{"unit":"px","size":"17"},"typography_font_weight":"400","typography_line_height":{"unit":"em","size":"1.8"},"_margin":{"unit":"px","top":"20","right":"0","bottom":"0","left":"0","isLinked":""},"_padding":{"unit":"em","top":"0","right":"3","bottom":"2","left":"2","isLinked":""},"_margin_mobile":{"unit":"px","top":"0","right":"0","bottom":"0","left":"0","isLinked":""},"align":"center","typography_text_transform":"none","typography_font_style":"normal","typography_text_decoration":"none","_margin_tablet":{"unit":"px","top":"0","right":"0","bottom":"0","left":"0","isLinked":""},"_padding_tablet":{"unit":"em","top":"0","right":"1","bottom":"0","left":"1","isLinked":""}},"elements":[],"isInner":false,"widgetType":"text-editor","elType":"widget"},{"id":"4bf684d2","settings":{"space":{"unit":"px","size":"10","sizes":[]}},"elements":[],"isInner":false,"widgetType":"spacer","elType":"widget"},{"id":"5dd1b204","settings":{"text":"Subscribe","align":"center","background_color":"#ed5e5e","button_background_hover_color":"rgba(0,0,0,0)","typography_typography":"custom","typography_font_family":"Montserrat","typography_font_size":{"unit":"px","size":"12"},"typography_font_weight":"500","typography_text_transform":"uppercase","typography_line_height":{"unit":"px","size":"15"},"typography_letter_spacing":{"unit":"px","size":"2"},"border_radius":{"unit":"px","top":"8","right":"8","bottom":"8","left":"8","isLinked":"1"},"text_padding":{"unit":"em","top":"","right":"","bottom":"","left":"","isLinked":""},"text_padding_mobile":{"unit":"px","top":"20","right":"40","bottom":"20","left":"40","isLinked":""},"_margin":{"unit":"px","top":"35","right":"0","bottom":"0","left":"0","isLinked":""},"_margin_mobile":{"unit":"px","top":"30","right":"0","bottom":"0","left":"0","isLinked":""},"_animation":"fadeInLeft","_animation_delay":"300","hover_color":"#000000","button_hover_border_color":"#000000","border_border":"solid","border_width":{"unit":"px","top":"1","right":"1","bottom":"1","left":"1","isLinked":"1"},"border_color":"#ed5e5e"},"elements":[],"isInner":false,"widgetType":"button","elType":"widget"}],"isInner":"1","elType":"column"},{"id":"223c6b8f","settings":{"_column_size":"33","background_background":"classic","border_width":{"unit":"px","top":"1","right":"0","bottom":"1","left":"1","isLinked":""},"border_color":"#dddddd","padding":{"unit":"px","top":"40","right":"0","bottom":"40","left":"0","isLinked":""},"background_color":"#ffffff","border_radius":{"unit":"px","top":"8","right":"8","bottom":"8","left":"8","isLinked":"1"},"margin_tablet":{"unit":"px","top":"5","right":"5","bottom":"5","left":"5","isLinked":"1"},"margin":{"unit":"px","top":"10","right":"10","bottom":"10","left":"10","isLinked":"1"}},"elements":[{"id":"6ebd0df6","settings":{"title":"yearly","title_color":"#000000","typography_typography":"custom","typography_font_family":"Domine","typography_font_size":{"unit":"px","size":"28"},"typography_font_weight":"600","typography_text_transform":"capitalize","align":"center","typography_font_size_tablet":{"unit":"px","size":"36"},"typography_font_size_mobile":{"unit":"px","size":"28"},"header_size":"span","typography_font_style":"normal","typography_text_decoration":"none","typography_line_height":{"unit":"em","size":"1","sizes":[]}},"elements":[],"isInner":false,"widgetType":"heading","elType":"widget"},{"id":"65fb98d","settings":{"title":"$199","title_color":"#ed5e5e","typography_typography":"custom","typography_font_family":"Domine","typography_font_size":{"unit":"px","size":"60"},"typography_font_weight":"500","typography_text_transform":"capitalize","align":"center","header_size":"span"},"elements":[],"isInner":false,"widgetType":"heading","elType":"widget"},{"id":"19095361","settings":{"color":"#dddddd","gap":{"unit":"px","size":"0"},"text":"Divisor"},"elements":[],"isInner":false,"widgetType":"divider","elType":"widget"},{"id":"176b6b2a","settings":{"editor":"<p>Lorem ipsum dolor sit amet, consectetur adipiscing elit, sed do eiusmod tempor incididunt ut labore et dolore magna aliqua.\u00a0<\/p>","text_color":"#5c5c5d","typography_typography":"custom","typography_font_family":"Muli","typography_font_size":{"unit":"px","size":"15"},"typography_font_size_tablet":{"unit":"px","size":"14"},"typography_font_size_mobile":{"unit":"px","size":"17"},"typography_font_weight":"400","typography_line_height":{"unit":"em","size":"1.8"},"_margin":{"unit":"px","top":"20","right":"0","bottom":"0","left":"0","isLinked":""},"_padding":{"unit":"em","top":"0","right":"3","bottom":"2","left":"2","isLinked":""},"_margin_mobile":{"unit":"px","top":"0","right":"0","bottom":"0","left":"0","isLinked":""},"align":"center","typography_text_transform":"none","typography_font_style":"normal","typography_text_decoration":"none","_margin_tablet":{"unit":"px","top":"0","right":"0","bottom":"0","left":"0","isLinked":""},"_padding_tablet":{"unit":"em","top":"0","right":"1","bottom":"0","left":"1","isLinked":""}},"elements":[],"isInner":false,"widgetType":"text-editor","elType":"widget"},{"id":"f44dce","settings":{"text":"Subscribe","align":"center","background_color":"#ed5e5e","button_background_hover_color":"rgba(0,0,0,0)","typography_typography":"custom","typography_font_family":"Montserrat","typography_font_size":{"unit":"px","size":"12"},"typography_font_weight":"500","typography_text_transform":"uppercase","typography_line_height":{"unit":"px","size":"15"},"typography_letter_spacing":{"unit":"px","size":"2"},"border_radius":{"unit":"px","top":"8","right":"8","bottom":"8","left":"8","isLinked":"1"},"text_padding":{"unit":"em","top":"","right":"","bottom":"","left":"","isLinked":""},"text_padding_mobile":{"unit":"px","top":"20","right":"40","bottom":"20","left":"40","isLinked":""},"_margin":{"unit":"px","top":"35","right":"0","bottom":"0","left":"0","isLinked":""},"_margin_mobile":{"unit":"px","top":"30","right":"0","bottom":"0","left":"0","isLinked":""},"_animation":"fadeInLeft","_animation_delay":"300","hover_color":"#000000","button_hover_border_color":"#000000","border_border":"solid","border_width":{"unit":"px","top":"1","right":"1","bottom":"1","left":"1","isLinked":"1"},"border_color":"#ed5e5e"},"elements":[],"isInner":false,"widgetType":"button","elType":"widget"}],"isInner":"1","elType":"column"}],"isInner":"1","elType":"section"}],"isInner":"","elType":"column"}],"isInner":"","elType":"section"}]}