{"version":"0.4","title":"Make 5","type":"page","content":[{"id":"739a720f","settings":{"background_background":"classic","background_image":{"id":"4440","url":"http:\/\/sitefacilitado.com.br\/membros\/wp-content\/uploads\/2020\/03\/image-from-rawpixel-id-523363-jpeg.jpg"},"content_width":{"unit":"px","size":""},"height":"min-height","custom_height":{"unit":"px","size":"310"},"background_repeat":"no-repeat","background_size":"cover","custom_height_tablet":{"unit":"px","size":"280"},"custom_height_mobile":{"unit":"px","size":"240"},"background_position":"top center","background_overlay_background":"classic","background_overlay_color":"#f2c5ae","background_overlay_opacity":{"unit":"px","size":"0.05"},"shape_divider_bottom_width":{"unit":"%","size":"100"},"shape_divider_bottom_height":{"unit":"px","size":"500"},"padding_mobile":{"unit":"em","top":"2","right":"0","bottom":"0","left":"0","isLinked":""}},"elements":[{"id":"67cd88a4","settings":{"_column_size":"100"},"elements":[{"id":"8a55c6e","settings":{"title":"our brand story","header_size":"h5","align":"center","title_color":"#ed5e5e","typography_typography":"custom","typography_font_family":"Montserrat","typography_font_size":{"unit":"rem","size":"0.8"},"typography_font_weight":"600","typography_text_transform":"uppercase","typography_letter_spacing":{"unit":"px","size":"5","sizes":[]},"typography_font_size_mobile":{"unit":"px","size":"8","sizes":[]}},"elements":[],"isInner":false,"widgetType":"heading","elType":"widget"},{"id":"9081fe4","settings":{"title":"About Us","align":"center","title_color":"#ffffff","typography_typography":"custom","typography_font_family":"Domine","typography_font_size":{"unit":"px","size":"60"},"typography_font_weight":"600","typography_text_transform":"capitalize","typography_font_size_tablet":{"unit":"px","size":"36"},"typography_font_size_mobile":{"unit":"px","size":"40"},"typography_font_style":"normal","typography_text_decoration":"none"},"elements":[],"isInner":false,"widgetType":"heading","elType":"widget"},{"id":"126c2a77","settings":{"social_icon_list":[{"social":"fa fa-instagram","_id":"496f611","link":{"url":"","is_external":"true","nofollow":""},"social_icon":{"value":"fab fa-wordpress","library":"fa-brands"},"item_icon_color":"default","item_icon_primary_color":"","item_icon_secondary_color":""},{"social":"fa fa-pinterest","link":{"url":"","is_external":"true","nofollow":""},"_id":"c0b986b","social_icon":{"value":"fab fa-wordpress","library":"fa-brands"},"item_icon_color":"default","item_icon_primary_color":"","item_icon_secondary_color":""},{"social":"fa fa-facebook","link":{"url":"","is_external":"true","nofollow":""},"_id":"232ba2f","social_icon":{"value":"fab fa-wordpress","library":"fa-brands"},"item_icon_color":"default","item_icon_primary_color":"","item_icon_secondary_color":""},{"social":"fa fa-whatsapp","link":{"url":"","is_external":"true","nofollow":""},"_id":"80ae0c6","social_icon":{"value":"fab fa-wordpress","library":"fa-brands"},"item_icon_color":"default","item_icon_primary_color":"","item_icon_secondary_color":""}],"icon_color":"custom","icon_primary_color":"#ed5e5e","icon_size":{"unit":"px","size":"17"},"icon_padding":{"unit":"em","size":"0.8"},"image_border_width":{"unit":"px","top":"0","right":"0","bottom":"5","left":"5","isLinked":""},"border_radius":{"unit":"px","top":"100","right":"100","bottom":"100","left":"100","isLinked":"1"},"hover_primary_color":"#eb6696","hover_secondary_color":"#ffffff","hover_animation":"shrink","_margin":{"unit":"px","top":"0","right":"0","bottom":"60","left":"0","isLinked":""}},"elements":[],"isInner":false,"widgetType":"social-icons","elType":"widget"}],"isInner":"","elType":"column"}],"isInner":"","elType":"section"},{"id":"25c0926b","settings":{"structure":"20","content_width":{"unit":"px","size":"1300"},"background_background":"classic","background_position":"center left","background_repeat":"repeat","background_size":"auto","margin":{"unit":"px","top":"0","right":"0","bottom":"0","left":"0","isLinked":""},"padding":{"unit":"px","top":"100","right":"0","bottom":"100","left":"0","isLinked":""},"background_color":"#f9f9f9","margin_mobile":{"unit":"px","top":"20","right":"0","bottom":"0","left":"0","isLinked":""},"background_attachment":"fixed","background_overlay_image":{"url":"http:\/\/sitefacilitado.com.br\/membros\/wp-content\/uploads\/2020\/03\/image-from-rawpixel-id-523363-jpeg.jpg","id":"4440"},"background_overlay_size":"auto","background_overlay_bg_width":{"unit":"%","size":"24"},"background_overlay_opacity":{"unit":"px","size":"0.05"},"background_overlay_background":"classic","background_overlay_attachment":"fixed","padding_tablet":{"unit":"em","top":"3","right":"1","bottom":"3","left":"1","isLinked":""}},"elements":[{"id":"25606872","settings":{"_column_size":"50","_inline_size":"54.396","_inline_size_tablet":"50","_inline_size_mobile":"100","margin_mobile":{"unit":"px","top":"0","right":"0","bottom":"0","left":"0","isLinked":""},"padding":{"unit":"em","top":"5","right":"5","bottom":"0","left":"5","isLinked":""},"animation":"fadeInLeft","margin":{"unit":"px","top":"0","right":"0","bottom":"0","left":"0","isLinked":""},"background_background":"classic","background_image":{"url":"http:\/\/sitefacilitado.com.br\/membros\/wp-content\/uploads\/2020\/03\/image-from-rawpixel-id-523363-jpeg.jpg","id":"4440"},"background_position":"top left","background_repeat":"no-repeat","background_size":"contain","background_overlay_background":"classic","background_overlay_position":"initial","background_overlay_xpos":{"unit":"px","size":"15"},"background_overlay_ypos":{"unit":"px","size":"24"},"background_overlay_repeat":"repeat-y","background_overlay_size":"initial","background_overlay_opacity":{"unit":"px","size":"0.66"},"border_radius":{"unit":"px","top":"12","right":"12","bottom":"12","left":"12","isLinked":"1"},"content_position":"top","box_shadow_box_shadow":{"horizontal":"-13","vertical":"-6","blur":"10","spread":"0","color":"rgba(0,0,0,0.5)"}},"elements":[{"id":"57d9ae4","settings":{"image":{"id":"4442","url":"http:\/\/sitefacilitado.com.br\/membros\/wp-content\/uploads\/2020\/03\/assorted-cosmetics-lipsticks-1625037.jpg"},"image_size":"full","image_custom_dimension":{"width":"500","height":"530"},"image_box_shadow_box_shadow":{"horizontal":"30","vertical":"30","blur":"0","spread":"0","color":"#efbca7"},"image_border_radius":{"unit":"px","top":"12","right":"12","bottom":"12","left":"12","isLinked":"1"},"_margin":{"unit":"px","top":"-20","right":"0","bottom":"40","left":"0","isLinked":""},"image_box_shadow_box_shadow_type":"yes","_border_width":{"unit":"px","top":"0","right":"20","bottom":"24","left":"0","isLinked":""},"_border_color":"#f2baba","_border_radius":{"unit":"px","top":"12","right":"12","bottom":"12","left":"12","isLinked":"1"},"css_filters_css_filter":"custom","css_filters_brightness":{"unit":"px","size":"108","sizes":[]},"width_tablet":{"unit":"%","size":"100","sizes":[]},"_margin_tablet":{"unit":"px","top":"40","right":"-80","bottom":"0","left":"0","isLinked":""},"_padding_tablet":{"unit":"px","top":"0","right":"0","bottom":"0","left":"0","isLinked":"1"}},"elements":[],"isInner":false,"widgetType":"image","elType":"widget"}],"isInner":"","elType":"column"},{"id":"51ad607d","settings":{"_column_size":"50","_inline_size":"45.604","_inline_size_tablet":"50","background_color":"#ffffff","box_shadow_box_shadow":{"horizontal":"2","vertical":"3","blur":"40","spread":"0","color":"rgba(0,0,0,0.08)"},"margin":{"unit":"%","top":"","right":"","bottom":"","left":"","isLinked":""},"margin_tablet":{"unit":"%","top":"","right":"","bottom":"","left":"","isLinked":""},"margin_mobile":{"unit":"px","top":"50","right":"0","bottom":"50","left":"0","isLinked":""},"padding":{"unit":"em","top":"4","right":"4","bottom":"4","left":"4","isLinked":"1"},"padding_tablet":{"unit":"em","top":"","right":"","bottom":"","left":"","isLinked":""},"padding_mobile":{"unit":"px","top":"40","right":"20","bottom":"50","left":"20","isLinked":""},"animation":"fadeInRight","content_position":"center"},"elements":[{"id":"3d5d7013","settings":{"title":"established 2004","header_size":"h5","title_color":"#ed5e5e","typography_typography":"custom","typography_font_family":"Montserrat","typography_font_size":{"unit":"rem","size":"0.8"},"typography_font_weight":"600","typography_text_transform":"uppercase","typography_letter_spacing":{"unit":"px","size":"5","sizes":[]},"typography_font_size_mobile":{"unit":"px","size":"8","sizes":[]}},"elements":[],"isInner":false,"widgetType":"heading","elType":"widget"},{"id":"28f1574a","settings":{"title":"organic &amp; <br>vegan-friendly","title_color":"#000000","typography_typography":"custom","typography_font_family":"Domine","typography_font_size":{"unit":"px","size":"45"},"typography_font_size_tablet":{"unit":"px","size":"36"},"typography_font_weight":"600","typography_font_size_mobile":{"unit":"px","size":"28"},"typography_text_transform":"capitalize"},"elements":[],"isInner":false,"widgetType":"heading","elType":"widget"},{"id":"7a7e19ab","settings":{"editor":"<p style=\"text-align: left;\">Dive into the Makeover Essentials Contour Kit and begin your journey in creating the illusions of higher cheekbones, a slimmer nose, softer jawline or smaller forehead. The sky is the limit with the Contour Kit. This kit has everything you need to bronze and highlight individuals parts of anyone\u2019s face.<\/p>","text_color":"#5c5c5d","typography_typography":"custom","typography_font_family":"Muli","typography_font_size":{"unit":"px","size":"15"},"typography_font_size_tablet":{"unit":"px","size":"15"},"typography_font_size_mobile":{"unit":"px","size":"17"},"typography_font_weight":"500","typography_line_height":{"unit":"em","size":"1.8"},"_margin":{"unit":"px","top":"20","right":"0","bottom":"0","left":"0","isLinked":""},"_padding":{"unit":"px","top":"0","right":"0","bottom":"0","left":"0","isLinked":""},"_margin_mobile":{"unit":"px","top":"0","right":"0","bottom":"0","left":"0","isLinked":""},"align":"left"},"elements":[],"isInner":false,"widgetType":"text-editor","elType":"widget"}],"isInner":"","elType":"column"}],"isInner":"","elType":"section"},{"id":"2f83a228","settings":{"content_width":{"unit":"px","size":"1300"},"padding_tablet":{"unit":"em","top":"3","right":"1","bottom":"3","left":"1","isLinked":""},"padding_mobile":{"unit":"px","top":"30","right":"20","bottom":"30","left":"20","isLinked":""},"padding":{"unit":"px","top":"100","right":"25","bottom":"100","left":"25","isLinked":""},"html_tag":"section","background_background":"classic","height":"min-height","custom_height":{"unit":"px","size":"685"},"custom_height_tablet":{"unit":"px","size":"515"},"custom_height_mobile":{"unit":"px","size":"400"},"column_position":"stretch","content_position":"middle","background_image":{"url":"http:\/\/sitefacilitado.com.br\/membros\/wp-content\/uploads\/2020\/03\/image-from-rawpixel-id-523355-jpeg.jpg","id":"4443"},"background_position":"center center","background_attachment":"fixed","background_repeat":"no-repeat","background_size":"cover","background_overlay_background":"classic","background_overlay_color":"rgba(178,182,196,0.29)","background_overlay_color_b":"#5c5c5d","background_overlay_gradient_angle":{"unit":"deg","size":"130"},"background_overlay_opacity":{"unit":"px","size":"0.88"},"margin":{"unit":"px","top":"","right":"0","bottom":"","left":"0","isLinked":"1"}},"elements":[{"id":"2f741c1f","settings":{"_column_size":"100","padding":{"unit":"px","top":"0","right":"0","bottom":"0","left":"0","isLinked":""},"content_position":"top","background_background":"classic","background_color":"#f2f1ef","background_image":{"url":"http:\/\/sitefacilitado.com.br\/membros\/wp-content\/uploads\/2020\/03\/adolescent-adult-attractive-1462637.jpg","id":"4441"},"background_position":"initial","background_xpos":{"unit":"px","size":"-153","sizes":[]},"background_ypos":{"unit":"px","size":"38","sizes":[]},"background_repeat":"no-repeat","background_size":"cover","background_bg_width":{"unit":"%","size":"85","sizes":[]},"background_overlay_color":"#f7b4c7","background_overlay_opacity":{"unit":"px","size":"0.34"},"overlay_blend_mode":"lighten","border_radius":{"unit":"px","top":"12","right":"12","bottom":"12","left":"12","isLinked":"1"},"box_shadow_box_shadow_type":"yes","box_shadow_box_shadow":{"horizontal":"0","vertical":"0","blur":"29","spread":"0","color":"rgba(0,0,0,0.24)"},"background_position_mobile":"top right","background_size_mobile":"cover"},"elements":[{"id":"f680ad6","settings":{"structure":"20"},"elements":[{"id":"36fd1084","settings":{"_column_size":"50"},"elements":[],"isInner":"1","elType":"column"},{"id":"59487987","settings":{"_column_size":"50","padding":{"unit":"em","top":"2","right":"1","bottom":"0","left":"1","isLinked":""},"padding_tablet":{"unit":"em","top":"1","right":"1","bottom":"1","left":"1","isLinked":"1"}},"elements":[{"id":"717f9f5c","settings":{"title":"Testimonials","header_size":"h5","align":"center","title_color":"#ed5e5e","typography_typography":"custom","typography_font_family":"Montserrat","typography_font_size":{"unit":"rem","size":"0.8"},"typography_font_weight":"600","typography_text_transform":"uppercase","typography_letter_spacing":{"unit":"px","size":"5","sizes":[]},"typography_font_size_mobile":{"unit":"px","size":"8","sizes":[]}},"elements":[],"isInner":false,"widgetType":"heading","elType":"widget"},{"id":"2a4c55c0","settings":{"title":"clients reviews","align":"center","title_color":"#000000","typography_typography":"custom","typography_font_family":"Domine","typography_font_size":{"unit":"px","size":"45"},"typography_font_size_tablet":{"unit":"px","size":"36"},"typography_font_size_mobile":{"unit":"px","size":"28"},"typography_font_weight":"600","typography_text_transform":"capitalize","typography_font_style":"normal","typography_text_decoration":"none"},"elements":[],"isInner":false,"widgetType":"heading","elType":"widget"},{"id":"58895442","settings":{"image":{"id":"4475","url":"http:\/\/sitefacilitado.com.br\/membros\/wp-content\/uploads\/2020\/03\/team5.jpg"},"_margin":{"unit":"px","top":"0","right":"0","bottom":"0","left":"0","isLinked":""},"_margin_tablet":{"unit":"px","top":"0","right":"0","bottom":"0","left":"0","isLinked":""},"_animation":"fadeInUp","_animation_delay":"600","image_size":"custom","align":"center","width":{"unit":"px","size":"74"},"image_border_radius":{"unit":"px","top":"100","right":"100","bottom":"100","left":"100","isLinked":"1"},"image_custom_dimension":{"width":"150","height":"150"}},"elements":[],"isInner":false,"widgetType":"image","elType":"widget"},{"id":"605882dd","settings":{"testimonial_content":"Commodo hendrerit sapien. Maecenas tempus leo ac nisi iaculis porta. Sed sapien tortor, aliquet a velit ut, lacinia molestie velit. Maecenas ornare consequat massa ullamcorper dapibus. Aliquam auctor, sapien sit amet accumsan facilisis, enim enim aliquet arcu, tincidunt pellentesque justo turpis id neque. ","testimonial_image":{"id":"","url":""},"testimonial_name":"Afsana Yesmin","testimonial_job":"Designer","testimonial_image_position":"top","content_content_color":"#5c5c5d","content_typography_typography":"custom","content_typography_font_family":"Muli","content_typography_font_size":{"unit":"px","size":"16"},"content_typography_font_size_tablet":{"unit":"px","size":"14"},"content_typography_line_height":{"unit":"em","size":"1.6"},"image_size":{"unit":"px","size":""},"image_border_radius":{"unit":"px","top":"0","right":"0","bottom":"0","left":"0","isLinked":"1"},"name_text_color":"#000000","name_typography_typography":"custom","name_typography_font_family":"Domine","name_typography_font_size":{"unit":"px","size":"22"},"name_typography_line_height":{"unit":"em","size":"1.4"},"job_text_color":"#000000","job_typography_typography":"custom","job_typography_font_family":"Montserrat","job_typography_font_size":{"unit":"px","size":"9"},"job_typography_font_weight":"500","job_typography_text_transform":"uppercase","job_typography_line_height":{"unit":"em","size":"2"},"job_typography_letter_spacing":{"unit":"px","size":"2"},"_margin":{"unit":"px","top":"20","right":"0","bottom":"0","left":"0","isLinked":""},"content_typography_font_size_mobile":{"unit":"px","size":"14"},"content_typography_font_weight":"400","content_typography_font_style":"italic","name_typography_font_weight":"500","_margin_mobile":{"unit":"px","top":"0","right":"0","bottom":"0","left":"0","isLinked":""},"_padding":{"unit":"px","top":"0","right":"0","bottom":"0","left":"0","isLinked":""}},"elements":[],"isInner":false,"widgetType":"testimonial","elType":"widget"}],"isInner":"1","elType":"column"}],"isInner":"1","elType":"section"}],"isInner":"","elType":"column"}],"isInner":"","elType":"section"},{"id":"2f24832f","settings":{"content_width":{"unit":"px","size":""},"padding":{"unit":"em","top":"3","right":"0","bottom":"0","left":"0","isLinked":""},"gap":"wider","html_tag":"section","background_background":"classic","background_color":"#ffffff"},"elements":[{"id":"33e61272","settings":{"_column_size":"100"},"elements":[{"id":"7ffd0123","settings":{"padding":{"unit":"em","top":"0","right":"0","bottom":"0","left":"0","isLinked":""},"padding_tablet":{"unit":"em","top":"1","right":"0","bottom":"0","left":"0","isLinked":""},"content_width":{"unit":"px","size":"1300","sizes":[]}},"elements":[{"id":"2e7694dd","settings":{"_column_size":"50","_inline_size":"30","_inline_size_tablet":"100"},"elements":[{"id":"33739c2f","settings":{"title":"where to find us","header_size":"h5","title_color":"#ed5e5e","typography_typography":"custom","typography_font_family":"Montserrat","typography_font_size":{"unit":"rem","size":"0.8"},"typography_font_weight":"600","typography_text_transform":"uppercase","align":"left","typography_letter_spacing":{"unit":"px","size":"5","sizes":[]},"typography_line_height":{"unit":"em","size":"1.6","sizes":[]},"align_tablet":"center"},"elements":[],"isInner":false,"widgetType":"heading","elType":"widget"},{"id":"428ac5af","settings":{"text":"store locator","typography_typography":"custom","typography_font_family":"Montserrat","typography_font_size":{"unit":"px","size":"12"},"typography_font_weight":"500","typography_text_transform":"uppercase","typography_line_height":{"unit":"px","size":"15"},"typography_letter_spacing":{"unit":"px","size":"2"},"background_color":"#ed5e5e","button_background_hover_color":"rgba(0,0,0,0)","border_radius":{"unit":"px","top":"8","right":"8","bottom":"8","left":"8","isLinked":"1"},"text_padding":{"unit":"em","top":"","right":"","bottom":"","left":"","isLinked":""},"text_padding_mobile":{"unit":"px","top":"20","right":"40","bottom":"20","left":"40","isLinked":""},"_margin":{"unit":"px","top":"35","right":"0","bottom":"0","left":"0","isLinked":""},"align":"left","_margin_mobile":{"unit":"px","top":"30","right":"0","bottom":"0","left":"0","isLinked":""},"_animation":"fadeInLeft","_animation_delay":"300","hover_color":"#000000","button_hover_border_color":"#000000","border_border":"solid","border_width":{"unit":"px","top":"1","right":"1","bottom":"1","left":"1","isLinked":"1"},"border_color":"#ed5e5e","align_tablet":"center"},"elements":[],"isInner":false,"widgetType":"button","elType":"widget"}],"isInner":"1","elType":"column"},{"id":"3e73751f","settings":{"_column_size":"100","_inline_size":"75.931","_inline_size_tablet":"100","margin":{"unit":"px","top":"-40","right":"0","bottom":"0","left":"0","isLinked":""},"margin_tablet":{"unit":"px","top":"0","right":"0","bottom":"0","left":"0","isLinked":"1"}},"elements":[{"id":"475d598d","settings":{"wp_gallery":[{"id":"4476","url":"http:\/\/sitefacilitado.com.br\/membros\/wp-content\/uploads\/2020\/03\/armond-2.png"},{"id":"4477","url":"http:\/\/sitefacilitado.com.br\/membros\/wp-content\/uploads\/2020\/03\/bastil-2.png"},{"id":"4478","url":"http:\/\/sitefacilitado.com.br\/membros\/wp-content\/uploads\/2020\/03\/bolier-2.png"},{"id":"4479","url":"http:\/\/sitefacilitado.com.br\/membros\/wp-content\/uploads\/2020\/03\/darkside-2.png"},{"id":"4480","url":"http:\/\/sitefacilitado.com.br\/membros\/wp-content\/uploads\/2020\/03\/digit-2.png"}],"thumbnail_size":"full","gallery_link":"none","image_spacing":"custom","image_spacing_custom":{"unit":"px","size":"50"},"_margin":{"unit":"px","top":"0","right":"0","bottom":"0","left":"0","isLinked":""},"gallery_columns":"3","_animation":"fadeIn","_animation_delay":"500","_padding":{"unit":"em","top":"0","right":"5","bottom":"5","left":"5","isLinked":""}},"elements":[],"isInner":false,"widgetType":"image-gallery","elType":"widget"}],"isInner":"1","elType":"column"}],"isInner":"1","elType":"section"}],"isInner":"","elType":"column"}],"isInner":"","elType":"section"}]}