{"version":"0.4","title":"Make 14","type":"page","content":[{"id":"3b408c9f","settings":{"height":"full","custom_height":{"unit":"vh","size":"80"},"background_background":"classic","background_image":{"id":"4440","url":"http:\/\/sitefacilitado.com.br\/membros\/wp-content\/uploads\/2020\/03\/image-from-rawpixel-id-523363-jpeg.jpg"},"background_position":"bottom center","background_size":"cover","background_overlay_color":"rgba(104,124,196,0.59)","padding":{"unit":"em","top":"8","right":"5","bottom":"08","left":"5","isLinked":""},"background_overlay_opacity":{"unit":"px","size":"0.55"},"custom_height_tablet":{"unit":"vh","size":"100"},"custom_height_mobile":{"unit":"vh","size":"100"},"column_position":"stretch","content_position":"middle","html_tag":"section","background_repeat":"no-repeat","background_overlay_color_b":"#5c5c5d","background_overlay_gradient_angle":{"unit":"deg","size":"130"},"overlay_blend_mode":"color","margin":{"unit":"px","top":"","right":"0","bottom":"","left":"0","isLinked":"1"},"padding_tablet":{"unit":"em","top":"3","right":"3","bottom":"3","left":"3","isLinked":""},"padding_mobile":{"unit":"em","top":"2","right":"1","bottom":"2","left":"1","isLinked":""}},"elements":[{"id":"214c4043","settings":{"_column_size":"100","margin":{"unit":"%","top":"3","right":"3","bottom":"3","left":"3","isLinked":"1"},"padding":{"unit":"em","top":"4","right":"4","bottom":"4","left":"4","isLinked":"1"},"background_background":"classic","background_color":"#f2f1ef","background_position":"top right","background_xpos":{"unit":"px","size":"-148"},"background_size":"cover","background_overlay_background":"classic","background_overlay_image":{"url":"http:\/\/sitefacilitado.com.br\/membros\/wp-content\/uploads\/2020\/03\/image-from-rawpixel-id-523363-jpeg.jpg","id":"4440"},"background_overlay_opacity":{"unit":"px","size":"1"},"css_filters_css_filter":"custom","css_filters_saturate":{"unit":"px","size":"0","sizes":[]},"overlay_blend_mode":"overlay","border_radius":{"unit":"px","top":"12","right":"12","bottom":"12","left":"12","isLinked":"1"},"box_shadow_box_shadow_type":"yes","box_shadow_box_shadow":{"horizontal":"2","vertical":"59","blur":"28","spread":"-44","color":"rgba(0,0,0,0.2)"},"margin_tablet":{"unit":"px","top":"0","right":"0","bottom":"0","left":"0","isLinked":""},"margin_mobile":{"unit":"px","top":"0","right":"0","bottom":"0","left":"0","isLinked":""},"padding_tablet":{"unit":"em","top":"0","right":"0","bottom":"0","left":"0","isLinked":""},"padding_mobile":{"unit":"em","top":"1","right":"1","bottom":"1","left":"1","isLinked":""}},"elements":[{"id":"65b65410","settings":{"editor":"<p>LAUNCHING VERY SOON!<\/p>","text_color":"#ed5e5e","typography_typography":"custom","typography_font_family":"Montserrat","typography_font_size":{"unit":"px","size":"12"},"typography_text_transform":"uppercase","align":"center","typography_font_weight":"600","typography_font_style":"normal","typography_text_decoration":"none","typography_line_height":{"unit":"em","size":"1","sizes":[]},"typography_letter_spacing":{"unit":"px","size":"5","sizes":[]},"typography_font_size_mobile":{"unit":"px","size":"8","sizes":[]}},"elements":[],"isInner":false,"widgetType":"text-editor","elType":"widget"},{"id":"7465c2ea","settings":{"title":"coming soon","align":"center","title_color":"#000000","typography_typography":"custom","typography_font_family":"Domine","typography_font_size":{"unit":"px","size":"71"},"typography_font_size_tablet":{"unit":"px","size":"36"},"typography_font_size_mobile":{"unit":"px","size":"38"},"typography_font_weight":"600","typography_text_transform":"capitalize","header_size":"h1","typography_font_style":"normal","typography_text_decoration":"none"},"elements":[],"isInner":false,"widgetType":"heading","elType":"widget"},{"id":"1f76e017","settings":{"title":"15 . 04 . 2020","title_color":"#ed5e5e","typography_typography":"custom","typography_font_family":"Domine","typography_font_size":{"unit":"px","size":"60"},"typography_font_weight":"500","typography_letter_spacing":{"unit":"px","size":"0"},"typography_font_size_tablet":{"unit":"px","size":"54"},"typography_font_size_mobile":{"unit":"px","size":"26"},"_animation":"fadeInUp","_animation_delay":"500","header_size":"span","align":"center","typography_line_height":{"unit":"px","size":"79"},"text_shadow_text_shadow_type":"yes","text_shadow_text_shadow":{"horizontal":"4","vertical":"5","blur":"0","color":"rgba(255,255,255,0.3)"},"typography_text_transform":"none","typography_font_style":"normal","typography_text_decoration":"none","typography_line_height_tablet":{"unit":"px","size":"70"},"typography_line_height_mobile":{"unit":"px","size":"40"},"_margin":{"unit":"px","top":"0","right":"0","bottom":"0","left":"0","isLinked":""},"_padding":{"unit":"px","top":"0","right":"0","bottom":"0","left":"0","isLinked":""}},"elements":[],"isInner":false,"widgetType":"heading","elType":"widget"},{"id":"7ad1aa83","settings":{"due_date":"2020-04-15 13:33","show_seconds":"","custom_labels":"yes","label_days":"Days","label_hours":"Hours","label_minutes":"Minutes","label_seconds":"Seconds","container_width":{"unit":"%","size":"78"},"box_background_color":"#ffffff","box_border_border":"solid","box_border_width":{"unit":"px","top":"1","right":"1","bottom":"1","left":"1","isLinked":"1"},"box_border_color":"#efefef","box_border_radius":{"unit":"%","top":"8","right":"8","bottom":"8","left":"8","isLinked":"1"},"box_spacing":{"unit":"px","size":"20"},"box_padding":{"unit":"em","top":"3","right":"3","bottom":"3","left":"3","isLinked":"1"},"digits_color":"#000000","digits_typography_typography":"custom","digits_typography_font_family":"Domine","digits_typography_font_size":{"unit":"px","size":"55"},"digits_typography_font_weight":"500","digits_typography_line_height":{"unit":"em","size":"1.3"},"digits_typography_letter_spacing":{"unit":"px","size":"2"},"label_color":"#000000","label_typography_typography":"custom","label_typography_font_family":"Montserrat","label_typography_font_size":{"unit":"px","size":"16"},"label_typography_font_weight":"500","label_typography_text_transform":"uppercase","label_typography_line_height":{"unit":"em","size":"1.8"},"label_typography_letter_spacing":{"unit":"px","size":"1"},"_padding":{"unit":"px","top":"0","right":"0","bottom":"0","left":"0","isLinked":""},"container_width_mobile":{"unit":"%","size":"0","sizes":[]},"box_border_width_mobile":{"unit":"px","top":"1","right":"1","bottom":"1","left":"1","isLinked":"1"},"box_spacing_mobile":{"unit":"px","size":"8","sizes":[]},"box_padding_mobile":{"unit":"em","top":"1","right":"1","bottom":"1","left":"1","isLinked":"1"},"digits_typography_font_size_mobile":{"unit":"px","size":"19","sizes":[]},"digits_typography_text_transform":"none","digits_typography_font_style":"normal","digits_typography_text_decoration":"none","_padding_mobile":{"unit":"em","top":"","right":"","bottom":"","left":"","isLinked":"1"},"digits_typography_font_size_tablet":{"unit":"px","size":"44","sizes":[]},"label_typography_font_size_mobile":{"unit":"px","size":"8","sizes":[]},"label_typography_letter_spacing_mobile":{"unit":"px","size":"3.3","sizes":[]}},"elements":[],"isInner":false,"widgetType":"countdown","elType":"widget"},{"id":"6310b739","settings":{"form_name":"Subscribe","form_fields":[{"_id":"9b59fd9","field_type":"email","required":"true","field_label":"Email","placeholder":"Email","width":"100","field_value":"","min_date":"","max_date":"","field_options":"","allow_multiple":"","select_size":"","inline_list":"","field_html":"","width_tablet":"","width_mobile":"","rows":"4","recaptcha_size":"normal","recaptcha_style":"light","css_classes":"","custom_id":"9b59fd9","recaptcha_badge":"bottomright"}],"input_size":"md","show_labels":"","mark_required":"yes","button_text":"Subscribe","button_size":"md","button_icon":"fa fa-send","button_icon_align":"right","button_icon_indent":{"unit":"px","size":"10"},"email_content":"[all-fields]","email_content_2":"[all-fields]","success_message":"The form was sent successfully.","error_message":"An error occured.","required_field_message":"This field is required.","invalid_message":"There's something wrong. The form is invalid.","column_gap":{"unit":"px","size":"15"},"row_gap":{"unit":"px","size":"20"},"field_text_color":"#5c5c5d","field_typography_typography":"custom","field_typography_font_family":"Montserrat","field_typography_font_size":{"unit":"px","size":"13"},"field_typography_font_weight":"500","field_typography_line_height":{"unit":"em","size":"1"},"field_typography_letter_spacing":{"unit":"px","size":""},"field_border_color":"#ffffff","field_border_radius":{"unit":"px","top":"8","right":"8","bottom":"8","left":"8","isLinked":"1"},"button_background_color":"#ed5e5e","button_text_color":"#ffffff","button_typography_typography":"custom","button_typography_font_family":"Montserrat","button_typography_font_size":{"unit":"px","size":"12"},"button_typography_font_weight":"600","button_typography_text_transform":"uppercase","button_typography_line_height":{"unit":"px","size":"15"},"button_typography_letter_spacing":{"unit":"px","size":"1.5"},"button_border_radius":{"unit":"px","top":"8","right":"8","bottom":"8","left":"8","isLinked":"1"},"button_background_hover_color":"#000000","button_hover_color":"#ffffff","message_typography_typography":"custom","message_typography_font_family":"Montserrat","message_typography_font_size":{"unit":"px","size":"14"},"message_typography_font_weight":"500","message_typography_line_height":{"unit":"em","size":"27"},"success_message_color":"#23a455","error_message_color":"#000000","inline_message_color":"#5c5c5d","_margin":{"unit":"%","top":"0","right":"0","bottom":"0","left":"0","isLinked":""},"_margin_mobile":{"unit":"px","top":"30","right":"0","bottom":"0","left":"0","isLinked":""},"_animation":"bounce","_animation_delay":"300","label_spacing":{"unit":"px","size":"10"},"label_color":"#000000","mark_required_color":"#ed5e5e","label_typography_typography":"custom","label_typography_font_family":"Domine","label_typography_font_size":{"unit":"px","size":"15"},"label_typography_font_weight":"500","label_typography_line_height":{"unit":"em","size":"1.5"},"label_typography_letter_spacing":{"unit":"px","size":"1"},"label_typography_text_transform":"none","label_typography_font_style":"normal","label_typography_text_decoration":"none","_padding":{"unit":"em","top":"4","right":"4","bottom":"4","left":"4","isLinked":""},"_padding_mobile":{"unit":"em","top":"1","right":"1","bottom":"1","left":"1","isLinked":"1"},"_background_background":"classic","_background_image":{"url":"http:\/\/sitefacilitado.com.br\/membros\/wp-content\/uploads\/2020\/03\/image-from-rawpixel-id-523363-jpeg.jpg","id":"4440"},"_background_position":"center center","_border_radius":{"unit":"px","top":"8","right":"8","bottom":"8","left":"8","isLinked":"1"},"_box_shadow_box_shadow_type":"yes","_box_shadow_box_shadow":{"horizontal":"2","vertical":"61","blur":"22","spread":"-44","color":"rgba(0,0,0,0.2)"},"_margin_tablet":{"unit":"px","top":"0","right":"50","bottom":"0","left":"50","isLinked":""},"_background_size":"cover"},"elements":[],"isInner":false,"widgetType":"form","elType":"widget"},{"id":"1296a0c6","settings":{"editor":"We are working to bring the new site live soon!<br>\nPlease don't forget to subscribe to our newsletter to be notified!","text_color":"#3f3d3d","_margin":{"unit":"px","top":"20","right":"0","bottom":"0","left":"0","isLinked":""},"align":"center","typography_typography":"custom","typography_font_family":"Montserrat","typography_font_size":{"unit":"px","size":"12"},"typography_font_weight":"400","typography_line_height":{"unit":"em","size":"1.6"},"typography_font_size_tablet":{"unit":"px","size":"15"},"typography_font_size_mobile":{"unit":"px","size":"10"},"typography_text_transform":"none","typography_font_style":"normal","typography_text_decoration":"none","_margin_mobile":{"unit":"px","top":"0","right":"0","bottom":"0","left":"0","isLinked":""},"_padding":{"unit":"px","top":"0","right":"0","bottom":"0","left":"0","isLinked":""}},"elements":[],"isInner":false,"widgetType":"text-editor","elType":"widget"},{"id":"3a43352d","settings":{"social_icon_list":[{"social":"fa fa-facebook","_id":"c64cdd2","link":{"url":"","is_external":"true","nofollow":""},"social_icon":{"value":"fab fa-wordpress","library":"fa-brands"},"item_icon_color":"default","item_icon_primary_color":"","item_icon_secondary_color":""},{"social":"fa fa-twitter","_id":"01b8cce","link":{"url":"","is_external":"true","nofollow":""},"social_icon":{"value":"fab fa-wordpress","library":"fa-brands"},"item_icon_color":"default","item_icon_primary_color":"","item_icon_secondary_color":""},{"social":"fa fa-instagram","_id":"9e01cf7","link":{"url":"","is_external":"true","nofollow":""},"social_icon":{"value":"fab fa-wordpress","library":"fa-brands"},"item_icon_color":"default","item_icon_primary_color":"","item_icon_secondary_color":""},{"social":"fa fa-linkedin","_id":"988a186","link":{"url":"","is_external":"true","nofollow":""},"social_icon":{"value":"fab fa-wordpress","library":"fa-brands"},"item_icon_color":"default","item_icon_primary_color":"","item_icon_secondary_color":""}],"icon_color":"custom","icon_primary_color":"#ed5e5e","icon_size":{"unit":"px","size":"22"},"border_radius":{"unit":"px","top":"100","right":"100","bottom":"100","left":"100","isLinked":"1"},"hover_primary_color":"#000000","hover_secondary_color":"#ffffff","hover_animation":"shrink","_margin":{"unit":"px","top":"0","right":"0","bottom":"0","left":"0","isLinked":""},"icon_spacing":{"unit":"px","size":"27","sizes":[]},"icon_size_mobile":{"unit":"px","size":"10","sizes":[]}},"elements":[],"isInner":false,"widgetType":"social-icons","elType":"widget"}],"isInner":"","elType":"column"}],"isInner":"","elType":"section"}]}