{"content":[{"id":"641c30b1","settings":{"height":"full","background_background":"classic","background_image":{"id":"3762","url":"https:\/\/cliente.shazamlnv.com\/setasolar\/wp-content\/uploads\/2022\/04\/photo-nic-co-uk-nic-224379-unspdlash-1.jpg"},"background_position":"center center","background_attachment":"fixed","background_repeat":"no-repeat","background_size":"cover","background_overlay_background":"gradient","background_overlay_color":"#ffffff","background_overlay_color_stop":{"unit":"%","size":26},"background_overlay_color_b":"rgba(99,99,99,0)","background_overlay_gradient_angle":{"unit":"deg","size":80},"background_overlay_opacity":{"unit":"px","size":1},"shape_divider_bottom_width":{"unit":"%","size":100},"shape_divider_bottom_height":{"unit":"px","size":50},"padding_tablet":{"unit":"px","top":"0","right":"40","bottom":"0","left":"40","isLinked":false},"padding_mobile":{"unit":"px","top":"50","right":"20","bottom":"90","left":"20","isLinked":false}},"elements":[{"id":"72892555","settings":{"_column_size":100,"_inline_size":null},"elements":[{"id":"4ba07e9f","settings":{"title":"Lots of love <br> today &amp; beyond.","typography_typography":"custom","typography_font_family":"Great Vibes","typography_font_size":{"unit":"px","size":80},"typography_text_transform":"capitalize","header_size":"h1","align":"left","title_color":"#5b5b5b","_animation":"fadeInDown","_animation_delay":1,"_margin":{"unit":"px","top":"30","right":"0","bottom":"20","left":"0","isLinked":false},"animation_duration":"slow","typography_font_weight":"normal","typography_font_size_tablet":{"unit":"px","size":60},"typography_font_size_mobile":{"unit":"px","size":50}},"elements":[],"isInner":false,"widgetType":"heading","elType":"widget"},{"id":"54ce4fe8","settings":{"editor":"Lorem ipsum dolor sit amet, consectetur adipiscing elit,\nsed do eiusmod<br> tempor incididunt ut labore et dolore magna aliqua. Ut enim and<br>\n minim veniam, quis nostrud exercitation.","text_color":"#5b5b5b","typography_typography":"custom","typography_font_family":"Open Sans","typography_font_size":{"unit":"px","size":15},"typography_line_height":{"unit":"px","size":26},"_animation":"fadeInDown","animation_duration":"slow"},"elements":[],"isInner":false,"widgetType":"text-editor","elType":"widget"},{"id":"6d0fe6f3","settings":{"text":"Show More","align":"left","size":"md","typography_typography":"custom","typography_font_family":"Open Sans","typography_font_weight":"600","typography_text_transform":"uppercase","background_color":"#e87e7a","border_border":"solid","border_width":{"unit":"px","top":"0","right":"1","bottom":"4","left":"1","isLinked":false},"border_color":"#c66a67","text_padding":{"unit":"px","top":"15","right":"40","bottom":"13","left":"40","isLinked":false},"_margin":{"unit":"px","top":"30","right":"0","bottom":"0","left":"0","isLinked":false},"_animation":"fadeInDown","_animation_delay":1,"typography_font_size":{"unit":"px","size":12},"typography_line_height":{"unit":"px","size":""},"typography_letter_spacing":{"unit":"px","size":1},"animation_duration":"slow","button_background_hover_color":"rgba(206,35,16,0.97)"},"elements":[],"isInner":false,"widgetType":"button","elType":"widget"}],"isInner":false,"elType":"column"}],"isInner":false,"elType":"section"},{"id":"19a9cafd","settings":{"margin":{"unit":"px","top":"20","right":0,"bottom":"0","left":0,"isLinked":false},"margin_tablet":{"unit":"px","top":"40","right":0,"bottom":"0","left":0,"isLinked":false},"padding":{"unit":"em","top":"2","right":"0","bottom":"2","left":"0","isLinked":false}},"elements":[{"id":"1730df0","settings":{"_column_size":100},"elements":[{"id":"2333467b","settings":{"title":"Hugs & kisses","typography_typography":"custom","typography_font_family":"Great Vibes","typography_font_size":{"unit":"px","size":50},"typography_text_transform":"capitalize","align":"center","title_color":"#5b5b5b","_margin":{"unit":"px","top":"0","right":"0","bottom":"0","left":"0","isLinked":false},"_animation":"fadeIn","typography_font_size_mobile":{"unit":"px","size":40}},"elements":[],"isInner":false,"widgetType":"heading","elType":"widget"},{"id":"79adeefe","settings":{"editor":"Lorem ipsum dolor sit amet, consectetur adipiscing elit,<br>\nsed do eiusmod\ntempor incididunt ut labore et dolore magna aliqua.","text_color":"#5b5b5b","typography_typography":"custom","typography_font_family":"Open Sans","typography_font_size":{"unit":"px","size":15},"typography_line_height":{"unit":"px","size":26},"_animation":"fadeInDown","animation_duration":"slow","align":"center"},"elements":[],"isInner":false,"widgetType":"text-editor","elType":"widget"},{"id":"4e9c2235","settings":{"wp_gallery":[{"id":"3763","url":"https:\/\/cliente.shazamlnv.com\/setasolar\/wp-content\/uploads\/2022\/04\/almos-bechtold-534205-unsplash.jpg"},{"id":"3764","url":"https:\/\/cliente.shazamlnv.com\/setasolar\/wp-content\/uploads\/2022\/04\/sweet-ice-cream-photography-79569-unsplash.jpg"},{"id":"3765","url":"https:\/\/cliente.shazamlnv.com\/setasolar\/wp-content\/uploads\/2022\/04\/chuttersnap-198430-unsplash.jpg"},{"id":"3766","url":"https:\/\/cliente.shazamlnv.com\/setasolar\/wp-content\/uploads\/2022\/04\/edward-cisneros-446789-unsplash.jpg"},{"id":"3767","url":"https:\/\/cliente.shazamlnv.com\/setasolar\/wp-content\/uploads\/2022\/04\/photos-by-lanty-568725-unsplash.jpg"},{"id":"3768","url":"https:\/\/cliente.shazamlnv.com\/setasolar\/wp-content\/uploads\/2022\/04\/luis-tosta-259531-unsplash-min.jpg"},{"id":"3769","url":"https:\/\/cliente.shazamlnv.com\/setasolar\/wp-content\/uploads\/2022\/04\/petr-ovralov-239624-unsplash.jpg"},{"id":"3770","url":"https:\/\/cliente.shazamlnv.com\/setasolar\/wp-content\/uploads\/2022\/04\/photo-nic-co-uk-nic-224379-unsplash.jpg"},{"id":"3771","url":"https:\/\/cliente.shazamlnv.com\/setasolar\/wp-content\/uploads\/2022\/04\/wu-jianxiong-266198-unsplash.jpg"}],"thumbnail_size":"full","gallery_columns":"3","image_spacing":"custom","_margin":{"unit":"px","top":"40","right":"0","bottom":"0","left":"0","isLinked":false}},"elements":[],"isInner":false,"widgetType":"image-gallery","elType":"widget"},{"id":"1dbf8411","settings":{"text":"Show More","align":"center","size":"md","typography_typography":"custom","typography_font_family":"Open Sans","typography_font_weight":"600","typography_text_transform":"uppercase","background_color":"#e87e7a","border_border":"solid","border_width":{"unit":"px","top":"0","right":"1","bottom":"4","left":"1","isLinked":false},"border_color":"#c66a67","text_padding":{"unit":"px","top":"15","right":"40","bottom":"13","left":"40","isLinked":false},"_margin":{"unit":"px","top":"40","right":"0","bottom":"0","left":"0","isLinked":false},"_animation":"fadeInDown","_animation_delay":1,"typography_font_size":{"unit":"px","size":12},"typography_line_height":{"unit":"px","size":""},"typography_letter_spacing":{"unit":"px","size":1},"animation_duration":"slow","button_background_hover_color":"rgba(206,35,16,0.97)"},"elements":[],"isInner":false,"widgetType":"button","elType":"widget"}],"isInner":false,"elType":"column"}],"isInner":false,"elType":"section"},{"id":"7c08bf29","settings":{"margin":{"unit":"px","top":"60","right":0,"bottom":"0","left":0,"isLinked":false},"padding":{"unit":"px","top":"0","right":"0","bottom":"0","left":"0","isLinked":false}},"elements":[{"id":"23026cd6","settings":{"_column_size":100},"elements":[{"id":"5d1475d8","settings":{"title":"Our Gallery","typography_typography":"custom","typography_font_family":"Great Vibes","typography_font_size":{"unit":"px","size":50},"typography_text_transform":"capitalize","align":"center","title_color":"#5b5b5b","_margin":{"unit":"px","top":"0","right":"0","bottom":"40","left":"0","isLinked":false},"_animation":"fadeIn"},"elements":[],"isInner":false,"widgetType":"heading","elType":"widget"},{"id":"18880f2d","settings":{"carousel":[{"id":"3772","url":"https:\/\/cliente.shazamlnv.com\/setasolar\/wp-content\/uploads\/2022\/04\/ceremony.jpg"},{"id":"3773","url":"https:\/\/cliente.shazamlnv.com\/setasolar\/wp-content\/uploads\/2022\/04\/decor.jpg"},{"id":"3774","url":"https:\/\/cliente.shazamlnv.com\/setasolar\/wp-content\/uploads\/2022\/04\/dress.jpg"},{"id":"3775","url":"https:\/\/cliente.shazamlnv.com\/setasolar\/wp-content\/uploads\/2022\/04\/cake.jpg"},{"id":"3776","url":"https:\/\/cliente.shazamlnv.com\/setasolar\/wp-content\/uploads\/2022\/04\/flowers-3.jpg"},{"id":"3777","url":"https:\/\/cliente.shazamlnv.com\/setasolar\/wp-content\/uploads\/2022\/04\/flowers-2.jpg"}],"thumbnail_size":"full"},"elements":[],"isInner":false,"widgetType":"image-carousel","elType":"widget"}],"isInner":false,"elType":"column"}],"isInner":false,"elType":"section"},{"id":"4748d11f","settings":{"structure":"30","margin":{"unit":"px","top":"70","right":0,"bottom":"0","left":0,"isLinked":false},"margin_mobile":{"unit":"px","top":"40","right":0,"bottom":"0","left":0,"isLinked":false},"content_position":"middle"},"elements":[{"id":"4b72884a","settings":{"_column_size":33,"_inline_size":null,"content_position":"center","background_background":"classic","background_color":"#fff6f2","background_hover_image":{"id":"3776","url":"https:\/\/cliente.shazamlnv.com\/setasolar\/wp-content\/uploads\/2022\/04\/flowers-3.jpg"},"background_hover_position":"center center","background_hover_size":"cover","background_hover_transition":{"unit":"px","size":2.100000000000000088817841970012523233890533447265625},"background_overlay_background":"classic","background_overlay_hover_color":"#ededed","margin":{"unit":"px","top":"10","right":"10","bottom":"10","left":"10","isLinked":true},"padding":{"unit":"em","top":"","right":"","bottom":"","left":"","isLinked":false},"_inline_size_tablet":50,"padding_mobile":{"unit":"px","top":"150","right":"0","bottom":"150","left":"0","isLinked":false},"animation":"fadeIn"},"elements":[{"id":"22bf8703","settings":{"title":"Flowers","align":"center","title_color":"#5b5b5b","typography_typography":"custom","typography_font_family":"Great Vibes","typography_font_size":{"unit":"px","size":40}},"elements":[],"isInner":false,"widgetType":"heading","elType":"widget"},{"id":"3439c577","settings":{"text":"Show More","align":"center","typography_typography":"custom","typography_font_family":"Open Sans","typography_font_size":{"unit":"px","size":11},"typography_font_weight":"600","typography_text_transform":"uppercase","button_text_color":"#e87e7a","background_color":"rgba(0,0,0,0)","border_border":"solid","border_width":{"unit":"px","top":"2","right":"2","bottom":"2","left":"2","isLinked":true},"border_color":"rgba(206,35,16,0.97)","hover_color":"#ffffff","button_background_hover_color":"rgba(206,35,16,0.97)"},"elements":[],"isInner":false,"widgetType":"button","elType":"widget"}],"isInner":false,"elType":"column"},{"id":"d47e1d8","settings":{"_column_size":33,"_inline_size":null,"_inline_size_tablet":50,"animation":"fadeIn"},"elements":[{"id":"280f9f37","settings":{"title":"Our Services","typography_typography":"custom","typography_font_family":"Great Vibes","typography_font_size":{"unit":"px","size":50},"typography_text_transform":"capitalize","align":"center","title_color":"#5b5b5b","_margin":{"unit":"px","top":"0","right":"0","bottom":"40","left":"0","isLinked":false},"_animation":"fadeIn"},"elements":[],"isInner":false,"widgetType":"heading","elType":"widget"},{"id":"1d1e78ba","settings":{"image":{"id":"3776","url":"https:\/\/cliente.shazamlnv.com\/setasolar\/wp-content\/uploads\/2022\/04\/flowers-3.jpg"}},"elements":[],"isInner":false,"widgetType":"image","elType":"widget"}],"isInner":false,"elType":"column"},{"id":"205061a6","settings":{"_column_size":33,"_inline_size":null,"content_position":"center","background_background":"classic","background_color":"#fff6f2","background_hover_image":{"id":"3776","url":"https:\/\/cliente.shazamlnv.com\/setasolar\/wp-content\/uploads\/2022\/04\/flowers-3.jpg"},"background_hover_position":"center center","background_hover_size":"cover","background_hover_transition":{"unit":"px","size":2.100000000000000088817841970012523233890533447265625},"background_overlay_background":"classic","background_overlay_hover_color":"#ededed","margin":{"unit":"px","top":"10","right":"10","bottom":"10","left":"10","isLinked":true},"padding":{"unit":"em","top":"","right":"","bottom":"","left":"","isLinked":false},"_inline_size_tablet":100,"padding_tablet":{"unit":"px","top":"150","right":"0","bottom":"150","left":"0","isLinked":false},"animation":"fadeIn"},"elements":[{"id":"4fa24f12","settings":{"title":"Cake","align":"center","title_color":"#5b5b5b","typography_typography":"custom","typography_font_family":"Great Vibes","typography_font_size":{"unit":"px","size":40}},"elements":[],"isInner":false,"widgetType":"heading","elType":"widget"},{"id":"32f7322","settings":{"text":"Show More","align":"center","typography_typography":"custom","typography_font_family":"Open Sans","typography_font_size":{"unit":"px","size":11},"typography_font_weight":"600","typography_text_transform":"uppercase","button_text_color":"rgba(206,35,16,0.97)","background_color":"rgba(0,0,0,0)","border_border":"solid","border_width":{"unit":"px","top":"2","right":"2","bottom":"2","left":"2","isLinked":true},"border_color":"rgba(206,35,16,0.97)","hover_color":"#ffffff","button_background_hover_color":"rgba(206,35,16,0.97)"},"elements":[],"isInner":false,"widgetType":"button","elType":"widget"}],"isInner":false,"elType":"column"}],"isInner":false,"elType":"section"},{"id":"17031dc2","settings":{"structure":"30","content_position":"middle"},"elements":[{"id":"d69fb67","settings":{"_column_size":33,"_inline_size":null,"_inline_size_tablet":50,"animation":"fadeIn"},"elements":[{"id":"a08d452","settings":{"image":{"id":"3774","url":"https:\/\/cliente.shazamlnv.com\/setasolar\/wp-content\/uploads\/2022\/04\/dress.jpg"}},"elements":[],"isInner":false,"widgetType":"image","elType":"widget"}],"isInner":false,"elType":"column"},{"id":"7b2bb06d","settings":{"_column_size":33,"_inline_size":null,"content_position":"center","background_background":"classic","background_color":"#fff6f2","background_hover_image":{"id":"3776","url":"https:\/\/cliente.shazamlnv.com\/setasolar\/wp-content\/uploads\/2022\/04\/flowers-3.jpg"},"background_hover_position":"center center","background_hover_size":"cover","background_hover_transition":{"unit":"px","size":2.100000000000000088817841970012523233890533447265625},"background_overlay_background":"classic","background_overlay_hover_color":"#ededed","margin":{"unit":"px","top":"10","right":"10","bottom":"10","left":"10","isLinked":true},"padding":{"unit":"%","top":"","right":"","bottom":"","left":"","isLinked":false},"_inline_size_tablet":50,"padding_mobile":{"unit":"px","top":"150","right":"0","bottom":"150","left":"0","isLinked":false},"animation":"fadeIn"},"elements":[{"id":"3fab3440","settings":{"title":"Dress","align":"center","title_color":"#5b5b5b","typography_typography":"custom","typography_font_family":"Great Vibes","typography_font_size":{"unit":"px","size":40}},"elements":[],"isInner":false,"widgetType":"heading","elType":"widget"},{"id":"65d4091e","settings":{"text":"Show More","align":"center","typography_typography":"custom","typography_font_family":"Open Sans","typography_font_size":{"unit":"px","size":11},"typography_font_weight":"600","typography_text_transform":"uppercase","button_text_color":"rgba(206,35,16,0.97)","background_color":"rgba(0,0,0,0)","border_border":"solid","border_width":{"unit":"px","top":"2","right":"2","bottom":"2","left":"2","isLinked":true},"border_color":"rgba(206,35,16,0.97)","hover_color":"#ffffff","button_background_hover_color":"rgba(206,35,16,0.97)"},"elements":[],"isInner":false,"widgetType":"button","elType":"widget"}],"isInner":false,"elType":"column"},{"id":"5d05b4da","settings":{"_column_size":33,"_inline_size":null,"_inline_size_tablet":100,"animation":"fadeIn"},"elements":[{"id":"2e91524a","settings":{"image":{"id":"3775","url":"https:\/\/cliente.shazamlnv.com\/setasolar\/wp-content\/uploads\/2022\/04\/cake.jpg"}},"elements":[],"isInner":false,"widgetType":"image","elType":"widget"}],"isInner":false,"elType":"column"}],"isInner":false,"elType":"section"},{"id":"a5a1e5b","settings":{"structure":"30","content_position":"middle"},"elements":[{"id":"298447f1","settings":{"_column_size":33,"_inline_size":null,"content_position":"center","background_background":"classic","background_color":"#fff6f2","background_hover_image":{"id":"3776","url":"https:\/\/cliente.shazamlnv.com\/setasolar\/wp-content\/uploads\/2022\/04\/flowers-3.jpg"},"background_hover_position":"center center","background_hover_size":"cover","background_hover_transition":{"unit":"px","size":2.100000000000000088817841970012523233890533447265625},"background_overlay_background":"classic","background_overlay_hover_color":"#ededed","margin":{"unit":"px","top":"10","right":"10","bottom":"10","left":"10","isLinked":true},"padding":{"unit":"%","top":"","right":"","bottom":"","left":"","isLinked":false},"_inline_size_tablet":50,"padding_mobile":{"unit":"px","top":"150","right":"0","bottom":"150","left":"0","isLinked":false},"animation":"fadeIn"},"elements":[{"id":"1c2a639d","settings":{"title":"Postcards","align":"center","title_color":"#5b5b5b","typography_typography":"custom","typography_font_family":"Great Vibes","typography_font_size":{"unit":"px","size":40}},"elements":[],"isInner":false,"widgetType":"heading","elType":"widget"},{"id":"76385f1","settings":{"text":"Show More","align":"center","typography_typography":"custom","typography_font_family":"Open Sans","typography_font_size":{"unit":"px","size":11},"typography_font_weight":"600","typography_text_transform":"uppercase","button_text_color":"rgba(206,35,16,0.97)","background_color":"rgba(0,0,0,0)","border_border":"solid","border_width":{"unit":"px","top":"2","right":"2","bottom":"2","left":"2","isLinked":true},"border_color":"rgba(206,35,16,0.97)","hover_color":"#ffffff","button_background_hover_color":"rgba(206,35,16,0.97)"},"elements":[],"isInner":false,"widgetType":"button","elType":"widget"}],"isInner":false,"elType":"column"},{"id":"6bf2fa0c","settings":{"_column_size":33,"_inline_size":null,"_inline_size_tablet":50,"animation":"fadeIn"},"elements":[{"id":"5264cc71","settings":{"image":{"id":"3778","url":"https:\/\/cliente.shazamlnv.com\/setasolar\/wp-content\/uploads\/2022\/04\/jorge-rosal-556589-unsplash.jpg"}},"elements":[],"isInner":false,"widgetType":"image","elType":"widget"}],"isInner":false,"elType":"column"},{"id":"333faf95","settings":{"_column_size":33,"_inline_size":null,"content_position":"center","background_background":"classic","background_color":"#fff6f2","background_hover_image":{"id":"3776","url":"https:\/\/cliente.shazamlnv.com\/setasolar\/wp-content\/uploads\/2022\/04\/flowers-3.jpg"},"background_hover_position":"center center","background_hover_size":"cover","background_hover_transition":{"unit":"px","size":2.100000000000000088817841970012523233890533447265625},"background_overlay_background":"classic","background_overlay_hover_color":"#ededed","margin":{"unit":"px","top":"10","right":"10","bottom":"10","left":"10","isLinked":true},"padding":{"unit":"%","top":"","right":"","bottom":"","left":"","isLinked":false},"_inline_size_tablet":100,"padding_tablet":{"unit":"px","top":"150","right":"0","bottom":"150","left":"0","isLinked":false},"animation":"fadeIn"},"elements":[{"id":"48b8bc28","settings":{"title":"Ceremony","align":"center","title_color":"#5b5b5b","typography_typography":"custom","typography_font_family":"Great Vibes","typography_font_size":{"unit":"px","size":40}},"elements":[],"isInner":false,"widgetType":"heading","elType":"widget"},{"id":"30af3cd4","settings":{"text":"Show More","align":"center","typography_typography":"custom","typography_font_family":"Open Sans","typography_font_size":{"unit":"px","size":11},"typography_font_weight":"600","typography_text_transform":"uppercase","button_text_color":"rgba(206,35,16,0.97)","background_color":"rgba(0,0,0,0)","border_border":"solid","border_width":{"unit":"px","top":"2","right":"2","bottom":"2","left":"2","isLinked":true},"border_color":"rgba(206,35,16,0.97)","hover_color":"#ffffff","button_background_hover_color":"rgba(206,35,16,0.97)"},"elements":[],"isInner":false,"widgetType":"button","elType":"widget"}],"isInner":false,"elType":"column"}],"isInner":false,"elType":"section"},{"id":"19c787af","settings":{"structure":"30","content_position":"middle"},"elements":[{"id":"766db846","settings":{"_column_size":33,"_inline_size":null,"_inline_size_tablet":50,"animation":"fadeIn"},"elements":[{"id":"5af56221","settings":{"image":{"id":"3773","url":"https:\/\/cliente.shazamlnv.com\/setasolar\/wp-content\/uploads\/2022\/04\/decor.jpg"}},"elements":[],"isInner":false,"widgetType":"image","elType":"widget"}],"isInner":false,"elType":"column"},{"id":"288b0820","settings":{"_column_size":33,"_inline_size":null,"content_position":"center","background_background":"classic","background_color":"#fff6f2","background_hover_image":{"id":"3776","url":"https:\/\/cliente.shazamlnv.com\/setasolar\/wp-content\/uploads\/2022\/04\/flowers-3.jpg"},"background_hover_position":"center center","background_hover_size":"cover","background_hover_transition":{"unit":"px","size":2.100000000000000088817841970012523233890533447265625},"background_overlay_background":"classic","background_overlay_hover_color":"#ededed","margin":{"unit":"px","top":"10","right":"10","bottom":"10","left":"10","isLinked":true},"padding":{"unit":"%","top":"","right":"","bottom":"","left":"","isLinked":false},"_inline_size_tablet":50,"padding_mobile":{"unit":"px","top":"150","right":"0","bottom":"150","left":"0","isLinked":false},"animation":"fadeIn"},"elements":[{"id":"2930616b","settings":{"title":"Decor","align":"center","title_color":"#5b5b5b","typography_typography":"custom","typography_font_family":"Great Vibes","typography_font_size":{"unit":"px","size":40}},"elements":[],"isInner":false,"widgetType":"heading","elType":"widget"},{"id":"18f2c894","settings":{"text":"Show More","align":"center","typography_typography":"custom","typography_font_family":"Open Sans","typography_font_size":{"unit":"px","size":11},"typography_font_weight":"600","typography_text_transform":"uppercase","button_text_color":"rgba(206,35,16,0.97)","background_color":"rgba(0,0,0,0)","border_border":"solid","border_width":{"unit":"px","top":"2","right":"2","bottom":"2","left":"2","isLinked":true},"border_color":"rgba(206,35,16,0.97)","hover_color":"#ffffff","button_background_hover_color":"rgba(206,35,16,0.97)"},"elements":[],"isInner":false,"widgetType":"button","elType":"widget"}],"isInner":false,"elType":"column"},{"id":"7e4ae7c8","settings":{"_column_size":33,"_inline_size":null,"_inline_size_tablet":100,"animation":"fadeIn"},"elements":[{"id":"318bfe6f","settings":{"image":{"id":"3772","url":"https:\/\/cliente.shazamlnv.com\/setasolar\/wp-content\/uploads\/2022\/04\/ceremony.jpg"}},"elements":[],"isInner":false,"widgetType":"image","elType":"widget"}],"isInner":false,"elType":"column"}],"isInner":false,"elType":"section"},{"id":"76bde493","settings":{"background_image":{"id":"3778","url":"https:\/\/cliente.shazamlnv.com\/setasolar\/wp-content\/uploads\/2022\/04\/jorge-rosal-556589-unsplash.jpg"},"background_position":"center center","background_size":"cover","background_overlay_background":"classic","background_overlay_color":"#ffffff","background_overlay_opacity":{"unit":"px","size":0.66000000000000003108624468950438313186168670654296875},"box_shadow_box_shadow":{"horizontal":0,"vertical":22,"blur":69,"spread":-12,"color":"rgba(232,126,122,0.19)"},"margin":{"unit":"px","top":"60","right":0,"bottom":"80","left":0,"isLinked":false},"padding":{"unit":"em","top":"","right":"","bottom":"","left":"","isLinked":true},"animation":"fadeIn"},"elements":[{"id":"171c80cf","settings":{"_column_size":100,"background_background":"classic","background_image":{"id":"3778","url":"https:\/\/cliente.shazamlnv.com\/setasolar\/wp-content\/uploads\/2022\/04\/jorge-rosal-556589-unsplash.jpg"},"background_position":"center center","background_size":"cover","background_overlay_background":"classic","background_overlay_color":"#ffffff","background_overlay_opacity":{"unit":"px","size":0.6999999999999999555910790149937383830547332763671875},"box_shadow_box_shadow_type":"yes","box_shadow_box_shadow":{"horizontal":0,"vertical":22,"blur":70,"spread":-12,"color":"rgba(232,126,122,0.19)"},"padding":{"unit":"px","top":"140","right":"100","bottom":"140","left":"100","isLinked":false},"padding_mobile":{"unit":"px","top":"70","right":"30","bottom":"70","left":"30","isLinked":false}},"elements":[{"id":"673f3416","settings":{"title":"Just Married!","align":"center","title_color":"#5b5b5b","typography_typography":"custom","typography_font_family":"Great Vibes","typography_font_size":{"unit":"px","size":90},"typography_font_size_mobile":{"unit":"px","size":60},"_animation":"fadeIn","typography_font_size_tablet":{"unit":"px","size":80}},"elements":[],"isInner":false,"widgetType":"heading","elType":"widget"},{"id":"63668ca2","settings":{"weight":{"unit":"px","size":3},"color":"#e07f74","width":{"unit":"px","size":60},"align":"center","_animation":"fadeIn","text":"Divider"},"elements":[],"isInner":false,"widgetType":"divider","elType":"widget"},{"id":"4270cd24","settings":{"editor":"<p>Contacts:<br \/>+61 3 8376 6288<br \/><br \/><\/p><p>Address: <br \/>121 King Street, Melbourne<\/p>","align":"center","text_color":"#595959","typography_typography":"custom","typography_font_family":"Open Sans","typography_font_size":{"unit":"px","size":16},"typography_font_weight":"600","typography_line_height":{"unit":"px","size":26},"_animation":"fadeIn"},"elements":[],"isInner":false,"widgetType":"text-editor","elType":"widget"}],"isInner":false,"elType":"column"}],"isInner":false,"elType":"section"}],"page_settings":[],"version":"0.4","title":"CASAMENTO","type":"section"}