{"content":[{"id":"12b8b609","settings":{"height":"min-height","custom_height":{"unit":"vh","size":100,"sizes":[]},"background_background":"gradient","background_color":"#1c1b40","background_position":"center center","background_attachment":"scroll","background_repeat":"no-repeat","background_size":"cover","background_motion_fx_translateX_effect":"yes","background_overlay_background":"classic","background_overlay_color":"#1c1b40","background_overlay_color_stop":{"unit":"%","size":50,"sizes":[]},"background_overlay_color_b":"#646a8c","background_overlay_gradient_angle":{"unit":"deg","size":160,"sizes":[]},"structure":"20","background_color_b":"#3a3870","background_gradient_angle":{"unit":"deg","size":160,"sizes":[]},"background_overlay_image":{"id":"3741","url":"https:\/\/cliente.shazamlnv.com\/setasolar\/wp-content\/uploads\/2022\/04\/jared-arango-1-mh6U3qeGQ-unsplash.jpg"},"background_overlay_repeat":"no-repeat","background_overlay_size":"cover","background_overlay_opacity":{"unit":"px","size":0.11000000000000000055511151231257827021181583404541015625,"sizes":[]},"shape_divider_bottom_width":{"unit":"%","size":100,"sizes":[]},"shape_divider_bottom_height":{"unit":"px","size":57,"sizes":[]},"padding":{"unit":"em","top":"1","right":"1","bottom":"1","left":"1","isLinked":true},"padding_tablet":{"unit":"em","top":"1","right":"1","bottom":"1","left":"1","isLinked":true},"reverse_order_tablet":"reverse-tablet","reverse_order_mobile":"reverse-mobile"},"elements":[{"id":"1fc82523","settings":{"_column_size":50,"margin":{"unit":"%","top":"0","right":"0","bottom":"0","left":"0","isLinked":false},"_inline_size":48.59599999999999653255144949071109294891357421875,"z_index":1,"_inline_size_tablet":100,"align":"flex-start"},"elements":[{"id":"7a060e9a","settings":{"_margin":{"unit":"%","top":"0","right":"0","bottom":"-62","left":"-20","isLinked":false},"_background_background":"classic","_background_color":"#6f4bf1","_background_color_b":"#646a8c","_border_border":"solid","_border_width":{"unit":"px","top":"0","right":"0","bottom":"2","left":"0","isLinked":false},"_border_color":"#6f4bf2","_element_width":"initial","_element_custom_width":{"unit":"px","size":50,"sizes":[]}},"elements":[],"isInner":false,"widgetType":"spacer","elType":"widget"},{"id":"2b63480e","settings":{"title":"affordable and reliable network services ","title_color":"#ffffff","typography_typography":"custom","typography_font_family":"Ubuntu","typography_font_size":{"unit":"em","size":3.5,"sizes":[]},"typography_font_weight":"700","typography_text_transform":"capitalize","typography_font_style":"normal","typography_text_decoration":"none","header_size":"h1","align_tablet":"center","typography_font_size_mobile":{"unit":"em","size":3,"sizes":[]}},"elements":[],"isInner":false,"widgetType":"heading","elType":"widget"},{"id":"22e9f9a3","settings":{"editor":"<p>Lorem ipsum dolor sit amet, consectetur adipiscing elit, sed do eiusmod tempor incididunt ut labore et dolore magna aliqua.<\/p>","text_color":"#e4e4f2","typography_typography":"custom","typography_font_family":"Open Sans","typography_font_size":{"unit":"em","size":1.1999999999999999555910790149937383830547332763671875,"sizes":[]},"typography_font_weight":"300","typography_line_height":{"unit":"em","size":1.600000000000000088817841970012523233890533447265625,"sizes":[]},"align_tablet":"center"},"elements":[],"isInner":false,"widgetType":"text-editor","elType":"widget"},{"id":"386c20c0","settings":{"text":"watch the demo","size":"md","typography_typography":"custom","typography_font_family":"Ubuntu","typography_font_size":{"unit":"em","size":1,"sizes":[]},"typography_font_weight":"500","typography_text_transform":"uppercase","typography_font_style":"normal","typography_text_decoration":"none","typography_line_height":{"unit":"em","size":1,"sizes":[]},"typography_letter_spacing":{"unit":"px","size":1.3000000000000000444089209850062616169452667236328125,"sizes":[]},"button_text_color":"#6f4bf2","background_color":"#ffffff","border_radius":{"unit":"px","top":"100","right":"100","bottom":"100","left":"100","isLinked":true},"icon":"fa fa-angle-right","icon_align":"right","icon_indent":{"unit":"px","size":16,"sizes":[]},"hover_color":"#ffffff","button_background_hover_color":"rgba(111,75,242,0)","button_hover_border_color":"#ffffff","hover_animation":"bob","border_border":"solid","border_width":{"unit":"px","top":"2","right":"2","bottom":"2","left":"2","isLinked":true},"border_color":"#6f4bf2","button_box_shadow_box_shadow_type":"yes","button_box_shadow_box_shadow":{"horizontal":0,"vertical":0,"blur":10,"spread":0,"color":"rgba(0,0,0,0.35)"},"_padding":{"unit":"em","top":"0","right":"1","bottom":"0","left":"0","isLinked":false},"_element_width":"auto","align_mobile":"justify","_margin_mobile":{"unit":"px","top":"0","right":"0","bottom":"0","left":"0","isLinked":false},"_padding_mobile":{"unit":"px","top":"0","right":"0","bottom":"0","left":"0","isLinked":false},"_element_width_mobile":"inherit","selected_icon":{"value":"fas fa-angle-right","library":"fa-solid"}},"elements":[],"isInner":false,"widgetType":"button","elType":"widget"},{"id":"3009fd2c","settings":{"text":"CONTACT US","size":"md","typography_typography":"custom","typography_font_family":"Ubuntu","typography_font_size":{"unit":"em","size":1,"sizes":[]},"typography_font_weight":"500","typography_text_transform":"uppercase","typography_font_style":"normal","typography_text_decoration":"none","typography_line_height":{"unit":"em","size":1,"sizes":[]},"typography_letter_spacing":{"unit":"px","size":1.3000000000000000444089209850062616169452667236328125,"sizes":[]},"button_text_color":"#ffffff","background_color":"#6f4bf2","border_radius":{"unit":"px","top":"100","right":"100","bottom":"100","left":"100","isLinked":true},"hover_color":"#ffffff","button_background_hover_color":"#6f4bf2","button_hover_border_color":"#ffffff","hover_animation":"bob","border_border":"solid","border_width":{"unit":"px","top":"2","right":"2","bottom":"2","left":"2","isLinked":true},"border_color":"#6f4bf2","button_box_shadow_box_shadow_type":"yes","button_box_shadow_box_shadow":{"horizontal":0,"vertical":0,"blur":10,"spread":0,"color":"rgba(0,0,0,0.29)"},"_padding":{"unit":"em","top":"0","right":"1","bottom":"0","left":"0","isLinked":false},"_element_width":"auto","align_mobile":"justify","_padding_mobile":{"unit":"em","top":"1","right":"0","bottom":"0","left":"0","isLinked":false},"_element_width_mobile":"inherit","icon_indent":{"unit":"px","size":15,"sizes":[]}},"elements":[],"isInner":false,"widgetType":"button","elType":"widget"}],"isInner":false,"elType":"column"},{"id":"1ad05942","settings":{"_column_size":50,"_inline_size":51.40400000000000346744855050928890705108642578125,"padding":{"unit":"em","top":"1","right":"1","bottom":"1","left":"1","isLinked":true},"_inline_size_tablet":100},"elements":[{"id":"3ac47ad4","settings":{"image":{"id":"3742","url":"https:\/\/cliente.shazamlnv.com\/setasolar\/wp-content\/uploads\/2022\/04\/undraw_online_organizer_ofxm-3.png"},"_margin":{"unit":"%","top":"0","right":"-16","bottom":"0","left":"0","isLinked":false},"_margin_tablet":{"unit":"px","top":"0","right":"0","bottom":"0","left":"0","isLinked":false}},"elements":[],"isInner":false,"widgetType":"image","elType":"widget"}],"isInner":false,"elType":"column"}],"isInner":false,"elType":"section"},{"id":"618ea45a","settings":{"gap":"no","custom_height":{"unit":"px","size":600,"sizes":[]},"structure":"20","background_color":"#6f4bf2","padding":{"unit":"em","top":"0","right":"0","bottom":"0","left":"5","isLinked":false},"padding_tablet":{"unit":"px","top":"0","right":"0","bottom":"0","left":"0","isLinked":false},"content_width":{"unit":"px","size":1300,"sizes":[]}},"elements":[{"id":"45b8b5aa","settings":{"_column_size":50,"_inline_size":null,"background_color":"#6f4bf2","margin":{"unit":"%","top":"0","right":"0","bottom":"0","left":"0","isLinked":false},"padding":{"unit":"em","top":"6","right":"1","bottom":"7","left":"1","isLinked":false}},"elements":[{"id":"ec3b611","settings":{"image":{"id":"3743","url":"https:\/\/cliente.shazamlnv.com\/setasolar\/wp-content\/uploads\/2022\/04\/Untitled-2.png"},"width":{"unit":"%","size":63,"sizes":[]}},"elements":[],"isInner":false,"widgetType":"image","elType":"widget"},{"id":"4b382836","settings":{"testimonial_content":"\"Sodales ut etiam sit amet nisl. Tempor orci eu lobortis elementum nibh et sulla\"","testimonial_name":"andrea amstrong","testimonial_job":"company name","testimonial_alignment":"left","content_content_color":"#ffffff","content_typography_typography":"custom","content_typography_font_family":"Open Sans","content_typography_font_size":{"unit":"em","size":1.100000000000000088817841970012523233890533447265625,"sizes":[]},"content_typography_font_weight":"400","content_typography_text_transform":"none","content_typography_font_style":"italic","content_typography_text_decoration":"none","content_typography_line_height":{"unit":"em","size":1.600000000000000088817841970012523233890533447265625,"sizes":[]},"testimonial_image":{"id":"3744","url":"https:\/\/cliente.shazamlnv.com\/setasolar\/wp-content\/uploads\/2022\/04\/undraw_chat_1wo5.png"},"image_size":{"unit":"px","size":45,"sizes":[]},"image_border_border":"groove","image_border_width":{"unit":"px","top":"2","right":"2","bottom":"2","left":"2","isLinked":true},"image_border_color":"rgba(154,153,175,0.92)","name_text_color":"#ffffff","name_typography_typography":"custom","name_typography_font_family":"Ubuntu","name_typography_font_size":{"unit":"em","size":1.100000000000000088817841970012523233890533447265625,"sizes":[]},"name_typography_font_weight":"500","name_typography_text_transform":"capitalize","name_typography_font_style":"normal","name_typography_text_decoration":"none","name_typography_line_height":{"unit":"em","size":1.100000000000000088817841970012523233890533447265625,"sizes":[]},"job_text_color":"#ffffff","job_typography_typography":"custom","job_typography_font_family":"Open Sans","job_typography_font_size":{"unit":"em","size":0.8000000000000000444089209850062616169452667236328125,"sizes":[]},"job_typography_font_weight":"300","job_typography_text_transform":"uppercase","job_typography_font_style":"normal","job_typography_text_decoration":"none","_margin":{"unit":"%","top":"-4","right":"10","bottom":"0","left":"10","isLinked":false},"_padding":{"unit":"em","top":"2","right":"2","bottom":"2","left":"2","isLinked":true},"_background_background":"classic","_background_color":"#6f4bf1","_border_radius":{"unit":"px","top":"6","right":"6","bottom":"6","left":"6","isLinked":true},"testimonial_image_size":"thumbnail"},"elements":[],"isInner":false,"widgetType":"testimonial","elType":"widget"}],"isInner":false,"elType":"column"},{"id":"5d07774e","settings":{"_column_size":50,"_inline_size":null,"content_position":"center","background_background":"classic","background_color":"#ffffff","padding":{"unit":"em","top":"2","right":"5","bottom":"2","left":"2","isLinked":false},"padding_mobile":{"unit":"em","top":"1","right":"1","bottom":"1","left":"1","isLinked":true}},"elements":[{"id":"61446c69","settings":{"content_width":{"unit":"px","size":700,"sizes":[]}},"elements":[{"id":"32456232","settings":{"_column_size":100,"_inline_size":null},"elements":[{"id":"74fdd18b","settings":{"title":"about our company","title_color":"#343666","typography_typography":"custom","typography_font_family":"Ubuntu","typography_font_size":{"unit":"em","size":2.79999999999999982236431605997495353221893310546875,"sizes":[]},"typography_font_weight":"700","typography_text_transform":"capitalize","typography_font_style":"normal","typography_text_decoration":"none"},"elements":[],"isInner":false,"widgetType":"heading","elType":"widget"},{"id":"a7d27af","settings":{"title":"Giving you IT peace of mind.\n\n","title_color":"#343666","typography_typography":"custom","typography_font_family":"Ubuntu","typography_font_size":{"unit":"em","size":1.3000000000000000444089209850062616169452667236328125,"sizes":[]},"typography_font_weight":"300","typography_font_style":"normal","typography_text_decoration":"none"},"elements":[],"isInner":false,"widgetType":"heading","elType":"widget"},{"id":"76d15753","settings":{"editor":"<p>Lorem ipsum dolor sit amet, consectetur adipiscing elit, sed do eiusmod tempor incididunt ut labore et dolore magna aliqua. Ut consequat semper viverra nam libero. Ipsum nunc aliquet bibendum enim facilisis gravida neque convallis. Mattis rhoncus urna neque viverra justo.<\/p>","text_color":"#343666","typography_typography":"custom","typography_font_family":"Open Sans","typography_font_size":{"unit":"em","size":1.100000000000000088817841970012523233890533447265625,"sizes":[]},"typography_font_weight":"300","typography_line_height":{"unit":"em","size":1.600000000000000088817841970012523233890533447265625,"sizes":[]}},"elements":[],"isInner":false,"widgetType":"text-editor","elType":"widget"},{"id":"d6415a1","settings":{"text":"meet the team","size":"md","typography_typography":"custom","typography_font_family":"Ubuntu","typography_font_size":{"unit":"em","size":1,"sizes":[]},"typography_font_weight":"500","typography_text_transform":"uppercase","typography_font_style":"normal","typography_text_decoration":"none","typography_line_height":{"unit":"em","size":1,"sizes":[]},"typography_letter_spacing":{"unit":"px","size":1.3000000000000000444089209850062616169452667236328125,"sizes":[]},"button_text_color":"#6f4bf2","background_color":"#ffffff","border_radius":{"unit":"px","top":"100","right":"100","bottom":"100","left":"100","isLinked":true},"hover_color":"#ffffff","button_background_hover_color":"#6f4bf2","button_hover_border_color":"#6f4bf2","hover_animation":"bob","border_border":"solid","border_width":{"unit":"px","top":"2","right":"2","bottom":"2","left":"2","isLinked":true},"border_color":"#6f4bf2","button_box_shadow_box_shadow_type":"yes","button_box_shadow_box_shadow":{"horizontal":0,"vertical":0,"blur":10,"spread":0,"color":"rgba(0,0,0,0.35)"},"_padding":{"unit":"em","top":"1","right":"1","bottom":"0","left":"0","isLinked":false},"_element_width":"auto","align_mobile":"justify","_margin_mobile":{"unit":"px","top":"0","right":"0","bottom":"0","left":"0","isLinked":false},"_padding_mobile":{"unit":"px","top":"0","right":"0","bottom":"0","left":"0","isLinked":false},"_element_width_mobile":"inherit","icon_indent":{"unit":"px","size":9,"sizes":[]}},"elements":[],"isInner":false,"widgetType":"button","elType":"widget"}],"isInner":true,"elType":"column"}],"isInner":true,"elType":"section"}],"isInner":false,"elType":"column"}],"isInner":false,"elType":"section"},{"id":"30ec0eb2","settings":{"height":"min-height","html_tag":"section","background_background":"classic","background_color":"#1c1b40","padding":{"unit":"em","top":"4","right":"1","bottom":"4","left":"1","isLinked":false}},"elements":[{"id":"79e91af","settings":{"_column_size":100,"margin":{"unit":"px","top":"0","right":"0","bottom":"0","left":"0","isLinked":false},"padding":{"unit":"px","top":"0","right":"0","bottom":"0","left":"0","isLinked":false}},"elements":[{"id":"7400104d","settings":{"_margin":{"unit":"%","top":"0","right":"0","bottom":"-62","left":"-20","isLinked":false},"_background_background":"classic","_background_color":"#6f4bf1","_background_color_b":"#646a8c","_border_border":"solid","_border_width":{"unit":"px","top":"0","right":"0","bottom":"2","left":"0","isLinked":false},"_border_color":"#6f4bf2","_element_width":"initial","_element_custom_width":{"unit":"px","size":50,"sizes":[]},"_border_radius":{"unit":"px","top":"4","right":"4","bottom":"4","left":"4","isLinked":true},"_position":"absolute","_offset_x":{"size":2,"unit":"px"},"_offset_y":{"size":-82,"unit":"px"}},"elements":[],"isInner":false,"widgetType":"spacer","elType":"widget"},{"id":"28b1aa27","settings":{"title":"Comprehensive Network Services Solutions","title_color":"#ffffff","typography_typography":"custom","typography_font_family":"Ubuntu","typography_font_size":{"unit":"em","size":2.79999999999999982236431605997495353221893310546875,"sizes":[]},"typography_font_weight":"700","typography_text_transform":"capitalize","typography_font_style":"normal","typography_text_decoration":"none","align":"center","_margin":{"unit":"%","top":"0","right":"15","bottom":"0","left":"15","isLinked":false},"typography_font_size_mobile":{"unit":"rem","size":1.600000000000000088817841970012523233890533447265625,"sizes":[]}},"elements":[],"isInner":false,"widgetType":"heading","elType":"widget"},{"id":"76f4d770","settings":{"height_inner":"min-height","structure":"30","padding":{"unit":"em","top":"2","right":"1","bottom":"1","left":"1","isLinked":false},"padding_mobile":{"unit":"px","top":"0","right":"0","bottom":"0","left":"0","isLinked":false}},"elements":[{"id":"6dc8192d","settings":{"_column_size":33,"_inline_size":null,"background_background":"classic","background_color":"#343666","background_color_b":"#646a8c","background_gradient_angle":{"unit":"deg","size":360,"sizes":[]},"box_shadow_box_shadow_type":"yes","box_shadow_box_shadow":{"horizontal":0,"vertical":0,"blur":10,"spread":0,"color":"rgba(0,0,0,0.38)"},"margin":{"unit":"%","top":"3","right":"3","bottom":"3","left":"3","isLinked":true},"padding":{"unit":"em","top":"1","right":"1","bottom":"1","left":"1","isLinked":true},"align":"space-evenly","border_border":"solid","border_width":{"unit":"px","top":"0","right":"0","bottom":"0","left":"0","isLinked":true},"border_color":"#e4e4f2","border_radius":{"unit":"px","top":"5","right":"5","bottom":"5","left":"5","isLinked":true}},"elements":[{"id":"2c630dc0","settings":{"image":{"id":"3742","url":"https:\/\/cliente.shazamlnv.com\/setasolar\/wp-content\/uploads\/2022\/04\/undraw_online_organizer_ofxm-3.png"},"_padding":{"unit":"em","top":"1","right":"1","bottom":"1","left":"1","isLinked":true},"image_custom_dimension":{"width":"400","height":"350"},"width":{"unit":"%","size":91,"sizes":[]}},"elements":[],"isInner":false,"widgetType":"image","elType":"widget"},{"id":"76d0ff2","settings":{"title":"file Routing &amp; switching\n","title_color":"#ffffff","typography_typography":"custom","typography_font_family":"Ubuntu","typography_font_size":{"unit":"em","size":1.5,"sizes":[]},"typography_font_weight":"400","typography_text_transform":"capitalize","typography_font_style":"normal","typography_text_decoration":"none","align":"center","header_size":"h3"},"elements":[],"isInner":false,"widgetType":"heading","elType":"widget"},{"id":"156c8bf5","settings":{"editor":"<p>Lorem ipsum dolor sit amet, consectetur adipiscing elit, sed do eiusmod tempor incididunt ut labore et dolore magna.<\/p>","text_color":"#e4e4f2","typography_typography":"custom","typography_font_family":"Open Sans","typography_font_size":{"unit":"em","size":1,"sizes":[]},"typography_font_weight":"300","align":"center","typography_line_height":{"unit":"em","size":1.600000000000000088817841970012523233890533447265625,"sizes":[]}},"elements":[],"isInner":false,"widgetType":"text-editor","elType":"widget"}],"isInner":true,"elType":"column"},{"id":"6addfa07","settings":{"_column_size":33,"_inline_size":null,"background_background":"classic","background_color":"#343666","background_color_b":"#646a8c","background_gradient_angle":{"unit":"deg","size":360,"sizes":[]},"box_shadow_box_shadow_type":"yes","box_shadow_box_shadow":{"horizontal":0,"vertical":0,"blur":10,"spread":0,"color":"rgba(0,0,0,0.38)"},"margin":{"unit":"%","top":"3","right":"3","bottom":"3","left":"3","isLinked":true},"padding":{"unit":"em","top":"1","right":"1","bottom":"1","left":"1","isLinked":true},"align":"space-evenly","border_border":"solid","border_width":{"unit":"px","top":"0","right":"0","bottom":"0","left":"0","isLinked":true},"border_color":"#e4e4f2","border_radius":{"unit":"px","top":"5","right":"5","bottom":"5","left":"5","isLinked":true}},"elements":[{"id":"4a6a5b86","settings":{"image":{"id":"3745","url":"https:\/\/cliente.shazamlnv.com\/setasolar\/wp-content\/uploads\/2022\/04\/undraw_online_resume_qyys.png"},"_padding":{"unit":"em","top":"1","right":"1","bottom":"1","left":"1","isLinked":true},"width":{"unit":"%","size":72,"sizes":[]}},"elements":[],"isInner":false,"widgetType":"image","elType":"widget"},{"id":"641ad9d9","settings":{"title":"Security services.","title_color":"#ffffff","typography_typography":"custom","typography_font_family":"Ubuntu","typography_font_size":{"unit":"em","size":1.5,"sizes":[]},"typography_font_weight":"400","typography_text_transform":"capitalize","typography_font_style":"normal","typography_text_decoration":"none","header_size":"h3","align":"center"},"elements":[],"isInner":false,"widgetType":"heading","elType":"widget"},{"id":"4f7a26b5","settings":{"editor":"<p>Lorem ipsum dolor sit amet, consectetur adipiscing elit, sed do eiusmod tempor incididunt ut labore et dolore magna.<\/p>","text_color":"#e4e4f2","typography_typography":"custom","typography_font_family":"Open Sans","typography_font_size":{"unit":"em","size":1,"sizes":[]},"typography_font_weight":"300","align":"center","typography_line_height":{"unit":"em","size":1.600000000000000088817841970012523233890533447265625,"sizes":[]}},"elements":[],"isInner":false,"widgetType":"text-editor","elType":"widget"}],"isInner":true,"elType":"column"},{"id":"5e8404aa","settings":{"_column_size":33,"_inline_size":null,"background_background":"classic","background_color":"#343666","background_color_b":"#646a8c","background_gradient_angle":{"unit":"deg","size":360,"sizes":[]},"box_shadow_box_shadow_type":"yes","box_shadow_box_shadow":{"horizontal":0,"vertical":0,"blur":10,"spread":0,"color":"rgba(0,0,0,0.38)"},"margin":{"unit":"%","top":"3","right":"3","bottom":"3","left":"3","isLinked":true},"padding":{"unit":"em","top":"1","right":"1","bottom":"1","left":"1","isLinked":true},"align":"space-evenly","border_border":"solid","border_width":{"unit":"px","top":"0","right":"0","bottom":"0","left":"0","isLinked":true},"border_color":"#e4e4f2","border_radius":{"unit":"px","top":"5","right":"5","bottom":"5","left":"5","isLinked":true}},"elements":[{"id":"449d7e51","settings":{"image":{"id":"3746","url":"https:\/\/cliente.shazamlnv.com\/setasolar\/wp-content\/uploads\/2022\/04\/undraw_online_resume_qyys_2.png"},"_padding":{"unit":"em","top":"1","right":"1","bottom":"1","left":"1","isLinked":true},"width":{"unit":"%","size":83,"sizes":[]}},"elements":[],"isInner":false,"widgetType":"image","elType":"widget"},{"id":"55cdac69","settings":{"title":"WAN optimization","title_color":"#ffffff","typography_typography":"custom","typography_font_family":"Ubuntu","typography_font_size":{"unit":"em","size":1.5,"sizes":[]},"typography_font_weight":"400","typography_text_transform":"capitalize","typography_font_style":"normal","typography_text_decoration":"none","header_size":"h3","align":"center"},"elements":[],"isInner":false,"widgetType":"heading","elType":"widget"},{"id":"74baa597","settings":{"editor":"<p>Lorem ipsum dolor sit amet, consectetur adipiscing elit, sed do eiusmod tempor incididunt ut labore et dolore magna.<\/p>","text_color":"#e4e4f2","typography_typography":"custom","typography_font_family":"Open Sans","typography_font_size":{"unit":"em","size":1,"sizes":[]},"typography_font_weight":"300","align":"center","typography_line_height":{"unit":"em","size":1.600000000000000088817841970012523233890533447265625,"sizes":[]}},"elements":[],"isInner":false,"widgetType":"text-editor","elType":"widget"}],"isInner":true,"elType":"column"}],"isInner":true,"elType":"section"},{"id":"28cd8ab6","settings":{"text":"CONTACT US","size":"md","typography_typography":"custom","typography_font_family":"Ubuntu","typography_font_size":{"unit":"em","size":1,"sizes":[]},"typography_font_weight":"400","typography_text_transform":"uppercase","typography_font_style":"normal","typography_text_decoration":"none","typography_line_height":{"unit":"em","size":1,"sizes":[]},"typography_letter_spacing":{"unit":"px","size":1.3000000000000000444089209850062616169452667236328125,"sizes":[]},"button_text_color":"#ffffff","background_color":"#6f4bf2","border_radius":{"unit":"px","top":"100","right":"100","bottom":"100","left":"100","isLinked":true},"align":"center","hover_color":"#ffffff","button_background_hover_color":"#6f4bf2","button_hover_border_color":"#ffffff","hover_animation":"bob","border_border":"solid","border_width":{"unit":"px","top":"2","right":"2","bottom":"2","left":"2","isLinked":true},"border_color":"#6f4bf2","button_box_shadow_box_shadow_type":"yes","button_box_shadow_box_shadow":{"horizontal":0,"vertical":0,"blur":10,"spread":0,"color":"rgba(0,0,0,0.29)"},"_padding":{"unit":"em","top":"2","right":"1","bottom":"0","left":"0","isLinked":false},"align_mobile":"justify","icon":"fa fa-envelope","icon_align":"right","icon_indent":{"unit":"px","size":15,"sizes":[]},"_margin_mobile":{"unit":"px","top":"0","right":"0","bottom":"0","left":"0","isLinked":false},"_padding_mobile":{"unit":"em","top":"","right":"","bottom":"","left":"","isLinked":false},"_animation":"fadeInUp","_element_width_mobile":"inherit","selected_icon":{"value":"fas fa-envelope","library":"fa-solid"}},"elements":[],"isInner":false,"widgetType":"button","elType":"widget"}],"isInner":false,"elType":"column"}],"isInner":false,"elType":"section"},{"id":"14374e36","settings":{"custom_height":{"unit":"vh","size":75,"sizes":[]},"padding":{"unit":"em","top":"3","right":"1","bottom":"3","left":"1","isLinked":false},"padding_tablet":{"unit":"em","top":"3","right":"1","bottom":"4","left":"1","isLinked":false},"background_background":"classic","background_color":"#ffffff"},"elements":[{"id":"47d57e9f","settings":{"_column_size":100},"elements":[{"id":"20efe082","settings":{"title":"our numbers","title_color":"#343666","typography_typography":"custom","typography_font_family":"Ubuntu","typography_font_size":{"unit":"em","size":2.79999999999999982236431605997495353221893310546875,"sizes":[]},"typography_font_weight":"700","typography_text_transform":"capitalize","typography_font_style":"normal","typography_text_decoration":"none"},"elements":[],"isInner":false,"widgetType":"heading","elType":"widget"},{"id":"516afa4a","settings":{"title":"Curabitur vitae nunc sed velit dignissim.","title_color":"#343666","typography_typography":"custom","typography_font_family":"Ubuntu","typography_font_size":{"unit":"em","size":1.3000000000000000444089209850062616169452667236328125,"sizes":[]},"typography_font_weight":"300","typography_font_style":"normal","typography_text_decoration":"none","align_mobile":"center","typography_line_height_mobile":{"unit":"em","size":1.3000000000000000444089209850062616169452667236328125,"sizes":[]}},"elements":[],"isInner":false,"widgetType":"heading","elType":"widget"},{"id":"20e4def8","settings":{"structure":"30","padding":{"unit":"em","top":"3","right":"0","bottom":"3","left":"10","isLinked":false},"padding_tablet":{"unit":"px","top":"0","right":"0","bottom":"0","left":"0","isLinked":false}},"elements":[{"id":"99a69e6","settings":{"_column_size":33,"_inline_size":null,"space_between_widgets":10,"background_color":"#e4e4f2","background_color_b":"rgba(242,41,91,0)","border_border":"solid","border_width":{"unit":"px","top":"0","right":"0","bottom":"0","left":"2","isLinked":false},"border_color":"rgba(111,75,241,0.09)","padding":{"unit":"em","top":"2","right":"2","bottom":"2","left":"2","isLinked":true}},"elements":[{"id":"71408769","settings":{"image":{"id":"3747","url":"https:\/\/cliente.shazamlnv.com\/setasolar\/wp-content\/uploads\/2022\/04\/bug_icon.png"},"image_size":"custom","image_custom_dimension":{"width":"50","height":"50"},"align":"left","align_mobile":"center"},"elements":[],"isInner":false,"widgetType":"image","elType":"widget"},{"id":"47de4c61","settings":{"title":"","number_color":"#343666","typography_number_typography":"custom","typography_number_font_family":"Ubuntu","typography_number_font_size":{"unit":"em","size":5,"sizes":[]},"typography_number_font_weight":"100","typography_number_text_transform":"none","typography_number_font_style":"normal","typography_number_text_decoration":"none","ending_number":263,"title_color":"#646a8c","typography_title_typography":"custom","typography_title_font_family":"Open Sans","typography_title_font_size":{"unit":"em","size":1,"sizes":[]},"typography_title_font_weight":"400","typography_title_text_transform":"capitalize","typography_title_font_style":"normal","typography_title_text_decoration":"none","_element_width":"auto","typography_number_font_size_tablet":{"unit":"em","size":3.5,"sizes":[]},"_element_width_mobile":"inherit"},"elements":[],"isInner":false,"widgetType":"counter","elType":"widget"},{"id":"1ebdc72","settings":{"title":"bugs detected","title_color":"#6f4bf1","typography_typography":"custom","typography_font_family":"Ubuntu","typography_font_size":{"unit":"em","size":1.5,"sizes":[]},"typography_font_weight":"500","typography_text_transform":"capitalize","typography_font_style":"normal","typography_text_decoration":"none","_margin":{"unit":"px","top":"0","right":"0","bottom":"0","left":"0","isLinked":false},"_padding":{"unit":"em","top":"1","right":"0","bottom":"0","left":"0","isLinked":false},"align_mobile":"center"},"elements":[],"isInner":false,"widgetType":"heading","elType":"widget"},{"id":"23f57ff2","settings":{"editor":"<p>Lorem ipsum dolor sit amet, consectetur adipiscing elit, sed do.<\/p>","text_color":"#343666","typography_typography":"custom","typography_font_family":"Open Sans","typography_font_size":{"unit":"em","size":1,"sizes":[]},"typography_font_weight":"300","typography_line_height":{"unit":"em","size":1.600000000000000088817841970012523233890533447265625,"sizes":[]},"align_mobile":"center","typography_font_size_mobile":{"unit":"rem","size":0.8000000000000000444089209850062616169452667236328125,"sizes":[]}},"elements":[],"isInner":false,"widgetType":"text-editor","elType":"widget"}],"isInner":true,"elType":"column"},{"id":"33fb78d2","settings":{"_column_size":33,"_inline_size":null,"space_between_widgets":10,"border_border":"solid","border_width":{"unit":"px","top":"0","right":"0","bottom":"0","left":"2","isLinked":false},"border_color":"rgba(111,75,241,0.09)","padding":{"unit":"em","top":"2","right":"2","bottom":"2","left":"2","isLinked":true},"background_color":"#e4e4f2","background_color_b":"rgba(242,41,91,0)"},"elements":[{"id":"41d90169","settings":{"image":{"id":"3748","url":"https:\/\/cliente.shazamlnv.com\/setasolar\/wp-content\/uploads\/2022\/04\/cloud_icon.png"},"image_size":"custom","image_custom_dimension":{"width":"50","height":"50"},"align":"left","align_mobile":"center"},"elements":[],"isInner":false,"widgetType":"image","elType":"widget"},{"id":"20c9c4f9","settings":{"title":"","number_color":"#343666","typography_number_typography":"custom","typography_number_font_family":"Ubuntu","typography_number_font_size":{"unit":"em","size":5,"sizes":[]},"typography_number_font_weight":"100","typography_number_text_transform":"none","typography_number_font_style":"normal","typography_number_text_decoration":"none","ending_number":1293,"title_color":"#646a8c","typography_title_typography":"custom","typography_title_font_family":"Open Sans","typography_title_font_size":{"unit":"em","size":1,"sizes":[]},"typography_title_font_weight":"400","typography_title_text_transform":"capitalize","typography_title_font_style":"normal","typography_title_text_decoration":"none","_element_width":"auto","typography_number_font_size_tablet":{"unit":"em","size":3.5,"sizes":[]},"_element_width_mobile":"inherit"},"elements":[],"isInner":false,"widgetType":"counter","elType":"widget"},{"id":"7b2f656e","settings":{"title":"GB Uploaded","title_color":"#6f4bf1","typography_typography":"custom","typography_font_family":"Ubuntu","typography_font_size":{"unit":"em","size":1.5,"sizes":[]},"typography_font_weight":"500","typography_text_transform":"capitalize","typography_font_style":"normal","typography_text_decoration":"none","_margin":{"unit":"px","top":"0","right":"0","bottom":"0","left":"0","isLinked":false},"_padding":{"unit":"em","top":"1","right":"0","bottom":"0","left":"0","isLinked":false},"align_mobile":"center"},"elements":[],"isInner":false,"widgetType":"heading","elType":"widget"},{"id":"4e3167b4","settings":{"editor":"<p>Nunc mattis enim ut tellus elementum sagittis<\/p>","text_color":"#343666","typography_typography":"custom","typography_font_family":"Open Sans","typography_font_size":{"unit":"em","size":1,"sizes":[]},"typography_font_weight":"300","typography_line_height":{"unit":"em","size":1.600000000000000088817841970012523233890533447265625,"sizes":[]},"align_mobile":"center","typography_font_size_mobile":{"unit":"rem","size":0.8000000000000000444089209850062616169452667236328125,"sizes":[]}},"elements":[],"isInner":false,"widgetType":"text-editor","elType":"widget"}],"isInner":true,"elType":"column"},{"id":"3c6110e6","settings":{"_column_size":33,"_inline_size":null,"space_between_widgets":10,"border_border":"solid","border_width":{"unit":"px","top":"0","right":"0","bottom":"0","left":"2","isLinked":false},"border_color":"rgba(111,75,241,0.09)","padding":{"unit":"em","top":"2","right":"2","bottom":"2","left":"2","isLinked":true},"background_color":"#e4e4f2","background_color_b":"rgba(242,41,91,0)"},"elements":[{"id":"2c051cbd","settings":{"image":{"id":"3749","url":"https:\/\/cliente.shazamlnv.com\/setasolar\/wp-content\/uploads\/2022\/04\/code_icon.png"},"image_size":"custom","image_custom_dimension":{"width":"50","height":"50"},"align":"left","align_mobile":"center"},"elements":[],"isInner":false,"widgetType":"image","elType":"widget"},{"id":"4d77644c","settings":{"title":"","number_color":"#343666","typography_number_typography":"custom","typography_number_font_family":"Ubuntu","typography_number_font_size":{"unit":"em","size":5,"sizes":[]},"typography_number_font_weight":"100","typography_number_text_transform":"none","typography_number_font_style":"normal","typography_number_text_decoration":"none","ending_number":29389890,"title_color":"#646a8c","typography_title_typography":"custom","typography_title_font_family":"Open Sans","typography_title_font_size":{"unit":"em","size":1,"sizes":[]},"typography_title_font_weight":"400","typography_title_text_transform":"capitalize","typography_title_font_style":"normal","typography_title_text_decoration":"none","_element_width":"auto","typography_number_font_size_tablet":{"unit":"em","size":3.5,"sizes":[]},"typography_number_font_size_mobile":{"unit":"rem","size":3.100000000000000088817841970012523233890533447265625,"sizes":[]},"_element_width_mobile":"inherit"},"elements":[],"isInner":false,"widgetType":"counter","elType":"widget"},{"id":"2ae613ac","settings":{"title":"files secured","title_color":"#6f4bf1","typography_typography":"custom","typography_font_family":"Ubuntu","typography_font_size":{"unit":"em","size":1.5,"sizes":[]},"typography_font_weight":"500","typography_text_transform":"capitalize","typography_font_style":"normal","typography_text_decoration":"none","_margin":{"unit":"px","top":"0","right":"0","bottom":"0","left":"0","isLinked":false},"_padding":{"unit":"em","top":"1","right":"0","bottom":"0","left":"0","isLinked":false},"align_mobile":"center"},"elements":[],"isInner":false,"widgetType":"heading","elType":"widget"},{"id":"153d8446","settings":{"editor":"<p>Lorem ipsum dolor sit amet, consectetur adipiscing elit, sed do.<\/p>","text_color":"#343666","typography_typography":"custom","typography_font_family":"Open Sans","typography_font_size":{"unit":"em","size":1,"sizes":[]},"typography_font_weight":"300","typography_line_height":{"unit":"em","size":1.600000000000000088817841970012523233890533447265625,"sizes":[]},"align_mobile":"center","typography_font_size_mobile":{"unit":"rem","size":0.8000000000000000444089209850062616169452667236328125,"sizes":[]}},"elements":[],"isInner":false,"widgetType":"text-editor","elType":"widget"}],"isInner":true,"elType":"column"}],"isInner":true,"elType":"section"}],"isInner":false,"elType":"column"}],"isInner":false,"elType":"section"},{"id":"35b9c442","settings":{"structure":"20","background_background":"classic","background_color":"#e4e4f2","background_repeat":"no-repeat","background_size":"cover","background_overlay_background":"classic","background_overlay_position":"center center","background_overlay_repeat":"no-repeat","background_overlay_size":"cover","padding":{"unit":"em","top":"4","right":"1","bottom":"0","left":"1","isLinked":false},"shape_divider_top_height":{"unit":"px","size":37,"sizes":[]},"shape_divider_bottom_color":"#ffffff","shape_divider_bottom_height":{"unit":"px","size":11,"sizes":[]},"padding_tablet":{"unit":"em","top":"3","right":"1","bottom":"3","left":"1","isLinked":false},"padding_mobile":{"unit":"em","top":"1","right":"1","bottom":"0","left":"1","isLinked":false},"reverse_order_mobile":"reverse-mobile"},"elements":[{"id":"34df9665","settings":{"_column_size":50,"_inline_size":69.912000000000006139089236967265605926513671875,"content_position":"center","padding_mobile":{"unit":"em","top":"1","right":"1","bottom":"1","left":"1","isLinked":true},"padding":{"unit":"em","top":"1","right":"6","bottom":"1","left":"1","isLinked":false}},"elements":[{"id":"626f3bb6","settings":{"title":"network services that work\n","title_color":"#343666","typography_typography":"custom","typography_font_family":"Ubuntu","typography_font_size":{"unit":"em","size":2.79999999999999982236431605997495353221893310546875,"sizes":[]},"typography_font_weight":"700","typography_text_transform":"capitalize","typography_font_style":"normal","typography_text_decoration":"none","align_mobile":"center"},"elements":[],"isInner":false,"widgetType":"heading","elType":"widget"},{"id":"2026d05b","settings":{"title":"Tellus id interdum velit laoreet.","title_color":"#343666","typography_typography":"custom","typography_font_family":"Ubuntu","typography_font_size":{"unit":"em","size":1.3000000000000000444089209850062616169452667236328125,"sizes":[]},"typography_font_weight":"300","typography_font_style":"normal","typography_text_decoration":"none","align_mobile":"center"},"elements":[],"isInner":false,"widgetType":"heading","elType":"widget"},{"id":"3409b2d3","settings":{"editor":"<p>Lorem ipsum dolor sit amet, consectetur adipiscing elit, sed do eiusmod tempor incididunt ut labore et dolore magna aliqua. Ut consequat semper viverra nam libero. Ipsum nunc aliquet bibendum enim facilisis gravida neque convallis. Mattis rhoncus urna neque viverra justo.<\/p>","text_color":"#343666","typography_typography":"custom","typography_font_family":"Open Sans","typography_font_size":{"unit":"em","size":1.100000000000000088817841970012523233890533447265625,"sizes":[]},"typography_font_weight":"300","typography_line_height":{"unit":"em","size":1.600000000000000088817841970012523233890533447265625,"sizes":[]},"align_mobile":"center","typography_font_size_mobile":{"unit":"rem","size":0.90000000000000002220446049250313080847263336181640625,"sizes":[]}},"elements":[],"isInner":false,"widgetType":"text-editor","elType":"widget"},{"id":"787c154a","settings":{"text":"go to support","size":"md","typography_typography":"custom","typography_font_family":"Ubuntu","typography_font_size":{"unit":"em","size":1,"sizes":[]},"typography_font_weight":"300","typography_text_transform":"uppercase","typography_font_style":"normal","typography_text_decoration":"none","typography_line_height":{"unit":"em","size":1,"sizes":[]},"typography_letter_spacing":{"unit":"px","size":1.3000000000000000444089209850062616169452667236328125,"sizes":[]},"button_text_color":"#ffffff","background_color":"#6f4bf2","border_radius":{"unit":"px","top":"100","right":"100","bottom":"100","left":"100","isLinked":true},"hover_color":"#ffffff","button_background_hover_color":"#6f4bf2","button_hover_border_color":"#ffffff","hover_animation":"bob","border_border":"solid","border_width":{"unit":"px","top":"1","right":"1","bottom":"1","left":"1","isLinked":true},"border_color":"#6f4bf2","button_box_shadow_box_shadow_type":"yes","button_box_shadow_box_shadow":{"horizontal":0,"vertical":0,"blur":10,"spread":0,"color":"rgba(0,0,0,0.29)"},"_padding":{"unit":"em","top":"0","right":"0","bottom":"0","left":"0","isLinked":false},"_element_width":"inherit","align_mobile":"justify","_margin_mobile":{"unit":"px","top":"0","right":"0","bottom":"0","left":"0","isLinked":false},"_padding_mobile":{"unit":"px","top":"0","right":"0","bottom":"0","left":"0","isLinked":false},"_element_width_mobile":"inherit","align":"left","icon":"fa fa-headphones","icon_align":"right","_animation":"fadeInUp","selected_icon":{"value":"fas fa-headphones","library":"fa-solid"}},"elements":[],"isInner":false,"widgetType":"button","elType":"widget"}],"isInner":false,"elType":"column"},{"id":"df66058","settings":{"_column_size":50,"_inline_size":30.08800000000000096633812063373625278472900390625,"background_background":"classic","background_position":"center center","background_attachment":"fixed","background_repeat":"no-repeat","background_size":"auto","margin":{"unit":"px","top":"0","right":"0","bottom":"0","left":"0","isLinked":false},"padding":{"unit":"px","top":"0","right":"0","bottom":"0","left":"0","isLinked":false}},"elements":[{"id":"59cc8be0","settings":{"_margin":{"unit":"%","top":"0","right":"0","bottom":"0","left":"0","isLinked":false},"_background_background":"classic","_background_color":"#6f4bf1","_background_color_b":"#646a8c","_border_border":"solid","_border_width":{"unit":"px","top":"0","right":"0","bottom":"2","left":"0","isLinked":false},"_border_color":"#6f4bf2","_element_width":"initial","_element_custom_width":{"unit":"px","size":50,"sizes":[]},"_border_radius":{"unit":"px","top":"100","right":"100","bottom":"100","left":"100","isLinked":true}},"elements":[],"isInner":false,"widgetType":"spacer","elType":"widget"},{"id":"64f74f37","settings":{"image":{"id":"3750","url":"https:\/\/cliente.shazamlnv.com\/setasolar\/wp-content\/uploads\/2022\/04\/undraw_online_resume_us_2.png"}},"elements":[],"isInner":false,"widgetType":"image","elType":"widget"}],"isInner":false,"elType":"column"}],"isInner":false,"elType":"section"},{"id":"2e0beaeb","settings":{"padding":{"unit":"em","top":"5","right":"1","bottom":"5","left":"1","isLinked":false},"html_tag":"section","background_background":"classic","background_color":"#ffffff","padding_tablet":{"unit":"em","top":"1","right":"1","bottom":"1","left":"1","isLinked":true}},"elements":[{"id":"601e0b7f","settings":{"_column_size":100,"padding_mobile":{"unit":"em","top":"1","right":"1","bottom":"1","left":"1","isLinked":true}},"elements":[{"id":"4cb08a3","settings":{"image":{"id":"3751","url":"https:\/\/cliente.shazamlnv.com\/setasolar\/wp-content\/uploads\/2022\/04\/chart-1.png"},"width":{"unit":"%","size":9,"sizes":[]}},"elements":[],"isInner":false,"widgetType":"image","elType":"widget"},{"id":"b93d43e","settings":{"title":"Software helping companies grow","title_color":"#343666","typography_typography":"custom","typography_font_family":"Ubuntu","typography_font_size":{"unit":"em","size":2.79999999999999982236431605997495353221893310546875,"sizes":[]},"typography_font_weight":"700","typography_text_transform":"capitalize","typography_font_style":"normal","typography_text_decoration":"none","align":"center","typography_font_size_mobile":{"unit":"px","size":33,"sizes":[]}},"elements":[],"isInner":false,"widgetType":"heading","elType":"widget"},{"id":"7889683","settings":{"title":"See how we're helping business grow.","title_color":"#343666","typography_typography":"custom","typography_font_family":"Ubuntu","typography_font_size":{"unit":"em","size":1.3000000000000000444089209850062616169452667236328125,"sizes":[]},"typography_font_weight":"300","typography_font_style":"normal","typography_text_decoration":"none","align":"center"},"elements":[],"isInner":false,"widgetType":"heading","elType":"widget"},{"id":"2cf27dc","settings":{"structure":"30","margin_mobile":{"unit":"px","top":"0","right":0,"bottom":"0","left":0,"isLinked":false},"padding":{"unit":"em","top":"1","right":"0","bottom":"0","left":"8","isLinked":false},"padding_tablet":{"unit":"px","top":"0","right":"0","bottom":"0","left":"0","isLinked":false},"padding_mobile":{"unit":"px","top":"0","right":"0","bottom":"0","left":"0","isLinked":false},"motion_fx_translateX_effect":"yes","motion_fx_translateX_affectedRange":{"unit":"%","size":"","sizes":{"start":43,"end":100}}},"elements":[{"id":"5956752c","settings":{"_column_size":33,"_inline_size":null,"padding":{"unit":"px","top":"0","right":"0","bottom":"0","left":"0","isLinked":false},"motion_fx_motion_fx_scrolling":"yes","margin":{"unit":"%","top":"0","right":"0","bottom":"0","left":"0","isLinked":false}},"elements":[{"id":"13c9c90e","settings":{"testimonial_content":"\"Sodales ut etiam sit amet nisl. Tempor orci eu lobortis elementum nibh et sulla\"","testimonial_name":"andrea amstrong","testimonial_job":"company name","testimonial_alignment":"left","content_content_color":"#343666","content_typography_typography":"custom","content_typography_font_family":"Open Sans","content_typography_font_size":{"unit":"em","size":0.90000000000000002220446049250313080847263336181640625,"sizes":[]},"content_typography_font_weight":"400","content_typography_text_transform":"none","content_typography_font_style":"normal","content_typography_text_decoration":"none","content_typography_line_height":{"unit":"em","size":1.399999999999999911182158029987476766109466552734375,"sizes":[]},"testimonial_image":{"id":"3744","url":"https:\/\/cliente.shazamlnv.com\/setasolar\/wp-content\/uploads\/2022\/04\/undraw_chat_1wo5.png"},"image_size":{"unit":"px","size":47,"sizes":[]},"image_border_border":"groove","image_border_width":{"unit":"px","top":"2","right":"2","bottom":"2","left":"2","isLinked":true},"image_border_color":"rgba(71,53,206,0.25)","name_text_color":"#6f4bf1","name_typography_typography":"custom","name_typography_font_family":"Ubuntu","name_typography_font_size":{"unit":"em","size":1.100000000000000088817841970012523233890533447265625,"sizes":[]},"name_typography_font_weight":"500","name_typography_text_transform":"capitalize","name_typography_font_style":"normal","name_typography_text_decoration":"none","name_typography_line_height":{"unit":"em","size":1.100000000000000088817841970012523233890533447265625,"sizes":[]},"job_text_color":"#351742","job_typography_typography":"custom","job_typography_font_family":"Open Sans","job_typography_font_size":{"unit":"em","size":0.8000000000000000444089209850062616169452667236328125,"sizes":[]},"job_typography_font_weight":"300","job_typography_text_transform":"uppercase","job_typography_font_style":"normal","job_typography_text_decoration":"none","_margin":{"unit":"%","top":"3","right":"14","bottom":"3","left":"-8","isLinked":false},"_padding":{"unit":"em","top":"2","right":"2","bottom":"2","left":"2","isLinked":true},"_background_background":"classic","_background_color":"#ffffff","_border_radius":{"unit":"px","top":"6","right":"6","bottom":"6","left":"6","isLinked":true},"_box_shadow_box_shadow_type":"yes","_box_shadow_box_shadow":{"horizontal":0,"vertical":0,"blur":6,"spread":0,"color":"rgba(0,0,0,0.17)"},"_element_width":"initial","_element_custom_width":{"unit":"%","size":100,"sizes":[]}},"elements":[],"isInner":false,"widgetType":"testimonial","elType":"widget"},{"id":"7649d4de","settings":{"testimonial_content":"\"Sodales ut etiam sit amet nisl. Tempor orci eu lobortis elementum nibh et sulla\"","testimonial_name":"andrea amstrong","testimonial_job":"company name","testimonial_alignment":"left","content_content_color":"#343666","content_typography_typography":"custom","content_typography_font_family":"Open Sans","content_typography_font_size":{"unit":"em","size":0.90000000000000002220446049250313080847263336181640625,"sizes":[]},"content_typography_font_weight":"400","content_typography_text_transform":"none","content_typography_font_style":"normal","content_typography_text_decoration":"none","content_typography_line_height":{"unit":"em","size":1.399999999999999911182158029987476766109466552734375,"sizes":[]},"testimonial_image":{"id":"3744","url":"https:\/\/cliente.shazamlnv.com\/setasolar\/wp-content\/uploads\/2022\/04\/undraw_chat_1wo5.png"},"image_size":{"unit":"px","size":47,"sizes":[]},"image_border_border":"groove","image_border_width":{"unit":"px","top":"2","right":"2","bottom":"2","left":"2","isLinked":true},"image_border_color":"rgba(71,53,206,0.25)","name_text_color":"#6f4bf1","name_typography_typography":"custom","name_typography_font_family":"Ubuntu","name_typography_font_size":{"unit":"em","size":1.100000000000000088817841970012523233890533447265625,"sizes":[]},"name_typography_font_weight":"500","name_typography_text_transform":"capitalize","name_typography_font_style":"normal","name_typography_text_decoration":"none","name_typography_line_height":{"unit":"em","size":1.100000000000000088817841970012523233890533447265625,"sizes":[]},"job_text_color":"#351742","job_typography_typography":"custom","job_typography_font_family":"Open Sans","job_typography_font_size":{"unit":"em","size":0.8000000000000000444089209850062616169452667236328125,"sizes":[]},"job_typography_font_weight":"300","job_typography_text_transform":"uppercase","job_typography_font_style":"normal","job_typography_text_decoration":"none","_margin":{"unit":"px","top":"10","right":"20","bottom":"0","left":"0","isLinked":false},"_padding":{"unit":"em","top":"2","right":"2","bottom":"2","left":"2","isLinked":true},"_background_background":"classic","_background_color":"#ffffff","_border_radius":{"unit":"px","top":"6","right":"6","bottom":"6","left":"6","isLinked":true},"_box_shadow_box_shadow_type":"yes","_box_shadow_box_shadow":{"horizontal":0,"vertical":0,"blur":6,"spread":0,"color":"rgba(0,0,0,0.17)"},"_element_width":"initial","_element_custom_width":{"unit":"%","size":100,"sizes":[]}},"elements":[],"isInner":false,"widgetType":"testimonial","elType":"widget"}],"isInner":true,"elType":"column"},{"id":"4f49f322","settings":{"_column_size":33,"_inline_size":null,"padding":{"unit":"px","top":"0","right":"0","bottom":"0","left":"0","isLinked":false}},"elements":[{"id":"660e72da","settings":{"testimonial_content":"\"Sodales ut etiam sit amet nisl. Tempor orci eu lobortis elementum nibh et sulla\"","testimonial_name":"andrea amstrong","testimonial_job":"company name","testimonial_alignment":"left","content_content_color":"#343666","content_typography_typography":"custom","content_typography_font_family":"Open Sans","content_typography_font_size":{"unit":"em","size":0.90000000000000002220446049250313080847263336181640625,"sizes":[]},"content_typography_font_weight":"400","content_typography_text_transform":"none","content_typography_font_style":"normal","content_typography_text_decoration":"none","content_typography_line_height":{"unit":"em","size":1.399999999999999911182158029987476766109466552734375,"sizes":[]},"testimonial_image":{"id":"3744","url":"https:\/\/cliente.shazamlnv.com\/setasolar\/wp-content\/uploads\/2022\/04\/undraw_chat_1wo5.png"},"image_size":{"unit":"px","size":47,"sizes":[]},"image_border_border":"groove","image_border_width":{"unit":"px","top":"2","right":"2","bottom":"2","left":"2","isLinked":true},"image_border_color":"rgba(71,53,206,0.25)","name_text_color":"#6f4bf1","name_typography_typography":"custom","name_typography_font_family":"Ubuntu","name_typography_font_size":{"unit":"em","size":1.100000000000000088817841970012523233890533447265625,"sizes":[]},"name_typography_font_weight":"500","name_typography_text_transform":"capitalize","name_typography_font_style":"normal","name_typography_text_decoration":"none","name_typography_line_height":{"unit":"em","size":1.100000000000000088817841970012523233890533447265625,"sizes":[]},"job_text_color":"#351742","job_typography_typography":"custom","job_typography_font_family":"Open Sans","job_typography_font_size":{"unit":"em","size":0.8000000000000000444089209850062616169452667236328125,"sizes":[]},"job_typography_font_weight":"300","job_typography_text_transform":"uppercase","job_typography_font_style":"normal","job_typography_text_decoration":"none","_margin":{"unit":"%","top":"3","right":"14","bottom":"3","left":"-8","isLinked":false},"_padding":{"unit":"em","top":"2","right":"2","bottom":"2","left":"2","isLinked":true},"_background_background":"classic","_background_color":"#ffffff","_border_radius":{"unit":"px","top":"6","right":"6","bottom":"6","left":"6","isLinked":true},"_box_shadow_box_shadow_type":"yes","_box_shadow_box_shadow":{"horizontal":0,"vertical":0,"blur":6,"spread":0,"color":"rgba(0,0,0,0.17)"},"_element_width":"initial","_element_custom_width":{"unit":"%","size":100,"sizes":[]}},"elements":[],"isInner":false,"widgetType":"testimonial","elType":"widget"},{"id":"291637ea","settings":{"testimonial_content":"\"Sodales ut etiam sit amet nisl. Tempor orci eu lobortis elementum nibh et sulla\"","testimonial_name":"andrea amstrong","testimonial_job":"company name","testimonial_alignment":"left","content_content_color":"#343666","content_typography_typography":"custom","content_typography_font_family":"Open Sans","content_typography_font_size":{"unit":"em","size":0.90000000000000002220446049250313080847263336181640625,"sizes":[]},"content_typography_font_weight":"400","content_typography_text_transform":"none","content_typography_font_style":"normal","content_typography_text_decoration":"none","content_typography_line_height":{"unit":"em","size":1.399999999999999911182158029987476766109466552734375,"sizes":[]},"testimonial_image":{"id":"3744","url":"https:\/\/cliente.shazamlnv.com\/setasolar\/wp-content\/uploads\/2022\/04\/undraw_chat_1wo5.png"},"image_size":{"unit":"px","size":47,"sizes":[]},"image_border_border":"groove","image_border_width":{"unit":"px","top":"2","right":"2","bottom":"2","left":"2","isLinked":true},"image_border_color":"rgba(71,53,206,0.25)","name_text_color":"#6f4bf1","name_typography_typography":"custom","name_typography_font_family":"Ubuntu","name_typography_font_size":{"unit":"em","size":1.100000000000000088817841970012523233890533447265625,"sizes":[]},"name_typography_font_weight":"500","name_typography_text_transform":"capitalize","name_typography_font_style":"normal","name_typography_text_decoration":"none","name_typography_line_height":{"unit":"em","size":1.100000000000000088817841970012523233890533447265625,"sizes":[]},"job_text_color":"#351742","job_typography_typography":"custom","job_typography_font_family":"Open Sans","job_typography_font_size":{"unit":"em","size":0.8000000000000000444089209850062616169452667236328125,"sizes":[]},"job_typography_font_weight":"300","job_typography_text_transform":"uppercase","job_typography_font_style":"normal","job_typography_text_decoration":"none","_margin":{"unit":"px","top":"10","right":"20","bottom":"0","left":"0","isLinked":false},"_padding":{"unit":"em","top":"2","right":"2","bottom":"2","left":"2","isLinked":true},"_background_background":"classic","_background_color":"#ffffff","_border_radius":{"unit":"px","top":"6","right":"6","bottom":"6","left":"6","isLinked":true},"_box_shadow_box_shadow_type":"yes","_box_shadow_box_shadow":{"horizontal":0,"vertical":0,"blur":6,"spread":0,"color":"rgba(0,0,0,0.17)"},"_element_width":"initial","_element_custom_width":{"unit":"%","size":100,"sizes":[]}},"elements":[],"isInner":false,"widgetType":"testimonial","elType":"widget"}],"isInner":true,"elType":"column"},{"id":"698ec49e","settings":{"_column_size":33,"_inline_size":null,"padding":{"unit":"px","top":"0","right":"0","bottom":"0","left":"0","isLinked":false}},"elements":[{"id":"4f9a6c2e","settings":{"testimonial_content":"\"Hendrerit gravida rutrum quisque non tellus orci ac. Enim nulla aliquet porttitor lacu\"","testimonial_name":"andre rickhard","testimonial_job":"company name","testimonial_alignment":"left","content_content_color":"#343666","content_typography_typography":"custom","content_typography_font_family":"Open Sans","content_typography_font_size":{"unit":"em","size":0.90000000000000002220446049250313080847263336181640625,"sizes":[]},"content_typography_font_weight":"400","content_typography_text_transform":"none","content_typography_font_style":"normal","content_typography_text_decoration":"none","content_typography_line_height":{"unit":"em","size":1.399999999999999911182158029987476766109466552734375,"sizes":[]},"testimonial_image":{"id":"3744","url":"https:\/\/cliente.shazamlnv.com\/setasolar\/wp-content\/uploads\/2022\/04\/undraw_chat_1wo5.png"},"image_size":{"unit":"px","size":47,"sizes":[]},"image_border_border":"groove","image_border_width":{"unit":"px","top":"2","right":"2","bottom":"2","left":"2","isLinked":true},"image_border_color":"rgba(71,53,206,0.25)","name_text_color":"#6f4bf1","name_typography_typography":"custom","name_typography_font_family":"Ubuntu","name_typography_font_size":{"unit":"em","size":1.100000000000000088817841970012523233890533447265625,"sizes":[]},"name_typography_font_weight":"500","name_typography_text_transform":"capitalize","name_typography_font_style":"normal","name_typography_text_decoration":"none","name_typography_line_height":{"unit":"em","size":1.100000000000000088817841970012523233890533447265625,"sizes":[]},"job_text_color":"#351742","job_typography_typography":"custom","job_typography_font_family":"Open Sans","job_typography_font_size":{"unit":"em","size":0.8000000000000000444089209850062616169452667236328125,"sizes":[]},"job_typography_font_weight":"300","job_typography_text_transform":"uppercase","job_typography_font_style":"normal","job_typography_text_decoration":"none","_margin":{"unit":"%","top":"3","right":"14","bottom":"3","left":"-8","isLinked":false},"_padding":{"unit":"em","top":"2","right":"2","bottom":"2","left":"2","isLinked":true},"_background_background":"classic","_background_color":"#ffffff","_border_radius":{"unit":"px","top":"6","right":"6","bottom":"6","left":"6","isLinked":true},"_box_shadow_box_shadow_type":"yes","_box_shadow_box_shadow":{"horizontal":0,"vertical":0,"blur":6,"spread":0,"color":"rgba(0,0,0,0.17)"},"_element_width":"initial","_element_custom_width":{"unit":"%","size":100,"sizes":[]}},"elements":[],"isInner":false,"widgetType":"testimonial","elType":"widget"},{"id":"2dceaaaf","settings":{"testimonial_content":"\"Sodales ut etiam sit amet nisl. Tempor orci eu lobortis elementum nibh et sulla\"","testimonial_name":"andrea amstrong","testimonial_job":"company name","testimonial_alignment":"left","content_content_color":"#343666","content_typography_typography":"custom","content_typography_font_family":"Open Sans","content_typography_font_size":{"unit":"em","size":0.90000000000000002220446049250313080847263336181640625,"sizes":[]},"content_typography_font_weight":"400","content_typography_text_transform":"none","content_typography_font_style":"normal","content_typography_text_decoration":"none","content_typography_line_height":{"unit":"em","size":1.399999999999999911182158029987476766109466552734375,"sizes":[]},"testimonial_image":{"id":"3744","url":"https:\/\/cliente.shazamlnv.com\/setasolar\/wp-content\/uploads\/2022\/04\/undraw_chat_1wo5.png"},"image_size":{"unit":"px","size":47,"sizes":[]},"image_border_border":"groove","image_border_width":{"unit":"px","top":"2","right":"2","bottom":"2","left":"2","isLinked":true},"image_border_color":"rgba(71,53,206,0.25)","name_text_color":"#6f4bf1","name_typography_typography":"custom","name_typography_font_family":"Ubuntu","name_typography_font_size":{"unit":"em","size":1.100000000000000088817841970012523233890533447265625,"sizes":[]},"name_typography_font_weight":"500","name_typography_text_transform":"capitalize","name_typography_font_style":"normal","name_typography_text_decoration":"none","name_typography_line_height":{"unit":"em","size":1.100000000000000088817841970012523233890533447265625,"sizes":[]},"job_text_color":"#351742","job_typography_typography":"custom","job_typography_font_family":"Open Sans","job_typography_font_size":{"unit":"em","size":0.8000000000000000444089209850062616169452667236328125,"sizes":[]},"job_typography_font_weight":"300","job_typography_text_transform":"uppercase","job_typography_font_style":"normal","job_typography_text_decoration":"none","_margin":{"unit":"px","top":"10","right":"20","bottom":"0","left":"0","isLinked":false},"_padding":{"unit":"em","top":"2","right":"2","bottom":"2","left":"2","isLinked":true},"_background_background":"classic","_background_color":"#ffffff","_border_radius":{"unit":"px","top":"6","right":"6","bottom":"6","left":"6","isLinked":true},"_box_shadow_box_shadow_type":"yes","_box_shadow_box_shadow":{"horizontal":0,"vertical":0,"blur":6,"spread":0,"color":"rgba(0,0,0,0.17)"},"_element_width":"initial","_element_custom_width":{"unit":"%","size":100,"sizes":[]}},"elements":[],"isInner":false,"widgetType":"testimonial","elType":"widget"}],"isInner":true,"elType":"column"}],"isInner":true,"elType":"section"}],"isInner":false,"elType":"column"}],"isInner":false,"elType":"section"},{"id":"56fc959d","settings":{"structure":"20","background_background":"classic","background_color":"#6f4bf1","background_overlay_background":"classic","background_overlay_image":{"id":"3752","url":"https:\/\/cliente.shazamlnv.com\/setasolar\/wp-content\/uploads\/2022\/04\/texture4.jpg"},"background_overlay_position":"center center","background_overlay_attachment":"fixed","background_overlay_repeat":"no-repeat","background_overlay_size":"cover","background_overlay_opacity":{"unit":"px","size":0.320000000000000006661338147750939242541790008544921875,"sizes":[]},"css_filters_css_filter":"custom","css_filters_saturate":{"unit":"px","size":0,"sizes":[]},"padding":{"unit":"em","top":"6","right":"1","bottom":"6","left":"1","isLinked":false},"padding_mobile":{"unit":"em","top":"1","right":"1","bottom":"1","left":"1","isLinked":true}},"elements":[{"id":"6a315a11","settings":{"_column_size":50,"_inline_size":null,"content_position":"center"},"elements":[{"id":"4483e0ea","settings":{"image":{"id":"3753","url":"https:\/\/cliente.shazamlnv.com\/setasolar\/wp-content\/uploads\/2022\/04\/undraw_vault_9cmw.png"},"width":{"unit":"%","size":54,"sizes":[]},"width_tablet":{"unit":"%","size":77,"sizes":[]}},"elements":[],"isInner":false,"widgetType":"image","elType":"widget"}],"isInner":false,"elType":"column"},{"id":"472a1b57","settings":{"_column_size":50,"_inline_size":null,"content_position":"center"},"elements":[{"id":"72b3c989","settings":{"title":"data security & protection plans","title_color":"#ffffff","typography_typography":"custom","typography_font_family":"Ubuntu","typography_font_size":{"unit":"em","size":2.79999999999999982236431605997495353221893310546875,"sizes":[]},"typography_font_weight":"700","typography_text_transform":"capitalize","typography_font_style":"normal","typography_text_decoration":"none","align":"left","align_mobile":"center","typography_font_size_mobile":{"unit":"px","size":35,"sizes":[]}},"elements":[],"isInner":false,"widgetType":"heading","elType":"widget"},{"id":"10bcd941","settings":{"title":"Security is essential to protecting the availability and privacy of your client data. ","title_color":"#ffffff","typography_typography":"custom","typography_font_family":"Ubuntu","typography_font_size":{"unit":"em","size":1.3000000000000000444089209850062616169452667236328125,"sizes":[]},"typography_font_weight":"400","typography_font_style":"normal","typography_text_decoration":"none","align":"left","align_mobile":"center","typography_line_height":{"unit":"em","size":1.399999999999999911182158029987476766109466552734375,"sizes":[]}},"elements":[],"isInner":false,"widgetType":"heading","elType":"widget"},{"id":"1874f7c3","settings":{"icon_list":[{"text":"Dolor purus non enim praesent","icon":"fa fa-check","_id":"2d5ec7a"},{"text":"Vel eros donec ac odio","icon":"fa fa-check","_id":"0f45f32"},{"text":"Sodales ut etiam sit","icon":"fa fa-check","_id":"68aa64e"}],"icon_align_mobile":"left","icon_color":"#ffffff","icon_size":{"unit":"px","size":25,"sizes":[]},"text_color":"#ffffff","text_indent":{"unit":"px","size":13,"sizes":[]},"icon_typography_typography":"custom","icon_typography_font_family":"Open Sans","icon_typography_font_size":{"unit":"em","size":1,"sizes":[]},"icon_typography_font_weight":"400","icon_typography_text_transform":"capitalize","icon_typography_font_style":"normal","icon_typography_text_decoration":"none","space_between":{"unit":"px","size":14,"sizes":[]}},"elements":[],"isInner":false,"widgetType":"icon-list","elType":"widget"},{"id":"19f0fcc2","settings":{"text":"get started","size":"md","typography_typography":"custom","typography_font_family":"Ubuntu","typography_font_size":{"unit":"em","size":1,"sizes":[]},"typography_font_weight":"500","typography_text_transform":"uppercase","typography_font_style":"normal","typography_text_decoration":"none","typography_line_height":{"unit":"em","size":1,"sizes":[]},"typography_letter_spacing":{"unit":"px","size":1.3000000000000000444089209850062616169452667236328125,"sizes":[]},"button_text_color":"#6f4bf2","background_color":"#ffffff","border_radius":{"unit":"px","top":"100","right":"100","bottom":"100","left":"100","isLinked":true},"hover_color":"#ffffff","button_background_hover_color":"#6f4bf2","button_hover_border_color":"#6f4bf2","hover_animation":"bob","border_border":"solid","border_width":{"unit":"px","top":"2","right":"2","bottom":"2","left":"2","isLinked":true},"border_color":"#6f4bf2","button_box_shadow_box_shadow_type":"yes","button_box_shadow_box_shadow":{"horizontal":0,"vertical":0,"blur":10,"spread":0,"color":"rgba(0,0,0,0.35)"},"_padding":{"unit":"em","top":"1","right":"1","bottom":"0","left":"0","isLinked":false},"_element_width":"auto","align_mobile":"justify","icon":"fa fa-angle-right","icon_align":"right","icon_indent":{"unit":"px","size":9,"sizes":[]},"_padding_mobile":{"unit":"px","top":"0","right":"0","bottom":"0","left":"0","isLinked":false},"_element_width_mobile":"inherit","_margin_mobile":{"unit":"px","top":"0","right":"0","bottom":"0","left":"0","isLinked":false},"selected_icon":{"value":"fas fa-angle-right","library":"fa-solid"}},"elements":[],"isInner":false,"widgetType":"button","elType":"widget"}],"isInner":false,"elType":"column"}],"isInner":false,"elType":"section"}],"page_settings":[],"version":"0.4","title":"PROVEDOR DE INTERNET","type":"section"}