{"version":"0.4","title":"Social Media Consultant > Home 2","type":"page","content":[{"id":"748827a6","settings":{"custom_height":{"unit":"vh","size":"","sizes":[]},"structure":"20","background_background":"classic","background_color":"#212529","background_image":{"url":"https:\/\/wp.envatoextensions.com\/kit-169\/wp-content\/uploads\/sites\/165\/2019\/04\/photo-1543270123-d638cb5a49af.jpeg","id":"6020"},"background_position":"center center","background_repeat":"no-repeat","background_size":"cover","background_overlay_background":"gradient","background_overlay_color":"#212529","background_overlay_color_b":"rgba(33,37,41,0.59)","background_overlay_gradient_angle":{"unit":"deg","size":"150","sizes":[]},"background_overlay_opacity":{"unit":"px","size":"1","sizes":[]},"padding":{"unit":"em","top":"7.5","right":"0","bottom":"7","left":"0","isLinked":""}},"elements":[{"id":"676de747","settings":{"_column_size":"50","_inline_size":"49.825"},"elements":[{"id":"5662dae3","settings":{"content_width":{"unit":"px","size":"510","sizes":[]},"border_width":{"unit":"px","top":"0","right":"0","bottom":"0","left":"0","isLinked":""},"border_color":"#dee2e6","border_radius":{"unit":"px","top":"0","right":"0","bottom":"0","left":"0","isLinked":"1"},"padding":{"unit":"em","top":"0","right":"0","bottom":"0","left":"0","isLinked":""}},"elements":[{"id":"8fd76e8","settings":{"_column_size":"100","_inline_size":""},"elements":[{"id":"284204cb","settings":{"title":"Juliet Burke","header_size":"h1","align":"center","title_color":"#ffffff","typography_typography":"custom","typography_font_family":"Karla","typography_font_size":{"unit":"em","size":"0.82","sizes":[]},"typography_font_weight":"700","typography_line_height":{"unit":"em","size":"1.15","sizes":[]},"typography_letter_spacing":{"unit":"px","size":"0.6","sizes":[]},"typography_text_transform":"uppercase","_margin":{"unit":"px","top":"0","right":"0","bottom":"35","left":"0","isLinked":""},"_padding":{"unit":"em","top":"0.35","right":"0.65","bottom":"0.38","left":"0.65","isLinked":""},"_background_background":"classic","_background_color":"#c4b997","_border_radius":{"unit":"px","top":"6","right":"6","bottom":"6","left":"6","isLinked":"1"},"_element_width":"auto","_animation":"zoomIn","animation_duration":"fast"},"elements":[],"isInner":false,"widgetType":"heading","elType":"widget"},{"id":"168b5602","settings":{"title":"Develop a desired social media strategy.","header_size":"h1","align":"left","title_color":"#ffffff","typography_typography":"custom","typography_font_family":"Karla","typography_font_size":{"unit":"em","size":"4.2","sizes":[]},"typography_font_size_tablet":{"unit":"em","size":"2.9","sizes":[]},"typography_font_size_mobile":{"unit":"em","size":"3","sizes":[]},"typography_font_weight":"400","typography_line_height":{"unit":"em","size":"1.1","sizes":[]},"typography_letter_spacing":{"unit":"px","size":"-3.6","sizes":[]},"typography_letter_spacing_tablet":{"unit":"px","size":"-3","sizes":[]},"_animation":"fadeIn"},"elements":[],"isInner":false,"widgetType":"heading","elType":"widget"},{"id":"172ec772","settings":{"editor":"<p>Sed ut perspiciatis unde omnis iste natus error sit voluptatem accusantium.<\/p>","align":"left","text_color":"rgba(255,255,255,0.83)","typography_typography":"custom","typography_font_family":"Karla","typography_font_size":{"unit":"em","size":"1.255","sizes":[]},"typography_line_height":{"unit":"em","size":"1.555","sizes":[]},"_padding":{"unit":"em","top":"0","right":"0","bottom":"0","left":"0","isLinked":""},"_margin":{"unit":"px","top":"0","right":"0","bottom":"0","left":"0","isLinked":""},"_animation":"fadeIn","_animation_delay":"200"},"elements":[],"isInner":false,"widgetType":"text-editor","elType":"widget"},{"id":"253f3455","settings":{"icon":"fa fa-play","view":"stacked","link":{"url":"https:\/\/www.youtube.com\/watch?v=rrlJiKFJSQY","is_external":"on","nofollow":"on"},"primary_color":"#c4b997","secondary_color":"#ffffff","size":{"unit":"px","size":"16","sizes":[]},"icon_padding":{"unit":"px","size":"21","sizes":[]},"border_radius":{"unit":"px","top":"50","right":"50","bottom":"50","left":"50","isLinked":"1"},"_element_width":"auto","_animation":"fadeIn"},"elements":[],"isInner":false,"widgetType":"icon","elType":"widget"},{"id":"425271be","settings":{"title":"Watch the video","header_size":"h3","align":"center","title_color":"#c4b997","typography_typography":"custom","typography_font_family":"Karla","typography_font_size":{"unit":"em","size":"0.81","sizes":[]},"typography_font_weight":"700","typography_line_height":{"unit":"em","size":"1.15","sizes":[]},"typography_letter_spacing":{"unit":"px","size":"0.6","sizes":[]},"typography_text_transform":"uppercase","link":{"url":"https:\/\/www.youtube.com\/watch?v=rrlJiKFJSQY","is_external":"on","nofollow":"on"},"_padding":{"unit":"em","top":"0","right":"0","bottom":"0","left":"1","isLinked":""},"_element_width":"auto","_element_vertical_align":"center","_animation":"fadeInDown"},"elements":[],"isInner":false,"widgetType":"heading","elType":"widget"}],"isInner":"1","elType":"column"}],"isInner":"1","elType":"section"}],"isInner":"","elType":"column"},{"id":"77f996ed","settings":{"_column_size":"50","_inline_size":"50.175","hide_mobile":"hidden-phone"},"elements":[{"id":"707eae1a","settings":{"structure":"20"},"elements":[{"id":"45f909e2","settings":{"_column_size":"50","_inline_size":"","_inline_size_mobile":"50","content_position":"top"},"elements":[{"id":"6c596abc","settings":{"icon":"fa fa-instagram","view":"stacked","primary_color":"rgba(255,255,255,0.06)","secondary_color":"#c4b381","size":{"unit":"px","size":"28","sizes":[]},"icon_padding":{"unit":"px","size":"24","sizes":[]},"_padding":{"unit":"em","top":"0","right":"0","bottom":"2","left":"0","isLinked":""},"_animation":"fadeInUp"},"elements":[],"isInner":false,"widgetType":"icon","elType":"widget"}],"isInner":"1","elType":"column"},{"id":"6b6e36e4","settings":{"_column_size":"50","_inline_size":"","_inline_size_mobile":"50","content_position":"bottom"},"elements":[{"id":"4801f31e","settings":{"icon":"fa fa-envelope","view":"stacked","primary_color":"rgba(255,255,255,0.06)","secondary_color":"#c4b381","size":{"unit":"px","size":"15","sizes":[]},"icon_padding":{"unit":"px","size":"17","sizes":[]},"_padding":{"unit":"em","top":"0","right":"0","bottom":"01","left":"0","isLinked":""},"_animation":"fadeInUp"},"elements":[],"isInner":false,"widgetType":"icon","elType":"widget"}],"isInner":"1","elType":"column"}],"isInner":"1","elType":"section"},{"id":"53703ce5","settings":{"structure":"30"},"elements":[{"id":"189e6591","settings":{"_column_size":"33","_inline_size":""},"elements":[],"isInner":"1","elType":"column"},{"id":"4026b49d","settings":{"_column_size":"33","_inline_size":"","_inline_size_mobile":"50"},"elements":[{"id":"5e0ef4c7","settings":{"icon":"fa fa-facebook-f","view":"stacked","primary_color":"rgba(255,255,255,0.06)","secondary_color":"#c4b381","size":{"unit":"px","size":"42","sizes":[]},"icon_padding":{"unit":"px","size":"31","sizes":[]},"_animation":"fadeIn"},"elements":[],"isInner":false,"widgetType":"icon","elType":"widget"}],"isInner":"1","elType":"column"},{"id":"16c71747","settings":{"_column_size":"33","_inline_size":"","_inline_size_mobile":"50"},"elements":[{"id":"1d7f62be","settings":{"icon":"fa fa-google","view":"stacked","primary_color":"rgba(255,255,255,0.08)","secondary_color":"#c4b381","size":{"unit":"px","size":"22","sizes":[]},"icon_padding":{"unit":"px","size":"22","sizes":[]},"_padding":{"unit":"em","top":"0","right":"0","bottom":"2","left":"0","isLinked":""},"_animation":"fadeInUp"},"elements":[],"isInner":false,"widgetType":"icon","elType":"widget"}],"isInner":"1","elType":"column"}],"isInner":"1","elType":"section"},{"id":"442aa5ff","settings":{"structure":"20"},"elements":[{"id":"215a75a2","settings":{"_column_size":"50","_inline_size":"","_inline_size_mobile":"50"},"elements":[{"id":"18ddbd4a","settings":{"icon":"fa fa-twitter","view":"stacked","primary_color":"rgba(255,255,255,0.06)","secondary_color":"#c4b381","size":{"unit":"px","size":"51","sizes":[]},"icon_padding":{"unit":"px","size":"44","sizes":[]},"_background_color":"#ffffff","_box_shadow_box_shadow":{"horizontal":"0","vertical":"0","blur":"10","spread":"0","color":"rgba(255,255,255,0.5)"},"_animation":"fadeInUp","animation_duration":"slow"},"elements":[],"isInner":false,"widgetType":"icon","elType":"widget"}],"isInner":"1","elType":"column"},{"id":"5ed9c811","settings":{"_column_size":"50","_inline_size":"","_inline_size_mobile":"50"},"elements":[{"id":"752d830c","settings":{"icon":"fa fa-pinterest","view":"stacked","primary_color":"rgba(255,255,255,0.06)","secondary_color":"#c4b381","size":{"unit":"px","size":"37","sizes":[]},"icon_padding":{"unit":"px","size":"30","sizes":[]},"_animation":"fadeInUp","animation_duration":"fast"},"elements":[],"isInner":false,"widgetType":"icon","elType":"widget"}],"isInner":"1","elType":"column"}],"isInner":"1","elType":"section"}],"isInner":"","elType":"column"}],"isInner":"","elType":"section"},{"id":"4bf888ba","settings":{"structure":"20","background_background":"classic","background_color":"#ffffff","padding":{"unit":"em","top":"6","right":"0","bottom":"8","left":"0","isLinked":""},"padding_tablet":{"unit":"em","top":"3","right":"1","bottom":"1","left":"1","isLinked":""}},"elements":[{"id":"245f89cc","settings":{"_column_size":"50","_inline_size":"50","padding":{"unit":"em","top":"1","right":"5","bottom":"1","left":"1","isLinked":""},"_inline_size_tablet":"100","padding_tablet":{"unit":"em","top":"1","right":"1","bottom":"1","left":"1","isLinked":"1"}},"elements":[{"id":"46e497c1","settings":{"image":{"url":"http:\/\/sitefacilitado.com.br\/membros\/wp-content\/uploads\/2020\/03\/photo-1543269865-4430f94492b9.jpeg","id":"6007"},"image_size":"custom","image_custom_dimension":{"width":"600","height":"760"},"image_border_radius":{"unit":"px","top":"12","right":"12","bottom":"12","left":"12","isLinked":"1"},"image_box_shadow_box_shadow_type":"yes","image_box_shadow_box_shadow":{"horizontal":"13","vertical":"13","blur":"0","spread":"0","color":"rgba(87,84,254,0.05)"},"motion_fx_rotateZ_effect":"yes","motion_fx_rotateZ_direction":"negative","motion_fx_rotateZ_affectedRange":{"unit":"%","size":"","sizes":{"start":"48","end":"61"}},"_animation":"fadeIn"},"elements":[],"isInner":false,"widgetType":"image","elType":"widget"},{"id":"4bc6efdd","settings":{"image":{"url":"http:\/\/sitefacilitado.com.br\/membros\/wp-content\/uploads\/2020\/03\/photo-1543269866-487350d6fa5e-e1558510207400.jpeg","id":"6008"},"image_size":"custom","image_custom_dimension":{"width":"300","height":"300"},"width":{"unit":"%","size":"57","sizes":[]},"width_tablet":{"unit":"%","size":"35","sizes":[]},"opacity":{"unit":"px","size":"1","sizes":[]},"opacity_hover":{"unit":"px","size":"1","sizes":[]},"background_hover_transition":{"unit":"px","size":"0.3","sizes":[]},"hover_animation":"rotate","image_border_radius":{"unit":"px","top":"12","right":"12","bottom":"12","left":"12","isLinked":"1"},"image_box_shadow_box_shadow_type":"yes","image_box_shadow_box_shadow":{"horizontal":"13","vertical":"13","blur":"0","spread":"0","color":"rgba(87,84,254,0.05)"},"motion_fx_rotateZ_effect":"yes","motion_fx_rotateZ_speed":{"unit":"px","size":"0.2","sizes":[]},"_position":"absolute","_offset_x":{"size":"162","unit":"px"},"_offset_x_tablet":{"size":"-3","unit":"px"},"_offset_x_mobile":{"size":"39","unit":"px"},"_offset_y":{"size":"383","unit":"px"},"_offset_y_tablet":{"size":"604","unit":"px"},"_offset_y_mobile":{"size":"295","unit":"px"},"hide_tablet":"hidden-tablet","hide_mobile":"hidden-phone","width_mobile":{"unit":"%","size":"59","sizes":[]},"_animation":"rotateIn","animation_duration":"fast"},"elements":[],"isInner":false,"widgetType":"image","elType":"widget"}],"isInner":"","elType":"column"},{"id":"6be9f4bb","settings":{"_column_size":"50","_inline_size":"52.097","content_position":"center","space_between_widgets":"0","_inline_size_tablet":"100"},"elements":[{"id":"7448e918","settings":{"padding":{"unit":"em","top":"4","right":"0","bottom":"0","left":"0","isLinked":""}},"elements":[{"id":"27d8f32","settings":{"_column_size":"100","_inline_size":"","space_between_widgets":"0"},"elements":[{"id":"1639aa0e","settings":{"title":"My Mission","header_size":"span","align":"center","title_color":"#ffffff","typography_typography":"custom","typography_font_family":"Karla","typography_font_size":{"unit":"em","size":"0.82","sizes":[]},"typography_font_weight":"700","typography_line_height":{"unit":"em","size":"1.15","sizes":[]},"typography_letter_spacing":{"unit":"px","size":"0.6","sizes":[]},"typography_text_transform":"uppercase","_margin":{"unit":"px","top":"0","right":"0","bottom":"35","left":"0","isLinked":""},"_padding":{"unit":"em","top":"0.35","right":"0.65","bottom":"0.38","left":"0.65","isLinked":""},"_background_background":"classic","_background_color":"rgba(196,185,151,0.79)","_border_radius":{"unit":"px","top":"6","right":"6","bottom":"6","left":"6","isLinked":"1"},"_element_width":"auto"},"elements":[],"isInner":false,"widgetType":"heading","elType":"widget"},{"id":"13e45f3f","settings":{"title":"Mission is to turn the leads into a conversation.","align":"left","title_color":"#212529","typography_typography":"custom","typography_font_family":"Karla","typography_font_size":{"unit":"em","size":"3","sizes":[]},"typography_font_size_mobile":{"unit":"em","size":"2.3","sizes":[]},"typography_font_weight":"400","typography_line_height":{"unit":"em","size":"1.13","sizes":[]},"typography_letter_spacing":{"unit":"px","size":"-3","sizes":[]},"_padding":{"unit":"em","top":"0","right":"0","bottom":"0.3","left":"0","isLinked":""}},"elements":[],"isInner":false,"widgetType":"heading","elType":"widget"},{"id":"11ce3c8f","settings":{"editor":"<p>Sed ut perspiciatis unde omnis iste natus error sit voluptatem accusantium.<\/p>","align":"left","text_color":"#495057","typography_typography":"custom","typography_font_family":"Karla","typography_font_size":{"unit":"em","size":"1.255","sizes":[]},"typography_line_height":{"unit":"em","size":"1.555","sizes":[]},"_padding":{"unit":"em","top":"0","right":"0","bottom":"0","left":"0","isLinked":""}},"elements":[],"isInner":false,"widgetType":"text-editor","elType":"widget"}],"isInner":"1","elType":"column"}],"isInner":"1","elType":"section"},{"id":"89fd892","settings":{"structure":"20","padding":{"unit":"em","top":"0","right":"0","bottom":"0","left":"02","isLinked":""}},"elements":[{"id":"11dd2994","settings":{"_column_size":"50","_inline_size":"15.091","content_position":"top","padding":{"unit":"em","top":"0","right":"0","bottom":"0","left":"0","isLinked":"1"},"z_index":"11","_inline_size_mobile":"10"},"elements":[{"id":"fffc319","settings":{"icon":"fa fa-dot-circle-o","view":"stacked","primary_color":"rgba(111,132,148,0.05)","secondary_color":"#c4b381","size":{"unit":"px","size":"16","sizes":[]},"icon_padding":{"unit":"px","size":"16","sizes":[]},"_padding":{"unit":"em","top":"0","right":"0","bottom":"1.2","left":"0","isLinked":""},"_z_index":"11"},"elements":[],"isInner":false,"widgetType":"icon","elType":"widget"}],"isInner":"1","elType":"column"},{"id":"2cf5bd4d","settings":{"_column_size":"50","_inline_size":"84.909","space_between_widgets":"0","_inline_size_mobile":"90","padding_mobile":{"unit":"em","top":"1","right":"2","bottom":"2","left":"2","isLinked":""}},"elements":[{"id":"58b23760","settings":{"title":"1. Relentless","header_size":"h3","title_color":"#212529","typography_typography":"custom","typography_font_family":"Karla","typography_font_size":{"unit":"em","size":"1.3","sizes":[]},"typography_font_weight":"700","typography_line_height":{"unit":"em","size":"1.15","sizes":[]},"typography_letter_spacing":{"unit":"px","size":"-0.5","sizes":[]},"_padding":{"unit":"em","top":"0","right":"0","bottom":"0","left":"0","isLinked":""}},"elements":[],"isInner":false,"widgetType":"heading","elType":"widget"},{"id":"6d4ed05e","settings":{"editor":"<p>Aiming for greatness in every project. In culpa qui officia deserunt mollitia animi, id est laborum et fuga.<\/p>","text_color":"#495057","typography_typography":"custom","typography_font_family":"Karla","typography_font_size":{"unit":"em","size":"1","sizes":[]},"typography_line_height":{"unit":"em","size":"1.555","sizes":[]}},"elements":[],"isInner":false,"widgetType":"text-editor","elType":"widget"}],"isInner":"1","elType":"column"}],"isInner":"1","elType":"section"},{"id":"72ff9b60","settings":{"content_position":"middle","structure":"20","padding":{"unit":"em","top":"0","right":"0","bottom":"0","left":"2","isLinked":""}},"elements":[{"id":"6c30e13b","settings":{"_column_size":"50","_inline_size":"15.091","content_position":"top","padding":{"unit":"em","top":"0","right":"0","bottom":"0","left":"0","isLinked":"1"},"z_index":"11","_inline_size_mobile":"10"},"elements":[{"id":"199d1191","settings":{"icon":"fa fa-dot-circle-o","view":"stacked","primary_color":"rgba(111,132,148,0.05)","secondary_color":"#c4b381","size":{"unit":"px","size":"16","sizes":[]},"icon_padding":{"unit":"px","size":"16","sizes":[]},"_padding":{"unit":"em","top":"0","right":"0","bottom":"1.2","left":"0","isLinked":""},"_z_index":"11"},"elements":[],"isInner":false,"widgetType":"icon","elType":"widget"}],"isInner":"1","elType":"column"},{"id":"71a65771","settings":{"_column_size":"50","_inline_size":"84.909","space_between_widgets":"0","_inline_size_mobile":"90","padding_mobile":{"unit":"em","top":"1","right":"2","bottom":"2","left":"2","isLinked":""}},"elements":[{"id":"683c0669","settings":{"title":"2. Resilient","header_size":"h3","title_color":"#212529","typography_typography":"custom","typography_font_family":"Karla","typography_font_size":{"unit":"em","size":"1.3","sizes":[]},"typography_font_weight":"700","typography_line_height":{"unit":"em","size":"1.15","sizes":[]},"typography_letter_spacing":{"unit":"px","size":"-0.5","sizes":[]},"_padding":{"unit":"em","top":"0","right":"0","bottom":"0","left":"0","isLinked":""}},"elements":[],"isInner":false,"widgetType":"heading","elType":"widget"},{"id":"47388863","settings":{"editor":"<p>Evolving with the market, similique sunt in culpa qui officia deserunt mollitia animi, id est.<\/p>","text_color":"#495057","typography_typography":"custom","typography_font_family":"Karla","typography_font_size":{"unit":"em","size":"1","sizes":[]},"typography_line_height":{"unit":"em","size":"1.555","sizes":[]}},"elements":[],"isInner":false,"widgetType":"text-editor","elType":"widget"}],"isInner":"1","elType":"column"}],"isInner":"1","elType":"section"}],"isInner":"","elType":"column"}],"isInner":"","elType":"section"},{"id":"5ff5ab91","settings":{"background_overlay_gradient_angle":{"unit":"deg","size":"140","sizes":[]},"background_overlay_opacity":{"unit":"px","size":"1","sizes":[]},"shape_divider_top_width":{"unit":"%","size":"116","sizes":[]},"shape_divider_top_height":{"unit":"px","size":"151","sizes":[]},"padding":{"unit":"em","top":"10","right":"0","bottom":"06","left":"0","isLinked":""},"background_background":"classic","background_color":"#f4f5f6","shape_divider_top_color":"#ffffff","background_overlay_background":"gradient","background_overlay_color":"#212529","background_image":{"url":"http:\/\/sitefacilitado.com.br\/membros\/wp-content\/uploads\/2020\/03\/photo-1543269866-487350d6fa5e-e1558510207400.jpeg","id":"6008"},"background_position":"center center","background_repeat":"no-repeat","background_size":"cover","background_overlay_color_b":"rgba(33,37,41,0.48)","shape_divider_top":"curve","text_align":"center","shape_divider_top_height_mobile":{"unit":"px","size":"82","sizes":[]},"padding_mobile":{"unit":"em","top":"1","right":"1","bottom":"1","left":"1","isLinked":"1"}},"elements":[{"id":"4bf7c250","settings":{"_column_size":"100","_inline_size":"","space_between_widgets":"5"},"elements":[{"id":"29a9afeb","settings":[],"elements":[{"id":"151c3a77","settings":{"_column_size":"100","_inline_size":""},"elements":[{"id":"485b757b","settings":{"space":{"unit":"px","size":"95","sizes":[]}},"elements":[],"isInner":false,"widgetType":"spacer","elType":"widget"},{"id":"48e8ad99","settings":{"title":"My Services","align":"center","title_color":"#ffffff","typography_typography":"custom","typography_font_family":"Karla","typography_font_size":{"unit":"em","size":"3.3","sizes":[]},"typography_font_weight":"400","typography_line_height":{"unit":"em","size":"1.15","sizes":[]},"typography_letter_spacing":{"unit":"px","size":"-2.8","sizes":[]},"_padding":{"unit":"em","top":"0","right":"0","bottom":"2","left":"0","isLinked":""}},"elements":[],"isInner":false,"widgetType":"heading","elType":"widget"}],"isInner":"1","elType":"column"}],"isInner":"1","elType":"section"},{"id":"5e37234e","settings":{"structure":"60","padding":{"unit":"em","top":"1","right":"0","bottom":"1","left":"0","isLinked":""},"padding_tablet":{"unit":"em","top":"0","right":"0","bottom":"0","left":"0","isLinked":""}},"elements":[{"id":"481f44c1","settings":{"_column_size":"16","_inline_size":"5.982","space_between_widgets":"0","_inline_size_tablet":"10"},"elements":[{"id":"4f5428d9","settings":{"icon":"fa fa-facebook","view":"stacked","primary_color":"rgba(255,255,255,0.11)","secondary_color":"#c4b381","size":{"unit":"px","size":"16","sizes":[]},"icon_padding":{"unit":"px","size":"16","sizes":[]},"_padding":{"unit":"em","top":"0","right":"0","bottom":"1","left":"0","isLinked":""},"_animation":"fadeInUp"},"elements":[],"isInner":false,"widgetType":"icon","elType":"widget"}],"isInner":"1","elType":"column"},{"id":"4f8c47c2","settings":{"_column_size":"16","_inline_size":"27.35","space_between_widgets":"0","_inline_size_tablet":"23"},"elements":[{"id":"6e3f55e4","settings":{"title":"Facebook","header_size":"h3","align":"left","title_color":"#ffffff","typography_typography":"custom","typography_font_family":"Karla","typography_font_size":{"unit":"em","size":"1.255","sizes":[]},"typography_font_weight":"400","typography_line_height":{"unit":"em","size":"1.4","sizes":[]},"typography_letter_spacing":{"unit":"px","size":"-1","sizes":[]},"align_mobile":"center"},"elements":[],"isInner":false,"widgetType":"heading","elType":"widget"},{"id":"40871d3a","settings":{"editor":"<p>Sed ut perspiciatis unde omnis iste natus error sit volupt.<\/p>","text_color":"rgba(255,255,255,0.58)","typography_typography":"custom","typography_font_family":"Karla","typography_font_size":{"unit":"em","size":"1","sizes":[]},"typography_line_height":{"unit":"em","size":"1.555","sizes":[]},"align":"left","align_mobile":"center"},"elements":[],"isInner":false,"widgetType":"text-editor","elType":"widget"}],"isInner":"1","elType":"column"},{"id":"16c89141","settings":{"_column_size":"16","_inline_size":"5.982","space_between_widgets":"0","_inline_size_tablet":"10"},"elements":[{"id":"2b5d9d0a","settings":{"icon":"fa fa-twitter","view":"stacked","primary_color":"rgba(255,255,255,0.11)","secondary_color":"#c4b381","size":{"unit":"px","size":"16","sizes":[]},"icon_padding":{"unit":"px","size":"16","sizes":[]},"_padding":{"unit":"em","top":"0","right":"0","bottom":"1","left":"0","isLinked":""},"_animation":"fadeInUp"},"elements":[],"isInner":false,"widgetType":"icon","elType":"widget"}],"isInner":"1","elType":"column"},{"id":"535e1e25","settings":{"_column_size":"16","_inline_size":"27.35","space_between_widgets":"0","_inline_size_tablet":"23"},"elements":[{"id":"31cbc8c3","settings":{"title":"Twitter","header_size":"h3","align":"left","title_color":"#ffffff","typography_typography":"custom","typography_font_family":"Karla","typography_font_size":{"unit":"em","size":"1.255","sizes":[]},"typography_font_weight":"400","typography_line_height":{"unit":"em","size":"1.4","sizes":[]},"typography_letter_spacing":{"unit":"px","size":"-1","sizes":[]},"align_mobile":"center"},"elements":[],"isInner":false,"widgetType":"heading","elType":"widget"},{"id":"580c7e4","settings":{"editor":"<p>Sed ut perspiciatis unde omnis iste natus error sit volupt.<\/p>","text_color":"rgba(255,255,255,0.58)","typography_typography":"custom","typography_font_family":"Karla","typography_font_size":{"unit":"em","size":"1","sizes":[]},"typography_line_height":{"unit":"em","size":"1.555","sizes":[]},"align":"left","align_mobile":"center"},"elements":[],"isInner":false,"widgetType":"text-editor","elType":"widget"}],"isInner":"1","elType":"column"},{"id":"2ce62e9f","settings":{"_column_size":"16","_inline_size":"5.982","_inline_size_tablet":"10","space_between_widgets":"0"},"elements":[{"id":"6e906e95","settings":{"icon":"fa fa-instagram","view":"stacked","primary_color":"rgba(255,255,255,0.11)","secondary_color":"#c4b381","size":{"unit":"px","size":"16","sizes":[]},"icon_padding":{"unit":"px","size":"16","sizes":[]},"_padding":{"unit":"em","top":"0","right":"0","bottom":"1","left":"0","isLinked":""},"_animation":"fadeInUp"},"elements":[],"isInner":false,"widgetType":"icon","elType":"widget"}],"isInner":"1","elType":"column"},{"id":"4a2a255c","settings":{"_column_size":"16","_inline_size":"27.35","space_between_widgets":"0","_inline_size_tablet":"23"},"elements":[{"id":"4b3276df","settings":{"title":"Instagram","header_size":"h3","align":"left","title_color":"#ffffff","typography_typography":"custom","typography_font_family":"Karla","typography_font_size":{"unit":"em","size":"1.255","sizes":[]},"typography_font_weight":"400","typography_line_height":{"unit":"em","size":"1.4","sizes":[]},"typography_letter_spacing":{"unit":"px","size":"-1","sizes":[]},"align_mobile":"center"},"elements":[],"isInner":false,"widgetType":"heading","elType":"widget"},{"id":"132e0978","settings":{"editor":"<p>Sed ut perspiciatis unde omnis iste natus error sit volupt.<\/p>","text_color":"rgba(255,255,255,0.58)","typography_typography":"custom","typography_font_family":"Karla","typography_font_size":{"unit":"em","size":"1","sizes":[]},"typography_line_height":{"unit":"em","size":"1.555","sizes":[]},"align":"left","align_mobile":"center"},"elements":[],"isInner":false,"widgetType":"text-editor","elType":"widget"}],"isInner":"1","elType":"column"}],"isInner":"1","elType":"section"},{"id":"a355fbd","settings":{"structure":"60","padding":{"unit":"em","top":"1","right":"0","bottom":"1","left":"0","isLinked":""},"padding_tablet":{"unit":"em","top":"0","right":"0","bottom":"0","left":"0","isLinked":""}},"elements":[{"id":"231c6215","settings":{"_column_size":"16","_inline_size":"5.982","space_between_widgets":"0","_inline_size_tablet":"10"},"elements":[{"id":"75a762c8","settings":{"icon":"fa fa-quora","view":"stacked","primary_color":"rgba(255,255,255,0.11)","secondary_color":"#c4b381","size":{"unit":"px","size":"16","sizes":[]},"icon_padding":{"unit":"px","size":"16","sizes":[]},"_padding":{"unit":"em","top":"0","right":"0","bottom":"1","left":"0","isLinked":""},"_animation":"fadeInUp"},"elements":[],"isInner":false,"widgetType":"icon","elType":"widget"}],"isInner":"1","elType":"column"},{"id":"4d6e6d88","settings":{"_column_size":"16","_inline_size":"27.35","space_between_widgets":"0","_inline_size_tablet":"23"},"elements":[{"id":"36b4439f","settings":{"title":"Quora","header_size":"h3","align":"left","title_color":"#ffffff","typography_typography":"custom","typography_font_family":"Karla","typography_font_size":{"unit":"em","size":"1.255","sizes":[]},"typography_font_weight":"400","typography_line_height":{"unit":"em","size":"1.4","sizes":[]},"typography_letter_spacing":{"unit":"px","size":"-1","sizes":[]},"align_mobile":"center"},"elements":[],"isInner":false,"widgetType":"heading","elType":"widget"},{"id":"2848f2f9","settings":{"editor":"<p>Sed ut perspiciatis unde omnis iste natus error sit volupt.<\/p>","text_color":"rgba(255,255,255,0.58)","typography_typography":"custom","typography_font_family":"Karla","typography_font_size":{"unit":"em","size":"1","sizes":[]},"typography_line_height":{"unit":"em","size":"1.555","sizes":[]},"align":"left","align_mobile":"center"},"elements":[],"isInner":false,"widgetType":"text-editor","elType":"widget"}],"isInner":"1","elType":"column"},{"id":"3feeb9b2","settings":{"_column_size":"16","_inline_size":"5.982","space_between_widgets":"0","_inline_size_tablet":"10"},"elements":[{"id":"1c22b1c7","settings":{"icon":"fa fa-linkedin","view":"stacked","primary_color":"rgba(255,255,255,0.11)","secondary_color":"#c4b381","size":{"unit":"px","size":"16","sizes":[]},"icon_padding":{"unit":"px","size":"16","sizes":[]},"_padding":{"unit":"em","top":"0","right":"0","bottom":"1","left":"0","isLinked":""},"_animation":"fadeInUp"},"elements":[],"isInner":false,"widgetType":"icon","elType":"widget"}],"isInner":"1","elType":"column"},{"id":"627443cc","settings":{"_column_size":"16","_inline_size":"27.35","space_between_widgets":"0","_inline_size_tablet":"23"},"elements":[{"id":"4dbdfc15","settings":{"title":"Linkedin","header_size":"h3","align":"left","title_color":"#ffffff","typography_typography":"custom","typography_font_family":"Karla","typography_font_size":{"unit":"em","size":"1.255","sizes":[]},"typography_font_weight":"400","typography_line_height":{"unit":"em","size":"1.4","sizes":[]},"typography_letter_spacing":{"unit":"px","size":"-1","sizes":[]},"align_mobile":"center"},"elements":[],"isInner":false,"widgetType":"heading","elType":"widget"},{"id":"55a4161e","settings":{"editor":"<p>Sed ut perspiciatis unde omnis iste natus error sit volupt.<\/p>","text_color":"rgba(255,255,255,0.58)","typography_typography":"custom","typography_font_family":"Karla","typography_font_size":{"unit":"em","size":"1","sizes":[]},"typography_line_height":{"unit":"em","size":"1.555","sizes":[]},"align":"left","align_mobile":"center"},"elements":[],"isInner":false,"widgetType":"text-editor","elType":"widget"}],"isInner":"1","elType":"column"},{"id":"3e69c057","settings":{"_column_size":"16","_inline_size":"5.982","_inline_size_tablet":"10","space_between_widgets":"0"},"elements":[{"id":"5d7db20e","settings":{"icon":"fa fa-youtube-play","view":"stacked","primary_color":"rgba(255,255,255,0.11)","secondary_color":"#c4b381","size":{"unit":"px","size":"16","sizes":[]},"icon_padding":{"unit":"px","size":"16","sizes":[]},"_padding":{"unit":"em","top":"0","right":"0","bottom":"1","left":"0","isLinked":""},"_animation":"fadeInUp"},"elements":[],"isInner":false,"widgetType":"icon","elType":"widget"}],"isInner":"1","elType":"column"},{"id":"e26b656","settings":{"_column_size":"16","_inline_size":"27.35","space_between_widgets":"0","_inline_size_tablet":"23"},"elements":[{"id":"4707221f","settings":{"title":"Youtube","header_size":"h3","align":"left","title_color":"#ffffff","typography_typography":"custom","typography_font_family":"Karla","typography_font_size":{"unit":"em","size":"1.255","sizes":[]},"typography_font_weight":"400","typography_line_height":{"unit":"em","size":"1.4","sizes":[]},"typography_letter_spacing":{"unit":"px","size":"-1","sizes":[]},"align_mobile":"center"},"elements":[],"isInner":false,"widgetType":"heading","elType":"widget"},{"id":"6f0411c7","settings":{"editor":"<p>Sed ut perspiciatis unde omnis iste natus error sit volupt.<\/p>","text_color":"rgba(255,255,255,0.58)","typography_typography":"custom","typography_font_family":"Karla","typography_font_size":{"unit":"em","size":"1","sizes":[]},"typography_line_height":{"unit":"em","size":"1.555","sizes":[]},"align":"left","align_mobile":"center"},"elements":[],"isInner":false,"widgetType":"text-editor","elType":"widget"}],"isInner":"1","elType":"column"}],"isInner":"1","elType":"section"},{"id":"9470dcb","settings":{"structure":"60","padding":{"unit":"em","top":"1","right":"0","bottom":"1","left":"0","isLinked":""},"padding_tablet":{"unit":"em","top":"0","right":"0","bottom":"0","left":"0","isLinked":""}},"elements":[{"id":"6cb40cef","settings":{"_column_size":"16","_inline_size":"5.982","space_between_widgets":"0","_inline_size_tablet":"10"},"elements":[{"id":"6b5012a","settings":{"icon":"fa fa-yelp","view":"stacked","primary_color":"rgba(255,255,255,0.11)","secondary_color":"#c4b381","size":{"unit":"px","size":"16","sizes":[]},"icon_padding":{"unit":"px","size":"16","sizes":[]},"_padding":{"unit":"em","top":"0","right":"0","bottom":"1","left":"0","isLinked":""},"_animation":"fadeInUp"},"elements":[],"isInner":false,"widgetType":"icon","elType":"widget"}],"isInner":"1","elType":"column"},{"id":"1d4dd168","settings":{"_column_size":"16","_inline_size":"27.35","space_between_widgets":"0","_inline_size_tablet":"23"},"elements":[{"id":"28d1fc31","settings":{"title":"Yelp Inc","header_size":"h3","align":"left","title_color":"#ffffff","typography_typography":"custom","typography_font_family":"Karla","typography_font_size":{"unit":"em","size":"1.255","sizes":[]},"typography_font_weight":"400","typography_line_height":{"unit":"em","size":"1.4","sizes":[]},"typography_letter_spacing":{"unit":"px","size":"-1","sizes":[]},"align_mobile":"center"},"elements":[],"isInner":false,"widgetType":"heading","elType":"widget"},{"id":"68319e02","settings":{"editor":"<p>Sed ut perspiciatis unde omnis iste natus error sit volupt.<\/p>","text_color":"rgba(255,255,255,0.58)","typography_typography":"custom","typography_font_family":"Karla","typography_font_size":{"unit":"em","size":"1","sizes":[]},"typography_line_height":{"unit":"em","size":"1.555","sizes":[]},"align":"left","align_mobile":"center"},"elements":[],"isInner":false,"widgetType":"text-editor","elType":"widget"}],"isInner":"1","elType":"column"},{"id":"38f1ea98","settings":{"_column_size":"16","_inline_size":"5.982","space_between_widgets":"0","_inline_size_tablet":"10"},"elements":[{"id":"2fd813a2","settings":{"icon":"fa fa-vimeo","view":"stacked","primary_color":"rgba(255,255,255,0.11)","secondary_color":"#c4b381","size":{"unit":"px","size":"16","sizes":[]},"icon_padding":{"unit":"px","size":"16","sizes":[]},"_padding":{"unit":"em","top":"0","right":"0","bottom":"1","left":"0","isLinked":""},"_animation":"fadeInUp"},"elements":[],"isInner":false,"widgetType":"icon","elType":"widget"}],"isInner":"1","elType":"column"},{"id":"2160dffb","settings":{"_column_size":"16","_inline_size":"27.35","space_between_widgets":"0","_inline_size_tablet":"23"},"elements":[{"id":"568e62fe","settings":{"title":"Vimeo","header_size":"h3","align":"left","title_color":"#ffffff","typography_typography":"custom","typography_font_family":"Karla","typography_font_size":{"unit":"em","size":"1.255","sizes":[]},"typography_font_weight":"400","typography_line_height":{"unit":"em","size":"1.4","sizes":[]},"typography_letter_spacing":{"unit":"px","size":"-1","sizes":[]},"align_mobile":"center"},"elements":[],"isInner":false,"widgetType":"heading","elType":"widget"},{"id":"3cf876f2","settings":{"editor":"<p>Sed ut perspiciatis unde omnis iste natus error sit volupt.<\/p>","text_color":"rgba(255,255,255,0.58)","typography_typography":"custom","typography_font_family":"Karla","typography_font_size":{"unit":"em","size":"1","sizes":[]},"typography_line_height":{"unit":"em","size":"1.555","sizes":[]},"align":"left","align_mobile":"center"},"elements":[],"isInner":false,"widgetType":"text-editor","elType":"widget"}],"isInner":"1","elType":"column"},{"id":"78cc77b1","settings":{"_column_size":"16","_inline_size":"5.982","_inline_size_tablet":"10","space_between_widgets":"0"},"elements":[{"id":"6e89faf","settings":{"icon":"fa fa-pinterest","view":"stacked","primary_color":"rgba(255,255,255,0.11)","secondary_color":"#c4b381","size":{"unit":"px","size":"16","sizes":[]},"icon_padding":{"unit":"px","size":"16","sizes":[]},"_padding":{"unit":"em","top":"0","right":"0","bottom":"1","left":"0","isLinked":""},"_animation":"fadeInUp"},"elements":[],"isInner":false,"widgetType":"icon","elType":"widget"}],"isInner":"1","elType":"column"},{"id":"5fed9cdd","settings":{"_column_size":"16","_inline_size":"27.35","space_between_widgets":"0","_inline_size_tablet":"23"},"elements":[{"id":"6af7987b","settings":{"title":"Pinterest","header_size":"h3","align":"left","title_color":"#ffffff","typography_typography":"custom","typography_font_family":"Karla","typography_font_size":{"unit":"em","size":"1.255","sizes":[]},"typography_font_weight":"400","typography_line_height":{"unit":"em","size":"1.4","sizes":[]},"typography_letter_spacing":{"unit":"px","size":"-1","sizes":[]},"align_mobile":"center"},"elements":[],"isInner":false,"widgetType":"heading","elType":"widget"},{"id":"271cf074","settings":{"editor":"<p>Sed ut perspiciatis unde omnis iste natus error sit volupt.<\/p>","text_color":"rgba(255,255,255,0.58)","typography_typography":"custom","typography_font_family":"Karla","typography_font_size":{"unit":"em","size":"1","sizes":[]},"typography_line_height":{"unit":"em","size":"1.555","sizes":[]},"align":"left","align_mobile":"center"},"elements":[],"isInner":false,"widgetType":"text-editor","elType":"widget"}],"isInner":"1","elType":"column"}],"isInner":"1","elType":"section"},{"id":"1bc38aa1","settings":[],"elements":[{"id":"460a40ee","settings":{"_column_size":"100","_inline_size":""},"elements":[{"id":"4953fb40","settings":{"text":"Let's Work Together","align":"center","size":"md","typography_typography":"custom","typography_font_family":"Karla","typography_font_size":{"unit":"em","size":"1.144","sizes":[]},"typography_font_weight":"700","typography_letter_spacing":{"unit":"px","size":"-0.5","sizes":[]},"button_text_color":"#ffffff","background_color":"#c4b997","hover_color":"#ffffff","button_background_hover_color":"#212529","hover_animation":"bob","border_radius":{"unit":"px","top":"5","right":"5","bottom":"5","left":"5","isLinked":"1"},"text_padding":{"unit":"em","top":"1.15","right":"2.65","bottom":"1.15","left":"2.65","isLinked":""},"_padding":{"unit":"em","top":"2","right":"0","bottom":"0","left":"0","isLinked":""}},"elements":[],"isInner":false,"widgetType":"button","elType":"widget"}],"isInner":"1","elType":"column"}],"isInner":"1","elType":"section"}],"isInner":"","elType":"column"}],"isInner":"","elType":"section"},{"id":"6ef8e51d","settings":{"background_color":"#f4f4f4","padding":{"unit":"em","top":"5","right":"0","bottom":"5","left":"0","isLinked":""},"background_background":"classic"},"elements":[{"id":"7fba6b78","settings":{"_column_size":"100"},"elements":[{"id":"65c6e7ee","settings":{"content_width":{"unit":"px","size":"500","sizes":[]}},"elements":[{"id":"2433b3d4","settings":{"_column_size":"100","_inline_size":"","align":"center","space_between_widgets":"10"},"elements":[{"id":"1d33341f","settings":{"title":"Testimonials","header_size":"span","align":"center","title_color":"#ffffff","typography_typography":"custom","typography_font_family":"Karla","typography_font_size":{"unit":"em","size":"0.82","sizes":[]},"typography_font_weight":"700","typography_line_height":{"unit":"em","size":"1.15","sizes":[]},"typography_letter_spacing":{"unit":"px","size":"0.6","sizes":[]},"typography_text_transform":"uppercase","_margin":{"unit":"px","top":"0","right":"0","bottom":"35","left":"0","isLinked":""},"_padding":{"unit":"em","top":"0.35","right":"0.65","bottom":"0.38","left":"0.65","isLinked":""},"_background_background":"classic","_background_color":"#c4b997","_border_radius":{"unit":"px","top":"6","right":"6","bottom":"6","left":"6","isLinked":"1"},"_element_width":"auto"},"elements":[],"isInner":false,"widgetType":"heading","elType":"widget"},{"id":"5c49bb8a","settings":{"title":"Experience Matters","align":"center","title_color":"#212529","typography_typography":"custom","typography_font_family":"Karla","typography_font_size":{"unit":"em","size":"3","sizes":[]},"typography_font_weight":"400","typography_line_height":{"unit":"em","size":"1.15","sizes":[]},"typography_letter_spacing":{"unit":"px","size":"-3","sizes":[]},"_padding":{"unit":"em","top":"0","right":"0","bottom":"0","left":"0","isLinked":""}},"elements":[],"isInner":false,"widgetType":"heading","elType":"widget"}],"isInner":"1","elType":"column"}],"isInner":"1","elType":"section"},{"id":"77c15057","settings":{"structure":"20","padding":{"unit":"em","top":"1","right":"0","bottom":"1","left":"0","isLinked":""},"gap":"extended"},"elements":[{"id":"3423a74","settings":{"_column_size":"50","_inline_size":"","animation":"fadeInLeft"},"elements":[{"id":"722bf2b7","settings":{"testimonial_content":"\"Sed ut perspiciatis unde omnis iste natus error sit voluptatem accusantium doloremque laudantium, totam rem aperiam. At vero eos et bitse. At vero eos et accusamus et iusto odio dignissimos ducimus qui blanditiis prtium voluptatum.\"\n","testimonial_image":{"url":"http:\/\/sitefacilitado.com.br\/membros\/wp-content\/uploads\/2020\/03\/photo-1490143142353-f77c4884518e.jpeg","id":"6015"},"testimonial_name":"Sandy L\u00f6fgren","testimonial_job":"Influencer","content_content_color":"#495057","content_typography_typography":"custom","content_typography_font_family":"Karla","content_typography_font_size":{"unit":"em","size":"0.98","sizes":[]},"content_typography_font_weight":"400","content_typography_line_height":{"unit":"em","size":"1.6","sizes":[]},"content_typography_letter_spacing":{"unit":"px","size":"0","sizes":[]},"image_size":{"unit":"px","size":"60","sizes":[]},"name_text_color":"#212529","name_typography_typography":"custom","name_typography_font_size":{"unit":"em","size":"0.9","sizes":[]},"name_typography_font_weight":"700","name_typography_line_height":{"unit":"em","size":"1.6","sizes":[]},"name_typography_letter_spacing":{"unit":"px","size":"0","sizes":[]},"job_text_color":"#bfac7e","job_typography_typography":"custom","job_typography_font_family":"Karla","job_typography_font_size":{"unit":"em","size":"0.7","sizes":[]},"job_typography_font_weight":"700","job_typography_text_transform":"uppercase","job_typography_line_height":{"unit":"em","size":"1.6","sizes":[]},"job_typography_letter_spacing":{"unit":"px","size":"0.6","sizes":[]},"_padding":{"unit":"em","top":"3.2","right":"3","bottom":"3.05","left":"3","isLinked":""},"_background_background":"classic","_background_color":"#ffffff","_border_radius":{"unit":"px","top":"5","right":"5","bottom":"5","left":"5","isLinked":"1"},"_box_shadow_box_shadow":{"horizontal":"-2","vertical":"19","blur":"38","spread":"1","color":"rgba(33,37,41,0.04)"},"testimonial_image_size":"thumbnail","name_typography_font_family":"Karla"},"elements":[],"isInner":false,"widgetType":"testimonial","elType":"widget"}],"isInner":"","elType":"column"},{"id":"7b58a0b1","settings":{"_column_size":"50","_inline_size":"","animation":"fadeInRight"},"elements":[{"id":"4bbad9de","settings":{"testimonial_content":"\"Cupiditate non provident, similique sunt in culpa qui officia deserunt mollitia animi, id est laborum et dolorum fuga. totam rem aperiam. At vero eos et bitse. At vero eos et accusamus et iusto Cupiditate non provident, similique sunt in culpa qui officiel.\"\n","testimonial_image":{"url":"http:\/\/sitefacilitado.com.br\/membros\/wp-content\/uploads\/2020\/03\/photo-1551110649-ac472a979f69.jpeg","id":"6016"},"testimonial_name":"Lorin Eklund","testimonial_job":"Influencer","content_content_color":"#495057","content_typography_typography":"custom","content_typography_font_family":"Karla","content_typography_font_size":{"unit":"em","size":"0.98","sizes":[]},"content_typography_font_weight":"400","content_typography_line_height":{"unit":"em","size":"1.6","sizes":[]},"content_typography_letter_spacing":{"unit":"px","size":"0","sizes":[]},"image_size":{"unit":"px","size":"60","sizes":[]},"name_text_color":"#212529","name_typography_typography":"custom","name_typography_font_size":{"unit":"em","size":"0.9","sizes":[]},"name_typography_font_weight":"700","name_typography_line_height":{"unit":"em","size":"1.6","sizes":[]},"name_typography_letter_spacing":{"unit":"px","size":"0","sizes":[]},"job_text_color":"#bfac7e","job_typography_typography":"custom","job_typography_font_family":"Karla","job_typography_font_size":{"unit":"em","size":"0.7","sizes":[]},"job_typography_font_weight":"700","job_typography_text_transform":"uppercase","job_typography_line_height":{"unit":"em","size":"1.6","sizes":[]},"job_typography_letter_spacing":{"unit":"px","size":"0.6","sizes":[]},"_padding":{"unit":"em","top":"3.2","right":"3","bottom":"3.05","left":"3","isLinked":""},"_background_background":"classic","_background_color":"#ffffff","_border_radius":{"unit":"px","top":"5","right":"5","bottom":"5","left":"5","isLinked":"1"},"testimonial_image_size":"thumbnail","name_typography_font_family":"Karla","_box_shadow_box_shadow":{"horizontal":"-2","vertical":"19","blur":"38","spread":"1","color":"rgba(33,37,41,0.04)"}},"elements":[],"isInner":false,"widgetType":"testimonial","elType":"widget"}],"isInner":"","elType":"column"}],"isInner":"","elType":"section"},{"id":"69876390","settings":{"padding":{"unit":"em","top":"0","right":"0","bottom":"0","left":"0","isLinked":""}},"elements":[{"id":"2226eda5","settings":{"_column_size":"100","space_between_widgets":"0"},"elements":[{"id":"6ddeba65","settings":{"title":"Want to see all our client reviews &amp; testimonials?","header_size":"h3","align":"center","title_color":"rgba(73,80,87,0.81)","typography_typography":"custom","typography_font_family":"Karla","typography_font_size":{"unit":"em","size":"1","sizes":[]},"typography_font_weight":"400","typography_line_height":{"unit":"em","size":"1.7","sizes":[]},"typography_letter_spacing":{"unit":"px","size":"-0.1","sizes":[]}},"elements":[],"isInner":false,"widgetType":"heading","elType":"widget"},{"id":"6937812b","settings":{"text":"See More Testimonials","align":"center","size":"md","typography_typography":"custom","typography_font_family":"Karla","typography_font_size":{"unit":"em","size":"1.144","sizes":[]},"typography_font_weight":"700","typography_letter_spacing":{"unit":"px","size":"-0.5","sizes":[]},"button_text_color":"#bfac7e","background_color":"rgba(87,84,254,0)","hover_color":"#212529","button_background_hover_color":"rgba(33,37,41,0)","hover_animation":"bob","border_radius":{"unit":"px","top":"5","right":"5","bottom":"5","left":"5","isLinked":"1"},"text_padding":{"unit":"em","top":"0","right":"0","bottom":"0","left":"0","isLinked":"1"},"_padding":{"unit":"em","top":"0","right":"0","bottom":"0","left":"0","isLinked":""},"typography_line_height":{"unit":"em","size":"2","sizes":[]}},"elements":[],"isInner":false,"widgetType":"button","elType":"widget"}],"isInner":"","elType":"column"}],"isInner":"","elType":"section"}],"isInner":"","elType":"column"}],"isInner":"","elType":"section"},{"id":"7ac1c0ef","settings":{"content_width":{"unit":"px","size":"576","sizes":[]},"background_background":"classic","background_image":{"url":"http:\/\/sitefacilitado.com.br\/membros\/wp-content\/uploads\/2020\/03\/photo-1543269865-4430f94492b9.jpeg","id":"6007"},"background_position":"center center","background_repeat":"no-repeat","background_size":"cover","background_overlay_background":"gradient","background_overlay_color":"#212529","background_overlay_color_b":"rgba(33,37,41,0.48)","background_overlay_gradient_angle":{"unit":"deg","size":"140","sizes":[]},"background_overlay_opacity":{"unit":"px","size":"1","sizes":[]},"shape_divider_top_color":"rgba(33,37,41,0.01)","shape_divider_top_width":{"unit":"%","size":"193","sizes":[]},"shape_divider_top_height":{"unit":"px","size":"165","sizes":[]},"text_align":"center","padding":{"unit":"em","top":"7","right":"0","bottom":"4","left":"0","isLinked":""},"background_image_tablet":{"url":"http:\/\/sitefacilitado.com.br\/membros\/wp-content\/uploads\/2020\/03\/photo-1543269865-4430f94492b9.jpeg","id":"6007"},"background_image_mobile":{"url":"http:\/\/sitefacilitado.com.br\/membros\/wp-content\/uploads\/2020\/03\/photo-1543269865-4430f94492b9.jpeg","id":"6007"},"padding_mobile":{"unit":"em","top":"6","right":"0","bottom":"5","left":"0","isLinked":""}},"elements":[{"id":"e679c7","settings":{"_column_size":"100","space_between_widgets":"0"},"elements":[{"id":"44a9ca31","settings":{"title":"Let's Connect On Social Media","align":"center","title_color":"#ffffff","typography_typography":"custom","typography_font_family":"Karla","typography_font_size":{"unit":"em","size":"3.6","sizes":[]},"typography_font_size_mobile":{"unit":"em","size":"3","sizes":[]},"typography_font_weight":"400","typography_line_height":{"unit":"em","size":"1.15","sizes":[]},"typography_letter_spacing":{"unit":"px","size":"-2.8","sizes":[]},"_padding":{"unit":"em","top":"0","right":"5","bottom":"0.3","left":"5","isLinked":""},"_padding_mobile":{"unit":"em","top":"0","right":"0","bottom":"0","left":"0","isLinked":""}},"elements":[],"isInner":false,"widgetType":"heading","elType":"widget"},{"id":"75bda19d","settings":{"social_icon_list":[{"social":"fa fa-facebook","_id":"072f3db","link":{"url":"https:\/\/facebook.com","is_external":"true","nofollow":""}},{"social":"fa fa-twitter","_id":"2582553","link":{"url":"https:\/\/twitter.com","is_external":"true","nofollow":""}},{"social":"fa fa-instagram","_id":"20222a0","link":{"url":"https:\/\/instagram.com","is_external":"true","nofollow":""}},{"social":"fa fa-linkedin","_id":"b8799b2","link":{"url":"https:\/\/linkedin.com","is_external":"true","nofollow":""}},{"social":"fa fa-skype","_id":"6ae243a","link":{"url":"https:\/\/linkedin.com","is_external":"true","nofollow":""}}],"icon_color":"custom","icon_primary_color":"rgba(196,185,151,0.25)","icon_secondary_color":"#ffffff","icon_size":{"unit":"px","size":"23","sizes":[]},"icon_padding":{"unit":"em","size":"1.1","sizes":[]},"icon_spacing":{"unit":"px","size":"11","sizes":[]},"border_radius":{"unit":"px","top":"100","right":"100","bottom":"100","left":"100","isLinked":"1"},"_padding":{"unit":"em","top":"2","right":"0","bottom":"0","left":"0","isLinked":""},"icon_size_mobile":{"unit":"px","size":"14","sizes":[]},"icon_padding_mobile":{"unit":"em","size":"0.8","sizes":[]},"icon_spacing_mobile":{"unit":"px","size":"5","sizes":[]},"hover_primary_color":"#c4b997","hover_secondary_color":"#ffffff"},"elements":[],"isInner":false,"widgetType":"social-icons","elType":"widget"},{"id":"d5c33e2","settings":{"content_width":{"unit":"px","size":"300","sizes":[]}},"elements":[{"id":"79d02014","settings":{"_column_size":"100","_inline_size":"","space_between_widgets":"0","padding":{"unit":"px","top":"0","right":"0","bottom":"0","left":"0","isLinked":"1"}},"elements":[{"id":"624f12df","settings":{"editor":"<p>Feel free to visit my social media pages and don't forget to like &amp; share :)<\/p>","align":"center","text_color":"#adb5bd","typography_typography":"custom","typography_font_family":"Karla","typography_font_size":{"unit":"em","size":"0.82","sizes":[]},"typography_line_height":{"unit":"em","size":"1.555","sizes":[]},"_padding":{"unit":"em","top":"0","right":"2","bottom":"0","left":"2","isLinked":""}},"elements":[],"isInner":false,"widgetType":"text-editor","elType":"widget"}],"isInner":"1","elType":"column"}],"isInner":"1","elType":"section"}],"isInner":"","elType":"column"}],"isInner":"","elType":"section"}]}