{"version":"0.4","title":"Social Media Consultant > My Services","type":"page","content":[{"id":"2034429b","settings":{"content_width":{"unit":"px","size":"1180","sizes":[]},"padding":{"unit":"em","top":"4","right":"0","bottom":"3.4","left":"0","isLinked":""},"shape_divider_top":"wave-brush","shape_divider_top_color":"rgba(33,37,41,0.01)","shape_divider_top_width":{"unit":"%","size":"193","sizes":[]},"shape_divider_top_height":{"unit":"px","size":"165","sizes":[]},"text_align":"center","gap":"wider","structure":"20","border_width":{"unit":"px","top":"0","right":"0","bottom":"1","left":"0","isLinked":""},"border_color":"#dee2e6","border_radius":{"unit":"px","top":"0","right":"0","bottom":"0","left":"0","isLinked":"1"},"padding_mobile":{"unit":"em","top":"1","right":"1","bottom":"1","left":"1","isLinked":"1"}},"elements":[{"id":"711d5f2","settings":{"_column_size":"50","_inline_size":"49.322","padding":{"unit":"em","top":"0","right":"4","bottom":"0","left":"0","isLinked":""},"content_position":"center","_inline_size_tablet":"100","margin_mobile":{"unit":"px","top":"0","right":"0","bottom":"0","left":"0","isLinked":"1"},"padding_mobile":{"unit":"px","top":"0","right":"0","bottom":"0","left":"0","isLinked":"1"}},"elements":[{"id":"7c925ef","settings":{"content_width":{"unit":"px","size":"510","sizes":[]},"border_width":{"unit":"px","top":"0","right":"0","bottom":"0","left":"0","isLinked":""},"border_color":"#dee2e6","border_radius":{"unit":"px","top":"0","right":"0","bottom":"0","left":"0","isLinked":"1"},"padding":{"unit":"em","top":"0","right":"0","bottom":"0","left":"0","isLinked":""}},"elements":[{"id":"42c53783","settings":{"_column_size":"100","_inline_size":""},"elements":[{"id":"3d54ed1b","settings":{"title":"My Services","header_size":"h1","align":"center","title_color":"#ffffff","typography_typography":"custom","typography_font_family":"Karla","typography_font_size":{"unit":"em","size":"0.82","sizes":[]},"typography_font_weight":"700","typography_line_height":{"unit":"em","size":"1.15","sizes":[]},"typography_letter_spacing":{"unit":"px","size":"0.6","sizes":[]},"typography_text_transform":"uppercase","_margin":{"unit":"px","top":"0","right":"0","bottom":"35","left":"0","isLinked":""},"_padding":{"unit":"em","top":"0.35","right":"0.65","bottom":"0.38","left":"0.65","isLinked":""},"_background_background":"classic","_background_color":"#c4b997","_border_radius":{"unit":"px","top":"6","right":"6","bottom":"6","left":"6","isLinked":"1"},"_element_width":"auto"},"elements":[],"isInner":false,"widgetType":"heading","elType":"widget"},{"id":"55f97e68","settings":{"title":"Turn the internet into a conversation.","header_size":"h1","align":"left","title_color":"#212529","typography_typography":"custom","typography_font_family":"Karla","typography_font_size":{"unit":"em","size":"3.555","sizes":[]},"typography_font_size_mobile":{"unit":"em","size":"2.4","sizes":[]},"typography_font_weight":"400","typography_line_height":{"unit":"em","size":"1.15","sizes":[]},"typography_letter_spacing":{"unit":"px","size":"-3.6","sizes":[]}},"elements":[],"isInner":false,"widgetType":"heading","elType":"widget"},{"id":"7bc174a2","settings":{"editor":"<p>Sed ut perspiciatis unde omnis iste natus error sit voluptatem accusantium.<\/p>","align":"left","text_color":"#495057","typography_typography":"custom","typography_font_family":"Karla","typography_font_size":{"unit":"em","size":"1.255","sizes":[]},"typography_line_height":{"unit":"em","size":"1.555","sizes":[]},"_padding":{"unit":"em","top":"0","right":"0","bottom":"0","left":"0","isLinked":""},"_margin":{"unit":"px","top":"0","right":"0","bottom":"0","left":"0","isLinked":""}},"elements":[],"isInner":false,"widgetType":"text-editor","elType":"widget"},{"id":"6b2040ca","settings":{"icon":"fa fa-play","view":"stacked","link":{"url":"https:\/\/www.youtube.com\/watch?v=rrlJiKFJSQY","is_external":"on","nofollow":"on"},"primary_color":"#c4b997","secondary_color":"#ffffff","size":{"unit":"px","size":"13","sizes":[]},"icon_padding":{"unit":"px","size":"14","sizes":[]},"border_radius":{"unit":"px","top":"50","right":"50","bottom":"50","left":"50","isLinked":"1"},"_element_width":"auto"},"elements":[],"isInner":false,"widgetType":"icon","elType":"widget"},{"id":"3e70908a","settings":{"title":"Watch the video","header_size":"h3","align":"center","title_color":"#c4b997","typography_typography":"custom","typography_font_family":"Karla","typography_font_size":{"unit":"em","size":"0.81","sizes":[]},"typography_font_weight":"700","typography_line_height":{"unit":"em","size":"1.15","sizes":[]},"typography_letter_spacing":{"unit":"px","size":"0.6","sizes":[]},"typography_text_transform":"uppercase","link":{"url":"https:\/\/www.youtube.com\/watch?v=rrlJiKFJSQY","is_external":"on","nofollow":"on"},"_padding":{"unit":"em","top":"0","right":"0","bottom":"0","left":"1","isLinked":""},"_element_width":"auto","_element_vertical_align":"center"},"elements":[],"isInner":false,"widgetType":"heading","elType":"widget"}],"isInner":"1","elType":"column"}],"isInner":"1","elType":"section"}],"isInner":"","elType":"column"},{"id":"65a11445","settings":{"_column_size":"50","_inline_size":"50.678","_inline_size_tablet":"100","padding_mobile":{"unit":"em","top":"1","right":"1","bottom":"1","left":"1","isLinked":"1"}},"elements":[{"id":"23c08d7d","settings":{"structure":"20"},"elements":[{"id":"3a31519b","settings":{"_column_size":"50","_inline_size":"60.702"},"elements":[{"id":"74b4c299","settings":{"graphic_element":"none","title_text_a":"600%","description_text_a":"Conversation Rate","background_a_background":"classic","background_a_color":"#252930","background_a_position":"center center","background_a_repeat":"no-repeat","background_a_size":"cover","title_text_b":"","description_text_b":"","button_text":"Learn More","background_b_background":"classic","background_b_color":"#16202f","background_b_image":{"id":"6008","url":"http:\/\/sitefacilitado.com.br\/membros\/wp-content\/uploads\/2020\/03\/photo-1543269866-487350d6fa5e-e1558510207400.jpeg"},"background_b_position":"center center","background_b_repeat":"no-repeat","background_overlay_b":"rgba(22,32,47,0.76)","height":{"unit":"px","size":"312"},"border_radius":{"unit":"px","size":"5"},"flip_effect":"zoom-out","vertical_position_a":"middle","title_spacing_a":{"unit":"px","size":"8"},"title_color_a":"#ffffff","title_typography_a_typography":"custom","title_typography_a_font_family":"Karla","title_typography_a_font_size":{"unit":"em","size":"4.2"},"title_typography_a_font_weight":"700","title_typography_a_line_height":{"unit":"em","size":"1"},"title_typography_a_letter_spacing":{"unit":"px","size":"-1"},"description_color_a":"rgba(255,255,255,0.81)","description_typography_a_typography":"custom","description_typography_a_font_family":"Karla","description_typography_a_font_size":{"unit":"em","size":"0.97"},"description_typography_a_font_weight":"400","description_typography_a_line_height":{"unit":"em","size":"1.3"},"description_typography_a_letter_spacing":{"unit":"px","size":"-0.6"},"padding_b":{"unit":"em","top":"2","right":"2","bottom":"2","left":"2","isLinked":""},"vertical_position_b":"middle","title_spacing_b":{"unit":"px","size":"24"},"title_color_b":"#ffffff","title_typography_b_typography":"custom","title_typography_b_font_family":"Karla","title_typography_b_font_size":{"unit":"em","size":"1.76"},"title_typography_b_font_weight":"700","title_typography_b_line_height":{"unit":"em","size":"1"},"title_typography_b_letter_spacing":{"unit":"px","size":"-1.2"},"description_spacing_b":{"unit":"px","size":"38"},"description_color_b":"rgba(255,255,255,0.91)","description_typography_b_typography":"custom","description_typography_b_font_family":"Karla","description_typography_b_font_size":{"unit":"em","size":"1"},"description_typography_b_font_weight":"400","description_typography_b_line_height":{"unit":"em","size":"1.5"},"description_typography_b_letter_spacing":{"unit":"px","size":"-0.3"},"button_size":"lg","button_typography_typography":"custom","button_typography_font_family":"Karla","button_typography_font_size":{"unit":"em","size":"0.84"},"button_typography_font_weight":"700","button_typography_text_transform":"uppercase","button_typography_line_height":{"unit":"em","size":"0.8"},"button_typography_letter_spacing":{"unit":"px","size":"0.8"},"button_text_color":"#ffffff","button_background_color":"#c4b997","button_border_color":"#c4b997","button_border_width":{"unit":"px","size":""},"button_border_radius":{"unit":"px","size":"5"},"image":{"id":"6010","url":"http:\/\/sitefacilitado.com.br\/membros\/wp-content\/uploads\/2020\/03\/client-light-01-1.png"},"image_size":"custom","image_custom_dimension":{"width":"300","height":"300"},"image_spacing":{"unit":"px","size":"16"},"image_width":{"unit":"%","size":"90"},"image_opacity":{"unit":"px","size":"0.9"},"_border_border":"solid","_border_width":{"unit":"px","top":"1","right":"1","bottom":"1","left":"1","isLinked":"1"},"_border_color":"rgba(99,115,129,0.18)","background_a_image":{"id":"6008","url":"http:\/\/sitefacilitado.com.br\/membros\/wp-content\/uploads\/2020\/03\/photo-1543269866-487350d6fa5e-e1558510207400.jpeg"},"background_overlay_a":"rgba(22,32,47,0.62)","link":{"url":"#","is_external":"","nofollow":""},"background_b_size":"initial","background_b_bg_width":{"unit":"vw","size":"69","sizes":[]},"padding_a":{"unit":"em","top":"2","right":"5","bottom":"2","left":"5","isLinked":""},"image_border_radius":{"unit":"px","size":"5","sizes":[]},"height_mobile":{"unit":"px","size":"239","sizes":[]},"_border_radius":{"unit":"px","top":"5","right":"5","bottom":"5","left":"5","isLinked":"1"},"_box_shadow_box_shadow_type":"yes","_box_shadow_box_shadow":{"horizontal":"-15","vertical":"15","blur":"0","spread":"0","color":"rgba(233,236,239,0.5)"},"link_click":"box","background_b_size_mobile":"cover","padding_a_mobile":{"unit":"em","top":"1","right":"1","bottom":"1","left":"1","isLinked":"1"}},"elements":[],"isInner":false,"widgetType":"flip-box","elType":"widget"}],"isInner":"1","elType":"column"},{"id":"3a36cdc8","settings":{"_column_size":"50","_inline_size":"39.298","content_position":"bottom"},"elements":[{"id":"6a7aca1b","settings":{"graphic_element":"none","title_text_a":"1200+","description_text_a":"Satisfied Clients","background_a_background":"classic","background_a_color":"#252930","background_a_position":"center center","background_a_repeat":"no-repeat","background_a_size":"cover","title_text_b":"","description_text_b":"","button_text":"See More","background_b_background":"classic","background_b_color":"#16202f","background_b_image":{"id":"6084","url":"http:\/\/sitefacilitado.com.br\/membros\/wp-content\/uploads\/2020\/03\/photo-1504042720198-9634a2a560e2.jpeg"},"background_b_position":"center center","background_b_repeat":"no-repeat","background_overlay_b":"rgba(22,32,47,0.76)","height":{"unit":"px","size":"197"},"border_radius":{"unit":"px","size":"5"},"flip_effect":"zoom-out","vertical_position_a":"middle","title_spacing_a":{"unit":"px","size":"8"},"title_color_a":"#ffffff","title_typography_a_typography":"custom","title_typography_a_font_family":"Karla","title_typography_a_font_size":{"unit":"em","size":"3.1"},"title_typography_a_font_weight":"700","title_typography_a_line_height":{"unit":"em","size":"1"},"title_typography_a_letter_spacing":{"unit":"px","size":"-1"},"description_color_a":"rgba(255,255,255,0.81)","description_typography_a_typography":"custom","description_typography_a_font_family":"Karla","description_typography_a_font_size":{"unit":"em","size":"0.97"},"description_typography_a_font_weight":"400","description_typography_a_line_height":{"unit":"em","size":"1.3"},"description_typography_a_letter_spacing":{"unit":"px","size":"-0.6"},"padding_b":{"unit":"em","top":"1","right":"1","bottom":"1","left":"1","isLinked":""},"vertical_position_b":"middle","title_spacing_b":{"unit":"px","size":"24"},"title_color_b":"#ffffff","title_typography_b_typography":"custom","title_typography_b_font_family":"Karla","title_typography_b_font_size":{"unit":"em","size":"1.76"},"title_typography_b_font_weight":"700","title_typography_b_line_height":{"unit":"em","size":"1"},"title_typography_b_letter_spacing":{"unit":"px","size":"-1.2"},"description_spacing_b":{"unit":"px","size":"38"},"description_color_b":"rgba(255,255,255,0.91)","description_typography_b_typography":"custom","description_typography_b_font_family":"Karla","description_typography_b_font_size":{"unit":"em","size":"1"},"description_typography_b_font_weight":"400","description_typography_b_line_height":{"unit":"em","size":"1.5"},"description_typography_b_letter_spacing":{"unit":"px","size":"-0.3"},"button_size":"lg","button_typography_typography":"custom","button_typography_font_family":"Karla","button_typography_font_size":{"unit":"em","size":"0.84"},"button_typography_font_weight":"700","button_typography_text_transform":"uppercase","button_typography_line_height":{"unit":"em","size":"0.8"},"button_typography_letter_spacing":{"unit":"px","size":"0.8"},"button_text_color":"#ffffff","button_background_color":"#c4b997","button_border_color":"#c4b997","button_border_width":{"unit":"px","size":""},"button_border_radius":{"unit":"px","size":"5"},"image":{"id":"6010","url":"http:\/\/sitefacilitado.com.br\/membros\/wp-content\/uploads\/2020\/03\/client-light-01-1.png"},"image_size":"custom","image_custom_dimension":{"width":"300","height":"300"},"image_spacing":{"unit":"px","size":"16"},"image_width":{"unit":"%","size":"90"},"image_opacity":{"unit":"px","size":"0.9"},"_border_border":"solid","_border_width":{"unit":"px","top":"1","right":"1","bottom":"1","left":"1","isLinked":"1"},"_border_color":"rgba(99,115,129,0.18)","background_a_image":{"id":"6084","url":"http:\/\/sitefacilitado.com.br\/membros\/wp-content\/uploads\/2020\/03\/photo-1504042720198-9634a2a560e2.jpeg"},"background_overlay_a":"rgba(22,32,47,0.62)","link":{"url":"#","is_external":"","nofollow":""},"background_b_size":"initial","background_b_bg_width":{"unit":"vw","size":"69","sizes":[]},"padding_a":{"unit":"em","top":"1","right":"1","bottom":"1","left":"1","isLinked":""},"image_border_radius":{"unit":"px","size":"5","sizes":[]},"_border_radius":{"unit":"px","top":"5","right":"5","bottom":"5","left":"5","isLinked":"1"},"_box_shadow_box_shadow_type":"yes","_box_shadow_box_shadow":{"horizontal":"-15","vertical":"15","blur":"0","spread":"0","color":"rgba(233,236,239,0.5)"},"link_click":"box","background_b_size_mobile":"cover","padding_a_mobile":{"unit":"em","top":"1","right":"1","bottom":"1","left":"1","isLinked":"1"}},"elements":[],"isInner":false,"widgetType":"flip-box","elType":"widget"}],"isInner":"1","elType":"column"}],"isInner":"1","elType":"section"},{"id":"4b5ca37b","settings":{"structure":"30"},"elements":[{"id":"1d51356f","settings":{"_column_size":"33","_inline_size":"17.286"},"elements":[],"isInner":"1","elType":"column"},{"id":"27db3853","settings":{"_column_size":"33","_inline_size":"64.499"},"elements":[{"id":"6ba2ec91","settings":{"graphic_element":"none","title_text_a":"400%","description_text_a":"Leads Engagement","background_a_background":"classic","background_a_color":"#252930","background_a_position":"center center","background_a_repeat":"no-repeat","background_a_size":"cover","title_text_b":"","description_text_b":"","button_text":"Learn More","background_b_background":"classic","background_b_color":"#16202f","background_b_image":{"id":"6099","url":"http:\/\/sitefacilitado.com.br\/membros\/wp-content\/uploads\/2020\/03\/photo-1519127008657-d552258f18d9.jpeg"},"background_b_position":"center center","background_b_repeat":"no-repeat","background_overlay_b":"rgba(22,32,47,0.76)","height":{"unit":"px","size":"177"},"border_radius":{"unit":"px","size":"5"},"flip_effect":"zoom-out","vertical_position_a":"middle","title_spacing_a":{"unit":"px","size":"4"},"title_color_a":"#ffffff","title_typography_a_typography":"custom","title_typography_a_font_family":"Karla","title_typography_a_font_size":{"unit":"em","size":"3.3"},"title_typography_a_font_weight":"700","title_typography_a_line_height":{"unit":"em","size":"1"},"title_typography_a_letter_spacing":{"unit":"px","size":"-1"},"description_color_a":"rgba(255,255,255,0.81)","description_typography_a_typography":"custom","description_typography_a_font_family":"Karla","description_typography_a_font_size":{"unit":"em","size":"0.97"},"description_typography_a_font_weight":"400","description_typography_a_line_height":{"unit":"em","size":"1.3"},"description_typography_a_letter_spacing":{"unit":"px","size":"-0.6"},"padding_b":{"unit":"em","top":"2","right":"2","bottom":"2","left":"2","isLinked":""},"vertical_position_b":"middle","title_spacing_b":{"unit":"px","size":"24"},"title_color_b":"#ffffff","title_typography_b_typography":"custom","title_typography_b_font_family":"Karla","title_typography_b_font_size":{"unit":"em","size":"1.76"},"title_typography_b_font_weight":"700","title_typography_b_line_height":{"unit":"em","size":"1"},"title_typography_b_letter_spacing":{"unit":"px","size":"-1.2"},"description_spacing_b":{"unit":"px","size":"38"},"description_color_b":"rgba(255,255,255,0.91)","description_typography_b_typography":"custom","description_typography_b_font_family":"Karla","description_typography_b_font_size":{"unit":"em","size":"1"},"description_typography_b_font_weight":"400","description_typography_b_line_height":{"unit":"em","size":"1.5"},"description_typography_b_letter_spacing":{"unit":"px","size":"-0.3"},"button_size":"lg","button_typography_typography":"custom","button_typography_font_family":"Karla","button_typography_font_size":{"unit":"em","size":"0.84"},"button_typography_font_weight":"700","button_typography_text_transform":"uppercase","button_typography_line_height":{"unit":"em","size":"0.8"},"button_typography_letter_spacing":{"unit":"px","size":"0.8"},"button_text_color":"#ffffff","button_background_color":"#c4b997","button_border_color":"#c4b997","button_border_width":{"unit":"px","size":""},"button_border_radius":{"unit":"px","size":"5"},"image":{"id":"6010","url":"http:\/\/sitefacilitado.com.br\/membros\/wp-content\/uploads\/2020\/03\/client-light-01-1.png"},"image_size":"custom","image_custom_dimension":{"width":"300","height":"300"},"image_spacing":{"unit":"px","size":"16"},"image_width":{"unit":"%","size":"90"},"image_opacity":{"unit":"px","size":"0.9"},"_border_border":"solid","_border_width":{"unit":"px","top":"1","right":"1","bottom":"1","left":"1","isLinked":"1"},"_border_color":"rgba(99,115,129,0.18)","background_a_image":{"id":"6099","url":"http:\/\/sitefacilitado.com.br\/membros\/wp-content\/uploads\/2020\/03\/photo-1519127008657-d552258f18d9.jpeg"},"background_overlay_a":"rgba(22,32,47,0.62)","link":{"url":"#","is_external":"","nofollow":""},"background_b_size":"initial","background_b_bg_width":{"unit":"vw","size":"69","sizes":[]},"padding_a":{"unit":"em","top":"2","right":"5","bottom":"2","left":"5","isLinked":""},"image_border_radius":{"unit":"px","size":"5","sizes":[]},"_border_radius":{"unit":"px","top":"5","right":"5","bottom":"5","left":"5","isLinked":"1"},"_box_shadow_box_shadow_type":"yes","_box_shadow_box_shadow":{"horizontal":"-15","vertical":"15","blur":"0","spread":"0","color":"rgba(233,236,239,0.5)"},"link_click":"box","background_b_size_mobile":"cover","padding_a_mobile":{"unit":"em","top":"1","right":"1","bottom":"1","left":"1","isLinked":"1"}},"elements":[],"isInner":false,"widgetType":"flip-box","elType":"widget"}],"isInner":"1","elType":"column"},{"id":"6b6dad9f","settings":{"_column_size":"33","_inline_size":"18.211"},"elements":[],"isInner":"1","elType":"column"}],"isInner":"1","elType":"section"}],"isInner":"","elType":"column"}],"isInner":"","elType":"section"},{"id":"2f9b330a","settings":{"padding":{"unit":"em","top":"0","right":"0","bottom":"3.8","left":"0","isLinked":""},"padding_tablet":{"unit":"em","top":"1","right":"1","bottom":"1","left":"1","isLinked":"1"}},"elements":[{"id":"1f7e3ce6","settings":{"_column_size":"100"},"elements":[{"id":"52cbc0df","settings":{"color":"#dee2e6","gap":{"unit":"px","size":"0","sizes":[]}},"elements":[],"isInner":false,"widgetType":"divider","elType":"widget"}],"isInner":"","elType":"column"}],"isInner":"","elType":"section"},{"id":"2e8a8160","settings":{"background_overlay_gradient_angle":{"unit":"deg","size":"140","sizes":[]},"background_overlay_opacity":{"unit":"px","size":"1","sizes":[]},"shape_divider_top_width":{"unit":"%","size":"130","sizes":[]},"shape_divider_top_height":{"unit":"px","size":"266","sizes":[]},"padding":{"unit":"em","top":"0","right":"0","bottom":"06","left":"0","isLinked":""},"background_background":"classic","background_color":"#f4f5f6","shape_divider_top_color":"#ffffff","background_overlay_background":"gradient","background_overlay_color":"#212529","background_image":{"url":"http:\/\/sitefacilitado.com.br\/membros\/wp-content\/uploads\/2020\/03\/photo-1543269866-487350d6fa5e-e1558510207400.jpeg","id":"6008"},"background_position":"center center","background_repeat":"no-repeat","background_size":"cover","background_overlay_color_b":"rgba(33,37,41,0.48)","shape_divider_top":"curve","text_align":"center","shape_divider_top_height_mobile":{"unit":"px","size":"82","sizes":[]}},"elements":[{"id":"4eead089","settings":{"_column_size":"100","_inline_size":"","space_between_widgets":"5"},"elements":[{"id":"3515c31c","settings":[],"elements":[{"id":"4591a9b4","settings":{"_column_size":"100","_inline_size":""},"elements":[{"id":"56be685","settings":{"title":"Trusted by clients like","align":"center","title_color":"#212529","typography_typography":"custom","typography_font_family":"Karla","typography_font_size":{"unit":"em","size":"0.81","sizes":[]},"typography_font_weight":"700","typography_line_height":{"unit":"em","size":"1.15","sizes":[]},"typography_letter_spacing":{"unit":"px","size":"0.6","sizes":[]},"typography_text_transform":"uppercase"},"elements":[],"isInner":false,"widgetType":"heading","elType":"widget"}],"isInner":"1","elType":"column"}],"isInner":"1","elType":"section"},{"id":"188acccf","settings":{"structure":"50","padding":{"unit":"em","top":"0","right":"0","bottom":"10","left":"0","isLinked":""},"padding_mobile":{"unit":"em","top":"1","right":"1","bottom":"1","left":"1","isLinked":"1"}},"elements":[{"id":"5a9bdf9e","settings":{"_column_size":"20","_inline_size":"","_inline_size_mobile":"33"},"elements":[{"id":"401c35bd","settings":{"image":{"url":"http:\/\/sitefacilitado.com.br\/membros\/wp-content\/uploads\/2020\/03\/client-light-01-1.png","id":"6010"},"opacity":{"unit":"px","size":"1","sizes":[]},"css_filters_css_filter":"custom","css_filters_contrast":{"unit":"px","size":"75","sizes":[]},"css_filters_hue":{"unit":"px","size":"100","sizes":[]},"css_filters_hover_contrast":{"unit":"px","size":"0","sizes":[]},"background_hover_transition":{"unit":"px","size":"0.35","sizes":[]},"link_to":"custom","link":{"url":"#","is_external":"","nofollow":""},"css_filters_hover_css_filter":"custom","hover_animation":"rotate"},"elements":[],"isInner":false,"widgetType":"image","elType":"widget"}],"isInner":"1","elType":"column"},{"id":"3793af35","settings":{"_column_size":"20","_inline_size":"","_inline_size_mobile":"33"},"elements":[{"id":"1dc0e4f5","settings":{"image":{"url":"http:\/\/sitefacilitado.com.br\/membros\/wp-content\/uploads\/2020\/03\/client-light-004-1.png","id":"6011"},"opacity":{"unit":"px","size":"1","sizes":[]},"css_filters_css_filter":"custom","css_filters_contrast":{"unit":"px","size":"75","sizes":[]},"css_filters_hue":{"unit":"px","size":"100","sizes":[]},"css_filters_hover_contrast":{"unit":"px","size":"0","sizes":[]},"background_hover_transition":{"unit":"px","size":"0.35","sizes":[]},"link_to":"custom","link":{"url":"#","is_external":"","nofollow":""},"css_filters_hover_css_filter":"custom","hover_animation":"rotate"},"elements":[],"isInner":false,"widgetType":"image","elType":"widget"}],"isInner":"1","elType":"column"},{"id":"4e01abf0","settings":{"_column_size":"20","_inline_size":"","_inline_size_mobile":"33"},"elements":[{"id":"74d2d764","settings":{"image":{"url":"http:\/\/sitefacilitado.com.br\/membros\/wp-content\/uploads\/2020\/03\/client-light-02-1.png","id":"6012"},"opacity":{"unit":"px","size":"1","sizes":[]},"css_filters_css_filter":"custom","css_filters_contrast":{"unit":"px","size":"75","sizes":[]},"css_filters_hue":{"unit":"px","size":"100","sizes":[]},"css_filters_hover_contrast":{"unit":"px","size":"0","sizes":[]},"background_hover_transition":{"unit":"px","size":"0.35","sizes":[]},"link_to":"custom","link":{"url":"#","is_external":"","nofollow":""},"css_filters_hover_css_filter":"custom","hover_animation":"rotate"},"elements":[],"isInner":false,"widgetType":"image","elType":"widget"}],"isInner":"1","elType":"column"},{"id":"33ed20c7","settings":{"_column_size":"20","_inline_size":"","_inline_size_mobile":"50"},"elements":[{"id":"3b197d67","settings":{"image":{"url":"http:\/\/sitefacilitado.com.br\/membros\/wp-content\/uploads\/2020\/03\/client-light-03-1.png","id":"6013"},"opacity":{"unit":"px","size":"1","sizes":[]},"css_filters_css_filter":"custom","css_filters_contrast":{"unit":"px","size":"75","sizes":[]},"css_filters_hue":{"unit":"px","size":"100","sizes":[]},"css_filters_hover_contrast":{"unit":"px","size":"0","sizes":[]},"background_hover_transition":{"unit":"px","size":"0.35","sizes":[]},"link_to":"custom","link":{"url":"#","is_external":"","nofollow":""},"css_filters_hover_css_filter":"custom","hover_animation":"rotate"},"elements":[],"isInner":false,"widgetType":"image","elType":"widget"}],"isInner":"1","elType":"column"},{"id":"44635404","settings":{"_column_size":"20","_inline_size":"","_inline_size_mobile":"50"},"elements":[{"id":"5106f497","settings":{"image":{"url":"http:\/\/sitefacilitado.com.br\/membros\/wp-content\/uploads\/2020\/03\/client-light-066.png","id":"6014"},"opacity":{"unit":"px","size":"1","sizes":[]},"css_filters_css_filter":"custom","css_filters_contrast":{"unit":"px","size":"75","sizes":[]},"css_filters_hue":{"unit":"px","size":"100","sizes":[]},"css_filters_hover_contrast":{"unit":"px","size":"0","sizes":[]},"background_hover_transition":{"unit":"px","size":"0.35","sizes":[]},"link_to":"custom","link":{"url":"#","is_external":"","nofollow":""},"css_filters_hover_css_filter":"custom","hover_animation":"rotate"},"elements":[],"isInner":false,"widgetType":"image","elType":"widget"}],"isInner":"1","elType":"column"}],"isInner":"1","elType":"section"},{"id":"4c0e66e2","settings":[],"elements":[{"id":"5ce22aad","settings":{"_column_size":"100","_inline_size":""},"elements":[{"id":"21b700c9","settings":{"title":"My Services","align":"center","title_color":"#ffffff","typography_typography":"custom","typography_font_family":"Karla","typography_font_size":{"unit":"em","size":"3.3","sizes":[]},"typography_font_weight":"400","typography_line_height":{"unit":"em","size":"1.15","sizes":[]},"typography_letter_spacing":{"unit":"px","size":"-2.8","sizes":[]},"_padding":{"unit":"em","top":"0","right":"0","bottom":"2","left":"0","isLinked":""}},"elements":[],"isInner":false,"widgetType":"heading","elType":"widget"}],"isInner":"1","elType":"column"}],"isInner":"1","elType":"section"},{"id":"619d3063","settings":{"structure":"60","padding":{"unit":"em","top":"1","right":"0","bottom":"1","left":"07","isLinked":""},"padding_tablet":{"unit":"em","top":"0","right":"0","bottom":"0","left":"0","isLinked":""}},"elements":[{"id":"35ca9b9d","settings":{"_column_size":"16","_inline_size":"5.982","space_between_widgets":"0","_inline_size_tablet":"10"},"elements":[{"id":"4ed49ecf","settings":{"icon":"fa fa-facebook","view":"stacked","primary_color":"#ffffff","secondary_color":"#212529","size":{"unit":"px","size":"16","sizes":[]},"icon_padding":{"unit":"px","size":"16","sizes":[]},"_padding":{"unit":"em","top":"0","right":"0","bottom":"1","left":"0","isLinked":""}},"elements":[],"isInner":false,"widgetType":"icon","elType":"widget"}],"isInner":"1","elType":"column"},{"id":"1796c9d7","settings":{"_column_size":"16","_inline_size":"27.35","space_between_widgets":"0","_inline_size_tablet":"23"},"elements":[{"id":"2e28e520","settings":{"title":"Facebook","header_size":"h3","align":"left","title_color":"#ffffff","typography_typography":"custom","typography_font_family":"Karla","typography_font_size":{"unit":"em","size":"1.255","sizes":[]},"typography_font_weight":"400","typography_line_height":{"unit":"em","size":"1.4","sizes":[]},"typography_letter_spacing":{"unit":"px","size":"-1","sizes":[]},"align_mobile":"center"},"elements":[],"isInner":false,"widgetType":"heading","elType":"widget"},{"id":"1c599873","settings":{"icon_list":[{"text":"Sed ut perspiciatis","icon":"fa fa-angle-right","_id":"a4c24ef","link":{"url":"","is_external":"","nofollow":""}},{"text":"Perspiciatis unde iste","icon":"fa fa-angle-right","_id":"a4dab6a","link":{"url":"","is_external":"","nofollow":""}},{"text":"Omnes lurrem et","icon":"fa fa-angle-right","_id":"d0c461f","link":{"url":"","is_external":"","nofollow":""}}],"icon_align":"left","icon_color":"rgba(255,255,255,0.58)","icon_color_hover":"rgba(255,255,255,0.58)","text_color":"rgba(255,255,255,0.58)","text_color_hover":"rgba(255,255,255,0.58)","text_indent":{"unit":"px","size":"0","sizes":[]},"icon_typography_typography":"custom","icon_typography_font_family":"Karla","icon_typography_font_size":{"unit":"em","size":"1","sizes":[]},"icon_typography_line_height":{"unit":"em","size":"1.6","sizes":[]},"icon_typography_letter_spacing":{"unit":"px","size":"-1","sizes":[]},"_padding_mobile":{"unit":"em","top":"1","right":"1","bottom":"1","left":"5","isLinked":""}},"elements":[],"isInner":false,"widgetType":"icon-list","elType":"widget"}],"isInner":"1","elType":"column"},{"id":"ce602e6","settings":{"_column_size":"16","_inline_size":"5.982","space_between_widgets":"0","_inline_size_tablet":"10"},"elements":[{"id":"1de28a71","settings":{"icon":"fa fa-twitter","view":"stacked","primary_color":"#ffffff","secondary_color":"#212529","size":{"unit":"px","size":"16","sizes":[]},"icon_padding":{"unit":"px","size":"16","sizes":[]},"_padding":{"unit":"em","top":"0","right":"0","bottom":"1","left":"0","isLinked":""}},"elements":[],"isInner":false,"widgetType":"icon","elType":"widget"}],"isInner":"1","elType":"column"},{"id":"3cee507e","settings":{"_column_size":"16","_inline_size":"27.35","space_between_widgets":"0","_inline_size_tablet":"23"},"elements":[{"id":"4132eb61","settings":{"title":"Twitter","header_size":"h3","align":"left","title_color":"#ffffff","typography_typography":"custom","typography_font_family":"Karla","typography_font_size":{"unit":"em","size":"1.255","sizes":[]},"typography_font_weight":"400","typography_line_height":{"unit":"em","size":"1.4","sizes":[]},"typography_letter_spacing":{"unit":"px","size":"-1","sizes":[]},"align_mobile":"center"},"elements":[],"isInner":false,"widgetType":"heading","elType":"widget"},{"id":"50ba8f16","settings":{"icon_list":[{"text":"Sed ut perspiciatis","icon":"fa fa-angle-right","_id":"a4c24ef","link":{"url":"","is_external":"","nofollow":""}},{"text":"Perspiciatis unde iste","icon":"fa fa-angle-right","_id":"a4dab6a","link":{"url":"","is_external":"","nofollow":""}},{"text":"Omnes lurrem et","icon":"fa fa-angle-right","_id":"d0c461f","link":{"url":"","is_external":"","nofollow":""}}],"icon_align":"left","icon_color":"rgba(255,255,255,0.58)","icon_color_hover":"rgba(255,255,255,0.58)","text_color":"rgba(255,255,255,0.58)","text_color_hover":"rgba(255,255,255,0.58)","text_indent":{"unit":"px","size":"0","sizes":[]},"icon_typography_typography":"custom","icon_typography_font_family":"Karla","icon_typography_font_size":{"unit":"em","size":"1","sizes":[]},"icon_typography_line_height":{"unit":"em","size":"1.6","sizes":[]},"icon_typography_letter_spacing":{"unit":"px","size":"-1","sizes":[]},"_padding_mobile":{"unit":"em","top":"1","right":"1","bottom":"1","left":"5","isLinked":""}},"elements":[],"isInner":false,"widgetType":"icon-list","elType":"widget"}],"isInner":"1","elType":"column"},{"id":"1a28984e","settings":{"_column_size":"16","_inline_size":"5.982","_inline_size_tablet":"10","space_between_widgets":"0"},"elements":[{"id":"10f01d20","settings":{"icon":"fa fa-instagram","view":"stacked","primary_color":"#ffffff","secondary_color":"#212529","size":{"unit":"px","size":"16","sizes":[]},"icon_padding":{"unit":"px","size":"16","sizes":[]},"_padding":{"unit":"em","top":"0","right":"0","bottom":"1","left":"0","isLinked":""}},"elements":[],"isInner":false,"widgetType":"icon","elType":"widget"}],"isInner":"1","elType":"column"},{"id":"54d1af","settings":{"_column_size":"16","_inline_size":"27.35","space_between_widgets":"0","_inline_size_tablet":"23"},"elements":[{"id":"6d49c1d0","settings":{"title":"Instagram","header_size":"h3","align":"left","title_color":"#ffffff","typography_typography":"custom","typography_font_family":"Karla","typography_font_size":{"unit":"em","size":"1.255","sizes":[]},"typography_font_weight":"400","typography_line_height":{"unit":"em","size":"1.4","sizes":[]},"typography_letter_spacing":{"unit":"px","size":"-1","sizes":[]},"align_mobile":"center"},"elements":[],"isInner":false,"widgetType":"heading","elType":"widget"},{"id":"2625150","settings":{"icon_list":[{"text":"Sed ut perspiciatis","icon":"fa fa-angle-right","_id":"a4c24ef","link":{"url":"","is_external":"","nofollow":""}},{"text":"Perspiciatis unde iste","icon":"fa fa-angle-right","_id":"a4dab6a","link":{"url":"","is_external":"","nofollow":""}},{"text":"Omnes lurrem et","icon":"fa fa-angle-right","_id":"d0c461f","link":{"url":"","is_external":"","nofollow":""}}],"icon_align":"left","icon_color":"rgba(255,255,255,0.58)","icon_color_hover":"rgba(255,255,255,0.58)","text_color":"rgba(255,255,255,0.58)","text_color_hover":"rgba(255,255,255,0.58)","text_indent":{"unit":"px","size":"0","sizes":[]},"icon_typography_typography":"custom","icon_typography_font_family":"Karla","icon_typography_font_size":{"unit":"em","size":"1","sizes":[]},"icon_typography_line_height":{"unit":"em","size":"1.6","sizes":[]},"icon_typography_letter_spacing":{"unit":"px","size":"-1","sizes":[]},"_padding_mobile":{"unit":"em","top":"1","right":"1","bottom":"1","left":"5","isLinked":""}},"elements":[],"isInner":false,"widgetType":"icon-list","elType":"widget"}],"isInner":"1","elType":"column"}],"isInner":"1","elType":"section"},{"id":"20bccd68","settings":{"structure":"60","padding":{"unit":"em","top":"1","right":"0","bottom":"1","left":"7","isLinked":""},"padding_tablet":{"unit":"em","top":"0","right":"0","bottom":"0","left":"0","isLinked":""}},"elements":[{"id":"76c44a09","settings":{"_column_size":"16","_inline_size":"5.982","space_between_widgets":"0","_inline_size_tablet":"10"},"elements":[{"id":"4ac3c04c","settings":{"icon":"fa fa-quora","view":"stacked","primary_color":"#ffffff","secondary_color":"#212529","size":{"unit":"px","size":"16","sizes":[]},"icon_padding":{"unit":"px","size":"16","sizes":[]},"_padding":{"unit":"em","top":"0","right":"0","bottom":"1","left":"0","isLinked":""}},"elements":[],"isInner":false,"widgetType":"icon","elType":"widget"}],"isInner":"1","elType":"column"},{"id":"75923892","settings":{"_column_size":"16","_inline_size":"27.35","space_between_widgets":"0","_inline_size_tablet":"23"},"elements":[{"id":"749b8e1d","settings":{"title":"Quora","header_size":"h3","align":"left","title_color":"#ffffff","typography_typography":"custom","typography_font_family":"Karla","typography_font_size":{"unit":"em","size":"1.255","sizes":[]},"typography_font_weight":"400","typography_line_height":{"unit":"em","size":"1.4","sizes":[]},"typography_letter_spacing":{"unit":"px","size":"-1","sizes":[]},"align_mobile":"center"},"elements":[],"isInner":false,"widgetType":"heading","elType":"widget"},{"id":"3c982ab6","settings":{"icon_list":[{"text":"Sed ut perspiciatis","icon":"fa fa-angle-right","_id":"a4c24ef","link":{"url":"","is_external":"","nofollow":""}},{"text":"Perspiciatis unde iste","icon":"fa fa-angle-right","_id":"a4dab6a","link":{"url":"","is_external":"","nofollow":""}},{"text":"Omnes lurrem et","icon":"fa fa-angle-right","_id":"d0c461f","link":{"url":"","is_external":"","nofollow":""}}],"icon_align":"left","icon_color":"rgba(255,255,255,0.58)","icon_color_hover":"rgba(255,255,255,0.58)","text_color":"rgba(255,255,255,0.58)","text_color_hover":"rgba(255,255,255,0.58)","text_indent":{"unit":"px","size":"0","sizes":[]},"icon_typography_typography":"custom","icon_typography_font_family":"Karla","icon_typography_font_size":{"unit":"em","size":"1","sizes":[]},"icon_typography_line_height":{"unit":"em","size":"1.6","sizes":[]},"icon_typography_letter_spacing":{"unit":"px","size":"-1","sizes":[]},"_padding_mobile":{"unit":"em","top":"1","right":"1","bottom":"1","left":"5","isLinked":""}},"elements":[],"isInner":false,"widgetType":"icon-list","elType":"widget"}],"isInner":"1","elType":"column"},{"id":"58ecd0cf","settings":{"_column_size":"16","_inline_size":"5.982","space_between_widgets":"0","_inline_size_tablet":"10"},"elements":[{"id":"6bea7048","settings":{"icon":"fa fa-linkedin","view":"stacked","primary_color":"#ffffff","secondary_color":"#212529","size":{"unit":"px","size":"16","sizes":[]},"icon_padding":{"unit":"px","size":"16","sizes":[]},"_padding":{"unit":"em","top":"0","right":"0","bottom":"1","left":"0","isLinked":""}},"elements":[],"isInner":false,"widgetType":"icon","elType":"widget"}],"isInner":"1","elType":"column"},{"id":"51e083e1","settings":{"_column_size":"16","_inline_size":"27.35","space_between_widgets":"0","_inline_size_tablet":"23"},"elements":[{"id":"41d891ea","settings":{"title":"Linkedin","header_size":"h3","align":"left","title_color":"#ffffff","typography_typography":"custom","typography_font_family":"Karla","typography_font_size":{"unit":"em","size":"1.255","sizes":[]},"typography_font_weight":"400","typography_line_height":{"unit":"em","size":"1.4","sizes":[]},"typography_letter_spacing":{"unit":"px","size":"-1","sizes":[]},"align_mobile":"center"},"elements":[],"isInner":false,"widgetType":"heading","elType":"widget"},{"id":"56e2db66","settings":{"icon_list":[{"text":"Sed ut perspiciatis","icon":"fa fa-angle-right","_id":"a4c24ef","link":{"url":"","is_external":"","nofollow":""}},{"text":"Perspiciatis unde iste","icon":"fa fa-angle-right","_id":"a4dab6a","link":{"url":"","is_external":"","nofollow":""}},{"text":"Omnes lurrem et","icon":"fa fa-angle-right","_id":"d0c461f","link":{"url":"","is_external":"","nofollow":""}}],"icon_align":"left","icon_color":"rgba(255,255,255,0.58)","icon_color_hover":"rgba(255,255,255,0.58)","text_color":"rgba(255,255,255,0.58)","text_color_hover":"rgba(255,255,255,0.58)","text_indent":{"unit":"px","size":"0","sizes":[]},"icon_typography_typography":"custom","icon_typography_font_family":"Karla","icon_typography_font_size":{"unit":"em","size":"1","sizes":[]},"icon_typography_line_height":{"unit":"em","size":"1.6","sizes":[]},"icon_typography_letter_spacing":{"unit":"px","size":"-1","sizes":[]},"_padding_mobile":{"unit":"em","top":"1","right":"1","bottom":"1","left":"5","isLinked":""}},"elements":[],"isInner":false,"widgetType":"icon-list","elType":"widget"}],"isInner":"1","elType":"column"},{"id":"7733809a","settings":{"_column_size":"16","_inline_size":"5.982","_inline_size_tablet":"10","space_between_widgets":"0"},"elements":[{"id":"2c00174d","settings":{"icon":"fa fa-youtube-play","view":"stacked","primary_color":"#ffffff","secondary_color":"#212529","size":{"unit":"px","size":"16","sizes":[]},"icon_padding":{"unit":"px","size":"16","sizes":[]},"_padding":{"unit":"em","top":"0","right":"0","bottom":"1","left":"0","isLinked":""}},"elements":[],"isInner":false,"widgetType":"icon","elType":"widget"}],"isInner":"1","elType":"column"},{"id":"1b1ea335","settings":{"_column_size":"16","_inline_size":"27.35","space_between_widgets":"0","_inline_size_tablet":"23"},"elements":[{"id":"111a9fcf","settings":{"title":"Youtube","header_size":"h3","align":"left","title_color":"#ffffff","typography_typography":"custom","typography_font_family":"Karla","typography_font_size":{"unit":"em","size":"1.255","sizes":[]},"typography_font_weight":"400","typography_line_height":{"unit":"em","size":"1.4","sizes":[]},"typography_letter_spacing":{"unit":"px","size":"-1","sizes":[]},"align_mobile":"center"},"elements":[],"isInner":false,"widgetType":"heading","elType":"widget"},{"id":"7a6ec922","settings":{"icon_list":[{"text":"Sed ut perspiciatis","icon":"fa fa-angle-right","_id":"a4c24ef","link":{"url":"","is_external":"","nofollow":""}},{"text":"Perspiciatis unde iste","icon":"fa fa-angle-right","_id":"a4dab6a","link":{"url":"","is_external":"","nofollow":""}},{"text":"Omnes lurrem et","icon":"fa fa-angle-right","_id":"d0c461f","link":{"url":"","is_external":"","nofollow":""}}],"icon_align":"left","icon_color":"rgba(255,255,255,0.58)","icon_color_hover":"rgba(255,255,255,0.58)","text_color":"rgba(255,255,255,0.58)","text_color_hover":"rgba(255,255,255,0.58)","text_indent":{"unit":"px","size":"0","sizes":[]},"icon_typography_typography":"custom","icon_typography_font_family":"Karla","icon_typography_font_size":{"unit":"em","size":"1","sizes":[]},"icon_typography_line_height":{"unit":"em","size":"1.6","sizes":[]},"icon_typography_letter_spacing":{"unit":"px","size":"-1","sizes":[]},"_padding_mobile":{"unit":"em","top":"1","right":"1","bottom":"1","left":"5","isLinked":""}},"elements":[],"isInner":false,"widgetType":"icon-list","elType":"widget"}],"isInner":"1","elType":"column"}],"isInner":"1","elType":"section"},{"id":"1ae044fe","settings":[],"elements":[{"id":"7d95c8c9","settings":{"_column_size":"100","_inline_size":""},"elements":[{"id":"652ec965","settings":{"text":"Let's Work Together","align":"center","size":"md","typography_typography":"custom","typography_font_family":"Karla","typography_font_size":{"unit":"em","size":"1.144","sizes":[]},"typography_font_weight":"700","typography_letter_spacing":{"unit":"px","size":"-0.5","sizes":[]},"button_text_color":"#ffffff","background_color":"#c4b997","hover_color":"#ffffff","button_background_hover_color":"#212529","hover_animation":"bob","border_radius":{"unit":"px","top":"5","right":"5","bottom":"5","left":"5","isLinked":"1"},"text_padding":{"unit":"em","top":"1.15","right":"2.65","bottom":"1.15","left":"2.65","isLinked":""},"_padding":{"unit":"em","top":"2","right":"0","bottom":"0","left":"0","isLinked":""},"align_mobile":"justify"},"elements":[],"isInner":false,"widgetType":"button","elType":"widget"}],"isInner":"1","elType":"column"}],"isInner":"1","elType":"section"}],"isInner":"","elType":"column"}],"isInner":"","elType":"section"},{"id":"15ade690","settings":{"background_color":"rgba(255,255,255,0.01)","shape_divider_bottom_width":{"unit":"%","size":"300","sizes":[]},"shape_divider_bottom_height":{"unit":"px","size":"335","sizes":[]},"padding":{"unit":"em","top":"6","right":"0","bottom":"0","left":"0","isLinked":""},"background_background":"classic","shape_divider_bottom":"wave-brush","shape_divider_bottom_color":"rgba(0,0,0,0.02)","padding_mobile":{"unit":"em","top":"2","right":"0","bottom":"0","left":"0","isLinked":""}},"elements":[{"id":"430896ca","settings":{"_column_size":"100"},"elements":[{"id":"20dc2f34","settings":{"content_width":{"unit":"px","size":"500","sizes":[]}},"elements":[{"id":"400d352d","settings":{"_column_size":"100","_inline_size":"","align":"center","space_between_widgets":"10"},"elements":[{"id":"31213cb7","settings":{"title":"Experience Matters","align":"center","title_color":"#212529","typography_typography":"custom","typography_font_family":"Karla","typography_font_size":{"unit":"em","size":"3","sizes":[]},"typography_font_weight":"400","typography_line_height":{"unit":"em","size":"1.15","sizes":[]},"typography_letter_spacing":{"unit":"px","size":"-3","sizes":[]},"_padding":{"unit":"em","top":"0","right":"0","bottom":"0","left":"0","isLinked":""}},"elements":[],"isInner":false,"widgetType":"heading","elType":"widget"}],"isInner":"1","elType":"column"}],"isInner":"1","elType":"section"},{"id":"6ca858eb","settings":{"structure":"30","padding":{"unit":"em","top":"1","right":"0","bottom":"0","left":"0","isLinked":""}},"elements":[{"id":"4db1fb2f","settings":{"_column_size":"33","_inline_size":""},"elements":[{"id":"1378c745","settings":{"slides":[{"content":"Sed ut perspiciatis unde omnis iste natus error sit voluptatem accusantium doloremque laudantium, totam rem aperiam. At vero eos et bitse.","name":"Sandy L\u00f6fgren","title":"@rebbengts","image":{"url":"http:\/\/sitefacilitado.com.br\/membros\/wp-content\/uploads\/2020\/03\/photo-1534528741775-53994a69daeb.jpeg","id":"6024"},"_id":"427c840","rating":"","social_icon":"fa fa-twitter","link":{"url":"https:\/\/twitter.com","is_external":"","nofollow":""}}],"slides_per_view":"1","slides_to_scroll":"1","width":{"unit":"%","size":"92","sizes":[]},"show_arrows":"","pagination":"progressbar","space_between":{"unit":"px","size":"0","sizes":[]},"slide_background_color":"rgba(0,0,0,0)","slide_border_radius":{"unit":"px","size":"0","sizes":[]},"slide_border_color":"rgba(0,0,0,0)","slide_padding":{"unit":"px","top":"44","right":"24","bottom":"44","left":"24","isLinked":""},"header_background_color":"rgba(0,0,0,0)","content_gap":{"unit":"px","size":"24","sizes":[]},"separator_color":"rgba(0,0,0,0)","separator_size":{"unit":"px","size":"0","sizes":[]},"name_color":"#212529","name_typography_typography":"custom","name_typography_font_family":"Karla","name_typography_font_size":{"unit":"em","size":"1.1","sizes":[]},"name_typography_font_weight":"700","name_typography_line_height":{"unit":"em","size":"1.3","sizes":[]},"name_typography_letter_spacing":{"unit":"px","size":"-0.6","sizes":[]},"title_color":"rgba(73,80,87,0.83)","title_typography_typography":"custom","title_typography_font_family":"Karla","title_typography_font_size":{"unit":"em","size":"0.86","sizes":[]},"title_typography_font_weight":"400","title_typography_line_height":{"unit":"em","size":"1.6","sizes":[]},"content_color":"#495057","content_typography_typography":"custom","content_typography_font_family":"Karla","content_typography_font_size":{"unit":"em","size":"0.98","sizes":[]},"content_typography_font_weight":"400","content_typography_line_height":{"unit":"em","size":"1.74","sizes":[]},"image_size":{"unit":"px","size":"38","sizes":[]},"image_gap":{"unit":"px","size":"18","sizes":[]},"image_border_radius":{"unit":"px","size":"100","sizes":[]},"icon_color":"custom","icon_custom_color":"#c4b997","icon_size":{"unit":"px","size":"16","sizes":[]},"star_size":{"unit":"px","size":"3","sizes":[]},"star_space":{"unit":"px","size":"0","sizes":[]},"arrows_size":{"unit":"px","size":"14","sizes":[]},"arrows_color":"#212529","pagination_size":{"unit":"px","size":"4","sizes":[]},"pagination_color":"#212529"},"elements":[],"isInner":false,"widgetType":"reviews","elType":"widget"}],"isInner":"","elType":"column"},{"id":"2082ef39","settings":{"_column_size":"33","_inline_size":""},"elements":[{"id":"5bc7747b","settings":{"slides":[{"content":"Cupiditate non provident, similique sunt in culpa qui officia deserunt mollitia animi, id est laborum et dolorum fuga.","name":"Lorin Eklund","title":"@lorineklund","image":{"url":"http:\/\/sitefacilitado.com.br\/membros\/wp-content\/uploads\/2020\/03\/photo-1551110649-ac472a979f69.jpeg","id":"6016"},"_id":"427c840","rating":"","social_icon":"fa fa-twitter","link":{"url":"https:\/\/twitter.com","is_external":"","nofollow":""}}],"slides_per_view":"1","slides_to_scroll":"1","width":{"unit":"%","size":"92","sizes":[]},"show_arrows":"","pagination":"progressbar","space_between":{"unit":"px","size":"0","sizes":[]},"slide_background_color":"rgba(0,0,0,0)","slide_border_radius":{"unit":"px","size":"0","sizes":[]},"slide_border_color":"rgba(0,0,0,0)","slide_padding":{"unit":"px","top":"44","right":"24","bottom":"44","left":"24","isLinked":""},"header_background_color":"rgba(0,0,0,0)","content_gap":{"unit":"px","size":"24","sizes":[]},"separator_color":"rgba(0,0,0,0)","separator_size":{"unit":"px","size":"0","sizes":[]},"name_color":"#212529","name_typography_typography":"custom","name_typography_font_family":"Karla","name_typography_font_size":{"unit":"em","size":"1.1","sizes":[]},"name_typography_font_weight":"700","name_typography_line_height":{"unit":"em","size":"1.3","sizes":[]},"name_typography_letter_spacing":{"unit":"px","size":"-0.6","sizes":[]},"title_color":"rgba(73,80,87,0.83)","title_typography_typography":"custom","title_typography_font_family":"Karla","title_typography_font_size":{"unit":"em","size":"0.86","sizes":[]},"title_typography_font_weight":"400","title_typography_line_height":{"unit":"em","size":"1.6","sizes":[]},"content_color":"#495057","content_typography_typography":"custom","content_typography_font_family":"Karla","content_typography_font_size":{"unit":"em","size":"0.98","sizes":[]},"content_typography_font_weight":"400","content_typography_line_height":{"unit":"em","size":"1.74","sizes":[]},"image_size":{"unit":"px","size":"38","sizes":[]},"image_gap":{"unit":"px","size":"18","sizes":[]},"image_border_radius":{"unit":"px","size":"100","sizes":[]},"icon_color":"custom","icon_custom_color":"#c4b997","icon_size":{"unit":"px","size":"16","sizes":[]},"star_size":{"unit":"px","size":"3","sizes":[]},"star_space":{"unit":"px","size":"0","sizes":[]},"arrows_size":{"unit":"px","size":"14","sizes":[]},"arrows_color":"#212529","pagination_size":{"unit":"px","size":"4","sizes":[]},"pagination_color":"#212529"},"elements":[],"isInner":false,"widgetType":"reviews","elType":"widget"}],"isInner":"","elType":"column"},{"id":"7a9f9378","settings":{"_column_size":"33","_inline_size":""},"elements":[{"id":"2175ff3f","settings":{"slides":[{"content":"At vero eos et accusamus et iusto odio dignissimos ducimus qui blanditiis praesentium voluptatum deleniti atque corrupti quos dolores et quas molestias excerit.","name":"Rebecka Bengts","title":"@rebbengts","image":{"url":"http:\/\/sitefacilitado.com.br\/membros\/wp-content\/uploads\/2020\/03\/photo-1535295972055-1c762f4483e5.jpeg","id":"6025"},"_id":"427c840","rating":"","social_icon":"fa fa-twitter","link":{"url":"https:\/\/twitter.com","is_external":"","nofollow":""}}],"slides_per_view":"1","slides_to_scroll":"1","width":{"unit":"%","size":"92","sizes":[]},"show_arrows":"","pagination":"progressbar","space_between":{"unit":"px","size":"0","sizes":[]},"slide_background_color":"rgba(0,0,0,0)","slide_border_radius":{"unit":"px","size":"0","sizes":[]},"slide_border_color":"rgba(0,0,0,0)","slide_padding":{"unit":"px","top":"44","right":"24","bottom":"44","left":"24","isLinked":""},"header_background_color":"rgba(0,0,0,0)","content_gap":{"unit":"px","size":"24","sizes":[]},"separator_color":"rgba(0,0,0,0)","separator_size":{"unit":"px","size":"0","sizes":[]},"name_color":"#212529","name_typography_typography":"custom","name_typography_font_family":"Karla","name_typography_font_size":{"unit":"em","size":"1.1","sizes":[]},"name_typography_font_weight":"700","name_typography_line_height":{"unit":"em","size":"1.3","sizes":[]},"name_typography_letter_spacing":{"unit":"px","size":"-0.6","sizes":[]},"title_color":"rgba(73,80,87,0.83)","title_typography_typography":"custom","title_typography_font_family":"Karla","title_typography_font_size":{"unit":"em","size":"0.86","sizes":[]},"title_typography_font_weight":"400","title_typography_line_height":{"unit":"em","size":"1.6","sizes":[]},"content_color":"#495057","content_typography_typography":"custom","content_typography_font_family":"Karla","content_typography_font_size":{"unit":"em","size":"0.98","sizes":[]},"content_typography_font_weight":"400","content_typography_line_height":{"unit":"em","size":"1.74","sizes":[]},"image_size":{"unit":"px","size":"38","sizes":[]},"image_gap":{"unit":"px","size":"18","sizes":[]},"image_border_radius":{"unit":"px","size":"100","sizes":[]},"icon_color":"custom","icon_custom_color":"#c4b997","icon_size":{"unit":"px","size":"16","sizes":[]},"star_size":{"unit":"px","size":"3","sizes":[]},"star_space":{"unit":"px","size":"0","sizes":[]},"arrows_size":{"unit":"px","size":"14","sizes":[]},"arrows_color":"#212529","pagination_size":{"unit":"px","size":"4","sizes":[]},"pagination_color":"#212529"},"elements":[],"isInner":false,"widgetType":"reviews","elType":"widget"}],"isInner":"","elType":"column"}],"isInner":"","elType":"section"},{"id":"70878913","settings":{"padding":{"unit":"em","top":"0","right":"0","bottom":"0","left":"0","isLinked":""}},"elements":[{"id":"1c98a7ba","settings":{"_column_size":"100","space_between_widgets":"0"},"elements":[{"id":"55277f4e","settings":{"title":"Want to see all our client reviews &amp; testimonials?","header_size":"h3","align":"center","title_color":"rgba(73,80,87,0.81)","typography_typography":"custom","typography_font_family":"Karla","typography_font_size":{"unit":"em","size":"1","sizes":[]},"typography_font_weight":"400","typography_line_height":{"unit":"em","size":"1.7","sizes":[]},"typography_letter_spacing":{"unit":"px","size":"-0.1","sizes":[]}},"elements":[],"isInner":false,"widgetType":"heading","elType":"widget"},{"id":"6be90ae6","settings":{"text":"See More Testimonials","align":"center","size":"md","typography_typography":"custom","typography_font_family":"Karla","typography_font_size":{"unit":"em","size":"1.144","sizes":[]},"typography_font_weight":"700","typography_letter_spacing":{"unit":"px","size":"-0.5","sizes":[]},"button_text_color":"#bfac7e","background_color":"rgba(87,84,254,0)","hover_color":"#212529","button_background_hover_color":"rgba(33,37,41,0)","hover_animation":"bob","border_radius":{"unit":"px","top":"5","right":"5","bottom":"5","left":"5","isLinked":"1"},"text_padding":{"unit":"em","top":"0","right":"0","bottom":"0","left":"0","isLinked":"1"},"_padding":{"unit":"em","top":"0","right":"0","bottom":"0","left":"0","isLinked":""},"typography_line_height":{"unit":"em","size":"2","sizes":[]}},"elements":[],"isInner":false,"widgetType":"button","elType":"widget"},{"id":"7367cb63","settings":{"content_width":{"unit":"px","size":"553","sizes":[]},"padding":{"unit":"em","top":"6","right":"0","bottom":"05","left":"0","isLinked":""}},"elements":[{"id":"696448b","settings":{"_column_size":"100","_inline_size":"","space_between_widgets":"0"},"elements":[{"id":"38a90622","settings":{"title":"Connect Your Sales With Your Future Customers","align":"center","title_color":"#212529","typography_typography":"custom","typography_font_family":"Karla","typography_font_size":{"unit":"em","size":"2.8","sizes":[]},"typography_font_size_mobile":{"unit":"em","size":"2.3","sizes":[]},"typography_font_weight":"400","typography_line_height":{"unit":"em","size":"1.15","sizes":[]},"typography_letter_spacing":{"unit":"px","size":"-2","sizes":[]},"_padding":{"unit":"em","top":"0","right":"0","bottom":"0.3","left":"0","isLinked":""},"_padding_mobile":{"unit":"em","top":"0","right":"0","bottom":"0","left":"0","isLinked":"1"}},"elements":[],"isInner":false,"widgetType":"heading","elType":"widget"},{"id":"7ac81f22","settings":{"text":"Let's Work Together","align":"center","size":"md","typography_typography":"custom","typography_font_family":"Karla","typography_font_size":{"unit":"em","size":"1.144","sizes":[]},"typography_font_weight":"700","typography_letter_spacing":{"unit":"px","size":"-0.5","sizes":[]},"button_text_color":"#ffffff","background_color":"#c4b997","hover_color":"#ffffff","button_background_hover_color":"#212529","hover_animation":"bob","border_radius":{"unit":"px","top":"5","right":"5","bottom":"5","left":"5","isLinked":"1"},"text_padding":{"unit":"em","top":"1.15","right":"2.65","bottom":"1.15","left":"2.65","isLinked":""},"_padding":{"unit":"em","top":"2","right":"0","bottom":"0","left":"0","isLinked":""}},"elements":[],"isInner":false,"widgetType":"button","elType":"widget"},{"id":"67a9ec72","settings":{"social_icon_list":[{"social":"fa fa-facebook","_id":"072f3db","link":{"url":"https:\/\/facebook.com","is_external":"true","nofollow":""}},{"social":"fa fa-twitter","_id":"2582553","link":{"url":"https:\/\/twitter.com","is_external":"true","nofollow":""}},{"social":"fa fa-instagram","_id":"20222a0","link":{"url":"https:\/\/instagram.com","is_external":"true","nofollow":""}},{"social":"fa fa-linkedin","_id":"b8799b2","link":{"url":"https:\/\/linkedin.com","is_external":"true","nofollow":""}}],"icon_color":"custom","icon_primary_color":"rgba(111,132,148,0.05)","icon_secondary_color":"#c4b997","icon_size":{"unit":"px","size":"13","sizes":[]},"icon_padding":{"unit":"em","size":"1.1","sizes":[]},"icon_spacing":{"unit":"px","size":"6","sizes":[]},"border_radius":{"unit":"px","top":"26","right":"26","bottom":"26","left":"26","isLinked":"1"},"_padding":{"unit":"em","top":"2","right":"0","bottom":"0","left":"0","isLinked":""},"hover_primary_color":"#c4b997","hover_secondary_color":"#ffffff"},"elements":[],"isInner":false,"widgetType":"social-icons","elType":"widget"},{"id":"47ae516d","settings":{"editor":"<p>Fuel your brand and drive results with 100% proven campaigns!<\/p>","align":"center","text_color":"#8f969b","typography_typography":"custom","typography_font_family":"Karla","typography_font_size":{"unit":"em","size":"0.82","sizes":[]},"typography_line_height":{"unit":"em","size":"1.555","sizes":[]},"_padding":{"unit":"em","top":"0","right":"12","bottom":"0","left":"12","isLinked":""},"_padding_mobile":{"unit":"em","top":"0","right":"0","bottom":"0","left":"0","isLinked":"1"}},"elements":[],"isInner":false,"widgetType":"text-editor","elType":"widget"}],"isInner":"1","elType":"column"}],"isInner":"1","elType":"section"}],"isInner":"","elType":"column"}],"isInner":"","elType":"section"}],"isInner":"","elType":"column"}],"isInner":"","elType":"section"}]}