{"version":"0.4","title":"Social Media Consultant > Case Studies","type":"page","content":[{"id":"4d7d2da1","settings":{"content_width":{"unit":"px","size":"1180","sizes":[]},"padding":{"unit":"em","top":"7","right":"0","bottom":"2.5","left":"0","isLinked":""},"shape_divider_top":"wave-brush","shape_divider_top_color":"rgba(33,37,41,0.01)","shape_divider_top_width":{"unit":"%","size":"193","sizes":[]},"shape_divider_top_height":{"unit":"px","size":"165","sizes":[]},"text_align":"center"},"elements":[{"id":"2518a077","settings":{"_column_size":"100","_inline_size":"","padding":{"unit":"em","top":"0","right":"0","bottom":"0","left":"0","isLinked":""},"content_position":"center"},"elements":[{"id":"3586972e","settings":{"content_width":{"unit":"px","size":"510","sizes":[]}},"elements":[{"id":"7ae866b5","settings":{"_column_size":"100","_inline_size":"","align":"center"},"elements":[{"id":"361af122","settings":{"title":"Case Studies","header_size":"h1","align":"center","title_color":"#ffffff","typography_typography":"custom","typography_font_family":"Karla","typography_font_size":{"unit":"em","size":"0.82","sizes":[]},"typography_font_weight":"700","typography_line_height":{"unit":"em","size":"1.15","sizes":[]},"typography_letter_spacing":{"unit":"px","size":"0.6","sizes":[]},"typography_text_transform":"uppercase","_margin":{"unit":"px","top":"0","right":"0","bottom":"35","left":"0","isLinked":""},"_padding":{"unit":"em","top":"0.35","right":"0.65","bottom":"0.38","left":"0.65","isLinked":""},"_background_background":"classic","_background_color":"rgba(196,185,151,0.79)","_border_radius":{"unit":"px","top":"6","right":"6","bottom":"6","left":"6","isLinked":"1"},"_element_width":"auto"},"elements":[],"isInner":false,"widgetType":"heading","elType":"widget"},{"id":"5af5e3ce","settings":{"title":"Case Studies That Transfrormed Brands","header_size":"h1","align":"center","title_color":"#212529","typography_typography":"custom","typography_font_family":"Karla","typography_font_size":{"unit":"em","size":"3.555","sizes":[]},"typography_font_size_mobile":{"unit":"em","size":"2.8","sizes":[]},"typography_font_weight":"400","typography_line_height":{"unit":"em","size":"1.15","sizes":[]},"typography_letter_spacing":{"unit":"px","size":"-3.6","sizes":[]},"typography_letter_spacing_mobile":{"unit":"px","size":"-3","sizes":[]}},"elements":[],"isInner":false,"widgetType":"heading","elType":"widget"},{"id":"408a8f9a","settings":{"editor":"<p>Sed ut perspiciatis unde omnis iste natus error sit voluptatem accusantium.<\/p>","align":"center","text_color":"#495057","typography_typography":"custom","typography_font_family":"Karla","typography_font_size":{"unit":"em","size":"1.255","sizes":[]},"typography_line_height":{"unit":"em","size":"1.555","sizes":[]},"_padding":{"unit":"em","top":"0","right":"0","bottom":"0","left":"0","isLinked":""}},"elements":[],"isInner":false,"widgetType":"text-editor","elType":"widget"}],"isInner":"1","elType":"column"}],"isInner":"1","elType":"section"}],"isInner":"","elType":"column"}],"isInner":"","elType":"section"},{"id":"19457a90","settings":{"structure":"30","gap":"extended","background_background":"classic","background_color":"#ffffff"},"elements":[{"id":"66eb0de4","settings":{"_column_size":"33","_inline_size":"","space_between_widgets":"2","_inline_size_tablet":"50","animation":"fadeInUp","animation_duration":"fast"},"elements":[{"id":"518728ec","settings":{"graphic_element":"image","title_text_a":"Coss Svenska","description_text_a":"Increased Their Conversation Rate by 400%","background_a_background":"classic","background_a_color":"#252930","background_a_position":"center center","background_a_repeat":"no-repeat","background_a_size":"cover","title_text_b":"Coss Svenska","description_text_b":"Had Over 1,200 Conversations In First Four Months. Booked 80 Demos in a Month (Without Using Forms)","button_text":"See Details","background_b_background":"classic","background_b_color":"#212529","background_b_image":{"id":"89","url":"https:\/\/wp.envatoextensions.com\/kit-169\/wp-content\/uploads\/sites\/165\/2019\/04\/photo-1525459715390-11a3e77bc887.jpeg"},"background_b_position":"center center","background_b_repeat":"no-repeat","background_overlay_b":"rgba(33,37,41,0.68)","height":{"unit":"px","size":"370"},"border_radius":{"unit":"px","size":"5"},"flip_effect":"zoom-out","vertical_position_a":"bottom","title_spacing_a":{"unit":"px","size":"12"},"title_color_a":"#ffffff","title_typography_a_typography":"custom","title_typography_a_font_family":"Karla","title_typography_a_font_size":{"unit":"em","size":"1.63"},"title_typography_a_font_weight":"700","title_typography_a_line_height":{"unit":"em","size":"1"},"title_typography_a_letter_spacing":{"unit":"px","size":"-1"},"description_color_a":"rgba(255,255,255,0.81)","description_typography_a_typography":"custom","description_typography_a_font_family":"Karla","description_typography_a_font_size":{"unit":"em","size":"0.97"},"description_typography_a_font_weight":"400","description_typography_a_line_height":{"unit":"em","size":"1.3"},"description_typography_a_letter_spacing":{"unit":"px","size":"-0.6"},"padding_b":{"unit":"em","top":"2","right":"2","bottom":"0.5","left":"2","isLinked":""},"vertical_position_b":"middle","title_spacing_b":{"unit":"px","size":"24"},"title_color_b":"#ffffff","title_typography_b_typography":"custom","title_typography_b_font_family":"Karla","title_typography_b_font_size":{"unit":"em","size":"1.76"},"title_typography_b_font_weight":"700","title_typography_b_line_height":{"unit":"em","size":"1"},"title_typography_b_letter_spacing":{"unit":"px","size":"-1.2"},"description_spacing_b":{"unit":"px","size":"38"},"description_color_b":"rgba(255,255,255,0.91)","description_typography_b_typography":"custom","description_typography_b_font_family":"Karla","description_typography_b_font_size":{"unit":"em","size":"1"},"description_typography_b_font_weight":"400","description_typography_b_line_height":{"unit":"em","size":"1.5"},"description_typography_b_letter_spacing":{"unit":"px","size":"-0.3"},"button_size":"lg","button_typography_typography":"custom","button_typography_font_family":"Karla","button_typography_font_size":{"unit":"em","size":"0.84"},"button_typography_font_weight":"700","button_typography_text_transform":"uppercase","button_typography_line_height":{"unit":"em","size":"0.8"},"button_typography_letter_spacing":{"unit":"px","size":"0.8"},"button_text_color":"#ffffff","button_background_color":"#c4b997","button_border_color":"#c4b997","button_border_width":{"unit":"px","size":""},"button_border_radius":{"unit":"px","size":"5"},"image":{"id":"6010","url":"http:\/\/sitefacilitado.com.br\/membros\/wp-content\/uploads\/2020\/03\/client-light-01-1.png"},"image_size":"custom","image_custom_dimension":{"width":"300","height":"300"},"image_spacing":{"unit":"px","size":"8"},"image_width":{"unit":"%","size":"90"},"image_opacity":{"unit":"px","size":"0.9"},"_border_border":"solid","_border_width":{"unit":"px","top":"1","right":"1","bottom":"1","left":"1","isLinked":"1"},"_border_color":"rgba(99,115,129,0.18)","background_a_image":{"id":"399","url":"https:\/\/wp.envatoextensions.com\/kit-169\/wp-content\/uploads\/sites\/165\/2019\/04\/photo-1519211975560-4ca611f5a72a.jpeg"},"background_overlay_a":"rgba(68,68,68,0.68)","link":{"url":"#","is_external":"","nofollow":""},"background_b_size":"initial","background_b_bg_width":{"unit":"vw","size":"47","sizes":[]},"padding_a":{"unit":"em","top":"2","right":"4","bottom":"2","left":"4","isLinked":""},"image_border_radius":{"unit":"px","size":"5","sizes":[]},"background_b_size_mobile":"cover"},"elements":[],"isInner":false,"widgetType":"flip-box","elType":"widget"},{"id":"6d94fa5b","settings":{"text":"View Case Study","align":"center","size":"md","typography_typography":"custom","typography_font_family":"Karla","typography_font_size":{"unit":"em","size":"1","sizes":[]},"typography_font_weight":"700","typography_letter_spacing":{"unit":"px","size":"-0.8","sizes":[]},"button_text_color":"#bfac7e","background_color":"rgba(87,84,254,0)","hover_color":"#212529","button_background_hover_color":"rgba(33,37,41,0)","hover_animation":"bob","border_radius":{"unit":"px","top":"5","right":"5","bottom":"5","left":"5","isLinked":"1"},"text_padding":{"unit":"em","top":"0","right":"0","bottom":"0","left":"0","isLinked":"1"},"_padding":{"unit":"em","top":"0.3","right":"0","bottom":"0.6","left":"0","isLinked":""},"typography_line_height":{"unit":"em","size":"2","sizes":[]}},"elements":[],"isInner":false,"widgetType":"button","elType":"widget"}],"isInner":"1","elType":"column"},{"id":"e4a8bce","settings":{"_column_size":"33","_inline_size":"","space_between_widgets":"2","_inline_size_tablet":"50","background_background":"classic","background_color":"#ffffff","animation":"fadeInUp","animation_duration":"fast","animation_delay":"200"},"elements":[{"id":"39d101f4","settings":{"graphic_element":"image","title_text_a":"Neue Welle","description_text_a":"Booked 80 Demos in a Month (Without Using Forms)","background_a_background":"classic","background_a_color":"#252930","background_a_position":"center center","background_a_repeat":"no-repeat","background_a_size":"cover","title_text_b":"Neue Welle Co.","description_text_b":"Had Over 1,200 Conversations In First Four Months. Booked 80 Demos in a Month (Without Using Forms)","button_text":"See Details","background_b_background":"classic","background_b_color":"#212529","background_b_image":{"id":"87","url":"https:\/\/wp.envatoextensions.com\/kit-169\/wp-content\/uploads\/sites\/165\/2019\/04\/photo-1547031536-49dc50b57a62.jpeg"},"background_b_position":"center center","background_b_repeat":"no-repeat","background_overlay_b":"rgba(33,37,41,0.68)","height":{"unit":"px","size":"370"},"border_radius":{"unit":"px","size":"5"},"flip_effect":"zoom-out","vertical_position_a":"bottom","title_spacing_a":{"unit":"px","size":"12"},"title_color_a":"#ffffff","title_typography_a_typography":"custom","title_typography_a_font_family":"Karla","title_typography_a_font_size":{"unit":"em","size":"1.63"},"title_typography_a_font_weight":"700","title_typography_a_line_height":{"unit":"em","size":"1"},"title_typography_a_letter_spacing":{"unit":"px","size":"-1"},"description_color_a":"rgba(255,255,255,0.81)","description_typography_a_typography":"custom","description_typography_a_font_family":"Karla","description_typography_a_font_size":{"unit":"em","size":"0.97"},"description_typography_a_font_weight":"400","description_typography_a_line_height":{"unit":"em","size":"1.3"},"description_typography_a_letter_spacing":{"unit":"px","size":"-0.6"},"padding_b":{"unit":"em","top":"2","right":"2","bottom":"0.5","left":"2","isLinked":""},"vertical_position_b":"middle","title_spacing_b":{"unit":"px","size":"24"},"title_color_b":"#ffffff","title_typography_b_typography":"custom","title_typography_b_font_family":"Karla","title_typography_b_font_size":{"unit":"em","size":"1.76"},"title_typography_b_font_weight":"700","title_typography_b_line_height":{"unit":"em","size":"1"},"title_typography_b_letter_spacing":{"unit":"px","size":"-1.2"},"description_spacing_b":{"unit":"px","size":"38"},"description_color_b":"rgba(255,255,255,0.91)","description_typography_b_typography":"custom","description_typography_b_font_family":"Karla","description_typography_b_font_size":{"unit":"em","size":"1"},"description_typography_b_font_weight":"400","description_typography_b_line_height":{"unit":"em","size":"1.5"},"description_typography_b_letter_spacing":{"unit":"px","size":"-0.3"},"button_size":"lg","button_typography_typography":"custom","button_typography_font_family":"Karla","button_typography_font_size":{"unit":"em","size":"0.84"},"button_typography_font_weight":"700","button_typography_text_transform":"uppercase","button_typography_line_height":{"unit":"em","size":"0.8"},"button_typography_letter_spacing":{"unit":"px","size":"0.8"},"button_text_color":"#ffffff","button_background_color":"#c4b997","button_border_color":"#c4b997","button_border_width":{"unit":"px","size":""},"button_border_radius":{"unit":"px","size":"5"},"image":{"id":"6012","url":"http:\/\/sitefacilitado.com.br\/membros\/wp-content\/uploads\/2020\/03\/client-light-02-1.png"},"image_size":"custom","image_custom_dimension":{"width":"300","height":"300"},"image_spacing":{"unit":"px","size":"8"},"image_width":{"unit":"%","size":"90"},"image_opacity":{"unit":"px","size":"0.9"},"_border_border":"solid","_border_width":{"unit":"px","top":"1","right":"1","bottom":"1","left":"1","isLinked":"1"},"_border_color":"rgba(99,115,129,0.18)","background_a_image":{"id":"6081","url":"http:\/\/sitefacilitado.com.br\/membros\/wp-content\/uploads\/2020\/03\/photo-1547032175-7fc8c7bd15b3.jpeg"},"background_overlay_a":"rgba(68,68,68,0.68)","background_b_size":"initial","background_b_bg_width":{"unit":"vw","size":"47","sizes":[]},"padding_a":{"unit":"em","top":"2","right":"4","bottom":"2","left":"4","isLinked":""},"image_border_radius":{"unit":"px","size":"5","sizes":[]},"background_b_size_mobile":"cover"},"elements":[],"isInner":false,"widgetType":"flip-box","elType":"widget"},{"id":"6d1ab96f","settings":{"text":"View Case Study","align":"center","size":"md","typography_typography":"custom","typography_font_family":"Karla","typography_font_size":{"unit":"em","size":"1","sizes":[]},"typography_font_weight":"700","typography_letter_spacing":{"unit":"px","size":"-0.8","sizes":[]},"button_text_color":"#bfac7e","background_color":"rgba(87,84,254,0)","hover_color":"#212529","button_background_hover_color":"rgba(33,37,41,0)","hover_animation":"bob","border_radius":{"unit":"px","top":"5","right":"5","bottom":"5","left":"5","isLinked":"1"},"text_padding":{"unit":"em","top":"0","right":"0","bottom":"0","left":"0","isLinked":"1"},"_padding":{"unit":"em","top":"0.3","right":"0","bottom":"0.6","left":"0","isLinked":""},"typography_line_height":{"unit":"em","size":"2","sizes":[]}},"elements":[],"isInner":false,"widgetType":"button","elType":"widget"}],"isInner":"1","elType":"column"},{"id":"11f4570f","settings":{"_column_size":"33","_inline_size":"","space_between_widgets":"2","_inline_size_tablet":"100","margin_tablet":{"unit":"%","top":"0","right":"0","bottom":"0","left":"0","isLinked":""},"padding_tablet":{"unit":"em","top":"0","right":"13","bottom":"0","left":"13","isLinked":""},"padding_mobile":{"unit":"em","top":"1","right":"1","bottom":"1","left":"1","isLinked":"1"},"animation":"fadeInUp","animation_duration":"fast","animation_delay":"400"},"elements":[{"id":"628ffe3c","settings":{"graphic_element":"image","title_text_a":"Thrive Now","description_text_a":"4.000 New Leads + $1M in Pipeline in 3 months","background_a_background":"classic","background_a_color":"#252930","background_a_position":"center center","background_a_repeat":"no-repeat","background_a_size":"cover","title_text_b":"Aasen Co.","description_text_b":"Had Over 1,200 Conversations In First Four Months. Booked 80 Demos in a Month (Without Using Forms)","button_text":"See Details","background_b_background":"classic","background_b_color":"#212529","background_b_image":{"id":"6034","url":"http:\/\/sitefacilitado.com.br\/membros\/wp-content\/uploads\/2020\/03\/photo-1525900907992-84464c86d6b4.jpeg"},"background_b_position":"center center","background_b_repeat":"no-repeat","background_overlay_b":"rgba(33,37,41,0.68)","height":{"unit":"px","size":"370"},"border_radius":{"unit":"px","size":"5"},"flip_effect":"zoom-out","vertical_position_a":"bottom","title_spacing_a":{"unit":"px","size":"12"},"title_color_a":"#ffffff","title_typography_a_typography":"custom","title_typography_a_font_family":"Karla","title_typography_a_font_size":{"unit":"em","size":"1.63"},"title_typography_a_font_weight":"700","title_typography_a_line_height":{"unit":"em","size":"1"},"title_typography_a_letter_spacing":{"unit":"px","size":"-1"},"description_color_a":"rgba(255,255,255,0.81)","description_typography_a_typography":"custom","description_typography_a_font_family":"Karla","description_typography_a_font_size":{"unit":"em","size":"0.97"},"description_typography_a_font_weight":"400","description_typography_a_line_height":{"unit":"em","size":"1.3"},"description_typography_a_letter_spacing":{"unit":"px","size":"-0.6"},"padding_b":{"unit":"em","top":"2","right":"2","bottom":"0.5","left":"2","isLinked":""},"vertical_position_b":"middle","title_spacing_b":{"unit":"px","size":"24"},"title_color_b":"#ffffff","title_typography_b_typography":"custom","title_typography_b_font_family":"Karla","title_typography_b_font_size":{"unit":"em","size":"1.76"},"title_typography_b_font_weight":"700","title_typography_b_line_height":{"unit":"em","size":"1"},"title_typography_b_letter_spacing":{"unit":"px","size":"-1.2"},"description_spacing_b":{"unit":"px","size":"38"},"description_color_b":"rgba(255,255,255,0.91)","description_typography_b_typography":"custom","description_typography_b_font_family":"Karla","description_typography_b_font_size":{"unit":"em","size":"1"},"description_typography_b_font_weight":"400","description_typography_b_line_height":{"unit":"em","size":"1.5"},"description_typography_b_letter_spacing":{"unit":"px","size":"-0.3"},"button_size":"lg","button_typography_typography":"custom","button_typography_font_family":"Karla","button_typography_font_size":{"unit":"em","size":"0.84"},"button_typography_font_weight":"700","button_typography_text_transform":"uppercase","button_typography_line_height":{"unit":"em","size":"0.8"},"button_typography_letter_spacing":{"unit":"px","size":"0.8"},"button_text_color":"#ffffff","button_background_color":"#c4b997","button_border_color":"#c4b997","button_border_width":{"unit":"px","size":""},"button_border_radius":{"unit":"px","size":"5"},"image":{"id":"6013","url":"http:\/\/sitefacilitado.com.br\/membros\/wp-content\/uploads\/2020\/03\/client-light-03-1.png"},"image_size":"custom","image_custom_dimension":{"width":"300","height":"300"},"image_spacing":{"unit":"px","size":"8"},"image_width":{"unit":"%","size":"90"},"image_opacity":{"unit":"px","size":"0.9"},"_border_border":"solid","_border_width":{"unit":"px","top":"1","right":"1","bottom":"1","left":"1","isLinked":"1"},"_border_color":"rgba(99,115,129,0.18)","background_a_image":{"id":"6034","url":"http:\/\/sitefacilitado.com.br\/membros\/wp-content\/uploads\/2020\/03\/photo-1525900907992-84464c86d6b4.jpeg"},"background_overlay_a":"rgba(68,68,68,0.68)","link":{"url":"#","is_external":"","nofollow":""},"background_b_size":"initial","background_b_bg_width":{"unit":"vw","size":"47","sizes":[]},"padding_a":{"unit":"em","top":"2","right":"4","bottom":"2","left":"4","isLinked":""},"image_border_radius":{"unit":"px","size":"5","sizes":[]},"background_b_size_mobile":"cover"},"elements":[],"isInner":false,"widgetType":"flip-box","elType":"widget"},{"id":"4228dda6","settings":{"text":"View Case Study","align":"center","size":"md","typography_typography":"custom","typography_font_family":"Karla","typography_font_size":{"unit":"em","size":"1","sizes":[]},"typography_font_weight":"700","typography_letter_spacing":{"unit":"px","size":"-0.8","sizes":[]},"button_text_color":"#bfac7e","background_color":"rgba(87,84,254,0)","hover_color":"#212529","button_background_hover_color":"rgba(33,37,41,0)","hover_animation":"bob","border_radius":{"unit":"px","top":"5","right":"5","bottom":"5","left":"5","isLinked":"1"},"text_padding":{"unit":"em","top":"0","right":"0","bottom":"0","left":"0","isLinked":"1"},"_padding":{"unit":"em","top":"0.3","right":"0","bottom":"0.6","left":"0","isLinked":""},"typography_line_height":{"unit":"em","size":"2","sizes":[]}},"elements":[],"isInner":false,"widgetType":"button","elType":"widget"}],"isInner":"1","elType":"column"}],"isInner":"1","elType":"section"},{"id":"4abffb80","settings":{"structure":"30","gap":"extended"},"elements":[{"id":"334e6a83","settings":{"_column_size":"33","_inline_size":"","space_between_widgets":"2","_inline_size_tablet":"50"},"elements":[{"id":"42333d26","settings":{"graphic_element":"image","title_text_a":"Lift Mitte","description_text_a":"Converted 150% More Leads Than Traditional Forms","background_a_background":"classic","background_a_color":"#252930","background_a_position":"center center","background_a_repeat":"no-repeat","background_a_size":"cover","title_text_b":"Coss Svenska","description_text_b":"Had Over 1,200 Conversations In First Four Months. Booked 80 Demos in a Month (Without Using Forms)","button_text":"See Details","background_b_background":"classic","background_b_color":"#16202f","background_b_image":{"id":"6083","url":"http:\/\/sitefacilitado.com.br\/membros\/wp-content\/uploads\/2020\/03\/photo-1516062423079-7ca13cdc7f5a.jpeg"},"background_b_position":"center center","background_b_repeat":"no-repeat","background_overlay_b":"rgba(22,32,47,0.76)","height":{"unit":"px","size":"370"},"border_radius":{"unit":"px","size":"5"},"flip_effect":"zoom-out","vertical_position_a":"bottom","title_spacing_a":{"unit":"px","size":"12"},"title_color_a":"#ffffff","title_typography_a_typography":"custom","title_typography_a_font_family":"Karla","title_typography_a_font_size":{"unit":"em","size":"1.63"},"title_typography_a_font_weight":"700","title_typography_a_line_height":{"unit":"em","size":"1"},"title_typography_a_letter_spacing":{"unit":"px","size":"-1"},"description_color_a":"rgba(255,255,255,0.81)","description_typography_a_typography":"custom","description_typography_a_font_family":"Karla","description_typography_a_font_size":{"unit":"em","size":"0.97"},"description_typography_a_font_weight":"400","description_typography_a_line_height":{"unit":"em","size":"1.3"},"description_typography_a_letter_spacing":{"unit":"px","size":"-0.6"},"padding_b":{"unit":"em","top":"2","right":"2","bottom":"0.5","left":"2","isLinked":""},"vertical_position_b":"middle","title_spacing_b":{"unit":"px","size":"24"},"title_color_b":"#ffffff","title_typography_b_typography":"custom","title_typography_b_font_family":"Karla","title_typography_b_font_size":{"unit":"em","size":"1.76"},"title_typography_b_font_weight":"700","title_typography_b_line_height":{"unit":"em","size":"1"},"title_typography_b_letter_spacing":{"unit":"px","size":"-1.2"},"description_spacing_b":{"unit":"px","size":"38"},"description_color_b":"rgba(255,255,255,0.91)","description_typography_b_typography":"custom","description_typography_b_font_family":"Karla","description_typography_b_font_size":{"unit":"em","size":"1"},"description_typography_b_font_weight":"400","description_typography_b_line_height":{"unit":"em","size":"1.5"},"description_typography_b_letter_spacing":{"unit":"px","size":"-0.3"},"button_size":"lg","button_typography_typography":"custom","button_typography_font_family":"Karla","button_typography_font_size":{"unit":"em","size":"0.84"},"button_typography_font_weight":"700","button_typography_text_transform":"uppercase","button_typography_line_height":{"unit":"em","size":"0.8"},"button_typography_letter_spacing":{"unit":"px","size":"0.8"},"button_text_color":"#ffffff","button_background_color":"#c4b997","button_border_color":"#c4b997","button_border_width":{"unit":"px","size":""},"button_border_radius":{"unit":"px","size":"5"},"image":{"id":"6011","url":"http:\/\/sitefacilitado.com.br\/membros\/wp-content\/uploads\/2020\/03\/client-light-004-1.png"},"image_size":"custom","image_custom_dimension":{"width":"300","height":"300"},"image_spacing":{"unit":"px","size":"8"},"image_width":{"unit":"%","size":"90"},"image_opacity":{"unit":"px","size":"0.9"},"_border_border":"solid","_border_width":{"unit":"px","top":"1","right":"1","bottom":"1","left":"1","isLinked":"1"},"_border_color":"rgba(99,115,129,0.18)","background_a_image":{"id":"6083","url":"http:\/\/sitefacilitado.com.br\/membros\/wp-content\/uploads\/2020\/03\/photo-1516062423079-7ca13cdc7f5a.jpeg"},"background_overlay_a":"rgba(68,68,68,0.68)","link":{"url":"#","is_external":"","nofollow":""},"background_b_size":"initial","background_b_bg_width":{"unit":"vw","size":"47","sizes":[]},"padding_a":{"unit":"em","top":"2","right":"4","bottom":"2","left":"4","isLinked":""},"image_border_radius":{"unit":"px","size":"5","sizes":[]}},"elements":[],"isInner":false,"widgetType":"flip-box","elType":"widget"},{"id":"372772ab","settings":{"text":"More Details","align":"center","size":"md","typography_typography":"custom","typography_font_family":"Karla","typography_font_size":{"unit":"em","size":"1","sizes":[]},"typography_font_weight":"700","typography_letter_spacing":{"unit":"px","size":"-0.8","sizes":[]},"button_text_color":"#212529","background_color":"rgba(87,84,254,0)","hover_color":"#212529","button_background_hover_color":"rgba(33,37,41,0)","hover_animation":"bob","border_radius":{"unit":"px","top":"5","right":"5","bottom":"5","left":"5","isLinked":"1"},"text_padding":{"unit":"em","top":"0","right":"0","bottom":"0","left":"0","isLinked":"1"},"_padding":{"unit":"em","top":"0.3","right":"0","bottom":"0.6","left":"0","isLinked":""},"typography_line_height":{"unit":"em","size":"2","sizes":[]}},"elements":[],"isInner":false,"widgetType":"button","elType":"widget"}],"isInner":"1","elType":"column"},{"id":"1a07f042","settings":{"_column_size":"33","_inline_size":"","space_between_widgets":"2","_inline_size_tablet":"50"},"elements":[{"id":"709c093e","settings":{"graphic_element":"image","title_text_a":"We Work","description_text_a":"Booked $1.7 Million In New Business In First Five Months","background_a_background":"classic","background_a_color":"#252930","background_a_position":"center center","background_a_repeat":"no-repeat","background_a_size":"cover","title_text_b":"Neue Welle Co.","description_text_b":"Had Over 1,200 Conversations In First Four Months. Booked 80 Demos in a Month (Without Using Forms)","button_text":"See Details","background_b_background":"classic","background_b_color":"#16202f","background_b_image":{"id":"6084","url":"http:\/\/sitefacilitado.com.br\/membros\/wp-content\/uploads\/2020\/03\/photo-1504042720198-9634a2a560e2.jpeg"},"background_b_position":"center center","background_b_repeat":"no-repeat","background_overlay_b":"rgba(22,32,47,0.76)","height":{"unit":"px","size":"370"},"border_radius":{"unit":"px","size":"5"},"flip_effect":"zoom-out","vertical_position_a":"bottom","title_spacing_a":{"unit":"px","size":"12"},"title_color_a":"#ffffff","title_typography_a_typography":"custom","title_typography_a_font_family":"Karla","title_typography_a_font_size":{"unit":"em","size":"1.63"},"title_typography_a_font_weight":"700","title_typography_a_line_height":{"unit":"em","size":"1"},"title_typography_a_letter_spacing":{"unit":"px","size":"-1"},"description_color_a":"rgba(255,255,255,0.81)","description_typography_a_typography":"custom","description_typography_a_font_family":"Karla","description_typography_a_font_size":{"unit":"em","size":"0.97"},"description_typography_a_font_weight":"400","description_typography_a_line_height":{"unit":"em","size":"1.3"},"description_typography_a_letter_spacing":{"unit":"px","size":"-0.6"},"padding_b":{"unit":"em","top":"2","right":"2","bottom":"0.5","left":"2","isLinked":""},"vertical_position_b":"middle","title_spacing_b":{"unit":"px","size":"24"},"title_color_b":"#ffffff","title_typography_b_typography":"custom","title_typography_b_font_family":"Karla","title_typography_b_font_size":{"unit":"em","size":"1.76"},"title_typography_b_font_weight":"700","title_typography_b_line_height":{"unit":"em","size":"1"},"title_typography_b_letter_spacing":{"unit":"px","size":"-1.2"},"description_spacing_b":{"unit":"px","size":"38"},"description_color_b":"rgba(255,255,255,0.91)","description_typography_b_typography":"custom","description_typography_b_font_family":"Karla","description_typography_b_font_size":{"unit":"em","size":"1"},"description_typography_b_font_weight":"400","description_typography_b_line_height":{"unit":"em","size":"1.5"},"description_typography_b_letter_spacing":{"unit":"px","size":"-0.3"},"button_size":"lg","button_typography_typography":"custom","button_typography_font_family":"Karla","button_typography_font_size":{"unit":"em","size":"0.84"},"button_typography_font_weight":"700","button_typography_text_transform":"uppercase","button_typography_line_height":{"unit":"em","size":"0.8"},"button_typography_letter_spacing":{"unit":"px","size":"0.8"},"button_text_color":"#ffffff","button_background_color":"#c4b997","button_border_color":"#c4b997","button_border_width":{"unit":"px","size":""},"button_border_radius":{"unit":"px","size":"5"},"image":{"id":"6090","url":"http:\/\/sitefacilitado.com.br\/membros\/wp-content\/uploads\/2020\/03\/client-light-05.png"},"image_size":"custom","image_custom_dimension":{"width":"300","height":"300"},"image_spacing":{"unit":"px","size":"8"},"image_width":{"unit":"%","size":"90"},"image_opacity":{"unit":"px","size":"0.9"},"_border_border":"solid","_border_width":{"unit":"px","top":"1","right":"1","bottom":"1","left":"1","isLinked":"1"},"_border_color":"rgba(99,115,129,0.18)","background_a_image":{"id":"6084","url":"http:\/\/sitefacilitado.com.br\/membros\/wp-content\/uploads\/2020\/03\/photo-1504042720198-9634a2a560e2.jpeg"},"background_overlay_a":"rgba(68,68,68,0.68)","background_b_size":"initial","background_b_bg_width":{"unit":"vw","size":"47","sizes":[]},"padding_a":{"unit":"em","top":"2","right":"4","bottom":"2","left":"4","isLinked":""},"image_border_radius":{"unit":"px","size":"5","sizes":[]}},"elements":[],"isInner":false,"widgetType":"flip-box","elType":"widget"},{"id":"7d81540e","settings":{"text":"More Details","align":"center","size":"md","typography_typography":"custom","typography_font_family":"Karla","typography_font_size":{"unit":"em","size":"1","sizes":[]},"typography_font_weight":"700","typography_letter_spacing":{"unit":"px","size":"-0.8","sizes":[]},"button_text_color":"#212529","background_color":"rgba(87,84,254,0)","hover_color":"#212529","button_background_hover_color":"rgba(33,37,41,0)","hover_animation":"bob","border_radius":{"unit":"px","top":"5","right":"5","bottom":"5","left":"5","isLinked":"1"},"text_padding":{"unit":"em","top":"0","right":"0","bottom":"0","left":"0","isLinked":"1"},"_padding":{"unit":"em","top":"0.3","right":"0","bottom":"0.6","left":"0","isLinked":""},"typography_line_height":{"unit":"em","size":"2","sizes":[]}},"elements":[],"isInner":false,"widgetType":"button","elType":"widget"}],"isInner":"1","elType":"column"},{"id":"4b51380d","settings":{"_column_size":"33","_inline_size":"","space_between_widgets":"2","_inline_size_tablet":"100","padding_tablet":{"unit":"em","top":"0","right":"13","bottom":"0","left":"13","isLinked":""},"padding_mobile":{"unit":"em","top":"1","right":"1","bottom":"1","left":"1","isLinked":"1"}},"elements":[{"id":"5db6bbf1","settings":{"graphic_element":"image","title_text_a":"Fahrzeug","description_text_a":"Generated $3.6 million in pipeline in eight months","background_a_background":"classic","background_a_color":"#252930","background_a_position":"center center","background_a_repeat":"no-repeat","background_a_size":"initial","title_text_b":"Aasen Co.","description_text_b":"Had Over 1,200 Conversations In First Four Months. Booked 80 Demos in a Month (Without Using Forms)","button_text":"See Details","background_b_background":"classic","background_b_color":"#16202f","background_b_image":{"id":"6015","url":"http:\/\/sitefacilitado.com.br\/membros\/wp-content\/uploads\/2020\/03\/photo-1490143142353-f77c4884518e.jpeg"},"background_b_position":"center center","background_b_repeat":"no-repeat","background_overlay_b":"rgba(22,32,47,0.76)","height":{"unit":"px","size":"370"},"border_radius":{"unit":"px","size":"5"},"flip_effect":"zoom-out","vertical_position_a":"bottom","title_spacing_a":{"unit":"px","size":"12"},"title_color_a":"#ffffff","title_typography_a_typography":"custom","title_typography_a_font_family":"Karla","title_typography_a_font_size":{"unit":"em","size":"1.63"},"title_typography_a_font_weight":"700","title_typography_a_line_height":{"unit":"em","size":"1"},"title_typography_a_letter_spacing":{"unit":"px","size":"-1"},"description_color_a":"rgba(255,255,255,0.81)","description_typography_a_typography":"custom","description_typography_a_font_family":"Karla","description_typography_a_font_size":{"unit":"em","size":"0.97"},"description_typography_a_font_weight":"400","description_typography_a_line_height":{"unit":"em","size":"1.3"},"description_typography_a_letter_spacing":{"unit":"px","size":"-0.6"},"padding_b":{"unit":"em","top":"2","right":"2","bottom":"0.5","left":"2","isLinked":""},"vertical_position_b":"middle","title_spacing_b":{"unit":"px","size":"24"},"title_color_b":"#ffffff","title_typography_b_typography":"custom","title_typography_b_font_family":"Karla","title_typography_b_font_size":{"unit":"em","size":"1.76"},"title_typography_b_font_weight":"700","title_typography_b_line_height":{"unit":"em","size":"1"},"title_typography_b_letter_spacing":{"unit":"px","size":"-1.2"},"description_spacing_b":{"unit":"px","size":"38"},"description_color_b":"rgba(255,255,255,0.91)","description_typography_b_typography":"custom","description_typography_b_font_family":"Karla","description_typography_b_font_size":{"unit":"em","size":"1"},"description_typography_b_font_weight":"400","description_typography_b_line_height":{"unit":"em","size":"1.5"},"description_typography_b_letter_spacing":{"unit":"px","size":"-0.3"},"button_size":"lg","button_typography_typography":"custom","button_typography_font_family":"Karla","button_typography_font_size":{"unit":"em","size":"0.84"},"button_typography_font_weight":"700","button_typography_text_transform":"uppercase","button_typography_line_height":{"unit":"em","size":"0.8"},"button_typography_letter_spacing":{"unit":"px","size":"0.8"},"button_text_color":"#ffffff","button_background_color":"#c4b997","button_border_color":"#c4b997","button_border_width":{"unit":"px","size":""},"button_border_radius":{"unit":"px","size":"5"},"image":{"id":"6014","url":"http:\/\/sitefacilitado.com.br\/membros\/wp-content\/uploads\/2020\/03\/client-light-066.png"},"image_size":"custom","image_custom_dimension":{"width":"450","height":"450"},"image_spacing":{"unit":"px","size":"8"},"image_width":{"unit":"%","size":"90"},"image_opacity":{"unit":"px","size":"0.9"},"_border_border":"solid","_border_width":{"unit":"px","top":"1","right":"1","bottom":"1","left":"1","isLinked":"1"},"_border_color":"rgba(99,115,129,0.18)","background_a_image":{"id":"38","url":"https:\/\/wp.envatoextensions.com\/kit-169\/wp-content\/uploads\/sites\/165\/2019\/04\/photo-1546456073-6712f79251bb.jpeg"},"background_overlay_a":"rgba(68,68,68,0.68)","link":{"url":"#","is_external":"","nofollow":""},"background_b_size":"initial","background_b_bg_width":{"unit":"vw","size":"47","sizes":[]},"padding_a":{"unit":"em","top":"2","right":"4","bottom":"2","left":"4","isLinked":""},"image_border_radius":{"unit":"px","size":"5","sizes":[]}},"elements":[],"isInner":false,"widgetType":"flip-box","elType":"widget"},{"id":"2931a635","settings":{"text":"More Details","align":"center","size":"md","typography_typography":"custom","typography_font_family":"Karla","typography_font_size":{"unit":"em","size":"1","sizes":[]},"typography_font_weight":"700","typography_letter_spacing":{"unit":"px","size":"-0.8","sizes":[]},"button_text_color":"#212529","background_color":"rgba(87,84,254,0)","hover_color":"#212529","button_background_hover_color":"rgba(33,37,41,0)","hover_animation":"bob","border_radius":{"unit":"px","top":"5","right":"5","bottom":"5","left":"5","isLinked":"1"},"text_padding":{"unit":"em","top":"0","right":"0","bottom":"0","left":"0","isLinked":"1"},"_padding":{"unit":"em","top":"0.3","right":"0","bottom":"0.6","left":"0","isLinked":""},"typography_line_height":{"unit":"em","size":"2","sizes":[]}},"elements":[],"isInner":false,"widgetType":"button","elType":"widget"}],"isInner":"1","elType":"column"}],"isInner":"1","elType":"section"},{"id":"3f176bc8","settings":{"background_color":"#ffffff","padding":{"unit":"em","top":"6","right":"0","bottom":"5","left":"0","isLinked":""},"background_background":"classic"},"elements":[{"id":"40546bad","settings":{"_column_size":"100"},"elements":[{"id":"3909c01b","settings":{"content_width":{"unit":"px","size":"500","sizes":[]}},"elements":[{"id":"2c9b443","settings":{"_column_size":"100","_inline_size":"","align":"center","space_between_widgets":"10"},"elements":[{"id":"4cdb8ee6","settings":{"title":"Testimonials","header_size":"span","align":"center","title_color":"#ffffff","typography_typography":"custom","typography_font_family":"Karla","typography_font_size":{"unit":"em","size":"0.82","sizes":[]},"typography_font_weight":"700","typography_line_height":{"unit":"em","size":"1.15","sizes":[]},"typography_letter_spacing":{"unit":"px","size":"0.6","sizes":[]},"typography_text_transform":"uppercase","_margin":{"unit":"px","top":"0","right":"0","bottom":"35","left":"0","isLinked":""},"_padding":{"unit":"em","top":"0.35","right":"0.65","bottom":"0.38","left":"0.65","isLinked":""},"_background_background":"classic","_background_color":"#c4b997","_border_radius":{"unit":"px","top":"6","right":"6","bottom":"6","left":"6","isLinked":"1"},"_element_width":"auto"},"elements":[],"isInner":false,"widgetType":"heading","elType":"widget"},{"id":"2d9add3","settings":{"title":"Experience Matters","align":"center","title_color":"#212529","typography_typography":"custom","typography_font_family":"Karla","typography_font_size":{"unit":"em","size":"3","sizes":[]},"typography_font_weight":"400","typography_line_height":{"unit":"em","size":"1.15","sizes":[]},"typography_letter_spacing":{"unit":"px","size":"-3","sizes":[]},"_padding":{"unit":"em","top":"0","right":"0","bottom":"0","left":"0","isLinked":""}},"elements":[],"isInner":false,"widgetType":"heading","elType":"widget"}],"isInner":"1","elType":"column"}],"isInner":"1","elType":"section"},{"id":"230b6c6b","settings":{"slides":[{"content":"I am slide content. Click edit button to change this text. Lorem ipsum dolor sit amet, consectetur adipiscing elit. Ut elit tellus, luctus nec ullamcorper mattis, pulvinar dapibus leo.","name":"K.McQueen","title":"Writer","image":{"url":"http:\/\/sitefacilitado.com.br\/membros\/wp-content\/uploads\/2020\/03\/photo-1508215302842-8a015a452a20.jpeg","id":"6036"},"_id":"c84c139"},{"content":"I am slide content. Click edit button to change this text. Lorem ipsum dolor sit amet, consectetur adipiscing elit. Ut elit tellus, luctus nec ullamcorper mattis, pulvinar dapibus leo.","name":"DJ Jam Force","title":"Entertainer","image":{"url":"http:\/\/sitefacilitado.com.br\/membros\/wp-content\/uploads\/2020\/03\/photo-1522609925277-66fea332c575.jpeg","id":"6037"},"_id":"0c067e0"},{"content":"I am slide content. Click edit button to change this text. Lorem ipsum dolor sit amet, consectetur adipiscing elit. Ut elit tellus, luctus nec ullamcorper mattis, pulvinar dapibus leo.","name":"Karen Jameson","title":"Model","image":{"url":"http:\/\/sitefacilitado.com.br\/membros\/wp-content\/uploads\/2020\/03\/photo-1534528741775-53994a69daeb.jpeg","id":"6024"},"_id":"db0ebc3"}],"skin":"bubble","slides_per_view":"3","show_arrows":"","pagination":"fraction","content_color":"#495057","content_typography_typography":"custom","content_typography_font_family":"Karla","content_typography_font_size":{"unit":"em","size":"0.98","sizes":[]},"content_typography_font_weight":"400","content_typography_line_height":{"unit":"em","size":"1.6","sizes":[]},"content_typography_letter_spacing":{"unit":"px","size":"0","sizes":[]},"name_color":"#000000","name_typography_typography":"custom","name_typography_font_family":"Karla","name_typography_font_size":{"unit":"em","size":"1.1","sizes":[]},"name_typography_font_weight":"700","name_typography_line_height":{"unit":"em","size":"1.6","sizes":[]},"name_typography_letter_spacing":{"unit":"px","size":"0","sizes":[]},"title_color":"#bfac7e","title_typography_typography":"custom","title_typography_font_family":"Karla","image_size":{"unit":"px","size":"60","sizes":[]},"image_border_color":"","image_border_width":{"unit":"px","top":"","right":"","bottom":"","left":"","isLinked":"1"},"image_border_width_tablet":{"unit":"px","top":"","right":"","bottom":"","left":"","isLinked":"1"},"image_border_width_mobile":{"unit":"px","top":"","right":"","bottom":"","left":"","isLinked":"1"},"image_border_radius":{"unit":"px","top":"","right":"","bottom":"","left":"","isLinked":"1"},"arrows_color":"#bfac7e","pagination_color":"#bfac7e","_padding":{"unit":"em","top":"3.2","right":"3","bottom":"0","left":"3","isLinked":""},"_background_color":"#ffffff","_border_radius":{"unit":"px","top":"5","right":"5","bottom":"5","left":"5","isLinked":"1"},"_box_shadow_box_shadow":{"horizontal":"-2","vertical":"19","blur":"38","spread":"1","color":"rgba(33,37,41,0.04)"}},"elements":[],"isInner":false,"widgetType":"testimonial-carousel","elType":"widget"}],"isInner":"","elType":"column"}],"isInner":"","elType":"section"},{"id":"75d6b13a","settings":{"content_width":{"unit":"px","size":"624","sizes":[]},"background_position":"center center","background_repeat":"no-repeat","background_size":"cover","background_overlay_color":"#212529","background_overlay_color_b":"rgba(33,37,41,0.48)","background_overlay_gradient_angle":{"unit":"deg","size":"140","sizes":[]},"background_overlay_opacity":{"unit":"px","size":"1","sizes":[]},"shape_divider_top_color":"#ffffff","shape_divider_top_width":{"unit":"%","size":"300","sizes":[]},"shape_divider_top_height":{"unit":"px","size":"309","sizes":[]},"text_align":"center","padding":{"unit":"em","top":"6","right":"0","bottom":"4","left":"0","isLinked":""},"background_color":"#fcfcfc","background_background":"classic","shape_divider_top":"wave-brush"},"elements":[{"id":"ea26e72","settings":{"_column_size":"100","space_between_widgets":"0"},"elements":[{"id":"154869ca","settings":{"title":"Connect Your Sales Teams With Your Future Customers","align":"center","title_color":"#212529","typography_typography":"custom","typography_font_family":"Karla","typography_font_size":{"unit":"em","size":"2.8","sizes":[]},"typography_font_size_mobile":{"unit":"em","size":"2.5","sizes":[]},"typography_font_weight":"400","typography_line_height":{"unit":"em","size":"1.15","sizes":[]},"typography_letter_spacing":{"unit":"px","size":"-2","sizes":[]},"typography_letter_spacing_mobile":{"unit":"px","size":"-2","sizes":[]},"_padding":{"unit":"em","top":"0","right":"0","bottom":"0.3","left":"0","isLinked":""}},"elements":[],"isInner":false,"widgetType":"heading","elType":"widget"},{"id":"528c90ac","settings":{"text":"Book Your Demo","align":"center","size":"md","typography_typography":"custom","typography_font_family":"Karla","typography_font_size":{"unit":"em","size":"1.144","sizes":[]},"typography_font_weight":"700","typography_letter_spacing":{"unit":"px","size":"-0.5","sizes":[]},"button_text_color":"#ffffff","background_color":"#c4b997","hover_color":"#ffffff","button_background_hover_color":"#212529","hover_animation":"bob","border_radius":{"unit":"px","top":"5","right":"5","bottom":"5","left":"5","isLinked":"1"},"text_padding":{"unit":"em","top":"1.15","right":"2.65","bottom":"1.15","left":"2.65","isLinked":""},"_padding":{"unit":"em","top":"2","right":"0","bottom":"0","left":"0","isLinked":""}},"elements":[],"isInner":false,"widgetType":"button","elType":"widget"},{"id":"80e4595","settings":{"content_width":{"unit":"px","size":"300","sizes":[]}},"elements":[{"id":"577c8a19","settings":{"_column_size":"100","_inline_size":"","space_between_widgets":"0","padding":{"unit":"px","top":"0","right":"0","bottom":"0","left":"0","isLinked":"1"}},"elements":[{"id":"1f4f391f","settings":{"editor":"<p>Fuel your brand and drive results with 100% proven campaigns!<\/p>","align":"center","text_color":"#8f969b","typography_typography":"custom","typography_font_family":"Karla","typography_font_size":{"unit":"em","size":"0.82","sizes":[]},"typography_line_height":{"unit":"em","size":"1.555","sizes":[]},"_padding":{"unit":"em","top":"0","right":"2","bottom":"0","left":"2","isLinked":""}},"elements":[],"isInner":false,"widgetType":"text-editor","elType":"widget"}],"isInner":"1","elType":"column"}],"isInner":"1","elType":"section"}],"isInner":"","elType":"column"}],"isInner":"","elType":"section"}]}