{"version":"0.4","title":"Social Media Consultant > Home 4 Pro","type":"page","content":[{"id":"301040b2","settings":{"custom_height":{"unit":"vh","size":"50","sizes":[]},"structure":"20","background_background":"classic","background_color":"#212529","background_image":{"url":"http:\/\/sitefacilitado.com.br\/membros\/wp-content\/uploads\/2020\/03\/photo-1543269865-4430f94492b9.jpeg","id":"6007"},"background_position":"center center","background_repeat":"no-repeat","background_size":"cover","background_overlay_background":"gradient","background_overlay_color":"#212529","background_overlay_color_b":"rgba(33,37,41,0.59)","background_overlay_gradient_angle":{"unit":"deg","size":"150","sizes":[]},"background_overlay_opacity":{"unit":"px","size":"1","sizes":[]},"padding":{"unit":"em","top":"7.5","right":"0","bottom":"7","left":"0","isLinked":""},"height":"min-height","background_motion_fx_motion_fx_scrolling":"yes","background_motion_fx_scale_effect":"yes","background_motion_fx_scale_speed":{"unit":"px","size":"5","sizes":[]}},"elements":[{"id":"39ea1d26","settings":{"_column_size":"50","_inline_size":"45.526"},"elements":[{"id":"3f2d6757","settings":{"border_width":{"unit":"px","top":"0","right":"0","bottom":"0","left":"0","isLinked":""},"border_color":"#dee2e6","border_radius":{"unit":"px","top":"0","right":"0","bottom":"0","left":"0","isLinked":"1"},"padding":{"unit":"em","top":"0","right":"0","bottom":"0","left":"0","isLinked":""}},"elements":[{"id":"70ef1bd6","settings":{"_column_size":"100","_inline_size":""},"elements":[{"id":"7e3d0e04","settings":{"title":"Juliet Burke","header_size":"h1","align":"center","title_color":"#ffffff","typography_typography":"custom","typography_font_family":"Karla","typography_font_size":{"unit":"em","size":"0.82","sizes":[]},"typography_font_weight":"700","typography_line_height":{"unit":"em","size":"1.15","sizes":[]},"typography_letter_spacing":{"unit":"px","size":"0.6","sizes":[]},"typography_text_transform":"uppercase","_margin":{"unit":"px","top":"0","right":"0","bottom":"35","left":"0","isLinked":""},"_padding":{"unit":"em","top":"0.35","right":"0.65","bottom":"0.38","left":"0.65","isLinked":""},"_background_background":"classic","_background_color":"#c4b997","_border_radius":{"unit":"px","top":"6","right":"6","bottom":"6","left":"6","isLinked":"1"},"_element_width":"auto"},"elements":[],"isInner":false,"widgetType":"heading","elType":"widget"},{"id":"4aa05853","settings":{"marker":"underline_zigzag","before_text":"Social Media","highlighted_text":"Study","rotating_text":"Doubled.\nTripled.","alignment":"left","marker_color":"#5754fe","stroke_width":{"unit":"px","size":"6","sizes":[]},"rounded_edges":"yes","title_color":"#ffffff","title_typography_typography":"custom","title_typography_font_family":"Karla","title_typography_font_size":{"unit":"em","size":"4.6","sizes":[]},"title_typography_font_weight":"400","title_typography_line_height":{"unit":"em","size":"0.3","sizes":[]},"title_typography_letter_spacing":{"unit":"px","size":"-3.6","sizes":[]},"words_color":"#ffffff","words_typography_typography":"custom","words_typography_font_family":"Karla","words_typography_font_weight":"400","words_typography_line_height":{"unit":"em","size":"1","sizes":[]},"words_typography_letter_spacing":{"unit":"px","size":"-3.9","sizes":[]},"_margin":{"unit":"px","top":"-35","right":"0","bottom":"-65","left":"0","isLinked":""},"_padding":{"unit":"px","top":"0","right":"0","bottom":"0","left":"0","isLinked":"1"},"headline_style":"rotate","animation_type":"slide-down","tag":"h1","title_typography_font_size_tablet":{"unit":"em","size":"3.6","sizes":[]},"title_typography_line_height_tablet":{"unit":"em","size":"0.4","sizes":[]},"words_typography_line_height_tablet":{"unit":"em","size":"1","sizes":[]},"_padding_tablet":{"unit":"em","top":"0","right":"0","bottom":"0","left":"0","isLinked":""}},"elements":[],"isInner":false,"widgetType":"animated-headline","elType":"widget"},{"id":"1d9eccfb","settings":{"editor":"<p>Sed ut perspiciatis unde omnis iste natus error sit voluptatem accusantium.<\/p>","align":"left","text_color":"rgba(255,255,255,0.83)","typography_typography":"custom","typography_font_family":"Karla","typography_font_size":{"unit":"em","size":"1.255","sizes":[]},"typography_line_height":{"unit":"em","size":"1.555","sizes":[]},"_padding":{"unit":"em","top":"0","right":"0","bottom":"0","left":"0","isLinked":""},"_margin":{"unit":"px","top":"0","right":"0","bottom":"0","left":"0","isLinked":""}},"elements":[],"isInner":false,"widgetType":"text-editor","elType":"widget"},{"id":"8ee0c91","settings":{"text":"See Services","align":"left","size":"md","typography_typography":"custom","typography_font_family":"Karla","typography_font_size":{"unit":"em","size":"1.144","sizes":[]},"typography_font_weight":"700","typography_letter_spacing":{"unit":"px","size":"-0.5","sizes":[]},"button_text_color":"#ffffff","background_color":"#c4b997","hover_color":"#ffffff","button_background_hover_color":"#212529","hover_animation":"bob","border_radius":{"unit":"px","top":"5","right":"5","bottom":"5","left":"5","isLinked":"1"},"text_padding":{"unit":"em","top":"1.15","right":"2.65","bottom":"1.15","left":"2.65","isLinked":""},"_padding":{"unit":"em","top":"1","right":"0","bottom":"0","left":"0","isLinked":""}},"elements":[],"isInner":false,"widgetType":"button","elType":"widget"}],"isInner":"1","elType":"column"}],"isInner":"1","elType":"section"}],"isInner":"","elType":"column"},{"id":"1bb366cc","settings":{"_column_size":"50","_inline_size":"54.474","hide_mobile":"hidden-phone"},"elements":[{"id":"25cbb495","settings":{"structure":"20"},"elements":[{"id":"679396b0","settings":{"_column_size":"50","_inline_size":"","_inline_size_mobile":"50","content_position":"bottom"},"elements":[{"id":"b2e666f","settings":{"icon":"fa fa-envelope","view":"stacked","primary_color":"#ffffff","secondary_color":"#c4b381","size":{"unit":"px","size":"15","sizes":[]},"icon_padding":{"unit":"px","size":"17","sizes":[]},"_padding":{"unit":"em","top":"0","right":"0","bottom":"01","left":"5","isLinked":""},"_animation":"bounceIn","_animation_delay":"600"},"elements":[],"isInner":false,"widgetType":"icon","elType":"widget"}],"isInner":"1","elType":"column"},{"id":"22e524dd","settings":{"_column_size":"50","_inline_size":"","_inline_size_mobile":"50","content_position":"top"},"elements":[{"id":"33d1acb2","settings":{"icon":"fa fa-instagram","view":"stacked","primary_color":"#ffffff","secondary_color":"#c4b381","size":{"unit":"px","size":"28","sizes":[]},"icon_padding":{"unit":"px","size":"24","sizes":[]},"_padding":{"unit":"em","top":"0","right":"0","bottom":"2","left":"0","isLinked":""},"_animation":"bounceIn"},"elements":[],"isInner":false,"widgetType":"icon","elType":"widget"}],"isInner":"1","elType":"column"}],"isInner":"1","elType":"section"},{"id":"3f0ac8cf","settings":{"structure":"30"},"elements":[{"id":"3fe19adf","settings":{"_column_size":"33","_inline_size":"","_inline_size_mobile":"50"},"elements":[{"id":"1c827d90","settings":{"icon":"fa fa-google","view":"stacked","primary_color":"#ffffff","secondary_color":"#c4b381","size":{"unit":"px","size":"22","sizes":[]},"icon_padding":{"unit":"px","size":"22","sizes":[]},"_padding":{"unit":"em","top":"0","right":"0","bottom":"2","left":"0","isLinked":""},"_animation":"bounceIn","_animation_delay":"400"},"elements":[],"isInner":false,"widgetType":"icon","elType":"widget"}],"isInner":"1","elType":"column"},{"id":"764f7aa9","settings":{"_column_size":"33","_inline_size":"","_inline_size_mobile":"50"},"elements":[{"id":"40c67e46","settings":{"icon":"fa fa-facebook-f","view":"stacked","primary_color":"#ffffff","secondary_color":"#c4b381","size":{"unit":"px","size":"42","sizes":[]},"icon_padding":{"unit":"px","size":"31","sizes":[]},"_animation":"bounceIn","_animation_delay":"200"},"elements":[],"isInner":false,"widgetType":"icon","elType":"widget"}],"isInner":"1","elType":"column"},{"id":"7a532e15","settings":{"_column_size":"33","_inline_size":""},"elements":[],"isInner":"1","elType":"column"}],"isInner":"1","elType":"section"},{"id":"7efb0bc5","settings":{"structure":"20"},"elements":[{"id":"5465f96d","settings":{"_column_size":"50","_inline_size":"","_inline_size_mobile":"50"},"elements":[{"id":"19b83033","settings":{"icon":"fa fa-twitter","view":"stacked","primary_color":"#ffffff","secondary_color":"#c4b381","size":{"unit":"px","size":"51","sizes":[]},"icon_padding":{"unit":"px","size":"44","sizes":[]},"_background_color":"#ffffff","_box_shadow_box_shadow":{"horizontal":"0","vertical":"0","blur":"10","spread":"0","color":"rgba(255,255,255,0.5)"},"_animation":"bounceIn","_animation_delay":"600"},"elements":[],"isInner":false,"widgetType":"icon","elType":"widget"}],"isInner":"1","elType":"column"},{"id":"50d5399a","settings":{"_column_size":"50","_inline_size":"","_inline_size_mobile":"50"},"elements":[{"id":"64c4acac","settings":{"icon":"fa fa-youtube","view":"stacked","primary_color":"#ffffff","secondary_color":"#c4b381","size":{"unit":"px","size":"37","sizes":[]},"icon_padding":{"unit":"px","size":"30","sizes":[]},"_animation":"bounceIn","_animation_delay":"800"},"elements":[],"isInner":false,"widgetType":"icon","elType":"widget"}],"isInner":"1","elType":"column"}],"isInner":"1","elType":"section"}],"isInner":"","elType":"column"}],"isInner":"","elType":"section"},{"id":"1755c80d","settings":{"padding":{"unit":"em","top":"6","right":"0","bottom":"5","left":"0","isLinked":""},"background_background":"classic","background_color":"#ffffff"},"elements":[{"id":"12690738","settings":{"_column_size":"100","_inline_size":""},"elements":[{"id":"184ab680","settings":[],"elements":[{"id":"13dda52","settings":{"_column_size":"100","_inline_size":"","align":"center"},"elements":[{"id":"7d8034e","settings":{"title":"What I do","header_size":"span","align":"center","title_color":"#ffffff","typography_typography":"custom","typography_font_family":"Karla","typography_font_size":{"unit":"em","size":"0.82","sizes":[]},"typography_font_weight":"700","typography_line_height":{"unit":"em","size":"1.15","sizes":[]},"typography_letter_spacing":{"unit":"px","size":"0.6","sizes":[]},"typography_text_transform":"uppercase","_margin":{"unit":"px","top":"0","right":"0","bottom":"35","left":"0","isLinked":""},"_padding":{"unit":"em","top":"0.35","right":"0.65","bottom":"0.38","left":"0.65","isLinked":""},"_background_background":"classic","_background_color":"#c4b997","_border_radius":{"unit":"px","top":"6","right":"6","bottom":"6","left":"6","isLinked":"1"},"_element_width":"auto"},"elements":[],"isInner":false,"widgetType":"heading","elType":"widget"},{"id":"1a37652b","settings":{"title":"My Services","align":"center","title_color":"#212529","typography_typography":"custom","typography_font_family":"Karla","typography_font_size":{"unit":"em","size":"3.3","sizes":[]},"typography_font_weight":"400","typography_line_height":{"unit":"em","size":"1.15","sizes":[]},"typography_letter_spacing":{"unit":"px","size":"-2.8","sizes":[]},"_padding":{"unit":"em","top":"0","right":"0","bottom":"2","left":"0","isLinked":""}},"elements":[],"isInner":false,"widgetType":"heading","elType":"widget"}],"isInner":"1","elType":"column"}],"isInner":"1","elType":"section"},{"id":"6dfb396","settings":{"structure":"60","padding":{"unit":"em","top":"1","right":"0","bottom":"1","left":"0","isLinked":""},"padding_tablet":{"unit":"em","top":"0","right":"0","bottom":"0","left":"0","isLinked":""}},"elements":[{"id":"3d3083df","settings":{"_column_size":"16","_inline_size":"5.982","space_between_widgets":"0","_inline_size_tablet":"10"},"elements":[{"id":"597d1aec","settings":{"icon":"fa fa-facebook","view":"stacked","primary_color":"rgba(111,132,148,0.05)","secondary_color":"#c4b381","size":{"unit":"px","size":"16","sizes":[]},"icon_padding":{"unit":"px","size":"16","sizes":[]},"_padding":{"unit":"em","top":"0","right":"0","bottom":"1","left":"0","isLinked":""},"_animation":"fadeInUp"},"elements":[],"isInner":false,"widgetType":"icon","elType":"widget"}],"isInner":"1","elType":"column"},{"id":"641f032a","settings":{"_column_size":"16","_inline_size":"27.35","space_between_widgets":"0","_inline_size_tablet":"23"},"elements":[{"id":"3c6467a","settings":{"title":"Facebook","header_size":"h3","align":"left","title_color":"#212529","typography_typography":"custom","typography_font_family":"Karla","typography_font_size":{"unit":"em","size":"1.255","sizes":[]},"typography_font_weight":"700","typography_line_height":{"unit":"em","size":"1.4","sizes":[]},"typography_letter_spacing":{"unit":"px","size":"-1","sizes":[]},"align_mobile":"center"},"elements":[],"isInner":false,"widgetType":"heading","elType":"widget"},{"id":"4f955731","settings":{"editor":"<p>Sed ut perspiciatis unde omnis iste natus error sit volupt.<\/p>","text_color":"#495057","typography_typography":"custom","typography_font_family":"Karla","typography_font_size":{"unit":"em","size":"1","sizes":[]},"typography_line_height":{"unit":"em","size":"1.555","sizes":[]},"align_mobile":"center"},"elements":[],"isInner":false,"widgetType":"text-editor","elType":"widget"}],"isInner":"1","elType":"column"},{"id":"2121c66b","settings":{"_column_size":"16","_inline_size":"5.982","space_between_widgets":"0","_inline_size_tablet":"10"},"elements":[{"id":"5b42b3d6","settings":{"icon":"fa fa-twitter","view":"stacked","primary_color":"rgba(111,132,148,0.05)","secondary_color":"#c4b381","size":{"unit":"px","size":"16","sizes":[]},"icon_padding":{"unit":"px","size":"16","sizes":[]},"_padding":{"unit":"em","top":"0","right":"0","bottom":"1","left":"0","isLinked":""},"_animation":"fadeInUp"},"elements":[],"isInner":false,"widgetType":"icon","elType":"widget"}],"isInner":"1","elType":"column"},{"id":"286c6327","settings":{"_column_size":"16","_inline_size":"27.35","space_between_widgets":"0","_inline_size_tablet":"23"},"elements":[{"id":"49673ad7","settings":{"title":"Twitter","header_size":"h3","align":"left","title_color":"#212529","typography_typography":"custom","typography_font_family":"Karla","typography_font_size":{"unit":"em","size":"1.255","sizes":[]},"typography_font_weight":"700","typography_line_height":{"unit":"em","size":"1.4","sizes":[]},"typography_letter_spacing":{"unit":"px","size":"-1","sizes":[]},"align_mobile":"center"},"elements":[],"isInner":false,"widgetType":"heading","elType":"widget"},{"id":"4fb1caf","settings":{"editor":"<p>Sed ut perspiciatis unde omnis iste natus error sit volupt.<\/p>","text_color":"#495057","typography_typography":"custom","typography_font_family":"Karla","typography_font_size":{"unit":"em","size":"1","sizes":[]},"typography_line_height":{"unit":"em","size":"1.555","sizes":[]},"align_mobile":"center"},"elements":[],"isInner":false,"widgetType":"text-editor","elType":"widget"}],"isInner":"1","elType":"column"},{"id":"e025404","settings":{"_column_size":"16","_inline_size":"5.982","_inline_size_tablet":"10","space_between_widgets":"0"},"elements":[{"id":"7392ff77","settings":{"icon":"fa fa-instagram","view":"stacked","primary_color":"rgba(111,132,148,0.05)","secondary_color":"#c4b381","size":{"unit":"px","size":"16","sizes":[]},"icon_padding":{"unit":"px","size":"16","sizes":[]},"_padding":{"unit":"em","top":"0","right":"0","bottom":"1","left":"0","isLinked":""},"_animation":"fadeInUp"},"elements":[],"isInner":false,"widgetType":"icon","elType":"widget"}],"isInner":"1","elType":"column"},{"id":"7de3280","settings":{"_column_size":"16","_inline_size":"27.35","space_between_widgets":"0","_inline_size_tablet":"23"},"elements":[{"id":"2a462241","settings":{"title":"Instagram","header_size":"h3","align":"left","title_color":"#212529","typography_typography":"custom","typography_font_family":"Karla","typography_font_size":{"unit":"em","size":"1.255","sizes":[]},"typography_font_weight":"700","typography_line_height":{"unit":"em","size":"1.4","sizes":[]},"typography_letter_spacing":{"unit":"px","size":"-1","sizes":[]},"align_mobile":"center"},"elements":[],"isInner":false,"widgetType":"heading","elType":"widget"},{"id":"6de0dd97","settings":{"editor":"<p>Sed ut perspiciatis unde omnis iste natus error sit volupt.<\/p>","text_color":"#495057","typography_typography":"custom","typography_font_family":"Karla","typography_font_size":{"unit":"em","size":"1","sizes":[]},"typography_line_height":{"unit":"em","size":"1.555","sizes":[]},"align_mobile":"center"},"elements":[],"isInner":false,"widgetType":"text-editor","elType":"widget"}],"isInner":"1","elType":"column"}],"isInner":"1","elType":"section"},{"id":"342c35be","settings":{"structure":"60","padding":{"unit":"em","top":"1","right":"0","bottom":"1","left":"0","isLinked":""},"padding_tablet":{"unit":"em","top":"0","right":"0","bottom":"0","left":"0","isLinked":""}},"elements":[{"id":"19c0f196","settings":{"_column_size":"16","_inline_size":"5.982","space_between_widgets":"0","_inline_size_tablet":"10"},"elements":[{"id":"6b8f1d92","settings":{"icon":"fa fa-quora","view":"stacked","primary_color":"rgba(111,132,148,0.05)","secondary_color":"#c4b381","size":{"unit":"px","size":"16","sizes":[]},"icon_padding":{"unit":"px","size":"16","sizes":[]},"_padding":{"unit":"em","top":"0","right":"0","bottom":"1","left":"0","isLinked":""},"_animation":"fadeInUp"},"elements":[],"isInner":false,"widgetType":"icon","elType":"widget"}],"isInner":"1","elType":"column"},{"id":"67e2684c","settings":{"_column_size":"16","_inline_size":"27.35","space_between_widgets":"0","_inline_size_tablet":"23"},"elements":[{"id":"43439702","settings":{"title":"Quora","header_size":"h3","align":"left","title_color":"#212529","typography_typography":"custom","typography_font_family":"Karla","typography_font_size":{"unit":"em","size":"1.255","sizes":[]},"typography_font_weight":"700","typography_line_height":{"unit":"em","size":"1.4","sizes":[]},"typography_letter_spacing":{"unit":"px","size":"-1","sizes":[]},"align_mobile":"center"},"elements":[],"isInner":false,"widgetType":"heading","elType":"widget"},{"id":"4508fb71","settings":{"editor":"<p>Sed ut perspiciatis unde omnis iste natus error sit volupt.<\/p>","text_color":"#495057","typography_typography":"custom","typography_font_family":"Karla","typography_font_size":{"unit":"em","size":"1","sizes":[]},"typography_line_height":{"unit":"em","size":"1.555","sizes":[]},"align_mobile":"center"},"elements":[],"isInner":false,"widgetType":"text-editor","elType":"widget"}],"isInner":"1","elType":"column"},{"id":"56502d57","settings":{"_column_size":"16","_inline_size":"5.982","space_between_widgets":"0","_inline_size_tablet":"10"},"elements":[{"id":"34ecb7d5","settings":{"icon":"fa fa-linkedin","view":"stacked","primary_color":"rgba(111,132,148,0.05)","secondary_color":"#c4b381","size":{"unit":"px","size":"16","sizes":[]},"icon_padding":{"unit":"px","size":"16","sizes":[]},"_padding":{"unit":"em","top":"0","right":"0","bottom":"1","left":"0","isLinked":""},"_animation":"fadeInUp"},"elements":[],"isInner":false,"widgetType":"icon","elType":"widget"}],"isInner":"1","elType":"column"},{"id":"5d7fbba5","settings":{"_column_size":"16","_inline_size":"27.35","space_between_widgets":"0","_inline_size_tablet":"23"},"elements":[{"id":"35af5f82","settings":{"title":"Linkedin","header_size":"h3","align":"left","title_color":"#212529","typography_typography":"custom","typography_font_family":"Karla","typography_font_size":{"unit":"em","size":"1.255","sizes":[]},"typography_font_weight":"700","typography_line_height":{"unit":"em","size":"1.4","sizes":[]},"typography_letter_spacing":{"unit":"px","size":"-1","sizes":[]},"align_mobile":"center"},"elements":[],"isInner":false,"widgetType":"heading","elType":"widget"},{"id":"62d13458","settings":{"editor":"<p>Sed ut perspiciatis unde omnis iste natus error sit volupt.<\/p>","text_color":"#495057","typography_typography":"custom","typography_font_family":"Karla","typography_font_size":{"unit":"em","size":"1","sizes":[]},"typography_line_height":{"unit":"em","size":"1.555","sizes":[]},"align_mobile":"center"},"elements":[],"isInner":false,"widgetType":"text-editor","elType":"widget"}],"isInner":"1","elType":"column"},{"id":"2b7c5dfb","settings":{"_column_size":"16","_inline_size":"5.982","_inline_size_tablet":"10","space_between_widgets":"0"},"elements":[{"id":"71dddf3f","settings":{"icon":"fa fa-youtube-play","view":"stacked","primary_color":"rgba(111,132,148,0.05)","secondary_color":"#c4b381","size":{"unit":"px","size":"16","sizes":[]},"icon_padding":{"unit":"px","size":"16","sizes":[]},"_padding":{"unit":"em","top":"0","right":"0","bottom":"1","left":"0","isLinked":""},"_animation":"fadeInUp"},"elements":[],"isInner":false,"widgetType":"icon","elType":"widget"}],"isInner":"1","elType":"column"},{"id":"7a989146","settings":{"_column_size":"16","_inline_size":"27.35","space_between_widgets":"0","_inline_size_tablet":"23"},"elements":[{"id":"50e2d2a","settings":{"title":"Youtube","header_size":"h3","align":"left","title_color":"#212529","typography_typography":"custom","typography_font_family":"Karla","typography_font_size":{"unit":"em","size":"1.255","sizes":[]},"typography_font_weight":"700","typography_line_height":{"unit":"em","size":"1.4","sizes":[]},"typography_letter_spacing":{"unit":"px","size":"-1","sizes":[]},"align_mobile":"center"},"elements":[],"isInner":false,"widgetType":"heading","elType":"widget"},{"id":"4758c0f0","settings":{"editor":"<p>Sed ut perspiciatis unde omnis iste natus error sit volupt.<\/p>","text_color":"#495057","typography_typography":"custom","typography_font_family":"Karla","typography_font_size":{"unit":"em","size":"1","sizes":[]},"typography_line_height":{"unit":"em","size":"1.555","sizes":[]},"align_mobile":"center"},"elements":[],"isInner":false,"widgetType":"text-editor","elType":"widget"}],"isInner":"1","elType":"column"}],"isInner":"1","elType":"section"},{"id":"70d145be","settings":{"structure":"60","padding":{"unit":"em","top":"1","right":"0","bottom":"1","left":"0","isLinked":""},"padding_tablet":{"unit":"em","top":"0","right":"0","bottom":"0","left":"0","isLinked":""}},"elements":[{"id":"34661d48","settings":{"_column_size":"16","_inline_size":"5.982","space_between_widgets":"0","_inline_size_tablet":"10"},"elements":[{"id":"4232f152","settings":{"icon":"fa fa-yelp","view":"stacked","primary_color":"rgba(111,132,148,0.05)","secondary_color":"#c4b381","size":{"unit":"px","size":"16","sizes":[]},"icon_padding":{"unit":"px","size":"16","sizes":[]},"_padding":{"unit":"em","top":"0","right":"0","bottom":"1","left":"0","isLinked":""},"_animation":"fadeInUp"},"elements":[],"isInner":false,"widgetType":"icon","elType":"widget"}],"isInner":"1","elType":"column"},{"id":"35e3ace5","settings":{"_column_size":"16","_inline_size":"27.35","space_between_widgets":"0","_inline_size_tablet":"23"},"elements":[{"id":"28581484","settings":{"title":"Yelp Inc","header_size":"h3","align":"left","title_color":"#212529","typography_typography":"custom","typography_font_family":"Karla","typography_font_size":{"unit":"em","size":"1.255","sizes":[]},"typography_font_weight":"700","typography_line_height":{"unit":"em","size":"1.4","sizes":[]},"typography_letter_spacing":{"unit":"px","size":"-1","sizes":[]},"align_mobile":"center"},"elements":[],"isInner":false,"widgetType":"heading","elType":"widget"},{"id":"243b7b5","settings":{"editor":"<p>Sed ut perspiciatis unde omnis iste natus error sit volupt.<\/p>","text_color":"#495057","typography_typography":"custom","typography_font_family":"Karla","typography_font_size":{"unit":"em","size":"1","sizes":[]},"typography_line_height":{"unit":"em","size":"1.555","sizes":[]},"align_mobile":"center"},"elements":[],"isInner":false,"widgetType":"text-editor","elType":"widget"}],"isInner":"1","elType":"column"},{"id":"6ade8663","settings":{"_column_size":"16","_inline_size":"5.982","space_between_widgets":"0","_inline_size_tablet":"10"},"elements":[{"id":"678a9fd4","settings":{"icon":"fa fa-vimeo","view":"stacked","primary_color":"rgba(111,132,148,0.05)","secondary_color":"#c4b381","size":{"unit":"px","size":"16","sizes":[]},"icon_padding":{"unit":"px","size":"16","sizes":[]},"_padding":{"unit":"em","top":"0","right":"0","bottom":"1","left":"0","isLinked":""},"_animation":"fadeInUp"},"elements":[],"isInner":false,"widgetType":"icon","elType":"widget"}],"isInner":"1","elType":"column"},{"id":"207e81d5","settings":{"_column_size":"16","_inline_size":"27.35","space_between_widgets":"0","_inline_size_tablet":"23"},"elements":[{"id":"3560625d","settings":{"title":"Vimeo","header_size":"h3","align":"left","title_color":"#212529","typography_typography":"custom","typography_font_family":"Karla","typography_font_size":{"unit":"em","size":"1.255","sizes":[]},"typography_font_weight":"700","typography_line_height":{"unit":"em","size":"1.4","sizes":[]},"typography_letter_spacing":{"unit":"px","size":"-1","sizes":[]},"align_mobile":"center"},"elements":[],"isInner":false,"widgetType":"heading","elType":"widget"},{"id":"159dbceb","settings":{"editor":"<p>Sed ut perspiciatis unde omnis iste natus error sit volupt.<\/p>","text_color":"#495057","typography_typography":"custom","typography_font_family":"Karla","typography_font_size":{"unit":"em","size":"1","sizes":[]},"typography_line_height":{"unit":"em","size":"1.555","sizes":[]},"align_mobile":"center"},"elements":[],"isInner":false,"widgetType":"text-editor","elType":"widget"}],"isInner":"1","elType":"column"},{"id":"25e50d18","settings":{"_column_size":"16","_inline_size":"5.982","_inline_size_tablet":"10","space_between_widgets":"0"},"elements":[{"id":"22e8bf0c","settings":{"icon":"fa fa-pinterest","view":"stacked","primary_color":"rgba(111,132,148,0.05)","secondary_color":"#c4b381","size":{"unit":"px","size":"16","sizes":[]},"icon_padding":{"unit":"px","size":"16","sizes":[]},"_padding":{"unit":"em","top":"0","right":"0","bottom":"1","left":"0","isLinked":""},"_animation":"fadeInUp"},"elements":[],"isInner":false,"widgetType":"icon","elType":"widget"}],"isInner":"1","elType":"column"},{"id":"626bff10","settings":{"_column_size":"16","_inline_size":"27.35","space_between_widgets":"0","_inline_size_tablet":"23"},"elements":[{"id":"15554f66","settings":{"title":"Pinterest","header_size":"h3","align":"left","title_color":"#212529","typography_typography":"custom","typography_font_family":"Karla","typography_font_size":{"unit":"em","size":"1.255","sizes":[]},"typography_font_weight":"700","typography_line_height":{"unit":"em","size":"1.4","sizes":[]},"typography_letter_spacing":{"unit":"px","size":"-1","sizes":[]},"align_mobile":"center"},"elements":[],"isInner":false,"widgetType":"heading","elType":"widget"},{"id":"67809d1","settings":{"editor":"<p>Sed ut perspiciatis unde omnis iste natus error sit volupt.<\/p>","text_color":"#495057","typography_typography":"custom","typography_font_family":"Karla","typography_font_size":{"unit":"em","size":"1","sizes":[]},"typography_line_height":{"unit":"em","size":"1.555","sizes":[]},"align_mobile":"center"},"elements":[],"isInner":false,"widgetType":"text-editor","elType":"widget"}],"isInner":"1","elType":"column"}],"isInner":"1","elType":"section"},{"id":"109476dd","settings":[],"elements":[{"id":"554024ad","settings":{"_column_size":"100","_inline_size":""},"elements":[{"id":"36ad9c7e","settings":{"text":"See More Details","align":"center","size":"md","typography_typography":"custom","typography_font_family":"Karla","typography_font_size":{"unit":"em","size":"1.144","sizes":[]},"typography_font_weight":"700","typography_letter_spacing":{"unit":"px","size":"-0.5","sizes":[]},"button_text_color":"#ffffff","background_color":"#c4b997","hover_color":"#ffffff","button_background_hover_color":"#212529","hover_animation":"bob","border_radius":{"unit":"px","top":"5","right":"5","bottom":"5","left":"5","isLinked":"1"},"text_padding":{"unit":"em","top":"1.15","right":"2.65","bottom":"1.15","left":"2.65","isLinked":""},"_padding":{"unit":"em","top":"2","right":"0","bottom":"0","left":"0","isLinked":""}},"elements":[],"isInner":false,"widgetType":"button","elType":"widget"}],"isInner":"1","elType":"column"}],"isInner":"1","elType":"section"}],"isInner":"","elType":"column"}],"isInner":"","elType":"section"},{"id":"3c1e9dc3","settings":{"structure":"20","background_background":"classic","background_color":"#ffffff","padding":{"unit":"em","top":"6","right":"0","bottom":"8","left":"0","isLinked":""},"layout":"full_width","padding_tablet":{"unit":"em","top":"1","right":"1","bottom":"1","left":"1","isLinked":"1"}},"elements":[{"id":"128283e9","settings":{"_column_size":"50","_inline_size":"50","padding":{"unit":"em","top":"1","right":"5","bottom":"1","left":"1","isLinked":""},"_inline_size_tablet":"100","padding_tablet":{"unit":"em","top":"1","right":"1","bottom":"1","left":"1","isLinked":"1"}},"elements":[{"id":"3c38ab9a","settings":{"image":{"url":"http:\/\/sitefacilitado.com.br\/membros\/wp-content\/uploads\/2020\/03\/photo-1502945015378-0e284ca1a5be-e1558510128619.jpeg","id":"6030"},"image_size":"full","image_custom_dimension":{"width":"600","height":"760"},"image_border_radius":{"unit":"px","top":"12","right":"12","bottom":"12","left":"12","isLinked":"1"},"image_box_shadow_box_shadow_type":"yes","image_box_shadow_box_shadow":{"horizontal":"13","vertical":"13","blur":"0","spread":"0","color":"rgba(87,84,254,0.05)"},"motion_fx_rotateZ_effect":"yes","motion_fx_rotateZ_direction":"negative","motion_fx_rotateZ_affectedRange":{"unit":"%","size":"","sizes":{"start":"48","end":"61"}},"_animation":"fadeInLeft","animation_duration":"fast"},"elements":[],"isInner":false,"widgetType":"image","elType":"widget"},{"id":"c64f9e5","settings":{"image":{"url":"http:\/\/sitefacilitado.com.br\/membros\/wp-content\/uploads\/2020\/03\/photo-1525900907992-84464c86d6b4.jpeg","id":"6034"},"image_size":"custom","image_custom_dimension":{"width":"300","height":"300"},"width":{"unit":"%","size":"33","sizes":[]},"width_tablet":{"unit":"%","size":"35","sizes":[]},"opacity":{"unit":"px","size":"1","sizes":[]},"opacity_hover":{"unit":"px","size":"1","sizes":[]},"background_hover_transition":{"unit":"px","size":"0.3","sizes":[]},"hover_animation":"rotate","image_border_radius":{"unit":"px","top":"12","right":"12","bottom":"12","left":"12","isLinked":"1"},"image_box_shadow_box_shadow_type":"yes","image_box_shadow_box_shadow":{"horizontal":"13","vertical":"13","blur":"0","spread":"0","color":"rgba(87,84,254,0.05)"},"motion_fx_motion_fx_scrolling":"yes","motion_fx_rotateZ_effect":"yes","motion_fx_rotateZ_speed":{"unit":"px","size":"0.2","sizes":[]},"_position":"absolute","_offset_x":{"size":"439","unit":"px"},"_offset_x_tablet":{"size":"203","unit":"px"},"_offset_x_mobile":{"size":"67","unit":"px"},"_offset_y":{"size":"453","unit":"px"},"_offset_y_tablet":{"size":"338","unit":"px"},"_offset_y_mobile":{"size":"164","unit":"px"},"hide_tablet":"hidden-tablet","hide_mobile":"hidden-phone","_animation":"rotateIn"},"elements":[],"isInner":false,"widgetType":"image","elType":"widget"}],"isInner":"","elType":"column"},{"id":"5f54e431","settings":{"_column_size":"50","_inline_size":"52.097","content_position":"center","space_between_widgets":"0","_inline_size_tablet":"100"},"elements":[{"id":"5e0e690","settings":{"content_width":{"unit":"px","size":"700","sizes":[]}},"elements":[{"id":"1d4ed4c3","settings":{"_column_size":"100","_inline_size":""},"elements":[{"id":"3ec8a542","settings":{"title":"My Mission","header_size":"span","align":"center","title_color":"#ffffff","typography_typography":"custom","typography_font_family":"Karla","typography_font_size":{"unit":"em","size":"0.82","sizes":[]},"typography_font_weight":"700","typography_line_height":{"unit":"em","size":"1.15","sizes":[]},"typography_letter_spacing":{"unit":"px","size":"0.6","sizes":[]},"typography_text_transform":"uppercase","_margin":{"unit":"px","top":"0","right":"0","bottom":"35","left":"0","isLinked":""},"_padding":{"unit":"em","top":"0.35","right":"0.65","bottom":"0.38","left":"0.65","isLinked":""},"_background_background":"classic","_background_color":"rgba(196,185,151,0.79)","_border_radius":{"unit":"px","top":"6","right":"6","bottom":"6","left":"6","isLinked":"1"},"_element_width":"auto"},"elements":[],"isInner":false,"widgetType":"heading","elType":"widget"},{"id":"55a6ec12","settings":{"title":"Mission is to turn the leads into a conversation.","align":"left","title_color":"#212529","typography_typography":"custom","typography_font_family":"Karla","typography_font_size":{"unit":"em","size":"3","sizes":[]},"typography_font_size_mobile":{"unit":"em","size":"2.3","sizes":[]},"typography_font_weight":"400","typography_line_height":{"unit":"em","size":"1.13","sizes":[]},"typography_letter_spacing":{"unit":"px","size":"-3","sizes":[]},"_padding":{"unit":"em","top":"0","right":"0","bottom":"0.3","left":"0","isLinked":""}},"elements":[],"isInner":false,"widgetType":"heading","elType":"widget"},{"id":"7980e1f1","settings":{"editor":"<p>Sed ut perspiciatis unde omnis iste natus error sit voluptatem accusantium.<\/p>","align":"left","text_color":"#495057","typography_typography":"custom","typography_font_family":"Karla","typography_font_size":{"unit":"em","size":"1.255","sizes":[]},"typography_line_height":{"unit":"em","size":"1.555","sizes":[]},"_padding":{"unit":"em","top":"0","right":"0","bottom":"0","left":"0","isLinked":""}},"elements":[],"isInner":false,"widgetType":"text-editor","elType":"widget"}],"isInner":"1","elType":"column"}],"isInner":"1","elType":"section"},{"id":"a03bd39","settings":{"structure":"20","padding":{"unit":"em","top":"0","right":"0","bottom":"0","left":"02","isLinked":""},"content_width":{"unit":"px","size":"700","sizes":[]}},"elements":[{"id":"2c799285","settings":{"_column_size":"50","_inline_size":"15.091","content_position":"top","padding":{"unit":"em","top":"0","right":"0","bottom":"0","left":"0","isLinked":"1"},"z_index":"11","_inline_size_mobile":"10","margin":{"unit":"px","top":"0","right":"0","bottom":"0","left":"0","isLinked":"1"}},"elements":[{"id":"5280ad8","settings":{"icon":"fa fa-dot-circle-o","view":"stacked","primary_color":"rgba(111,132,148,0.05)","secondary_color":"#c4b381","size":{"unit":"px","size":"16","sizes":[]},"icon_padding":{"unit":"px","size":"16","sizes":[]},"_padding":{"unit":"em","top":"0","right":"0","bottom":"1.2","left":"0","isLinked":""},"_z_index":"11","_margin":{"unit":"px","top":"0","right":"0","bottom":"0","left":"0","isLinked":"1"}},"elements":[],"isInner":false,"widgetType":"icon","elType":"widget"}],"isInner":"1","elType":"column"},{"id":"704df0b","settings":{"_column_size":"50","_inline_size":"84.909","space_between_widgets":"0","_inline_size_mobile":"80","padding_mobile":{"unit":"em","top":"1","right":"0","bottom":"0","left":"2","isLinked":""}},"elements":[{"id":"7865359d","settings":{"title":"1. Relentless","header_size":"h3","title_color":"#212529","typography_typography":"custom","typography_font_family":"Karla","typography_font_size":{"unit":"em","size":"1.3","sizes":[]},"typography_font_weight":"700","typography_line_height":{"unit":"em","size":"1.15","sizes":[]},"typography_letter_spacing":{"unit":"px","size":"-0.5","sizes":[]},"_padding":{"unit":"em","top":"0","right":"0","bottom":"0","left":"0","isLinked":""}},"elements":[],"isInner":false,"widgetType":"heading","elType":"widget"},{"id":"3817fdc9","settings":{"editor":"<p>Aiming for greatness in every project. In culpa qui officia deserunt mollitia animi, id est laborum et fuga.<\/p>","text_color":"#495057","typography_typography":"custom","typography_font_family":"Karla","typography_font_size":{"unit":"em","size":"1","sizes":[]},"typography_line_height":{"unit":"em","size":"1.555","sizes":[]}},"elements":[],"isInner":false,"widgetType":"text-editor","elType":"widget"}],"isInner":"1","elType":"column"}],"isInner":"1","elType":"section"},{"id":"d78f0ea","settings":{"content_position":"middle","structure":"20","padding":{"unit":"em","top":"0","right":"0","bottom":"0","left":"2","isLinked":""},"content_width":{"unit":"px","size":"700","sizes":[]}},"elements":[{"id":"4f225505","settings":{"_column_size":"50","_inline_size":"15.091","content_position":"top","padding":{"unit":"em","top":"0","right":"0","bottom":"0","left":"0","isLinked":"1"},"z_index":"11","_inline_size_mobile":"10","margin":{"unit":"px","top":"0","right":"0","bottom":"0","left":"0","isLinked":"1"}},"elements":[{"id":"1f56a096","settings":{"icon":"fa fa-dot-circle-o","view":"stacked","primary_color":"rgba(111,132,148,0.05)","secondary_color":"#c4b381","size":{"unit":"px","size":"16","sizes":[]},"icon_padding":{"unit":"px","size":"16","sizes":[]},"_padding":{"unit":"em","top":"0","right":"0","bottom":"1.2","left":"0","isLinked":""},"_z_index":"11","_margin":{"unit":"px","top":"0","right":"0","bottom":"0","left":"0","isLinked":"1"}},"elements":[],"isInner":false,"widgetType":"icon","elType":"widget"}],"isInner":"1","elType":"column"},{"id":"2b8e1644","settings":{"_column_size":"50","_inline_size":"84.909","space_between_widgets":"0","_inline_size_mobile":"80","padding_mobile":{"unit":"em","top":"1","right":"0","bottom":"0","left":"2","isLinked":""}},"elements":[{"id":"2e31b39d","settings":{"title":"2. Resilient","header_size":"h3","title_color":"#212529","typography_typography":"custom","typography_font_family":"Karla","typography_font_size":{"unit":"em","size":"1.3","sizes":[]},"typography_font_weight":"700","typography_line_height":{"unit":"em","size":"1.15","sizes":[]},"typography_letter_spacing":{"unit":"px","size":"-0.5","sizes":[]},"_padding":{"unit":"em","top":"0","right":"0","bottom":"0","left":"0","isLinked":""}},"elements":[],"isInner":false,"widgetType":"heading","elType":"widget"},{"id":"23d3b6aa","settings":{"editor":"<p>Evolving with the market, similique sunt in culpa qui officia deserunt mollitia animi, id est.<\/p>","text_color":"#495057","typography_typography":"custom","typography_font_family":"Karla","typography_font_size":{"unit":"em","size":"1","sizes":[]},"typography_line_height":{"unit":"em","size":"1.555","sizes":[]}},"elements":[],"isInner":false,"widgetType":"text-editor","elType":"widget"}],"isInner":"1","elType":"column"}],"isInner":"1","elType":"section"}],"isInner":"","elType":"column"}],"isInner":"","elType":"section"},{"id":"3ee37421","settings":{"background_color":"rgba(111,132,148,0.05)","padding":{"unit":"em","top":"6","right":"0","bottom":"5","left":"0","isLinked":""},"background_background":"classic"},"elements":[{"id":"4264b882","settings":{"_column_size":"100"},"elements":[{"id":"3213d176","settings":{"content_width":{"unit":"px","size":"500","sizes":[]}},"elements":[{"id":"3a0cfe1d","settings":{"_column_size":"100","_inline_size":"","align":"center","space_between_widgets":"10"},"elements":[{"id":"5ac36385","settings":{"title":"Testimonials","header_size":"span","align":"center","title_color":"#ffffff","typography_typography":"custom","typography_font_family":"Karla","typography_font_size":{"unit":"em","size":"0.82","sizes":[]},"typography_font_weight":"700","typography_line_height":{"unit":"em","size":"1.15","sizes":[]},"typography_letter_spacing":{"unit":"px","size":"0.6","sizes":[]},"typography_text_transform":"uppercase","_margin":{"unit":"px","top":"0","right":"0","bottom":"35","left":"0","isLinked":""},"_padding":{"unit":"em","top":"0.35","right":"0.65","bottom":"0.38","left":"0.65","isLinked":""},"_background_background":"classic","_background_color":"#c4b997","_border_radius":{"unit":"px","top":"6","right":"6","bottom":"6","left":"6","isLinked":"1"},"_element_width":"auto"},"elements":[],"isInner":false,"widgetType":"heading","elType":"widget"},{"id":"22e08756","settings":{"title":"Experience Matters","align":"center","title_color":"#212529","typography_typography":"custom","typography_font_family":"Karla","typography_font_size":{"unit":"em","size":"3","sizes":[]},"typography_font_weight":"400","typography_line_height":{"unit":"em","size":"1.15","sizes":[]},"typography_letter_spacing":{"unit":"px","size":"-3","sizes":[]},"_padding":{"unit":"em","top":"0","right":"0","bottom":"0","left":"0","isLinked":""}},"elements":[],"isInner":false,"widgetType":"heading","elType":"widget"}],"isInner":"1","elType":"column"}],"isInner":"1","elType":"section"},{"id":"56276df6","settings":{"slides":[{"content":"I am slide content. Click edit button to change this text. Lorem ipsum dolor sit amet, consectetur adipiscing elit. Ut elit tellus, luctus nec ullamcorper mattis, pulvinar dapibus leo.","name":"K.McQueen","title":"Writer","image":{"url":"http:\/\/sitefacilitado.com.br\/membros\/wp-content\/uploads\/2020\/03\/photo-1508215302842-8a015a452a20.jpeg","id":"6036"},"_id":"c84c139"},{"content":"I am slide content. Click edit button to change this text. Lorem ipsum dolor sit amet, consectetur adipiscing elit. Ut elit tellus, luctus nec ullamcorper mattis, pulvinar dapibus leo.","name":"DJ Jam Force","title":"Entertainer","image":{"url":"http:\/\/sitefacilitado.com.br\/membros\/wp-content\/uploads\/2020\/03\/photo-1522609925277-66fea332c575.jpeg","id":"6037"},"_id":"0c067e0"},{"content":"I am slide content. Click edit button to change this text. Lorem ipsum dolor sit amet, consectetur adipiscing elit. Ut elit tellus, luctus nec ullamcorper mattis, pulvinar dapibus leo.","name":"Karen Jameson","title":"Model","image":{"url":"http:\/\/sitefacilitado.com.br\/membros\/wp-content\/uploads\/2020\/03\/photo-1534528741775-53994a69daeb.jpeg","id":"6024"},"_id":"db0ebc3"}],"skin":"bubble","slides_per_view":"3","show_arrows":"","pagination":"fraction","content_color":"#495057","content_typography_typography":"custom","content_typography_font_family":"Karla","content_typography_font_size":{"unit":"em","size":"0.98","sizes":[]},"content_typography_font_weight":"400","content_typography_line_height":{"unit":"em","size":"1.6","sizes":[]},"content_typography_letter_spacing":{"unit":"px","size":"0","sizes":[]},"name_color":"#000000","name_typography_typography":"custom","name_typography_font_family":"Karla","name_typography_font_size":{"unit":"em","size":"1.1","sizes":[]},"name_typography_font_weight":"700","name_typography_line_height":{"unit":"em","size":"1.6","sizes":[]},"name_typography_letter_spacing":{"unit":"px","size":"0","sizes":[]},"title_color":"#bfac7e","title_typography_typography":"custom","title_typography_font_family":"Karla","image_size":{"unit":"px","size":"60","sizes":[]},"image_border_color":"","image_border_width":{"unit":"px","top":"","right":"","bottom":"","left":"","isLinked":"1"},"image_border_width_tablet":{"unit":"px","top":"","right":"","bottom":"","left":"","isLinked":"1"},"image_border_width_mobile":{"unit":"px","top":"","right":"","bottom":"","left":"","isLinked":"1"},"image_border_radius":{"unit":"px","top":"","right":"","bottom":"","left":"","isLinked":"1"},"arrows_color":"#bfac7e","pagination_color":"#bfac7e","_padding":{"unit":"em","top":"3.2","right":"3","bottom":"0","left":"3","isLinked":""},"_background_color":"#ffffff","_border_radius":{"unit":"px","top":"5","right":"5","bottom":"5","left":"5","isLinked":"1"},"_box_shadow_box_shadow":{"horizontal":"-2","vertical":"19","blur":"38","spread":"1","color":"rgba(33,37,41,0.04)"},"width_mobile":{"unit":"%","size":"100","sizes":[]},"_padding_mobile":{"unit":"em","top":"0","right":"0","bottom":"0","left":"0","isLinked":"1"}},"elements":[],"isInner":false,"widgetType":"testimonial-carousel","elType":"widget"}],"isInner":"","elType":"column"}],"isInner":"","elType":"section"},{"id":"3720991c","settings":{"structure":"20","padding":{"unit":"em","top":"6","right":"0","bottom":"6","left":"0","isLinked":""},"background_background":"classic","background_color":"#ffffff","padding_tablet":{"unit":"em","top":"2","right":"2","bottom":"2","left":"2","isLinked":"1"}},"elements":[{"id":"5adcf950","settings":{"_column_size":"50","_inline_size":"","_inline_size_tablet":"100"},"elements":[{"id":"58875cec","settings":{"title":"Newsletter","header_size":"span","align":"center","title_color":"#ffffff","typography_typography":"custom","typography_font_family":"Karla","typography_font_size":{"unit":"em","size":"0.82","sizes":[]},"typography_font_weight":"700","typography_line_height":{"unit":"em","size":"1.15","sizes":[]},"typography_letter_spacing":{"unit":"px","size":"0.6","sizes":[]},"typography_text_transform":"uppercase","_margin":{"unit":"px","top":"0","right":"0","bottom":"35","left":"0","isLinked":""},"_padding":{"unit":"em","top":"0.35","right":"0.65","bottom":"0.38","left":"0.65","isLinked":""},"_background_background":"classic","_background_color":"#c4b997","_border_radius":{"unit":"px","top":"6","right":"6","bottom":"6","left":"6","isLinked":"1"},"_element_width":"auto"},"elements":[],"isInner":false,"widgetType":"heading","elType":"widget"},{"id":"17f24c80","settings":{"title":"Get great articles direct to your inbox.","align":"left","title_color":"#212529","typography_typography":"custom","typography_font_family":"Karla","typography_font_size":{"unit":"em","size":"3","sizes":[]},"typography_font_size_mobile":{"unit":"em","size":"2.7","sizes":[]},"typography_font_weight":"400","typography_line_height":{"unit":"em","size":"1.15","sizes":[]},"typography_letter_spacing":{"unit":"px","size":"-3","sizes":[]},"_padding_mobile":{"unit":"px","top":"0","right":"0","bottom":"0","left":"0","isLinked":"1"}},"elements":[],"isInner":false,"widgetType":"heading","elType":"widget"},{"id":"7ea73227","settings":{"editor":"<p>Sed ut perspiciatis unde omnis iste natus error sit volupt.<\/p>","text_color":"#495057","typography_typography":"custom","typography_font_family":"Karla","typography_font_size":{"unit":"em","size":"1","sizes":[]},"typography_line_height":{"unit":"em","size":"1.555","sizes":[]}},"elements":[],"isInner":false,"widgetType":"text-editor","elType":"widget"}],"isInner":"","elType":"column"},{"id":"330ce1be","settings":{"_column_size":"50","_inline_size":"","content_position":"center","space_between_widgets":"0","padding":{"unit":"em","top":"","right":"","bottom":"","left":"","isLinked":"1"},"_inline_size_tablet":"100"},"elements":[{"id":"3b053bf7","settings":{"form_name":"Contact Form","form_fields":[{"custom_id":"email","field_type":"email","required":"true","field_label":"Email","placeholder":"  Your Email Address","width":"66","_id":"5a24f6f","field_options":"","allow_multiple":"","select_size":"","inline_list":"","field_html":"","width_tablet":"","width_mobile":"","rows":"4","recaptcha_size":"normal","recaptcha_style":"light","css_classes":"","field_value":""}],"show_labels":"","button_text":"Subscribe","button_size":"md","email_content":"[all-fields]","email_content_2":"[all-fields]","success_message":"The form was sent successfully.","error_message":"An error occured.","required_field_message":"This field is required.","invalid_message":"There's something wrong. The form is invalid.","column_gap":{"unit":"px","size":"13","sizes":[]},"row_gap":{"unit":"px","size":"13","sizes":[]},"label_spacing":{"unit":"px","size":"6","sizes":[]},"field_text_color":"#212529","field_typography_typography":"custom","field_typography_font_family":"Karla","field_typography_font_size":{"unit":"em","size":"0.94","sizes":[]},"field_typography_line_height":{"unit":"em","size":"2.9","sizes":[]},"field_typography_letter_spacing":{"unit":"px","size":"-0.5","sizes":[]},"field_border_color":"rgba(33,37,41,0)","field_border_width":{"unit":"px","top":"1","right":"1","bottom":"1","left":"1","isLinked":"1"},"field_border_radius":{"unit":"px","top":"5","right":"5","bottom":"5","left":"5","isLinked":"1"},"button_background_color":"#c4b381","button_text_color":"#ffffff","button_typography_typography":"custom","button_typography_font_family":"Karla","button_typography_font_size":{"unit":"em","size":"1.1","sizes":[]},"button_typography_font_weight":"700","button_typography_line_height":{"unit":"em","size":"1.5","sizes":[]},"button_typography_letter_spacing":{"unit":"px","size":"-0.8","sizes":[]},"button_background_hover_color":"#212529","button_hover_color":"#ffffff","_padding":{"unit":"em","top":"3","right":"0","bottom":"0","left":"0","isLinked":""},"button_width":"33","field_background_color":"rgba(111,132,148,0.05)","button_border_radius":{"unit":"px","top":"5","right":"5","bottom":"5","left":"5","isLinked":"1"},"_padding_mobile":{"unit":"px","top":"0","right":"0","bottom":"0","left":"0","isLinked":"1"}},"elements":[],"isInner":false,"widgetType":"form","elType":"widget"},{"id":"4a9b09bd","settings":[],"elements":[{"id":"fc7e709","settings":{"_column_size":"100","_inline_size":""},"elements":[{"id":"3fccc05e","settings":{"editor":"<p>Stay in the loop with our monthly round-up of news updates.<\/p>","align":"left","text_color":"rgba(73,80,87,0.81)","typography_typography":"custom","typography_font_family":"Karla","typography_font_size":{"unit":"em","size":"0.82","sizes":[]},"typography_line_height":{"unit":"em","size":"1.555","sizes":[]},"_padding":{"unit":"em","top":"0","right":"2","bottom":"0","left":"0","isLinked":""},"typography_font_style":"italic","align_mobile":"left"},"elements":[],"isInner":false,"widgetType":"text-editor","elType":"widget"}],"isInner":"1","elType":"column"}],"isInner":"1","elType":"section"}],"isInner":"","elType":"column"}],"isInner":"","elType":"section"},{"id":"37319ddc","settings":{"content_width":{"unit":"px","size":"1600","sizes":[]},"padding":{"unit":"em","top":"7.5","right":"0","bottom":"6","left":"0","isLinked":""},"background_overlay_gradient_angle":{"unit":"deg","size":"140","sizes":[]},"background_overlay_opacity":{"unit":"px","size":"1","sizes":[]},"shape_divider_top_color":"rgba(33,37,41,0.01)","shape_divider_top_width":{"unit":"%","size":"193","sizes":[]},"shape_divider_top_height":{"unit":"px","size":"165","sizes":[]},"text_align":"center","structure":"30","background_image":{"url":"http:\/\/sitefacilitado.com.br\/membros\/wp-content\/uploads\/2020\/03\/photo-1543269865-96ae30571b5a-e1558510114421.jpeg","id":"6038"},"background_image_tablet":{"url":"http:\/\/sitefacilitado.com.br\/membros\/wp-content\/uploads\/2020\/03\/photo-1543269865-4430f94492b9.jpeg","id":"6007"},"background_image_mobile":{"url":"http:\/\/sitefacilitado.com.br\/membros\/wp-content\/uploads\/2020\/03\/photo-1543269865-4430f94492b9.jpeg","id":"6007"},"background_position":"center center","background_repeat":"no-repeat","background_size":"cover","background_overlay_color":"#212529","background_overlay_color_b":"rgba(84,89,95,0.48)","padding_mobile":{"unit":"em","top":"6","right":"0","bottom":"5","left":"0","isLinked":""},"padding_tablet":{"unit":"px","top":"0","right":"0","bottom":"0","left":"0","isLinked":""},"background_background":"classic","background_overlay_background":"gradient","background_position_mobile":"initial","background_xpos_mobile":{"unit":"px","size":"-672","sizes":[]},"background_size_mobile":"cover"},"elements":[{"id":"7800d9a0","settings":{"_column_size":"33","_inline_size":"","_inline_size_tablet":"100","hide_mobile":"hidden-phone"},"elements":[{"id":"43816671","settings":{"structure":"20","padding":{"unit":"em","top":"5","right":"0","bottom":"0","left":"0","isLinked":""},"padding_tablet":{"unit":"px","top":"0","right":"0","bottom":"0","left":"0","isLinked":""}},"elements":[{"id":"7d02637","settings":{"_column_size":"50","_inline_size":"","_inline_size_mobile":"50","content_position":"bottom"},"elements":[{"id":"785b592c","settings":{"icon":"fa fa-envelope","view":"stacked","primary_color":"rgba(196,185,151,0.07)","secondary_color":"#c4b997","size":{"unit":"px","size":"15","sizes":[]},"icon_padding":{"unit":"px","size":"17","sizes":[]},"_padding":{"unit":"em","top":"0","right":"0","bottom":"01","left":"5","isLinked":""},"motion_fx_mouseTrack_effect":"yes","motion_fx_mouseTrack_speed":{"unit":"px","size":"0.4","sizes":[]},"_animation":"fadeInLeft"},"elements":[],"isInner":false,"widgetType":"icon","elType":"widget"}],"isInner":"1","elType":"column"},{"id":"3896eab","settings":{"_column_size":"50","_inline_size":"","_inline_size_mobile":"50","content_position":"top"},"elements":[{"id":"21515830","settings":{"icon":"fa fa-instagram","view":"stacked","primary_color":"rgba(196,185,151,0.07)","secondary_color":"#c4b997","size":{"unit":"px","size":"28","sizes":[]},"icon_padding":{"unit":"px","size":"24","sizes":[]},"_padding":{"unit":"em","top":"0","right":"0","bottom":"2","left":"0","isLinked":""},"motion_fx_mouseTrack_effect":"yes","motion_fx_mouseTrack_direction":"negative","motion_fx_mouseTrack_speed":{"unit":"px","size":"0.6","sizes":[]},"_animation":"fadeInDown"},"elements":[],"isInner":false,"widgetType":"icon","elType":"widget"}],"isInner":"1","elType":"column"}],"isInner":"1","elType":"section"},{"id":"6e9af50","settings":{"structure":"30"},"elements":[{"id":"63e49854","settings":{"_column_size":"33","_inline_size":"","_inline_size_mobile":"50"},"elements":[{"id":"7b517d60","settings":{"icon":"fa fa-google","view":"stacked","primary_color":"rgba(196,185,151,0.07)","secondary_color":"#c4b997","size":{"unit":"px","size":"22","sizes":[]},"icon_padding":{"unit":"px","size":"22","sizes":[]},"_padding":{"unit":"em","top":"0","right":"0","bottom":"2","left":"0","isLinked":""},"motion_fx_mouseTrack_effect":"yes","_animation":"fadeInUp"},"elements":[],"isInner":false,"widgetType":"icon","elType":"widget"}],"isInner":"1","elType":"column"},{"id":"62996fb0","settings":{"_column_size":"33","_inline_size":"","_inline_size_mobile":"50"},"elements":[{"id":"385d58ed","settings":{"icon":"fa fa-facebook-f","view":"stacked","primary_color":"rgba(196,185,151,0.07)","secondary_color":"#c4b997","size":{"unit":"px","size":"42","sizes":[]},"icon_padding":{"unit":"px","size":"31","sizes":[]},"motion_fx_mouseTrack_effect":"yes","motion_fx_mouseTrack_direction":"negative","motion_fx_mouseTrack_speed":{"unit":"px","size":"0.3","sizes":[]},"_animation":"fadeInRight"},"elements":[],"isInner":false,"widgetType":"icon","elType":"widget"}],"isInner":"1","elType":"column"},{"id":"7ac4234d","settings":{"_column_size":"33","_inline_size":""},"elements":[],"isInner":"1","elType":"column"}],"isInner":"1","elType":"section"}],"isInner":"","elType":"column"},{"id":"7f117de8","settings":{"_column_size":"33","_inline_size":"","padding":{"unit":"em","top":"0","right":"0","bottom":"0","left":"0","isLinked":""},"_inline_size_tablet":"100"},"elements":[{"id":"2ee4a943","settings":[],"elements":[{"id":"721b8d6f","settings":{"_column_size":"100","_inline_size":"","align":"center"},"elements":[{"id":"1d81ac01","settings":{"title":"My Services","header_size":"span","align":"center","title_color":"#ffffff","typography_typography":"custom","typography_font_family":"Karla","typography_font_size":{"unit":"em","size":"0.82","sizes":[]},"typography_font_weight":"700","typography_line_height":{"unit":"em","size":"1.15","sizes":[]},"typography_letter_spacing":{"unit":"px","size":"0.6","sizes":[]},"typography_text_transform":"uppercase","_margin":{"unit":"px","top":"0","right":"0","bottom":"35","left":"0","isLinked":""},"_padding":{"unit":"em","top":"0.35","right":"0.65","bottom":"0.38","left":"0.65","isLinked":""},"_background_background":"classic","_background_color":"#c4b997","_border_radius":{"unit":"px","top":"6","right":"6","bottom":"6","left":"6","isLinked":"1"},"_element_width":"auto"},"elements":[],"isInner":false,"widgetType":"heading","elType":"widget"},{"id":"395c8393","settings":{"title":"Turn the internet into a conversation.","title_color":"#ffffff","typography_typography":"custom","typography_font_family":"Karla","typography_font_size":{"unit":"em","size":"3.555","sizes":[]},"typography_font_weight":"400","typography_line_height":{"unit":"em","size":"1.15","sizes":[]},"typography_letter_spacing":{"unit":"px","size":"-3","sizes":[]},"align":"center","_padding":{"unit":"em","top":"0","right":"0","bottom":"0.3","left":"0","isLinked":""},"typography_font_size_mobile":{"unit":"rem","size":"2","sizes":[]}},"elements":[],"isInner":false,"widgetType":"heading","elType":"widget"},{"id":"113850c","settings":{"editor":"<p>Sed ut perspiciatis unde omnis iste natus error sit voluptatem accusantium.<\/p>","text_color":"rgba(255,255,255,0.68)","typography_typography":"custom","typography_font_family":"Karla","typography_font_size":{"unit":"em","size":"1.255","sizes":[]},"typography_line_height":{"unit":"em","size":"1.555","sizes":[]},"_padding":{"unit":"em","top":"0","right":"0","bottom":"0","left":"0","isLinked":""},"_margin":{"unit":"px","top":"0","right":"0","bottom":"0","left":"0","isLinked":""}},"elements":[],"isInner":false,"widgetType":"text-editor","elType":"widget"}],"isInner":"1","elType":"column"}],"isInner":"1","elType":"section"},{"id":"28def1b6","settings":{"content_width":{"unit":"px","size":"500","sizes":[]},"border_width":{"unit":"px","top":"0","right":"0","bottom":"0","left":"0","isLinked":""},"border_color":"#dee2e6","border_radius":{"unit":"px","top":"0","right":"0","bottom":"0","left":"0","isLinked":"1"},"padding":{"unit":"em","top":"0","right":"0","bottom":"0","left":"0","isLinked":""},"structure":"30"},"elements":[{"id":"1b4546f5","settings":{"_column_size":"33","_inline_size":"31.2"},"elements":[],"isInner":"1","elType":"column"},{"id":"40cf63b0","settings":{"_column_size":"33","_inline_size":"43.531"},"elements":[{"id":"53da0791","settings":{"icon":"fa fa-play","view":"stacked","link":{"url":"https:\/\/www.youtube.com\/watch?v=rrlJiKFJSQY","is_external":"on","nofollow":"on"},"primary_color":"#c4b997","secondary_color":"#ffffff","size":{"unit":"px","size":"13","sizes":[]},"icon_padding":{"unit":"px","size":"14","sizes":[]},"border_radius":{"unit":"px","top":"50","right":"50","bottom":"50","left":"50","isLinked":"1"},"_element_width":"auto","_animation":"fadeIn"},"elements":[],"isInner":false,"widgetType":"icon","elType":"widget"},{"id":"15d64e4a","settings":{"title":"Watch the video","header_size":"h3","align":"center","title_color":"#c4b997","typography_typography":"custom","typography_font_family":"Karla","typography_font_size":{"unit":"em","size":"0.81","sizes":[]},"typography_font_weight":"700","typography_line_height":{"unit":"em","size":"1.15","sizes":[]},"typography_letter_spacing":{"unit":"px","size":"0.6","sizes":[]},"typography_text_transform":"uppercase","link":{"url":"https:\/\/www.youtube.com\/watch?v=rrlJiKFJSQY","is_external":"on","nofollow":"on"},"_padding":{"unit":"em","top":"0","right":"0","bottom":"0","left":"1","isLinked":""},"_element_width":"auto","_element_vertical_align":"center","_animation":"fadeInDown"},"elements":[],"isInner":false,"widgetType":"heading","elType":"widget"}],"isInner":"1","elType":"column"},{"id":"25052fd0","settings":{"_column_size":"33","_inline_size":"25.262"},"elements":[],"isInner":"1","elType":"column"}],"isInner":"1","elType":"section"},{"id":"160736e5","settings":{"content_width":{"unit":"px","size":"500","sizes":[]},"border_width":{"unit":"px","top":"0","right":"0","bottom":"0","left":"0","isLinked":""},"border_color":"#dee2e6","border_radius":{"unit":"px","top":"0","right":"0","bottom":"0","left":"0","isLinked":"1"},"padding":{"unit":"em","top":"0","right":"0","bottom":"0","left":"0","isLinked":""}},"elements":[{"id":"59d5159a","settings":{"_column_size":"100","_inline_size":""},"elements":[{"id":"70f56c6b","settings":{"text":"Let's Work Together","align":"center","size":"md","typography_typography":"custom","typography_font_family":"Karla","typography_font_size":{"unit":"em","size":"1.144","sizes":[]},"typography_font_weight":"700","typography_letter_spacing":{"unit":"px","size":"-0.5","sizes":[]},"button_text_color":"#ffffff","background_color":"#c4b997","hover_color":"#ffffff","button_background_hover_color":"#212529","hover_animation":"bob","border_radius":{"unit":"px","top":"5","right":"5","bottom":"5","left":"5","isLinked":"1"},"text_padding":{"unit":"em","top":"1.15","right":"2.65","bottom":"1.15","left":"2.65","isLinked":""},"_padding":{"unit":"em","top":"2","right":"0","bottom":"0","left":"0","isLinked":""}},"elements":[],"isInner":false,"widgetType":"button","elType":"widget"}],"isInner":"1","elType":"column"}],"isInner":"1","elType":"section"}],"isInner":"","elType":"column"},{"id":"adacbe3","settings":{"_column_size":"33","_inline_size":"","content_position":"bottom","_inline_size_tablet":"100","hide_mobile":"hidden-phone"},"elements":[{"id":"1643308","settings":{"structure":"20","padding":{"unit":"em","top":"0","right":"0","bottom":"7","left":"0","isLinked":""},"padding_tablet":{"unit":"px","top":"0","right":"0","bottom":"0","left":"0","isLinked":""}},"elements":[{"id":"56142d14","settings":{"_column_size":"50","_inline_size":"","_inline_size_mobile":"50"},"elements":[{"id":"3d353153","settings":{"icon":"fa fa-twitter","view":"stacked","primary_color":"rgba(196,185,151,0.07)","secondary_color":"#c4b997","size":{"unit":"px","size":"51","sizes":[]},"icon_padding":{"unit":"px","size":"44","sizes":[]},"_background_color":"#ffffff","_box_shadow_box_shadow":{"horizontal":"0","vertical":"0","blur":"10","spread":"0","color":"rgba(255,255,255,0.5)"},"motion_fx_mouseTrack_effect":"yes","motion_fx_mouseTrack_direction":"negative","motion_fx_mouseTrack_speed":{"unit":"px","size":"0.4","sizes":[]},"_animation":"fadeInDown"},"elements":[],"isInner":false,"widgetType":"icon","elType":"widget"}],"isInner":"1","elType":"column"},{"id":"8a56953","settings":{"_column_size":"50","_inline_size":"","_inline_size_mobile":"50"},"elements":[{"id":"7a61b886","settings":{"icon":"fa fa-pinterest","view":"stacked","primary_color":"rgba(196,185,151,0.07)","secondary_color":"#c4b997","size":{"unit":"px","size":"37","sizes":[]},"icon_padding":{"unit":"px","size":"30","sizes":[]},"motion_fx_mouseTrack_effect":"yes","motion_fx_mouseTrack_speed":{"unit":"px","size":"0.6","sizes":[]},"_animation":"fadeInRight"},"elements":[],"isInner":false,"widgetType":"icon","elType":"widget"}],"isInner":"1","elType":"column"}],"isInner":"1","elType":"section"}],"isInner":"","elType":"column"}],"isInner":"","elType":"section"}]}