{"version":"0.4","title":"Social Media Consultant > My Services","type":"page","content":[{"id":"e2a865e","settings":{"content_width":{"unit":"px","size":"1180","sizes":[]},"padding":{"unit":"em","top":"4","right":"0","bottom":"0","left":"0","isLinked":""},"shape_divider_top":"wave-brush","shape_divider_top_color":"rgba(33,37,41,0.01)","shape_divider_top_width":{"unit":"%","size":"193","sizes":[]},"shape_divider_top_height":{"unit":"px","size":"165","sizes":[]},"text_align":"center","gap":"wider","structure":"20","border_width":{"unit":"px","top":"0","right":"0","bottom":"1","left":"0","isLinked":""},"border_color":"#dee2e6","border_radius":{"unit":"px","top":"0","right":"0","bottom":"0","left":"0","isLinked":"1"},"margin":{"unit":"px","top":"0","right":"0","bottom":"0","left":"0","isLinked":""},"background_background":"classic","background_color":"#ffffff","padding_mobile":{"unit":"em","top":"1","right":"1","bottom":"1","left":"1","isLinked":"1"}},"elements":[{"id":"50e27b68","settings":{"_column_size":"50","_inline_size":"49.322","padding":{"unit":"em","top":"0","right":"4","bottom":"0","left":"0","isLinked":""},"content_position":"center","_inline_size_tablet":"100","padding_mobile":{"unit":"em","top":"0","right":"0","bottom":"0","left":"0","isLinked":""}},"elements":[{"id":"1cae5d9a","settings":{"content_width":{"unit":"px","size":"510","sizes":[]},"border_width":{"unit":"px","top":"0","right":"0","bottom":"0","left":"0","isLinked":""},"border_color":"#dee2e6","border_radius":{"unit":"px","top":"0","right":"0","bottom":"0","left":"0","isLinked":"1"},"padding":{"unit":"em","top":"0","right":"0","bottom":"0","left":"0","isLinked":""}},"elements":[{"id":"52069019","settings":{"_column_size":"100","_inline_size":"","_inline_size_mobile":"100"},"elements":[{"id":"22b8fe3","settings":{"title":"My Services","header_size":"h1","align":"center","title_color":"#ffffff","typography_typography":"custom","typography_font_family":"Karla","typography_font_size":{"unit":"em","size":"0.82","sizes":[]},"typography_font_weight":"700","typography_line_height":{"unit":"em","size":"1.15","sizes":[]},"typography_letter_spacing":{"unit":"px","size":"0.6","sizes":[]},"typography_text_transform":"uppercase","_margin":{"unit":"px","top":"0","right":"0","bottom":"35","left":"0","isLinked":""},"_padding":{"unit":"em","top":"0.35","right":"0.65","bottom":"0.38","left":"0.65","isLinked":""},"_background_background":"classic","_background_color":"#c4b997","_border_radius":{"unit":"px","top":"6","right":"6","bottom":"6","left":"6","isLinked":"1"},"_element_width":"auto"},"elements":[],"isInner":false,"widgetType":"heading","elType":"widget"},{"id":"295f5fc0","settings":{"title":"Turn the internet into a conversation.","header_size":"h1","align":"left","title_color":"#212529","typography_typography":"custom","typography_font_family":"Karla","typography_font_size":{"unit":"em","size":"3.555","sizes":[]},"typography_font_size_mobile":{"unit":"em","size":"2.5","sizes":[]},"typography_font_weight":"400","typography_line_height":{"unit":"em","size":"1.15","sizes":[]},"typography_letter_spacing":{"unit":"px","size":"-3.6","sizes":[]}},"elements":[],"isInner":false,"widgetType":"heading","elType":"widget"},{"id":"776e4c36","settings":{"editor":"<p>Sed ut perspiciatis unde omnis iste natus error sit voluptatem accusantium.<\/p>","align":"left","text_color":"#495057","typography_typography":"custom","typography_font_family":"Karla","typography_font_size":{"unit":"em","size":"1.255","sizes":[]},"typography_line_height":{"unit":"em","size":"1.555","sizes":[]},"_padding":{"unit":"em","top":"0","right":"0","bottom":"0","left":"0","isLinked":""},"_margin":{"unit":"px","top":"0","right":"0","bottom":"0","left":"0","isLinked":""}},"elements":[],"isInner":false,"widgetType":"text-editor","elType":"widget"}],"isInner":"1","elType":"column"}],"isInner":"1","elType":"section"}],"isInner":"","elType":"column"},{"id":"5f2d2307","settings":{"_column_size":"50","_inline_size":"50.678","z_index":"9","_inline_size_tablet":"100","padding_mobile":{"unit":"em","top":"1","right":"1","bottom":"1","left":"1","isLinked":"1"}},"elements":[{"id":"64ddbd8e","settings":{"youtube_url":"https:\/\/www.youtube.com\/watch?v=XHOmBV4js_E","vimeo_url":"https:\/\/vimeo.com\/235215203","dailymotion_url":"https:\/\/www.dailymotion.com\/video\/x6tqhqb","show_image_overlay":"yes","image_overlay":{"url":"http:\/\/sitefacilitado.com.br\/membros\/wp-content\/uploads\/2020\/03\/photo-1543269866-487350d6fa5e-e1558510207400.jpeg","id":"6008"},"lazy_load":"yes","image_overlay_size":"custom","image_overlay_custom_dimension":{"width":"800","height":"510"},"lightbox":"yes","_css_classes":"envato-kit-169-play-button","_border_radius":{"unit":"px","top":"12","right":"12","bottom":"12","left":"12","isLinked":"1"}},"elements":[],"isInner":false,"widgetType":"video","elType":"widget"}],"isInner":"","elType":"column"}],"isInner":"","elType":"section"},{"id":"202f5b83","settings":{"background_overlay_gradient_angle":{"unit":"deg","size":"140","sizes":[]},"background_overlay_opacity":{"unit":"px","size":"1","sizes":[]},"shape_divider_top_width":{"unit":"%","size":"116","sizes":[]},"shape_divider_top_height":{"unit":"px","size":"151","sizes":[]},"padding":{"unit":"em","top":"10","right":"0","bottom":"06","left":"0","isLinked":""},"background_background":"classic","background_color":"#f4f5f6","shape_divider_top_color":"#ffffff","background_overlay_background":"gradient","background_overlay_color":"#212529","background_image":{"url":"http:\/\/sitefacilitado.com.br\/membros\/wp-content\/uploads\/2020\/03\/photo-1543269866-487350d6fa5e-e1558510207400.jpeg","id":"6008"},"background_position":"center center","background_repeat":"no-repeat","background_size":"cover","background_overlay_color_b":"rgba(33,37,41,0.48)","shape_divider_top":"curve","text_align":"center","shape_divider_top_height_mobile":{"unit":"px","size":"66","sizes":[]}},"elements":[{"id":"28551f90","settings":{"_column_size":"100","_inline_size":"","space_between_widgets":"5"},"elements":[{"id":"64d518e2","settings":{"padding_mobile":{"unit":"px","top":"0","right":"0","bottom":"0","left":"0","isLinked":"1"}},"elements":[{"id":"7ae4063b","settings":{"_column_size":"100","_inline_size":""},"elements":[{"id":"3154e907","settings":{"space":{"unit":"px","size":"95","sizes":[]},"space_mobile":{"unit":"px","size":"0","sizes":[]}},"elements":[],"isInner":false,"widgetType":"spacer","elType":"widget"},{"id":"5512faf0","settings":{"title":"My Services","align":"center","title_color":"#ffffff","typography_typography":"custom","typography_font_family":"Karla","typography_font_size":{"unit":"em","size":"3.3","sizes":[]},"typography_font_weight":"400","typography_line_height":{"unit":"em","size":"1.15","sizes":[]},"typography_letter_spacing":{"unit":"px","size":"-2.8","sizes":[]},"_padding":{"unit":"em","top":"0","right":"0","bottom":"2","left":"0","isLinked":""}},"elements":[],"isInner":false,"widgetType":"heading","elType":"widget"}],"isInner":"1","elType":"column"}],"isInner":"1","elType":"section"},{"id":"1d7f86bb","settings":{"structure":"60","padding":{"unit":"em","top":"1","right":"0","bottom":"1","left":"0","isLinked":""},"padding_tablet":{"unit":"em","top":"0","right":"0","bottom":"0","left":"0","isLinked":""}},"elements":[{"id":"54fd0ace","settings":{"_column_size":"16","_inline_size":"5.982","space_between_widgets":"0","_inline_size_tablet":"10"},"elements":[{"id":"312859d6","settings":{"icon":"fa fa-facebook","view":"stacked","primary_color":"rgba(255,255,255,0.11)","secondary_color":"#c4b381","size":{"unit":"px","size":"16","sizes":[]},"icon_padding":{"unit":"px","size":"16","sizes":[]},"_padding":{"unit":"em","top":"0","right":"0","bottom":"1","left":"0","isLinked":""},"_animation":"fadeInUp"},"elements":[],"isInner":false,"widgetType":"icon","elType":"widget"}],"isInner":"1","elType":"column"},{"id":"787571eb","settings":{"_column_size":"16","_inline_size":"27.35","space_between_widgets":"0","_inline_size_tablet":"23"},"elements":[{"id":"5201bd34","settings":{"title":"Facebook","header_size":"h3","align":"left","title_color":"#ffffff","typography_typography":"custom","typography_font_family":"Karla","typography_font_size":{"unit":"em","size":"1.255","sizes":[]},"typography_font_weight":"400","typography_line_height":{"unit":"em","size":"1.4","sizes":[]},"typography_letter_spacing":{"unit":"px","size":"-1","sizes":[]},"align_mobile":"center"},"elements":[],"isInner":false,"widgetType":"heading","elType":"widget"},{"id":"14e9da36","settings":{"editor":"<p>Sed ut perspiciatis unde omnis iste natus error sit volupt.<\/p>","text_color":"rgba(255,255,255,0.58)","typography_typography":"custom","typography_font_family":"Karla","typography_font_size":{"unit":"em","size":"1","sizes":[]},"typography_line_height":{"unit":"em","size":"1.555","sizes":[]},"align":"left","align_mobile":"center"},"elements":[],"isInner":false,"widgetType":"text-editor","elType":"widget"}],"isInner":"1","elType":"column"},{"id":"1d2d4e9c","settings":{"_column_size":"16","_inline_size":"5.982","space_between_widgets":"0","_inline_size_tablet":"10"},"elements":[{"id":"a78503e","settings":{"icon":"fa fa-twitter","view":"stacked","primary_color":"rgba(255,255,255,0.11)","secondary_color":"#c4b381","size":{"unit":"px","size":"16","sizes":[]},"icon_padding":{"unit":"px","size":"16","sizes":[]},"_padding":{"unit":"em","top":"0","right":"0","bottom":"1","left":"0","isLinked":""},"_animation":"fadeInUp"},"elements":[],"isInner":false,"widgetType":"icon","elType":"widget"}],"isInner":"1","elType":"column"},{"id":"7ea6291","settings":{"_column_size":"16","_inline_size":"27.35","space_between_widgets":"0","_inline_size_tablet":"23"},"elements":[{"id":"27f63671","settings":{"title":"Twitter","header_size":"h3","align":"left","title_color":"#ffffff","typography_typography":"custom","typography_font_family":"Karla","typography_font_size":{"unit":"em","size":"1.255","sizes":[]},"typography_font_weight":"400","typography_line_height":{"unit":"em","size":"1.4","sizes":[]},"typography_letter_spacing":{"unit":"px","size":"-1","sizes":[]},"align_mobile":"center"},"elements":[],"isInner":false,"widgetType":"heading","elType":"widget"},{"id":"7aaaa0a8","settings":{"editor":"<p>Sed ut perspiciatis unde omnis iste natus error sit volupt.<\/p>","text_color":"rgba(255,255,255,0.58)","typography_typography":"custom","typography_font_family":"Karla","typography_font_size":{"unit":"em","size":"1","sizes":[]},"typography_line_height":{"unit":"em","size":"1.555","sizes":[]},"align":"left","align_mobile":"center"},"elements":[],"isInner":false,"widgetType":"text-editor","elType":"widget"}],"isInner":"1","elType":"column"},{"id":"69eb110b","settings":{"_column_size":"16","_inline_size":"5.982","_inline_size_tablet":"10","space_between_widgets":"0"},"elements":[{"id":"53b3f5ac","settings":{"icon":"fa fa-instagram","view":"stacked","primary_color":"rgba(255,255,255,0.11)","secondary_color":"#c4b381","size":{"unit":"px","size":"16","sizes":[]},"icon_padding":{"unit":"px","size":"16","sizes":[]},"_padding":{"unit":"em","top":"0","right":"0","bottom":"1","left":"0","isLinked":""},"_animation":"fadeInUp"},"elements":[],"isInner":false,"widgetType":"icon","elType":"widget"}],"isInner":"1","elType":"column"},{"id":"20e3ba3c","settings":{"_column_size":"16","_inline_size":"27.35","space_between_widgets":"0","_inline_size_tablet":"23"},"elements":[{"id":"2fa0fb89","settings":{"title":"Instagram","header_size":"h3","align":"left","title_color":"#ffffff","typography_typography":"custom","typography_font_family":"Karla","typography_font_size":{"unit":"em","size":"1.255","sizes":[]},"typography_font_weight":"400","typography_line_height":{"unit":"em","size":"1.4","sizes":[]},"typography_letter_spacing":{"unit":"px","size":"-1","sizes":[]},"align_mobile":"center"},"elements":[],"isInner":false,"widgetType":"heading","elType":"widget"},{"id":"e48474d","settings":{"editor":"<p>Sed ut perspiciatis unde omnis iste natus error sit volupt.<\/p>","text_color":"rgba(255,255,255,0.58)","typography_typography":"custom","typography_font_family":"Karla","typography_font_size":{"unit":"em","size":"1","sizes":[]},"typography_line_height":{"unit":"em","size":"1.555","sizes":[]},"align":"left","align_mobile":"center"},"elements":[],"isInner":false,"widgetType":"text-editor","elType":"widget"}],"isInner":"1","elType":"column"}],"isInner":"1","elType":"section"},{"id":"321b79dd","settings":{"structure":"60","padding":{"unit":"em","top":"1","right":"0","bottom":"1","left":"0","isLinked":""},"padding_tablet":{"unit":"em","top":"0","right":"0","bottom":"0","left":"0","isLinked":""}},"elements":[{"id":"41276002","settings":{"_column_size":"16","_inline_size":"5.982","space_between_widgets":"0","_inline_size_tablet":"10"},"elements":[{"id":"13903918","settings":{"icon":"fa fa-quora","view":"stacked","primary_color":"rgba(255,255,255,0.11)","secondary_color":"#c4b381","size":{"unit":"px","size":"16","sizes":[]},"icon_padding":{"unit":"px","size":"16","sizes":[]},"_padding":{"unit":"em","top":"0","right":"0","bottom":"1","left":"0","isLinked":""},"_animation":"fadeInUp"},"elements":[],"isInner":false,"widgetType":"icon","elType":"widget"}],"isInner":"1","elType":"column"},{"id":"2310b255","settings":{"_column_size":"16","_inline_size":"27.35","space_between_widgets":"0","_inline_size_tablet":"23"},"elements":[{"id":"6f5e6bfc","settings":{"title":"Quora","header_size":"h3","align":"left","title_color":"#ffffff","typography_typography":"custom","typography_font_family":"Karla","typography_font_size":{"unit":"em","size":"1.255","sizes":[]},"typography_font_weight":"400","typography_line_height":{"unit":"em","size":"1.4","sizes":[]},"typography_letter_spacing":{"unit":"px","size":"-1","sizes":[]},"align_mobile":"center"},"elements":[],"isInner":false,"widgetType":"heading","elType":"widget"},{"id":"5ce7100","settings":{"editor":"<p>Sed ut perspiciatis unde omnis iste natus error sit volupt.<\/p>","text_color":"rgba(255,255,255,0.58)","typography_typography":"custom","typography_font_family":"Karla","typography_font_size":{"unit":"em","size":"1","sizes":[]},"typography_line_height":{"unit":"em","size":"1.555","sizes":[]},"align":"left","align_mobile":"center"},"elements":[],"isInner":false,"widgetType":"text-editor","elType":"widget"}],"isInner":"1","elType":"column"},{"id":"4c88204c","settings":{"_column_size":"16","_inline_size":"5.982","space_between_widgets":"0","_inline_size_tablet":"10"},"elements":[{"id":"51d84e26","settings":{"icon":"fa fa-linkedin","view":"stacked","primary_color":"rgba(255,255,255,0.11)","secondary_color":"#c4b381","size":{"unit":"px","size":"16","sizes":[]},"icon_padding":{"unit":"px","size":"16","sizes":[]},"_padding":{"unit":"em","top":"0","right":"0","bottom":"1","left":"0","isLinked":""},"_animation":"fadeInUp"},"elements":[],"isInner":false,"widgetType":"icon","elType":"widget"}],"isInner":"1","elType":"column"},{"id":"5728d0bf","settings":{"_column_size":"16","_inline_size":"27.35","space_between_widgets":"0","_inline_size_tablet":"23"},"elements":[{"id":"4efab00","settings":{"title":"Linkedin","header_size":"h3","align":"left","title_color":"#ffffff","typography_typography":"custom","typography_font_family":"Karla","typography_font_size":{"unit":"em","size":"1.255","sizes":[]},"typography_font_weight":"400","typography_line_height":{"unit":"em","size":"1.4","sizes":[]},"typography_letter_spacing":{"unit":"px","size":"-1","sizes":[]},"align_mobile":"center"},"elements":[],"isInner":false,"widgetType":"heading","elType":"widget"},{"id":"37faf842","settings":{"editor":"<p>Sed ut perspiciatis unde omnis iste natus error sit volupt.<\/p>","text_color":"rgba(255,255,255,0.58)","typography_typography":"custom","typography_font_family":"Karla","typography_font_size":{"unit":"em","size":"1","sizes":[]},"typography_line_height":{"unit":"em","size":"1.555","sizes":[]},"align":"left","align_mobile":"center"},"elements":[],"isInner":false,"widgetType":"text-editor","elType":"widget"}],"isInner":"1","elType":"column"},{"id":"4d5eecba","settings":{"_column_size":"16","_inline_size":"5.982","_inline_size_tablet":"10","space_between_widgets":"0"},"elements":[{"id":"62291b71","settings":{"icon":"fa fa-youtube-play","view":"stacked","primary_color":"rgba(255,255,255,0.11)","secondary_color":"#c4b381","size":{"unit":"px","size":"16","sizes":[]},"icon_padding":{"unit":"px","size":"16","sizes":[]},"_padding":{"unit":"em","top":"0","right":"0","bottom":"1","left":"0","isLinked":""},"_animation":"fadeInUp"},"elements":[],"isInner":false,"widgetType":"icon","elType":"widget"}],"isInner":"1","elType":"column"},{"id":"d5651ab","settings":{"_column_size":"16","_inline_size":"27.35","space_between_widgets":"0","_inline_size_tablet":"23"},"elements":[{"id":"3fa10dd2","settings":{"title":"Youtube","header_size":"h3","align":"left","title_color":"#ffffff","typography_typography":"custom","typography_font_family":"Karla","typography_font_size":{"unit":"em","size":"1.255","sizes":[]},"typography_font_weight":"400","typography_line_height":{"unit":"em","size":"1.4","sizes":[]},"typography_letter_spacing":{"unit":"px","size":"-1","sizes":[]},"align_mobile":"center"},"elements":[],"isInner":false,"widgetType":"heading","elType":"widget"},{"id":"346e88d2","settings":{"editor":"<p>Sed ut perspiciatis unde omnis iste natus error sit volupt.<\/p>","text_color":"rgba(255,255,255,0.58)","typography_typography":"custom","typography_font_family":"Karla","typography_font_size":{"unit":"em","size":"1","sizes":[]},"typography_line_height":{"unit":"em","size":"1.555","sizes":[]},"align":"left","align_mobile":"center"},"elements":[],"isInner":false,"widgetType":"text-editor","elType":"widget"}],"isInner":"1","elType":"column"}],"isInner":"1","elType":"section"},{"id":"7ef52af1","settings":{"structure":"60","padding":{"unit":"em","top":"1","right":"0","bottom":"1","left":"0","isLinked":""},"padding_tablet":{"unit":"em","top":"0","right":"0","bottom":"0","left":"0","isLinked":""}},"elements":[{"id":"7fd700cc","settings":{"_column_size":"16","_inline_size":"5.982","space_between_widgets":"0","_inline_size_tablet":"10"},"elements":[{"id":"b54d3ba","settings":{"icon":"fa fa-yelp","view":"stacked","primary_color":"rgba(255,255,255,0.11)","secondary_color":"#c4b381","size":{"unit":"px","size":"16","sizes":[]},"icon_padding":{"unit":"px","size":"16","sizes":[]},"_padding":{"unit":"em","top":"0","right":"0","bottom":"1","left":"0","isLinked":""},"_animation":"fadeInUp"},"elements":[],"isInner":false,"widgetType":"icon","elType":"widget"}],"isInner":"1","elType":"column"},{"id":"6c20f2fa","settings":{"_column_size":"16","_inline_size":"27.35","space_between_widgets":"0","_inline_size_tablet":"23"},"elements":[{"id":"5a91c620","settings":{"title":"Yelp Inc","header_size":"h3","align":"left","title_color":"#ffffff","typography_typography":"custom","typography_font_family":"Karla","typography_font_size":{"unit":"em","size":"1.255","sizes":[]},"typography_font_weight":"400","typography_line_height":{"unit":"em","size":"1.4","sizes":[]},"typography_letter_spacing":{"unit":"px","size":"-1","sizes":[]},"align_mobile":"center"},"elements":[],"isInner":false,"widgetType":"heading","elType":"widget"},{"id":"2c93a588","settings":{"editor":"<p>Sed ut perspiciatis unde omnis iste natus error sit volupt.<\/p>","text_color":"rgba(255,255,255,0.58)","typography_typography":"custom","typography_font_family":"Karla","typography_font_size":{"unit":"em","size":"1","sizes":[]},"typography_line_height":{"unit":"em","size":"1.555","sizes":[]},"align":"left","align_mobile":"center"},"elements":[],"isInner":false,"widgetType":"text-editor","elType":"widget"}],"isInner":"1","elType":"column"},{"id":"79442b80","settings":{"_column_size":"16","_inline_size":"5.982","space_between_widgets":"0","_inline_size_tablet":"10"},"elements":[{"id":"6ab51110","settings":{"icon":"fa fa-vimeo","view":"stacked","primary_color":"rgba(255,255,255,0.11)","secondary_color":"#c4b381","size":{"unit":"px","size":"16","sizes":[]},"icon_padding":{"unit":"px","size":"16","sizes":[]},"_padding":{"unit":"em","top":"0","right":"0","bottom":"1","left":"0","isLinked":""},"_animation":"fadeInUp"},"elements":[],"isInner":false,"widgetType":"icon","elType":"widget"}],"isInner":"1","elType":"column"},{"id":"1ab3bc27","settings":{"_column_size":"16","_inline_size":"27.35","space_between_widgets":"0","_inline_size_tablet":"23"},"elements":[{"id":"2e115181","settings":{"title":"Vimeo","header_size":"h3","align":"left","title_color":"#ffffff","typography_typography":"custom","typography_font_family":"Karla","typography_font_size":{"unit":"em","size":"1.255","sizes":[]},"typography_font_weight":"400","typography_line_height":{"unit":"em","size":"1.4","sizes":[]},"typography_letter_spacing":{"unit":"px","size":"-1","sizes":[]},"align_mobile":"center"},"elements":[],"isInner":false,"widgetType":"heading","elType":"widget"},{"id":"54924e70","settings":{"editor":"<p>Sed ut perspiciatis unde omnis iste natus error sit volupt.<\/p>","text_color":"rgba(255,255,255,0.58)","typography_typography":"custom","typography_font_family":"Karla","typography_font_size":{"unit":"em","size":"1","sizes":[]},"typography_line_height":{"unit":"em","size":"1.555","sizes":[]},"align":"left","align_mobile":"center"},"elements":[],"isInner":false,"widgetType":"text-editor","elType":"widget"}],"isInner":"1","elType":"column"},{"id":"280cd858","settings":{"_column_size":"16","_inline_size":"5.982","_inline_size_tablet":"10","space_between_widgets":"0"},"elements":[{"id":"535d2c8b","settings":{"icon":"fa fa-pinterest","view":"stacked","primary_color":"rgba(255,255,255,0.11)","secondary_color":"#c4b381","size":{"unit":"px","size":"16","sizes":[]},"icon_padding":{"unit":"px","size":"16","sizes":[]},"_padding":{"unit":"em","top":"0","right":"0","bottom":"1","left":"0","isLinked":""},"_animation":"fadeInUp"},"elements":[],"isInner":false,"widgetType":"icon","elType":"widget"}],"isInner":"1","elType":"column"},{"id":"22b96632","settings":{"_column_size":"16","_inline_size":"27.35","space_between_widgets":"0","_inline_size_tablet":"23"},"elements":[{"id":"18380ad7","settings":{"title":"Pinterest","header_size":"h3","align":"left","title_color":"#ffffff","typography_typography":"custom","typography_font_family":"Karla","typography_font_size":{"unit":"em","size":"1.255","sizes":[]},"typography_font_weight":"400","typography_line_height":{"unit":"em","size":"1.4","sizes":[]},"typography_letter_spacing":{"unit":"px","size":"-1","sizes":[]},"align_mobile":"center"},"elements":[],"isInner":false,"widgetType":"heading","elType":"widget"},{"id":"46017c68","settings":{"editor":"<p>Sed ut perspiciatis unde omnis iste natus error sit volupt.<\/p>","text_color":"rgba(255,255,255,0.58)","typography_typography":"custom","typography_font_family":"Karla","typography_font_size":{"unit":"em","size":"1","sizes":[]},"typography_line_height":{"unit":"em","size":"1.555","sizes":[]},"align":"left","align_mobile":"center"},"elements":[],"isInner":false,"widgetType":"text-editor","elType":"widget"}],"isInner":"1","elType":"column"}],"isInner":"1","elType":"section"},{"id":"1ea51cae","settings":[],"elements":[{"id":"4714b0c6","settings":{"_column_size":"100","_inline_size":""},"elements":[{"id":"1166d297","settings":{"text":"Let's Work Together","align":"center","size":"md","typography_typography":"custom","typography_font_family":"Karla","typography_font_size":{"unit":"em","size":"1.144","sizes":[]},"typography_font_weight":"700","typography_letter_spacing":{"unit":"px","size":"-0.5","sizes":[]},"button_text_color":"#ffffff","background_color":"#c4b997","hover_color":"#ffffff","button_background_hover_color":"#212529","hover_animation":"bob","border_radius":{"unit":"px","top":"5","right":"5","bottom":"5","left":"5","isLinked":"1"},"text_padding":{"unit":"em","top":"1.15","right":"2.65","bottom":"1.15","left":"2.65","isLinked":""},"_padding":{"unit":"em","top":"2","right":"0","bottom":"0","left":"0","isLinked":""}},"elements":[],"isInner":false,"widgetType":"button","elType":"widget"}],"isInner":"1","elType":"column"}],"isInner":"1","elType":"section"}],"isInner":"","elType":"column"}],"isInner":"","elType":"section"},{"id":"baabfc6","settings":{"background_color":"#f4f4f4","padding":{"unit":"em","top":"5","right":"0","bottom":"5","left":"0","isLinked":""},"background_background":"classic","padding_mobile":{"unit":"em","top":"0","right":"0","bottom":"0","left":"0","isLinked":"1"}},"elements":[{"id":"27a84bde","settings":{"_column_size":"100"},"elements":[{"id":"4a6e71f3","settings":{"content_width":{"unit":"px","size":"500","sizes":[]}},"elements":[{"id":"4d660568","settings":{"_column_size":"100","_inline_size":"","align":"center","space_between_widgets":"10"},"elements":[{"id":"73adc58a","settings":{"title":"Testimonials","header_size":"span","align":"center","title_color":"#ffffff","typography_typography":"custom","typography_font_family":"Karla","typography_font_size":{"unit":"em","size":"0.82","sizes":[]},"typography_font_weight":"700","typography_line_height":{"unit":"em","size":"1.15","sizes":[]},"typography_letter_spacing":{"unit":"px","size":"0.6","sizes":[]},"typography_text_transform":"uppercase","_margin":{"unit":"px","top":"0","right":"0","bottom":"35","left":"0","isLinked":""},"_padding":{"unit":"em","top":"0.35","right":"0.65","bottom":"0.38","left":"0.65","isLinked":""},"_background_background":"classic","_background_color":"#c4b997","_border_radius":{"unit":"px","top":"6","right":"6","bottom":"6","left":"6","isLinked":"1"},"_element_width":"auto"},"elements":[],"isInner":false,"widgetType":"heading","elType":"widget"},{"id":"54ce170e","settings":{"title":"Experience Matters","align":"center","title_color":"#212529","typography_typography":"custom","typography_font_family":"Karla","typography_font_size":{"unit":"em","size":"3","sizes":[]},"typography_font_weight":"400","typography_line_height":{"unit":"em","size":"1.15","sizes":[]},"typography_letter_spacing":{"unit":"px","size":"-3","sizes":[]},"_padding":{"unit":"em","top":"0","right":"0","bottom":"0","left":"0","isLinked":""}},"elements":[],"isInner":false,"widgetType":"heading","elType":"widget"}],"isInner":"1","elType":"column"}],"isInner":"1","elType":"section"},{"id":"2a85899f","settings":{"structure":"20","padding":{"unit":"em","top":"1","right":"0","bottom":"1","left":"0","isLinked":""},"gap":"extended"},"elements":[{"id":"3ac63d58","settings":{"_column_size":"50","_inline_size":""},"elements":[{"id":"6a7f6b","settings":{"testimonial_content":"\"Sed ut perspiciatis unde omnis iste natus error sit voluptatem accusantium doloremque laudantium, totam rem aperiam. At vero eos et bitse. At vero eos et accusamus et iusto odio dignissimos ducimus qui blanditiis prtium voluptatum.\"\n","testimonial_image":{"url":"http:\/\/sitefacilitado.com.br\/membros\/wp-content\/uploads\/2020\/03\/photo-1490143142353-f77c4884518e.jpeg","id":"6015"},"testimonial_name":"Sandy L\u00f6fgren","testimonial_job":"Influencer","content_content_color":"#495057","content_typography_typography":"custom","content_typography_font_family":"Karla","content_typography_font_size":{"unit":"em","size":"0.98","sizes":[]},"content_typography_font_weight":"400","content_typography_line_height":{"unit":"em","size":"1.6","sizes":[]},"content_typography_letter_spacing":{"unit":"px","size":"0","sizes":[]},"image_size":{"unit":"px","size":"60","sizes":[]},"name_text_color":"#212529","name_typography_typography":"custom","name_typography_font_size":{"unit":"em","size":"0.9","sizes":[]},"name_typography_font_weight":"700","name_typography_line_height":{"unit":"em","size":"1.6","sizes":[]},"name_typography_letter_spacing":{"unit":"px","size":"0","sizes":[]},"job_text_color":"#bfac7e","job_typography_typography":"custom","job_typography_font_family":"Karla","job_typography_font_size":{"unit":"em","size":"0.7","sizes":[]},"job_typography_font_weight":"700","job_typography_text_transform":"uppercase","job_typography_line_height":{"unit":"em","size":"1.6","sizes":[]},"job_typography_letter_spacing":{"unit":"px","size":"0.6","sizes":[]},"_padding":{"unit":"em","top":"3.2","right":"3","bottom":"3.05","left":"3","isLinked":""},"_background_background":"classic","_background_color":"#ffffff","_border_radius":{"unit":"px","top":"5","right":"5","bottom":"5","left":"5","isLinked":"1"},"_box_shadow_box_shadow":{"horizontal":"-2","vertical":"19","blur":"38","spread":"1","color":"rgba(33,37,41,0.04)"},"testimonial_image_size":"thumbnail","name_typography_font_family":"Karla"},"elements":[],"isInner":false,"widgetType":"testimonial","elType":"widget"}],"isInner":"","elType":"column"},{"id":"1cd03b7a","settings":{"_column_size":"50","_inline_size":""},"elements":[{"id":"65e860ec","settings":{"testimonial_content":"\"Cupiditate non provident, similique sunt in culpa qui officia deserunt mollitia animi, id est laborum et dolorum fuga. totam rem aperiam. At vero eos et bitse. At vero eos et accusamus et iusto Cupiditate non provident, similique sunt in culpa qui officiel.\"\n","testimonial_image":{"url":"http:\/\/sitefacilitado.com.br\/membros\/wp-content\/uploads\/2020\/03\/photo-1551110649-ac472a979f69.jpeg","id":"6016"},"testimonial_name":"Lorin Eklund","testimonial_job":"Influencer","content_content_color":"#495057","content_typography_typography":"custom","content_typography_font_family":"Karla","content_typography_font_size":{"unit":"em","size":"0.98","sizes":[]},"content_typography_font_weight":"400","content_typography_line_height":{"unit":"em","size":"1.6","sizes":[]},"content_typography_letter_spacing":{"unit":"px","size":"0","sizes":[]},"image_size":{"unit":"px","size":"60","sizes":[]},"name_text_color":"#212529","name_typography_typography":"custom","name_typography_font_size":{"unit":"em","size":"0.9","sizes":[]},"name_typography_font_weight":"700","name_typography_line_height":{"unit":"em","size":"1.6","sizes":[]},"name_typography_letter_spacing":{"unit":"px","size":"0","sizes":[]},"job_text_color":"#bfac7e","job_typography_typography":"custom","job_typography_font_family":"Karla","job_typography_font_size":{"unit":"em","size":"0.7","sizes":[]},"job_typography_font_weight":"700","job_typography_text_transform":"uppercase","job_typography_line_height":{"unit":"em","size":"1.6","sizes":[]},"job_typography_letter_spacing":{"unit":"px","size":"0.6","sizes":[]},"_padding":{"unit":"em","top":"3.2","right":"3","bottom":"3.05","left":"3","isLinked":""},"_background_background":"classic","_background_color":"#ffffff","_border_radius":{"unit":"px","top":"5","right":"5","bottom":"5","left":"5","isLinked":"1"},"testimonial_image_size":"thumbnail","name_typography_font_family":"Karla","_box_shadow_box_shadow":{"horizontal":"-2","vertical":"19","blur":"38","spread":"1","color":"rgba(33,37,41,0.04)"}},"elements":[],"isInner":false,"widgetType":"testimonial","elType":"widget"}],"isInner":"","elType":"column"}],"isInner":"","elType":"section"},{"id":"44766eed","settings":{"padding":{"unit":"em","top":"0","right":"0","bottom":"0","left":"0","isLinked":""}},"elements":[{"id":"7ba9f62","settings":{"_column_size":"100","space_between_widgets":"0"},"elements":[{"id":"754d7f03","settings":{"title":"Want to see all our client reviews &amp; testimonials?","header_size":"h3","align":"center","title_color":"rgba(73,80,87,0.81)","typography_typography":"custom","typography_font_family":"Karla","typography_font_size":{"unit":"em","size":"1","sizes":[]},"typography_font_weight":"400","typography_line_height":{"unit":"em","size":"1.7","sizes":[]},"typography_letter_spacing":{"unit":"px","size":"-0.1","sizes":[]}},"elements":[],"isInner":false,"widgetType":"heading","elType":"widget"},{"id":"424aaa66","settings":{"text":"See More Testimonials","align":"center","size":"md","typography_typography":"custom","typography_font_family":"Karla","typography_font_size":{"unit":"em","size":"1.144","sizes":[]},"typography_font_weight":"700","typography_letter_spacing":{"unit":"px","size":"-0.5","sizes":[]},"button_text_color":"#bfac7e","background_color":"rgba(87,84,254,0)","hover_color":"#212529","button_background_hover_color":"rgba(33,37,41,0)","hover_animation":"bob","border_radius":{"unit":"px","top":"5","right":"5","bottom":"5","left":"5","isLinked":"1"},"text_padding":{"unit":"em","top":"0","right":"0","bottom":"0","left":"0","isLinked":"1"},"_padding":{"unit":"em","top":"0","right":"0","bottom":"0","left":"0","isLinked":""},"typography_line_height":{"unit":"em","size":"2","sizes":[]}},"elements":[],"isInner":false,"widgetType":"button","elType":"widget"}],"isInner":"","elType":"column"}],"isInner":"","elType":"section"}],"isInner":"","elType":"column"}],"isInner":"","elType":"section"},{"id":"526bc60a","settings":{"background_overlay_gradient_angle":{"unit":"deg","size":"140","sizes":[]},"background_overlay_opacity":{"unit":"px","size":"1","sizes":[]},"shape_divider_top_width":{"unit":"%","size":"130","sizes":[]},"shape_divider_top_height":{"unit":"px","size":"266","sizes":[]},"padding":{"unit":"em","top":"2","right":"0","bottom":"2","left":"0","isLinked":""},"background_background":"classic","background_color":"#ffffff","shape_divider_top_color":"#ffffff","background_overlay_background":"classic","background_position":"center center","background_repeat":"no-repeat","background_size":"cover","background_overlay_color_b":"rgba(33,37,41,0.48)","shape_divider_top":"curve","text_align":"center"},"elements":[{"id":"6379739","settings":{"_column_size":"100","_inline_size":"","space_between_widgets":"5"},"elements":[{"id":"77f3410","settings":[],"elements":[{"id":"2e2ae9c7","settings":{"_column_size":"100","_inline_size":""},"elements":[{"id":"2268d464","settings":{"title":"Trusted by clients like","align":"center","title_color":"#212529","typography_typography":"custom","typography_font_family":"Karla","typography_font_size":{"unit":"em","size":"0.81","sizes":[]},"typography_font_weight":"700","typography_line_height":{"unit":"em","size":"1.15","sizes":[]},"typography_letter_spacing":{"unit":"px","size":"0.6","sizes":[]},"typography_text_transform":"uppercase"},"elements":[],"isInner":false,"widgetType":"heading","elType":"widget"}],"isInner":"1","elType":"column"}],"isInner":"1","elType":"section"},{"id":"2b1febbb","settings":{"structure":"50","padding":{"unit":"em","top":"0","right":"0","bottom":"0","left":"0","isLinked":""}},"elements":[{"id":"4ea0b626","settings":{"_column_size":"20","_inline_size":"","_inline_size_mobile":"33"},"elements":[{"id":"6edf4dd6","settings":{"image":{"url":"http:\/\/sitefacilitado.com.br\/membros\/wp-content\/uploads\/2020\/03\/client-light-01-1.png","id":"6010"},"opacity":{"unit":"px","size":"1","sizes":[]},"css_filters_css_filter":"custom","css_filters_contrast":{"unit":"px","size":"75","sizes":[]},"css_filters_hue":{"unit":"px","size":"100","sizes":[]},"css_filters_hover_contrast":{"unit":"px","size":"0","sizes":[]},"background_hover_transition":{"unit":"px","size":"0.35","sizes":[]},"link_to":"custom","link":{"url":"#","is_external":"","nofollow":""},"css_filters_hover_css_filter":"custom","hover_animation":"rotate"},"elements":[],"isInner":false,"widgetType":"image","elType":"widget"}],"isInner":"1","elType":"column"},{"id":"1d8e3bc5","settings":{"_column_size":"20","_inline_size":"","_inline_size_mobile":"33"},"elements":[{"id":"5daaa862","settings":{"image":{"url":"http:\/\/sitefacilitado.com.br\/membros\/wp-content\/uploads\/2020\/03\/client-light-004-1.png","id":"6011"},"opacity":{"unit":"px","size":"1","sizes":[]},"css_filters_css_filter":"custom","css_filters_contrast":{"unit":"px","size":"75","sizes":[]},"css_filters_hue":{"unit":"px","size":"100","sizes":[]},"css_filters_hover_contrast":{"unit":"px","size":"0","sizes":[]},"background_hover_transition":{"unit":"px","size":"0.35","sizes":[]},"link_to":"custom","link":{"url":"#","is_external":"","nofollow":""},"css_filters_hover_css_filter":"custom","hover_animation":"rotate"},"elements":[],"isInner":false,"widgetType":"image","elType":"widget"}],"isInner":"1","elType":"column"},{"id":"5c79c710","settings":{"_column_size":"20","_inline_size":"","_inline_size_mobile":"33"},"elements":[{"id":"4f3c9fcf","settings":{"image":{"url":"http:\/\/sitefacilitado.com.br\/membros\/wp-content\/uploads\/2020\/03\/client-light-02-1.png","id":"6012"},"opacity":{"unit":"px","size":"1","sizes":[]},"css_filters_css_filter":"custom","css_filters_contrast":{"unit":"px","size":"75","sizes":[]},"css_filters_hue":{"unit":"px","size":"100","sizes":[]},"css_filters_hover_contrast":{"unit":"px","size":"0","sizes":[]},"background_hover_transition":{"unit":"px","size":"0.35","sizes":[]},"link_to":"custom","link":{"url":"#","is_external":"","nofollow":""},"css_filters_hover_css_filter":"custom","hover_animation":"rotate"},"elements":[],"isInner":false,"widgetType":"image","elType":"widget"}],"isInner":"1","elType":"column"},{"id":"504f8288","settings":{"_column_size":"20","_inline_size":"","_inline_size_mobile":"50"},"elements":[{"id":"2e5f7cb7","settings":{"image":{"url":"http:\/\/sitefacilitado.com.br\/membros\/wp-content\/uploads\/2020\/03\/client-light-03-1.png","id":"6013"},"opacity":{"unit":"px","size":"1","sizes":[]},"css_filters_css_filter":"custom","css_filters_contrast":{"unit":"px","size":"75","sizes":[]},"css_filters_hue":{"unit":"px","size":"100","sizes":[]},"css_filters_hover_contrast":{"unit":"px","size":"0","sizes":[]},"background_hover_transition":{"unit":"px","size":"0.35","sizes":[]},"link_to":"custom","link":{"url":"#","is_external":"","nofollow":""},"css_filters_hover_css_filter":"custom","hover_animation":"rotate"},"elements":[],"isInner":false,"widgetType":"image","elType":"widget"}],"isInner":"1","elType":"column"},{"id":"2e8d4498","settings":{"_column_size":"20","_inline_size":"","_inline_size_mobile":"50"},"elements":[{"id":"6f04d756","settings":{"image":{"url":"http:\/\/sitefacilitado.com.br\/membros\/wp-content\/uploads\/2020\/03\/client-light-066.png","id":"6014"},"opacity":{"unit":"px","size":"1","sizes":[]},"css_filters_css_filter":"custom","css_filters_contrast":{"unit":"px","size":"75","sizes":[]},"css_filters_hue":{"unit":"px","size":"100","sizes":[]},"css_filters_hover_contrast":{"unit":"px","size":"0","sizes":[]},"background_hover_transition":{"unit":"px","size":"0.35","sizes":[]},"link_to":"custom","link":{"url":"#","is_external":"","nofollow":""},"css_filters_hover_css_filter":"custom","hover_animation":"rotate"},"elements":[],"isInner":false,"widgetType":"image","elType":"widget"}],"isInner":"1","elType":"column"}],"isInner":"1","elType":"section"}],"isInner":"","elType":"column"}],"isInner":"","elType":"section"},{"id":"76f93496","settings":{"content_width":{"unit":"px","size":"576","sizes":[]},"background_background":"classic","background_image":{"url":"http:\/\/sitefacilitado.com.br\/membros\/wp-content\/uploads\/2020\/03\/photo-1543270317-166df934a385-e1558510084720.jpeg","id":"6026"},"background_position":"center center","background_repeat":"no-repeat","background_size":"cover","background_overlay_background":"gradient","background_overlay_color":"#212529","background_overlay_color_b":"rgba(33,37,41,0.48)","background_overlay_gradient_angle":{"unit":"deg","size":"140","sizes":[]},"background_overlay_opacity":{"unit":"px","size":"1","sizes":[]},"shape_divider_top_color":"rgba(33,37,41,0.01)","shape_divider_top_width":{"unit":"%","size":"193","sizes":[]},"shape_divider_top_height":{"unit":"px","size":"165","sizes":[]},"text_align":"center","padding":{"unit":"em","top":"7","right":"0","bottom":"4","left":"0","isLinked":""},"background_image_tablet":{"url":"http:\/\/sitefacilitado.com.br\/membros\/wp-content\/uploads\/2020\/03\/photo-1543269865-4430f94492b9.jpeg","id":"6007"},"background_image_mobile":{"url":"http:\/\/sitefacilitado.com.br\/membros\/wp-content\/uploads\/2020\/03\/photo-1543269865-4430f94492b9.jpeg","id":"6007"},"padding_mobile":{"unit":"em","top":"6","right":"0","bottom":"5","left":"0","isLinked":""}},"elements":[{"id":"2f53f94e","settings":{"_column_size":"100","space_between_widgets":"0"},"elements":[{"id":"79db5a89","settings":{"title":"Let's Connect On Social Media","align":"center","title_color":"#ffffff","typography_typography":"custom","typography_font_family":"Karla","typography_font_size":{"unit":"em","size":"3.6","sizes":[]},"typography_font_size_mobile":{"unit":"em","size":"3","sizes":[]},"typography_font_weight":"400","typography_line_height":{"unit":"em","size":"1.15","sizes":[]},"typography_letter_spacing":{"unit":"px","size":"-2.8","sizes":[]},"_padding":{"unit":"em","top":"0","right":"5","bottom":"0.3","left":"5","isLinked":""},"_padding_mobile":{"unit":"em","top":"0","right":"0","bottom":"0","left":"0","isLinked":""}},"elements":[],"isInner":false,"widgetType":"heading","elType":"widget"},{"id":"559310b5","settings":{"social_icon_list":[{"social":"fa fa-facebook","_id":"072f3db","link":{"url":"https:\/\/facebook.com","is_external":"true","nofollow":""}},{"social":"fa fa-twitter","_id":"2582553","link":{"url":"https:\/\/twitter.com","is_external":"true","nofollow":""}},{"social":"fa fa-instagram","_id":"20222a0","link":{"url":"https:\/\/instagram.com","is_external":"true","nofollow":""}},{"social":"fa fa-linkedin","_id":"b8799b2","link":{"url":"https:\/\/linkedin.com","is_external":"true","nofollow":""}},{"social":"fa fa-skype","_id":"6ae243a","link":{"url":"https:\/\/linkedin.com","is_external":"true","nofollow":""}}],"icon_color":"custom","icon_primary_color":"rgba(196,185,151,0.25)","icon_secondary_color":"#ffffff","icon_size":{"unit":"px","size":"23","sizes":[]},"icon_padding":{"unit":"em","size":"1.1","sizes":[]},"icon_spacing":{"unit":"px","size":"11","sizes":[]},"border_radius":{"unit":"px","top":"100","right":"100","bottom":"100","left":"100","isLinked":"1"},"_padding":{"unit":"em","top":"2","right":"0","bottom":"0","left":"0","isLinked":""},"icon_size_mobile":{"unit":"px","size":"14","sizes":[]},"icon_padding_mobile":{"unit":"em","size":"0.8","sizes":[]},"icon_spacing_mobile":{"unit":"px","size":"5","sizes":[]},"hover_primary_color":"#c4b997","hover_secondary_color":"#ffffff"},"elements":[],"isInner":false,"widgetType":"social-icons","elType":"widget"},{"id":"6629f5cb","settings":{"content_width":{"unit":"px","size":"300","sizes":[]}},"elements":[{"id":"6f4d4863","settings":{"_column_size":"100","_inline_size":"","space_between_widgets":"0","padding":{"unit":"px","top":"0","right":"0","bottom":"0","left":"0","isLinked":"1"}},"elements":[{"id":"1381005a","settings":{"editor":"<p>Feel free to visit my social media pages and don't forget to like &amp; share :)<\/p>","align":"center","text_color":"#adb5bd","typography_typography":"custom","typography_font_family":"Karla","typography_font_size":{"unit":"em","size":"0.82","sizes":[]},"typography_line_height":{"unit":"em","size":"1.555","sizes":[]},"_padding":{"unit":"em","top":"0","right":"2","bottom":"0","left":"2","isLinked":""}},"elements":[],"isInner":false,"widgetType":"text-editor","elType":"widget"}],"isInner":"1","elType":"column"}],"isInner":"1","elType":"section"}],"isInner":"","elType":"column"}],"isInner":"","elType":"section"}]}