{"version":"0.4","title":"Social Media Consultant > Testimonials","type":"page","content":[{"id":"3794e671","settings":{"content_width":{"unit":"px","size":"1180","sizes":[]},"padding":{"unit":"em","top":"7","right":"0","bottom":"2.5","left":"0","isLinked":""},"shape_divider_top":"wave-brush","shape_divider_top_color":"rgba(33,37,41,0.01)","shape_divider_top_width":{"unit":"%","size":"193","sizes":[]},"shape_divider_top_height":{"unit":"px","size":"165","sizes":[]},"text_align":"center","background_background":"classic","background_color":"#ffffff"},"elements":[{"id":"f21c3f8","settings":{"_column_size":"100","_inline_size":"","padding":{"unit":"em","top":"0","right":"0","bottom":"0","left":"0","isLinked":""},"content_position":"center"},"elements":[{"id":"31ab6a7d","settings":{"content_width":{"unit":"px","size":"529","sizes":[]}},"elements":[{"id":"2b5a479b","settings":{"_column_size":"100","_inline_size":"","align":"center"},"elements":[{"id":"2c3b4673","settings":{"title":"Testimonials","header_size":"h1","align":"center","title_color":"#ffffff","typography_typography":"custom","typography_font_family":"Karla","typography_font_size":{"unit":"em","size":"0.82","sizes":[]},"typography_font_weight":"700","typography_line_height":{"unit":"em","size":"1.15","sizes":[]},"typography_letter_spacing":{"unit":"px","size":"0.6","sizes":[]},"typography_text_transform":"uppercase","_margin":{"unit":"px","top":"0","right":"0","bottom":"35","left":"0","isLinked":""},"_padding":{"unit":"em","top":"0.35","right":"0.65","bottom":"0.38","left":"0.65","isLinked":""},"_background_background":"classic","_background_color":"rgba(196,185,151,0.79)","_border_radius":{"unit":"px","top":"6","right":"6","bottom":"6","left":"6","isLinked":"1"},"_element_width":"auto"},"elements":[],"isInner":false,"widgetType":"heading","elType":"widget"},{"id":"ae6db76","settings":{"title":"Let them speak for me and my work","header_size":"h1","align":"center","title_color":"#212529","typography_typography":"custom","typography_font_family":"Karla","typography_font_size":{"unit":"em","size":"3.555","sizes":[]},"typography_font_size_mobile":{"unit":"em","size":"3.1","sizes":[]},"typography_font_weight":"400","typography_line_height":{"unit":"em","size":"1.15","sizes":[]},"typography_letter_spacing":{"unit":"px","size":"-4","sizes":[]}},"elements":[],"isInner":false,"widgetType":"heading","elType":"widget"},{"id":"2c0b409f","settings":{"editor":"<p>Sed ut perspiciatis unde omnis iste natus error sit voluptatem accusantium.<\/p>","align":"center","text_color":"#495057","typography_typography":"custom","typography_font_family":"Karla","typography_font_size":{"unit":"em","size":"1.255","sizes":[]},"typography_line_height":{"unit":"em","size":"1.555","sizes":[]},"_padding":{"unit":"em","top":"0","right":"0","bottom":"0","left":"0","isLinked":""}},"elements":[],"isInner":false,"widgetType":"text-editor","elType":"widget"}],"isInner":"1","elType":"column"}],"isInner":"1","elType":"section"}],"isInner":"","elType":"column"}],"isInner":"","elType":"section"},{"id":"4b9b271b","settings":{"gap":"wider","structure":"20","background_background":"classic","background_color":"#ffffff"},"elements":[{"id":"2df161ff","settings":{"_column_size":"50","_inline_size":"","_inline_size_tablet":"100"},"elements":[{"id":"5e6754ff","settings":{"testimonial_content":"\"Sed ut perspiciatis unde omnis iste natus error sit voluptatem accusantium doloremque laudantium, totam rem aperiam. At vero eos et bitse. At vero eos et accusamus et iusto odio dignissimos ducimus qui blanditiis prtium voluptatum.\"\n","testimonial_image":{"url":"http:\/\/sitefacilitado.com.br\/membros\/wp-content\/uploads\/2020\/03\/photo-1534528741775-53994a69daeb.jpeg","id":"6024"},"testimonial_name":"Sandy L\u00f6fgren","testimonial_job":"Influencer","content_content_color":"#495057","content_typography_typography":"custom","content_typography_font_family":"Karla","content_typography_font_size":{"unit":"em","size":"0.98","sizes":[]},"content_typography_font_weight":"400","content_typography_line_height":{"unit":"em","size":"1.6","sizes":[]},"content_typography_letter_spacing":{"unit":"px","size":"0","sizes":[]},"image_size":{"unit":"px","size":"60","sizes":[]},"name_text_color":"#212529","name_typography_typography":"custom","name_typography_font_size":{"unit":"em","size":"0.9","sizes":[]},"name_typography_font_weight":"700","name_typography_line_height":{"unit":"em","size":"1.6","sizes":[]},"name_typography_letter_spacing":{"unit":"px","size":"0","sizes":[]},"job_text_color":"#bfac7e","job_typography_typography":"custom","job_typography_font_family":"Karla","job_typography_font_size":{"unit":"em","size":"0.7","sizes":[]},"job_typography_font_weight":"700","job_typography_text_transform":"uppercase","job_typography_line_height":{"unit":"em","size":"1.6","sizes":[]},"job_typography_letter_spacing":{"unit":"px","size":"0.6","sizes":[]},"_padding":{"unit":"em","top":"3.2","right":"3","bottom":"3.05","left":"3","isLinked":""},"_background_background":"classic","_background_color":"rgba(33,37,41,0.02)","_border_radius":{"unit":"px","top":"5","right":"5","bottom":"5","left":"5","isLinked":"1"},"_box_shadow_box_shadow":{"horizontal":"-2","vertical":"19","blur":"38","spread":"1","color":"rgba(33,37,41,0.04)"}},"elements":[],"isInner":false,"widgetType":"testimonial","elType":"widget"}],"isInner":"","elType":"column"},{"id":"4f8c8844","settings":{"_column_size":"50","_inline_size":"","_inline_size_tablet":"100"},"elements":[{"id":"66d23f1f","settings":{"testimonial_content":"\"Cupiditate non provident, similique sunt in culpa qui officia deserunt mollitia animi, id est laborum et dolorum fuga. totam rem aperiam. At vero eos et bitse. At vero eos et accusamus et iusto Cupiditate non provident, similique sunt in culpa qui officiel.\"\n","testimonial_image":{"url":"http:\/\/sitefacilitado.com.br\/membros\/wp-content\/uploads\/2020\/03\/photo-1551110649-ac472a979f69.jpeg","id":"6016"},"testimonial_name":"Lorin Eklund","testimonial_job":"Influencer","content_content_color":"#495057","content_typography_typography":"custom","content_typography_font_family":"Karla","content_typography_font_size":{"unit":"em","size":"0.98","sizes":[]},"content_typography_font_weight":"400","content_typography_line_height":{"unit":"em","size":"1.6","sizes":[]},"content_typography_letter_spacing":{"unit":"px","size":"0","sizes":[]},"image_size":{"unit":"px","size":"60","sizes":[]},"name_text_color":"#212529","name_typography_typography":"custom","name_typography_font_size":{"unit":"em","size":"0.9","sizes":[]},"name_typography_font_weight":"700","name_typography_line_height":{"unit":"em","size":"1.6","sizes":[]},"name_typography_letter_spacing":{"unit":"px","size":"0","sizes":[]},"job_text_color":"#bfac7e","job_typography_typography":"custom","job_typography_font_family":"Karla","job_typography_font_size":{"unit":"em","size":"0.7","sizes":[]},"job_typography_font_weight":"700","job_typography_text_transform":"uppercase","job_typography_line_height":{"unit":"em","size":"1.6","sizes":[]},"job_typography_letter_spacing":{"unit":"px","size":"0.6","sizes":[]},"_padding":{"unit":"em","top":"3.2","right":"3","bottom":"3.05","left":"3","isLinked":""},"_background_background":"classic","_background_color":"rgba(33,37,41,0.01)","_border_radius":{"unit":"px","top":"5","right":"5","bottom":"5","left":"5","isLinked":"1"}},"elements":[],"isInner":false,"widgetType":"testimonial","elType":"widget"}],"isInner":"","elType":"column"}],"isInner":"","elType":"section"},{"id":"5226c287","settings":{"gap":"wider","structure":"20","padding":{"unit":"em","top":"0","right":"0","bottom":"0","left":"0","isLinked":""},"background_background":"classic","background_color":"#ffffff"},"elements":[{"id":"4c15376c","settings":{"_column_size":"50","_inline_size":"","_inline_size_tablet":"100"},"elements":[{"id":"1019f607","settings":{"testimonial_content":"\"Cupiditate non provident, similique sunt in culpa qui officia deserunt mollitia animi, id est laborum et dolorum fuga. totam rem aperiam. At vero eos et bitse. At vero eos et accusamus et iusto Cupiditate non provident, similique sunt in culpa qui officiel.\"\n","testimonial_image":{"url":"http:\/\/sitefacilitado.com.br\/membros\/wp-content\/uploads\/2020\/03\/photo-1490143142353-f77c4884518e.jpeg","id":"6015"},"testimonial_name":"Rebecka Bengts","testimonial_job":"Influencer","content_content_color":"#495057","content_typography_typography":"custom","content_typography_font_family":"Karla","content_typography_font_size":{"unit":"em","size":"0.98","sizes":[]},"content_typography_font_weight":"400","content_typography_line_height":{"unit":"em","size":"1.6","sizes":[]},"content_typography_letter_spacing":{"unit":"px","size":"0","sizes":[]},"image_size":{"unit":"px","size":"60","sizes":[]},"name_text_color":"#212529","name_typography_typography":"custom","name_typography_font_size":{"unit":"em","size":"0.9","sizes":[]},"name_typography_font_weight":"700","name_typography_line_height":{"unit":"em","size":"1.6","sizes":[]},"name_typography_letter_spacing":{"unit":"px","size":"0","sizes":[]},"job_text_color":"#bfac7e","job_typography_typography":"custom","job_typography_font_family":"Karla","job_typography_font_size":{"unit":"em","size":"0.7","sizes":[]},"job_typography_font_weight":"700","job_typography_text_transform":"uppercase","job_typography_line_height":{"unit":"em","size":"1.6","sizes":[]},"job_typography_letter_spacing":{"unit":"px","size":"0.6","sizes":[]},"_padding":{"unit":"em","top":"3.2","right":"3","bottom":"3.05","left":"3","isLinked":""},"_background_background":"classic","_background_color":"rgba(33,37,41,0.01)","_border_radius":{"unit":"px","top":"5","right":"5","bottom":"5","left":"5","isLinked":"1"}},"elements":[],"isInner":false,"widgetType":"testimonial","elType":"widget"}],"isInner":"","elType":"column"},{"id":"6998969f","settings":{"_column_size":"50","_inline_size":"","_inline_size_tablet":"100"},"elements":[{"id":"4af7dade","settings":{"testimonial_content":"\"Sed ut perspiciatis unde omnis iste natus error sit voluptatem accusantium doloremque laudantium, totam rem aperiam. At vero eos et bitse. At vero eos et accusamus et iusto odio dignissimos ducimus qui blanditiis prtium voluptatum.\"\n","testimonial_image":{"url":"http:\/\/sitefacilitado.com.br\/membros\/wp-content\/uploads\/2020\/03\/photo-1470434767159-ac7bf1b43351-scaled.jpeg","id":"6146"},"testimonial_name":"Herman Sj\u00f6gren","testimonial_job":"Influencer","content_content_color":"#495057","content_typography_typography":"custom","content_typography_font_family":"Karla","content_typography_font_size":{"unit":"em","size":"0.98","sizes":[]},"content_typography_font_weight":"400","content_typography_line_height":{"unit":"em","size":"1.6","sizes":[]},"content_typography_letter_spacing":{"unit":"px","size":"0","sizes":[]},"image_size":{"unit":"px","size":"60","sizes":[]},"name_text_color":"#212529","name_typography_typography":"custom","name_typography_font_size":{"unit":"em","size":"0.9","sizes":[]},"name_typography_font_weight":"700","name_typography_line_height":{"unit":"em","size":"1.6","sizes":[]},"name_typography_letter_spacing":{"unit":"px","size":"0","sizes":[]},"job_text_color":"#bfac7e","job_typography_typography":"custom","job_typography_font_family":"Karla","job_typography_font_size":{"unit":"em","size":"0.7","sizes":[]},"job_typography_font_weight":"700","job_typography_text_transform":"uppercase","job_typography_line_height":{"unit":"em","size":"1.6","sizes":[]},"job_typography_letter_spacing":{"unit":"px","size":"0.6","sizes":[]},"_padding":{"unit":"em","top":"3.2","right":"3","bottom":"3.05","left":"3","isLinked":""},"_background_background":"classic","_background_color":"rgba(33,37,41,0.01)","_border_radius":{"unit":"px","top":"5","right":"5","bottom":"5","left":"5","isLinked":"1"}},"elements":[],"isInner":false,"widgetType":"testimonial","elType":"widget"}],"isInner":"","elType":"column"}],"isInner":"","elType":"section"},{"id":"3e3e8b78","settings":{"content_width":{"unit":"px","size":"590","sizes":[]},"gap":"wider","padding":{"unit":"em","top":"0","right":"0","bottom":"05","left":"0","isLinked":""},"background_background":"classic","background_color":"#ffffff"},"elements":[{"id":"78c850d7","settings":{"_column_size":"100","_inline_size":"","_inline_size_tablet":"100"},"elements":[{"id":"33134f80","settings":{"testimonial_content":"\"Sed ut perspiciatis unde omnis iste natus error sit voluptatem accusantium doloremque laudantium, totam rem aperiam. At vero eos et bitse. At vero eos et accusamus et iusto odio dignissimos ducimus qui blanditiis prtium voluptatum.\"\n","testimonial_image":{"url":"http:\/\/sitefacilitado.com.br\/membros\/wp-content\/uploads\/2020\/03\/photo-1522609925277-66fea332c575.jpeg","id":"6037"},"testimonial_name":"Jonn B\u00f6rge","testimonial_job":"Influencer","content_content_color":"#495057","content_typography_typography":"custom","content_typography_font_family":"Karla","content_typography_font_size":{"unit":"em","size":"0.98","sizes":[]},"content_typography_font_weight":"400","content_typography_line_height":{"unit":"em","size":"1.6","sizes":[]},"content_typography_letter_spacing":{"unit":"px","size":"0","sizes":[]},"image_size":{"unit":"px","size":"60","sizes":[]},"name_text_color":"#212529","name_typography_typography":"custom","name_typography_font_size":{"unit":"em","size":"0.9","sizes":[]},"name_typography_font_weight":"700","name_typography_line_height":{"unit":"em","size":"1.6","sizes":[]},"name_typography_letter_spacing":{"unit":"px","size":"0","sizes":[]},"job_text_color":"#bfac7e","job_typography_typography":"custom","job_typography_font_family":"Karla","job_typography_font_size":{"unit":"em","size":"0.7","sizes":[]},"job_typography_font_weight":"700","job_typography_text_transform":"uppercase","job_typography_line_height":{"unit":"em","size":"1.6","sizes":[]},"job_typography_letter_spacing":{"unit":"px","size":"0.6","sizes":[]},"_padding":{"unit":"em","top":"3.2","right":"3","bottom":"3.05","left":"3","isLinked":""},"_background_background":"classic","_background_color":"rgba(33,37,41,0.01)","_border_radius":{"unit":"px","top":"5","right":"5","bottom":"5","left":"5","isLinked":"1"}},"elements":[],"isInner":false,"widgetType":"testimonial","elType":"widget"}],"isInner":"","elType":"column"}],"isInner":"","elType":"section"},{"id":"7bbb7b4a","settings":{"content_width":{"unit":"px","size":"596","sizes":[]},"background_background":"classic","background_image":{"url":"http:\/\/sitefacilitado.com.br\/membros\/wp-content\/uploads\/2020\/03\/photo-1543269865-4430f94492b9.jpeg","id":"6007"},"background_position":"center center","background_repeat":"no-repeat","background_size":"cover","background_overlay_background":"gradient","background_overlay_color":"#212529","background_overlay_color_b":"rgba(33,37,41,0.48)","background_overlay_gradient_angle":{"unit":"deg","size":"140","sizes":[]},"background_overlay_opacity":{"unit":"px","size":"1","sizes":[]},"shape_divider_top_color":"rgba(33,37,41,0.01)","shape_divider_top_width":{"unit":"%","size":"193","sizes":[]},"shape_divider_top_height":{"unit":"px","size":"165","sizes":[]},"text_align":"center","padding":{"unit":"em","top":"9","right":"0","bottom":"5","left":"0","isLinked":""},"padding_mobile":{"unit":"em","top":"5","right":"0","bottom":"4","left":"0","isLinked":""}},"elements":[{"id":"695e2b94","settings":{"_column_size":"100","space_between_widgets":"0"},"elements":[{"id":"3fa472e7","settings":{"title":"Ready To Work Together?","align":"center","title_color":"#ffffff","typography_typography":"custom","typography_font_family":"Karla","typography_font_size":{"unit":"em","size":"3.555","sizes":[]},"typography_font_size_mobile":{"unit":"em","size":"3.2","sizes":[]},"typography_font_weight":"400","typography_line_height":{"unit":"em","size":"1.15","sizes":[]},"typography_letter_spacing":{"unit":"px","size":"-3","sizes":[]},"_padding":{"unit":"em","top":"0","right":"0","bottom":"0.3","left":"0","isLinked":""}},"elements":[],"isInner":false,"widgetType":"heading","elType":"widget"},{"id":"bcf83d6","settings":{"editor":"<p>Sed ut perspiciatis unde omnis iste natus error sit voluptatem accusantium.<\/p>","align":"center","text_color":"rgba(255,255,255,0.66)","typography_typography":"custom","typography_font_family":"Karla","typography_font_size":{"unit":"em","size":"1.255","sizes":[]},"typography_line_height":{"unit":"em","size":"1.555","sizes":[]},"_padding":{"unit":"em","top":"0","right":"3","bottom":"0.3","left":"3","isLinked":""},"_padding_mobile":{"unit":"em","top":"0","right":"0","bottom":"0","left":"0","isLinked":""}},"elements":[],"isInner":false,"widgetType":"text-editor","elType":"widget"},{"id":"6b19021e","settings":{"text":"Let's Start Today","align":"center","size":"md","typography_typography":"custom","typography_font_family":"Karla","typography_font_size":{"unit":"em","size":"1.144","sizes":[]},"typography_font_weight":"700","typography_letter_spacing":{"unit":"px","size":"-0.5","sizes":[]},"button_text_color":"#ffffff","background_color":"#c4b997","hover_color":"#ffffff","button_background_hover_color":"#212529","hover_animation":"bob","border_radius":{"unit":"px","top":"5","right":"5","bottom":"5","left":"5","isLinked":"1"},"text_padding":{"unit":"em","top":"1.15","right":"2.8","bottom":"1.15","left":"2.8","isLinked":""},"_padding":{"unit":"em","top":"1","right":"0","bottom":"0","left":"0","isLinked":""}},"elements":[],"isInner":false,"widgetType":"button","elType":"widget"},{"id":"19c53f44","settings":{"content_width":{"unit":"px","size":"300","sizes":[]}},"elements":[{"id":"3dee1768","settings":{"_column_size":"100","_inline_size":"","space_between_widgets":"0","padding":{"unit":"px","top":"0","right":"0","bottom":"0","left":"0","isLinked":"1"}},"elements":[{"id":"2d0b5719","settings":{"editor":"<p>Fuel your brand and drive results with 100% proven campaigns!<\/p>","align":"center","text_color":"#adb5bd","typography_typography":"custom","typography_font_family":"Karla","typography_font_size":{"unit":"em","size":"0.82","sizes":[]},"typography_line_height":{"unit":"em","size":"1.555","sizes":[]},"_padding":{"unit":"em","top":"0","right":"2","bottom":"0","left":"2","isLinked":""}},"elements":[],"isInner":false,"widgetType":"text-editor","elType":"widget"}],"isInner":"1","elType":"column"}],"isInner":"1","elType":"section"}],"isInner":"","elType":"column"}],"isInner":"","elType":"section"}]}