{"version":"0.4","title":"Social Media Consultant > About Me","type":"page","content":[{"id":"720ee32a","settings":{"content_width":{"unit":"px","size":"1180","sizes":[]},"padding":{"unit":"em","top":"7","right":"0","bottom":"1","left":"0","isLinked":""},"shape_divider_top":"wave-brush","shape_divider_top_color":"rgba(33,37,41,0.01)","shape_divider_top_width":{"unit":"%","size":"193","sizes":[]},"shape_divider_top_height":{"unit":"px","size":"165","sizes":[]},"text_align":"center","background_background":"classic","background_color":"#ffffff"},"elements":[{"id":"222861b1","settings":{"_column_size":"100","_inline_size":"","padding":{"unit":"em","top":"0","right":"0","bottom":"0","left":"0","isLinked":""},"content_position":"center"},"elements":[{"id":"9ff6ad","settings":{"content_width":{"unit":"px","size":"555","sizes":[]}},"elements":[{"id":"63b57641","settings":{"_column_size":"100","_inline_size":"","align":"center"},"elements":[{"id":"19b886d4","settings":{"title":"About Me","header_size":"h1","align":"center","title_color":"#ffffff","typography_typography":"custom","typography_font_family":"Karla","typography_font_size":{"unit":"em","size":"0.82","sizes":[]},"typography_font_weight":"700","typography_line_height":{"unit":"em","size":"1.15","sizes":[]},"typography_letter_spacing":{"unit":"px","size":"0.6","sizes":[]},"typography_text_transform":"uppercase","_margin":{"unit":"px","top":"0","right":"0","bottom":"35","left":"0","isLinked":""},"_padding":{"unit":"em","top":"0.35","right":"0.65","bottom":"0.38","left":"0.65","isLinked":""},"_background_background":"classic","_background_color":"rgba(196,185,151,0.79)","_border_radius":{"unit":"px","top":"6","right":"6","bottom":"6","left":"6","isLinked":"1"},"_element_width":"auto","_animation":"zoomIn","animation_duration":"fast"},"elements":[],"isInner":false,"widgetType":"heading","elType":"widget"},{"id":"514fba49","settings":{"title":"A social media voice for your business.","header_size":"h1","align":"center","title_color":"#212529","typography_typography":"custom","typography_font_family":"Karla","typography_font_size":{"unit":"em","size":"3.555","sizes":[]},"typography_font_size_mobile":{"unit":"em","size":"2.7","sizes":[]},"typography_font_weight":"400","typography_line_height":{"unit":"em","size":"1.15","sizes":[]},"typography_letter_spacing":{"unit":"px","size":"-3.6","sizes":[]},"_animation":"fadeInUp"},"elements":[],"isInner":false,"widgetType":"heading","elType":"widget"},{"id":"44c31562","settings":{"editor":"<p>Sed ut perspiciatis unde omnis iste natus error sit voluptatem accusantium.<\/p>","align":"center","text_color":"#495057","typography_typography":"custom","typography_font_family":"Karla","typography_font_size":{"unit":"em","size":"1.255","sizes":[]},"typography_line_height":{"unit":"em","size":"1.555","sizes":[]},"_padding":{"unit":"em","top":"0","right":"0","bottom":"0","left":"0","isLinked":""}},"elements":[],"isInner":false,"widgetType":"text-editor","elType":"widget"}],"isInner":"1","elType":"column"}],"isInner":"1","elType":"section"}],"isInner":"","elType":"column"}],"isInner":"","elType":"section"},{"id":"4d6342c0","settings":[],"elements":[{"id":"25960779","settings":{"_column_size":"100"},"elements":[{"id":"4c494c90","settings":{"skin":"coverflow","slides":[{"image":{"url":"http:\/\/sitefacilitado.com.br\/membros\/wp-content\/uploads\/2020\/03\/photo-1543270122-b96218880358.jpeg","id":"6072"},"_id":"6f734a8","type":"image","image_link_to_type":"file","image_link_to":{"url":"","is_external":"","nofollow":""},"video":{"url":"","is_external":"","nofollow":""}},{"image":{"url":"http:\/\/sitefacilitado.com.br\/membros\/wp-content\/uploads\/2020\/03\/photo-1543269866-487350d6fa5e-e1558510207400.jpeg","id":"6008"},"_id":"15caa25","type":"video","image_link_to_type":"","image_link_to":{"url":"","is_external":"","nofollow":""},"video":{"url":"https:\/\/www.youtube.com\/watch?v=XHOmBV4js_E","is_external":"","nofollow":""}},{"image":{"url":"http:\/\/sitefacilitado.com.br\/membros\/wp-content\/uploads\/2020\/03\/photo-1543269866-8cd2dfe969d6.jpeg","id":"6074"},"_id":"078f171","type":"image","image_link_to_type":"file","image_link_to":{"url":"","is_external":"","nofollow":""},"video":{"url":"","is_external":"","nofollow":""}},{"image":{"url":"http:\/\/sitefacilitado.com.br\/membros\/wp-content\/uploads\/2020\/03\/photo-1543269865-4430f94492b9.jpeg","id":"6007"},"_id":"250d343","type":"image","image_link_to_type":"file","image_link_to":{"url":"","is_external":"","nofollow":""},"video":{"url":"","is_external":"","nofollow":""}}],"effect":"fade","slideshow_height":{"unit":"px","size":"450","sizes":[]},"slideshow_slides_per_view":"6","thumbs_ratio":"169","centered_slides":"yes","speed":"350","autoplay":"","slide_background_color":"rgba(0,0,0,0)","slide_border_radius":{"unit":"px","size":"12","sizes":[]},"slide_border_color":"#ffffff","slide_padding":{"unit":"px","top":"0","right":"0","bottom":"0","left":"0","isLinked":"1"},"arrows_size":{"unit":"px","size":"15","sizes":[]},"arrows_color":"#ffffff","play_icon_color":"rgba(255,255,255,0)","play_icon_size":{"unit":"px","size":"0","sizes":[]},"play_icon_text_shadow_text_shadow":{"horizontal":"16","vertical":"34","blur":"0","color":"#000000"},"_css_classes":"envato-kit-169-play-button","_border_color":"#ffffff","_border_radius":{"unit":"px","top":"12","right":"12","bottom":"12","left":"12","isLinked":"1"},"height":{"unit":"px","size":"455","sizes":[]},"width":{"unit":"%","size":"78","sizes":[]}},"elements":[],"isInner":false,"widgetType":"media-carousel","elType":"widget"}],"isInner":"","elType":"column"}],"isInner":"","elType":"section"},{"id":"60398a40","settings":{"gap":"wider","structure":"30","padding":{"unit":"em","top":"2","right":"0","bottom":"2","left":"0","isLinked":""},"background_background":"classic","background_color":"#ffffff"},"elements":[{"id":"7cdae8a8","settings":{"_column_size":"33","_inline_size":"","space_between_widgets":"5"},"elements":[{"id":"8ec5b6","settings":{"structure":"20","padding":{"unit":"em","top":"0","right":"0","bottom":"0","left":"0","isLinked":""}},"elements":[{"id":"c56fe6","settings":{"_column_size":"50","_inline_size":"16.875","content_position":"top","padding":{"unit":"em","top":"0","right":"0","bottom":"0","left":"0","isLinked":"1"}},"elements":[{"id":"6b5f151","settings":{"icon":"fa fa-dot-circle-o","view":"stacked","primary_color":"rgba(111,132,148,0.05)","secondary_color":"#c4b381","size":{"unit":"px","size":"16","sizes":[]},"icon_padding":{"unit":"px","size":"16","sizes":[]},"_padding":{"unit":"em","top":"0","right":"0","bottom":"1.2","left":"0","isLinked":""},"align":"left"},"elements":[],"isInner":false,"widgetType":"icon","elType":"widget"}],"isInner":"1","elType":"column"},{"id":"88c2a03","settings":{"_column_size":"50","_inline_size":"83.115","space_between_widgets":"0"},"elements":[{"id":"58bea8e4","settings":{"title":"About Me","header_size":"h3","title_color":"#212529","typography_typography":"custom","typography_font_family":"Karla","typography_font_size":{"unit":"em","size":"1.3","sizes":[]},"typography_font_weight":"700","typography_line_height":{"unit":"em","size":"1.15","sizes":[]},"typography_letter_spacing":{"unit":"px","size":"-0.5","sizes":[]},"_padding":{"unit":"em","top":"0","right":"0","bottom":"0","left":"0","isLinked":""}},"elements":[],"isInner":false,"widgetType":"heading","elType":"widget"},{"id":"3507b19d","settings":{"editor":"<p>Sed ut perspiciatis unde omnis iste natus error sit volupt.<\/p>","text_color":"#495057","typography_typography":"custom","typography_font_family":"Karla","typography_font_size":{"unit":"em","size":"1","sizes":[]},"typography_line_height":{"unit":"em","size":"1.555","sizes":[]}},"elements":[],"isInner":false,"widgetType":"text-editor","elType":"widget"}],"isInner":"1","elType":"column"}],"isInner":"1","elType":"section"},{"id":"292f3199","settings":{"structure":"20","padding":{"unit":"em","top":"0","right":"0","bottom":"0","left":"0","isLinked":""}},"elements":[{"id":"3d9054e9","settings":{"_column_size":"50","_inline_size":"16.875","content_position":"top","padding":{"unit":"em","top":"0","right":"0","bottom":"0","left":"0","isLinked":"1"}},"elements":[{"id":"a97c06b","settings":{"icon":"fa fa-dot-circle-o","view":"stacked","primary_color":"rgba(111,132,148,0.05)","secondary_color":"#c4b381","size":{"unit":"px","size":"16","sizes":[]},"icon_padding":{"unit":"px","size":"16","sizes":[]},"_padding":{"unit":"em","top":"0","right":"0","bottom":"1.2","left":"0","isLinked":""},"align":"left"},"elements":[],"isInner":false,"widgetType":"icon","elType":"widget"}],"isInner":"1","elType":"column"},{"id":"9fb78bc","settings":{"_column_size":"50","_inline_size":"83.115","space_between_widgets":"0"},"elements":[{"id":"73572db7","settings":{"title":"Press & Media","header_size":"h3","title_color":"#212529","typography_typography":"custom","typography_font_family":"Karla","typography_font_size":{"unit":"em","size":"1.3","sizes":[]},"typography_font_weight":"700","typography_line_height":{"unit":"em","size":"1.15","sizes":[]},"typography_letter_spacing":{"unit":"px","size":"-0.5","sizes":[]},"_padding":{"unit":"em","top":"0","right":"0","bottom":"0","left":"0","isLinked":""}},"elements":[],"isInner":false,"widgetType":"heading","elType":"widget"},{"id":"5b6eb7fd","settings":{"editor":"<p>Sed ut perspiciatis unde omn.<\/p>","text_color":"#495057","typography_typography":"custom","typography_font_family":"Karla","typography_font_size":{"unit":"em","size":"1","sizes":[]},"typography_line_height":{"unit":"em","size":"1.555","sizes":[]}},"elements":[],"isInner":false,"widgetType":"text-editor","elType":"widget"}],"isInner":"1","elType":"column"}],"isInner":"1","elType":"section"}],"isInner":"","elType":"column"},{"id":"32b35c10","settings":{"_column_size":"33","_inline_size":"","space_between_widgets":"5"},"elements":[{"id":"78359cfe","settings":{"structure":"20","padding":{"unit":"em","top":"0","right":"0","bottom":"0","left":"0","isLinked":""}},"elements":[{"id":"39cd568","settings":{"_column_size":"50","_inline_size":"16.875","content_position":"top","padding":{"unit":"em","top":"0","right":"0","bottom":"0","left":"0","isLinked":"1"}},"elements":[{"id":"16951169","settings":{"icon":"fa fa-dot-circle-o","view":"stacked","primary_color":"rgba(111,132,148,0.05)","secondary_color":"#c4b381","size":{"unit":"px","size":"16","sizes":[]},"icon_padding":{"unit":"px","size":"16","sizes":[]},"_padding":{"unit":"em","top":"0","right":"0","bottom":"1.2","left":"0","isLinked":""},"align":"left"},"elements":[],"isInner":false,"widgetType":"icon","elType":"widget"}],"isInner":"1","elType":"column"},{"id":"4ece7c40","settings":{"_column_size":"50","_inline_size":"83.115","space_between_widgets":"0"},"elements":[{"id":"3f744dc","settings":{"title":"Vision","header_size":"h3","title_color":"#212529","typography_typography":"custom","typography_font_family":"Karla","typography_font_size":{"unit":"em","size":"1.3","sizes":[]},"typography_font_weight":"700","typography_line_height":{"unit":"em","size":"1.15","sizes":[]},"typography_letter_spacing":{"unit":"px","size":"-0.5","sizes":[]},"_padding":{"unit":"em","top":"0","right":"0","bottom":"0","left":"0","isLinked":""}},"elements":[],"isInner":false,"widgetType":"heading","elType":"widget"},{"id":"624060d0","settings":{"editor":"<p>Sed ut perspiciatis unde omnis iste natus error sit volupt.<\/p>","text_color":"#495057","typography_typography":"custom","typography_font_family":"Karla","typography_font_size":{"unit":"em","size":"1","sizes":[]},"typography_line_height":{"unit":"em","size":"1.555","sizes":[]}},"elements":[],"isInner":false,"widgetType":"text-editor","elType":"widget"}],"isInner":"1","elType":"column"}],"isInner":"1","elType":"section"},{"id":"2958252b","settings":{"structure":"20","padding":{"unit":"em","top":"0","right":"0","bottom":"0","left":"0","isLinked":""}},"elements":[{"id":"3b6aa8b5","settings":{"_column_size":"50","_inline_size":"16.875","content_position":"top","padding":{"unit":"em","top":"0","right":"0","bottom":"0","left":"0","isLinked":"1"}},"elements":[{"id":"1bfbf2ba","settings":{"icon":"fa fa-dot-circle-o","view":"stacked","primary_color":"rgba(111,132,148,0.05)","secondary_color":"#c4b381","size":{"unit":"px","size":"16","sizes":[]},"icon_padding":{"unit":"px","size":"16","sizes":[]},"_padding":{"unit":"em","top":"0","right":"0","bottom":"1.2","left":"0","isLinked":""},"align":"left"},"elements":[],"isInner":false,"widgetType":"icon","elType":"widget"}],"isInner":"1","elType":"column"},{"id":"16f8cd5c","settings":{"_column_size":"50","_inline_size":"83.115","space_between_widgets":"0"},"elements":[{"id":"77d29ca","settings":{"title":"My Skills","header_size":"h3","title_color":"#212529","typography_typography":"custom","typography_font_family":"Karla","typography_font_size":{"unit":"em","size":"1.3","sizes":[]},"typography_font_weight":"700","typography_line_height":{"unit":"em","size":"1.15","sizes":[]},"typography_letter_spacing":{"unit":"px","size":"-0.5","sizes":[]},"_padding":{"unit":"em","top":"0","right":"0","bottom":"0","left":"0","isLinked":""}},"elements":[],"isInner":false,"widgetType":"heading","elType":"widget"},{"id":"3a75e69f","settings":{"editor":"<p>Sed ut perspiciatis unde omn.<\/p>","text_color":"#495057","typography_typography":"custom","typography_font_family":"Karla","typography_font_size":{"unit":"em","size":"1","sizes":[]},"typography_line_height":{"unit":"em","size":"1.555","sizes":[]}},"elements":[],"isInner":false,"widgetType":"text-editor","elType":"widget"}],"isInner":"1","elType":"column"}],"isInner":"1","elType":"section"}],"isInner":"","elType":"column"},{"id":"237f5913","settings":{"_column_size":"33","_inline_size":"","space_between_widgets":"5"},"elements":[{"id":"26e718cb","settings":{"structure":"20","padding":{"unit":"em","top":"0","right":"0","bottom":"0","left":"0","isLinked":""}},"elements":[{"id":"56acda3a","settings":{"_column_size":"50","_inline_size":"16.875","content_position":"top","padding":{"unit":"em","top":"0","right":"0","bottom":"0","left":"0","isLinked":"1"}},"elements":[{"id":"249d6b14","settings":{"icon":"fa fa-dot-circle-o","view":"stacked","primary_color":"rgba(111,132,148,0.05)","secondary_color":"#c4b381","size":{"unit":"px","size":"16","sizes":[]},"icon_padding":{"unit":"px","size":"16","sizes":[]},"_padding":{"unit":"em","top":"0","right":"0","bottom":"1.2","left":"0","isLinked":""},"align":"left"},"elements":[],"isInner":false,"widgetType":"icon","elType":"widget"}],"isInner":"1","elType":"column"},{"id":"3806ab33","settings":{"_column_size":"50","_inline_size":"83.115","space_between_widgets":"0"},"elements":[{"id":"70c651c7","settings":{"title":"Mission","header_size":"h3","title_color":"#212529","typography_typography":"custom","typography_font_family":"Karla","typography_font_size":{"unit":"em","size":"1.3","sizes":[]},"typography_font_weight":"700","typography_line_height":{"unit":"em","size":"1.15","sizes":[]},"typography_letter_spacing":{"unit":"px","size":"-0.5","sizes":[]},"_padding":{"unit":"em","top":"0","right":"0","bottom":"0","left":"0","isLinked":""}},"elements":[],"isInner":false,"widgetType":"heading","elType":"widget"},{"id":"33955c8d","settings":{"editor":"<p>Sed ut perspiciatis unde omnis iste natus error sit volupt.<\/p>","text_color":"#495057","typography_typography":"custom","typography_font_family":"Karla","typography_font_size":{"unit":"em","size":"1","sizes":[]},"typography_line_height":{"unit":"em","size":"1.555","sizes":[]}},"elements":[],"isInner":false,"widgetType":"text-editor","elType":"widget"}],"isInner":"1","elType":"column"}],"isInner":"1","elType":"section"},{"id":"2c03215","settings":{"structure":"20","padding":{"unit":"em","top":"0","right":"0","bottom":"0","left":"0","isLinked":""}},"elements":[{"id":"38fa3dda","settings":{"_column_size":"50","_inline_size":"16.875","content_position":"top","padding":{"unit":"em","top":"0","right":"0","bottom":"0","left":"0","isLinked":"1"}},"elements":[{"id":"2cb7f35f","settings":{"icon":"fa fa-dot-circle-o","view":"stacked","primary_color":"rgba(111,132,148,0.05)","secondary_color":"#c4b381","size":{"unit":"px","size":"16","sizes":[]},"icon_padding":{"unit":"px","size":"16","sizes":[]},"_padding":{"unit":"em","top":"0","right":"0","bottom":"1.2","left":"0","isLinked":""},"align":"left"},"elements":[],"isInner":false,"widgetType":"icon","elType":"widget"}],"isInner":"1","elType":"column"},{"id":"57e05935","settings":{"_column_size":"50","_inline_size":"83.115","space_between_widgets":"0"},"elements":[{"id":"72558536","settings":{"title":"My Awards","header_size":"h3","title_color":"#212529","typography_typography":"custom","typography_font_family":"Karla","typography_font_size":{"unit":"em","size":"1.3","sizes":[]},"typography_font_weight":"700","typography_line_height":{"unit":"em","size":"1.15","sizes":[]},"typography_letter_spacing":{"unit":"px","size":"-0.5","sizes":[]},"_padding":{"unit":"em","top":"0","right":"0","bottom":"0","left":"0","isLinked":""}},"elements":[],"isInner":false,"widgetType":"heading","elType":"widget"},{"id":"56cf9b45","settings":{"title":"2010","header_size":"h3","align":"left","title_color":"rgba(33,37,41,0.49)","typography_typography":"custom","typography_font_family":"Karla","typography_font_size":{"unit":"em","size":"0.86","sizes":[]},"typography_font_weight":"700","typography_line_height":{"unit":"em","size":"1.15","sizes":[]},"typography_letter_spacing":{"unit":"px","size":"0.6","sizes":[]},"typography_text_transform":"uppercase","_padding":{"unit":"em","top":"1","right":"0","bottom":"0","left":"0","isLinked":""},"_element_width":"auto"},"elements":[],"isInner":false,"widgetType":"heading","elType":"widget"},{"id":"4c341074","settings":{"title":"Awwwards","header_size":"h3","align":"left","title_color":"#212529","typography_typography":"custom","typography_font_family":"Karla","typography_font_size":{"unit":"em","size":"0.86","sizes":[]},"typography_font_weight":"700","typography_line_height":{"unit":"em","size":"1.15","sizes":[]},"typography_letter_spacing":{"unit":"px","size":"0.6","sizes":[]},"typography_text_transform":"uppercase","_padding":{"unit":"em","top":"01","right":"0","bottom":"0","left":"02","isLinked":""},"_element_width":"auto"},"elements":[],"isInner":false,"widgetType":"heading","elType":"widget"}],"isInner":"1","elType":"column"}],"isInner":"1","elType":"section"}],"isInner":"","elType":"column"}],"isInner":"","elType":"section"},{"id":"77510fc","settings":{"structure":"30","gap":"extended","background_background":"classic","background_color":"#ffffff"},"elements":[{"id":"690cac1e","settings":{"_column_size":"33","_inline_size":"","space_between_widgets":"2","_inline_size_tablet":"50","animation":"fadeInUp","animation_duration":"fast"},"elements":[{"id":"1e6dfef6","settings":{"graphic_element":"image","title_text_a":"Coss Svenska","description_text_a":"Increased Their Conversation Rate by 400%","background_a_background":"classic","background_a_color":"#252930","background_a_position":"center center","background_a_repeat":"no-repeat","background_a_size":"cover","title_text_b":"Coss Svenska","description_text_b":"Had Over 1,200 Conversations In First Four Months. Booked 80 Demos in a Month (Without Using Forms)","button_text":"See Details","background_b_background":"classic","background_b_color":"#212529","background_b_image":{"id":"89","url":"https:\/\/wp.envatoextensions.com\/kit-169\/wp-content\/uploads\/sites\/165\/2019\/04\/photo-1525459715390-11a3e77bc887.jpeg"},"background_b_position":"center center","background_b_repeat":"no-repeat","background_overlay_b":"rgba(33,37,41,0.68)","height":{"unit":"px","size":"370"},"border_radius":{"unit":"px","size":"5"},"flip_effect":"zoom-out","vertical_position_a":"bottom","title_spacing_a":{"unit":"px","size":"12"},"title_color_a":"#ffffff","title_typography_a_typography":"custom","title_typography_a_font_family":"Karla","title_typography_a_font_size":{"unit":"em","size":"1.63"},"title_typography_a_font_weight":"700","title_typography_a_line_height":{"unit":"em","size":"1"},"title_typography_a_letter_spacing":{"unit":"px","size":"-1"},"description_color_a":"rgba(255,255,255,0.81)","description_typography_a_typography":"custom","description_typography_a_font_family":"Karla","description_typography_a_font_size":{"unit":"em","size":"0.97"},"description_typography_a_font_weight":"400","description_typography_a_line_height":{"unit":"em","size":"1.3"},"description_typography_a_letter_spacing":{"unit":"px","size":"-0.6"},"padding_b":{"unit":"em","top":"2","right":"2","bottom":"0.5","left":"2","isLinked":""},"vertical_position_b":"middle","title_spacing_b":{"unit":"px","size":"24"},"title_color_b":"#ffffff","title_typography_b_typography":"custom","title_typography_b_font_family":"Karla","title_typography_b_font_size":{"unit":"em","size":"1.76"},"title_typography_b_font_weight":"700","title_typography_b_line_height":{"unit":"em","size":"1"},"title_typography_b_letter_spacing":{"unit":"px","size":"-1.2"},"description_spacing_b":{"unit":"px","size":"38"},"description_color_b":"rgba(255,255,255,0.91)","description_typography_b_typography":"custom","description_typography_b_font_family":"Karla","description_typography_b_font_size":{"unit":"em","size":"1"},"description_typography_b_font_weight":"400","description_typography_b_line_height":{"unit":"em","size":"1.5"},"description_typography_b_letter_spacing":{"unit":"px","size":"-0.3"},"button_size":"lg","button_typography_typography":"custom","button_typography_font_family":"Karla","button_typography_font_size":{"unit":"em","size":"0.84"},"button_typography_font_weight":"700","button_typography_text_transform":"uppercase","button_typography_line_height":{"unit":"em","size":"0.8"},"button_typography_letter_spacing":{"unit":"px","size":"0.8"},"button_text_color":"#ffffff","button_background_color":"#c4b997","button_border_color":"#c4b997","button_border_width":{"unit":"px","size":""},"button_border_radius":{"unit":"px","size":"5"},"image":{"id":"6010","url":"http:\/\/sitefacilitado.com.br\/membros\/wp-content\/uploads\/2020\/03\/client-light-01-1.png"},"image_size":"custom","image_custom_dimension":{"width":"300","height":"300"},"image_spacing":{"unit":"px","size":"8"},"image_width":{"unit":"%","size":"90"},"image_opacity":{"unit":"px","size":"0.9"},"_border_border":"solid","_border_width":{"unit":"px","top":"1","right":"1","bottom":"1","left":"1","isLinked":"1"},"_border_color":"rgba(99,115,129,0.18)","background_a_image":{"id":"399","url":"https:\/\/wp.envatoextensions.com\/kit-169\/wp-content\/uploads\/sites\/165\/2019\/04\/photo-1519211975560-4ca611f5a72a.jpeg"},"background_overlay_a":"rgba(68,68,68,0.68)","link":{"url":"#","is_external":"","nofollow":""},"background_b_size":"initial","background_b_bg_width":{"unit":"vw","size":"47","sizes":[]},"padding_a":{"unit":"em","top":"2","right":"4","bottom":"2","left":"4","isLinked":""},"image_border_radius":{"unit":"px","size":"5","sizes":[]},"background_b_size_mobile":"cover"},"elements":[],"isInner":false,"widgetType":"flip-box","elType":"widget"},{"id":"dd46b53","settings":{"text":"View Case Study","align":"center","size":"md","typography_typography":"custom","typography_font_family":"Karla","typography_font_size":{"unit":"em","size":"1","sizes":[]},"typography_font_weight":"700","typography_letter_spacing":{"unit":"px","size":"-0.8","sizes":[]},"button_text_color":"#bfac7e","background_color":"rgba(87,84,254,0)","hover_color":"#212529","button_background_hover_color":"rgba(33,37,41,0)","hover_animation":"bob","border_radius":{"unit":"px","top":"5","right":"5","bottom":"5","left":"5","isLinked":"1"},"text_padding":{"unit":"em","top":"0","right":"0","bottom":"0","left":"0","isLinked":"1"},"_padding":{"unit":"em","top":"0.3","right":"0","bottom":"0.6","left":"0","isLinked":""},"typography_line_height":{"unit":"em","size":"2","sizes":[]}},"elements":[],"isInner":false,"widgetType":"button","elType":"widget"}],"isInner":"1","elType":"column"},{"id":"7afe2cb7","settings":{"_column_size":"33","_inline_size":"","space_between_widgets":"2","_inline_size_tablet":"50","background_background":"classic","background_color":"#ffffff","animation":"fadeInUp","animation_duration":"fast","animation_delay":"200"},"elements":[{"id":"5d28a4b5","settings":{"graphic_element":"image","title_text_a":"Neue Welle","description_text_a":"Booked 80 Demos in a Month (Without Using Forms)","background_a_background":"classic","background_a_color":"#252930","background_a_position":"center center","background_a_repeat":"no-repeat","background_a_size":"cover","title_text_b":"Neue Welle Co.","description_text_b":"Had Over 1,200 Conversations In First Four Months. Booked 80 Demos in a Month (Without Using Forms)","button_text":"See Details","background_b_background":"classic","background_b_color":"#212529","background_b_image":{"id":"87","url":"https:\/\/wp.envatoextensions.com\/kit-169\/wp-content\/uploads\/sites\/165\/2019\/04\/photo-1547031536-49dc50b57a62.jpeg"},"background_b_position":"center center","background_b_repeat":"no-repeat","background_overlay_b":"rgba(33,37,41,0.68)","height":{"unit":"px","size":"370"},"border_radius":{"unit":"px","size":"5"},"flip_effect":"zoom-out","vertical_position_a":"bottom","title_spacing_a":{"unit":"px","size":"12"},"title_color_a":"#ffffff","title_typography_a_typography":"custom","title_typography_a_font_family":"Karla","title_typography_a_font_size":{"unit":"em","size":"1.63"},"title_typography_a_font_weight":"700","title_typography_a_line_height":{"unit":"em","size":"1"},"title_typography_a_letter_spacing":{"unit":"px","size":"-1"},"description_color_a":"rgba(255,255,255,0.81)","description_typography_a_typography":"custom","description_typography_a_font_family":"Karla","description_typography_a_font_size":{"unit":"em","size":"0.97"},"description_typography_a_font_weight":"400","description_typography_a_line_height":{"unit":"em","size":"1.3"},"description_typography_a_letter_spacing":{"unit":"px","size":"-0.6"},"padding_b":{"unit":"em","top":"2","right":"2","bottom":"0.5","left":"2","isLinked":""},"vertical_position_b":"middle","title_spacing_b":{"unit":"px","size":"24"},"title_color_b":"#ffffff","title_typography_b_typography":"custom","title_typography_b_font_family":"Karla","title_typography_b_font_size":{"unit":"em","size":"1.76"},"title_typography_b_font_weight":"700","title_typography_b_line_height":{"unit":"em","size":"1"},"title_typography_b_letter_spacing":{"unit":"px","size":"-1.2"},"description_spacing_b":{"unit":"px","size":"38"},"description_color_b":"rgba(255,255,255,0.91)","description_typography_b_typography":"custom","description_typography_b_font_family":"Karla","description_typography_b_font_size":{"unit":"em","size":"1"},"description_typography_b_font_weight":"400","description_typography_b_line_height":{"unit":"em","size":"1.5"},"description_typography_b_letter_spacing":{"unit":"px","size":"-0.3"},"button_size":"lg","button_typography_typography":"custom","button_typography_font_family":"Karla","button_typography_font_size":{"unit":"em","size":"0.84"},"button_typography_font_weight":"700","button_typography_text_transform":"uppercase","button_typography_line_height":{"unit":"em","size":"0.8"},"button_typography_letter_spacing":{"unit":"px","size":"0.8"},"button_text_color":"#ffffff","button_background_color":"#c4b997","button_border_color":"#c4b997","button_border_width":{"unit":"px","size":""},"button_border_radius":{"unit":"px","size":"5"},"image":{"id":"6012","url":"http:\/\/sitefacilitado.com.br\/membros\/wp-content\/uploads\/2020\/03\/client-light-02-1.png"},"image_size":"custom","image_custom_dimension":{"width":"300","height":"300"},"image_spacing":{"unit":"px","size":"8"},"image_width":{"unit":"%","size":"90"},"image_opacity":{"unit":"px","size":"0.9"},"_border_border":"solid","_border_width":{"unit":"px","top":"1","right":"1","bottom":"1","left":"1","isLinked":"1"},"_border_color":"rgba(99,115,129,0.18)","background_a_image":{"id":"83","url":"https:\/\/wp.envatoextensions.com\/kit-169\/wp-content\/uploads\/sites\/165\/2019\/04\/photo-1547032175-7fc8c7bd15b3.jpeg"},"background_overlay_a":"rgba(68,68,68,0.68)","background_b_size":"initial","background_b_bg_width":{"unit":"vw","size":"47","sizes":[]},"padding_a":{"unit":"em","top":"2","right":"4","bottom":"2","left":"4","isLinked":""},"image_border_radius":{"unit":"px","size":"5","sizes":[]},"background_b_size_mobile":"cover"},"elements":[],"isInner":false,"widgetType":"flip-box","elType":"widget"},{"id":"4d216914","settings":{"text":"View Case Study","align":"center","size":"md","typography_typography":"custom","typography_font_family":"Karla","typography_font_size":{"unit":"em","size":"1","sizes":[]},"typography_font_weight":"700","typography_letter_spacing":{"unit":"px","size":"-0.8","sizes":[]},"button_text_color":"#bfac7e","background_color":"rgba(87,84,254,0)","hover_color":"#212529","button_background_hover_color":"rgba(33,37,41,0)","hover_animation":"bob","border_radius":{"unit":"px","top":"5","right":"5","bottom":"5","left":"5","isLinked":"1"},"text_padding":{"unit":"em","top":"0","right":"0","bottom":"0","left":"0","isLinked":"1"},"_padding":{"unit":"em","top":"0.3","right":"0","bottom":"0.6","left":"0","isLinked":""},"typography_line_height":{"unit":"em","size":"2","sizes":[]}},"elements":[],"isInner":false,"widgetType":"button","elType":"widget"}],"isInner":"1","elType":"column"},{"id":"16ba6c77","settings":{"_column_size":"33","_inline_size":"","space_between_widgets":"2","_inline_size_tablet":"100","margin_tablet":{"unit":"%","top":"0","right":"0","bottom":"0","left":"0","isLinked":""},"padding_tablet":{"unit":"em","top":"0","right":"13","bottom":"0","left":"13","isLinked":""},"padding_mobile":{"unit":"em","top":"1","right":"1","bottom":"1","left":"1","isLinked":"1"},"animation":"fadeInUp","animation_duration":"fast","animation_delay":"400"},"elements":[{"id":"192cf6c2","settings":{"graphic_element":"image","title_text_a":"Thrive Now","description_text_a":"4.000 New Leads + $1M in Pipeline in 3 months","background_a_background":"classic","background_a_color":"#252930","background_a_position":"center center","background_a_repeat":"no-repeat","background_a_size":"cover","title_text_b":"Aasen Co.","description_text_b":"Had Over 1,200 Conversations In First Four Months. Booked 80 Demos in a Month (Without Using Forms)","button_text":"See Details","background_b_background":"classic","background_b_color":"#212529","background_b_image":{"id":"6034","url":"http:\/\/sitefacilitado.com.br\/membros\/wp-content\/uploads\/2020\/03\/photo-1525900907992-84464c86d6b4.jpeg"},"background_b_position":"center center","background_b_repeat":"no-repeat","background_overlay_b":"rgba(33,37,41,0.68)","height":{"unit":"px","size":"370"},"border_radius":{"unit":"px","size":"5"},"flip_effect":"zoom-out","vertical_position_a":"bottom","title_spacing_a":{"unit":"px","size":"12"},"title_color_a":"#ffffff","title_typography_a_typography":"custom","title_typography_a_font_family":"Karla","title_typography_a_font_size":{"unit":"em","size":"1.63"},"title_typography_a_font_weight":"700","title_typography_a_line_height":{"unit":"em","size":"1"},"title_typography_a_letter_spacing":{"unit":"px","size":"-1"},"description_color_a":"rgba(255,255,255,0.81)","description_typography_a_typography":"custom","description_typography_a_font_family":"Karla","description_typography_a_font_size":{"unit":"em","size":"0.97"},"description_typography_a_font_weight":"400","description_typography_a_line_height":{"unit":"em","size":"1.3"},"description_typography_a_letter_spacing":{"unit":"px","size":"-0.6"},"padding_b":{"unit":"em","top":"2","right":"2","bottom":"0.5","left":"2","isLinked":""},"vertical_position_b":"middle","title_spacing_b":{"unit":"px","size":"24"},"title_color_b":"#ffffff","title_typography_b_typography":"custom","title_typography_b_font_family":"Karla","title_typography_b_font_size":{"unit":"em","size":"1.76"},"title_typography_b_font_weight":"700","title_typography_b_line_height":{"unit":"em","size":"1"},"title_typography_b_letter_spacing":{"unit":"px","size":"-1.2"},"description_spacing_b":{"unit":"px","size":"38"},"description_color_b":"rgba(255,255,255,0.91)","description_typography_b_typography":"custom","description_typography_b_font_family":"Karla","description_typography_b_font_size":{"unit":"em","size":"1"},"description_typography_b_font_weight":"400","description_typography_b_line_height":{"unit":"em","size":"1.5"},"description_typography_b_letter_spacing":{"unit":"px","size":"-0.3"},"button_size":"lg","button_typography_typography":"custom","button_typography_font_family":"Karla","button_typography_font_size":{"unit":"em","size":"0.84"},"button_typography_font_weight":"700","button_typography_text_transform":"uppercase","button_typography_line_height":{"unit":"em","size":"0.8"},"button_typography_letter_spacing":{"unit":"px","size":"0.8"},"button_text_color":"#ffffff","button_background_color":"#c4b997","button_border_color":"#c4b997","button_border_width":{"unit":"px","size":""},"button_border_radius":{"unit":"px","size":"5"},"image":{"id":"6013","url":"http:\/\/sitefacilitado.com.br\/membros\/wp-content\/uploads\/2020\/03\/client-light-03-1.png"},"image_size":"custom","image_custom_dimension":{"width":"300","height":"300"},"image_spacing":{"unit":"px","size":"8"},"image_width":{"unit":"%","size":"90"},"image_opacity":{"unit":"px","size":"0.9"},"_border_border":"solid","_border_width":{"unit":"px","top":"1","right":"1","bottom":"1","left":"1","isLinked":"1"},"_border_color":"rgba(99,115,129,0.18)","background_a_image":{"id":"6034","url":"http:\/\/sitefacilitado.com.br\/membros\/wp-content\/uploads\/2020\/03\/photo-1525900907992-84464c86d6b4.jpeg"},"background_overlay_a":"rgba(68,68,68,0.68)","link":{"url":"#","is_external":"","nofollow":""},"background_b_size":"initial","background_b_bg_width":{"unit":"vw","size":"47","sizes":[]},"padding_a":{"unit":"em","top":"2","right":"4","bottom":"2","left":"4","isLinked":""},"image_border_radius":{"unit":"px","size":"5","sizes":[]},"background_b_size_mobile":"cover"},"elements":[],"isInner":false,"widgetType":"flip-box","elType":"widget"},{"id":"3a8ec783","settings":{"text":"View Case Study","align":"center","size":"md","typography_typography":"custom","typography_font_family":"Karla","typography_font_size":{"unit":"em","size":"1","sizes":[]},"typography_font_weight":"700","typography_letter_spacing":{"unit":"px","size":"-0.8","sizes":[]},"button_text_color":"#bfac7e","background_color":"rgba(87,84,254,0)","hover_color":"#212529","button_background_hover_color":"rgba(33,37,41,0)","hover_animation":"bob","border_radius":{"unit":"px","top":"5","right":"5","bottom":"5","left":"5","isLinked":"1"},"text_padding":{"unit":"em","top":"0","right":"0","bottom":"0","left":"0","isLinked":"1"},"_padding":{"unit":"em","top":"0.3","right":"0","bottom":"0.6","left":"0","isLinked":""},"typography_line_height":{"unit":"em","size":"2","sizes":[]}},"elements":[],"isInner":false,"widgetType":"button","elType":"widget"}],"isInner":"1","elType":"column"}],"isInner":"1","elType":"section"},{"id":"1bd0cebf","settings":{"structure":"20","background_background":"classic","background_color":"#fcfcfc","padding":{"unit":"em","top":"6","right":"0","bottom":"8","left":"0","isLinked":""}},"elements":[{"id":"1ca71a02","settings":{"_column_size":"50","_inline_size":"50","padding":{"unit":"em","top":"1","right":"5","bottom":"1","left":"1","isLinked":""},"_inline_size_tablet":"100","padding_mobile":{"unit":"em","top":"0","right":"0","bottom":"0","left":"0","isLinked":""}},"elements":[{"id":"7a66547e","settings":{"slides":[{"image":{"url":"http:\/\/sitefacilitado.com.br\/membros\/wp-content\/uploads\/2020\/03\/photo-1543269865-4430f94492b9.jpeg","id":"6007"},"_id":"a3bda01","type":"image","image_link_to_type":"file","image_link_to":{"url":"","is_external":"","nofollow":""},"video":{"url":"","is_external":"","nofollow":""}},{"image":{"url":"http:\/\/sitefacilitado.com.br\/membros\/wp-content\/uploads\/2020\/03\/photo-1543269866-8cd2dfe969d6.jpeg","id":"6074"},"_id":"8d0e216","type":"image","image_link_to_type":"file","image_link_to":{"url":"","is_external":"","nofollow":""},"video":{"url":"","is_external":"","nofollow":""}},{"image":{"url":"http:\/\/sitefacilitado.com.br\/membros\/wp-content\/uploads\/2020\/03\/photo-1543270122-f7a11ad44f3a-e1558510192460-scaled.jpeg","id":"6009"},"_id":"d74b356","type":"video","image_link_to_type":"","image_link_to":{"url":"","is_external":"","nofollow":""},"video":{"url":"https:\/\/www.youtube.com\/watch?v=XHOmBV4js_E","is_external":"","nofollow":""}}],"effect":"cube","slideshow_height":{"unit":"px","size":"580","sizes":[]},"thumbs_ratio":"169","centered_slides":"yes","height":{"unit":"px","size":"580","sizes":[]},"width":{"unit":"%","size":"100","sizes":[]},"width_mobile":{"unit":"%","size":"100","sizes":[]},"speed":"350","autoplay":"","slide_background_color":"rgba(0,0,0,0)","slide_border_radius":{"unit":"px","size":"12","sizes":[]},"slide_border_color":"#ffffff","slide_padding":{"unit":"px","top":"0","right":"0","bottom":"0","left":"0","isLinked":"1"},"arrows_size":{"unit":"px","size":"15","sizes":[]},"arrows_color":"#ffffff","pagination_position":"inside","pagination_color":"#5754fe","play_icon_color":"rgba(255,255,255,0)","play_icon_size":{"unit":"px","size":"0","sizes":[]},"play_icon_text_shadow_text_shadow":{"horizontal":"16","vertical":"34","blur":"0","color":"#000000"},"_css_classes":"envato-kit-169-play-button","_border_color":"#ffffff","_border_radius":{"unit":"px","top":"12","right":"12","bottom":"12","left":"12","isLinked":"1"},"_box_shadow_box_shadow_type":"yes","_box_shadow_box_shadow":{"horizontal":"13","vertical":"13","blur":"0","spread":"0","color":"rgba(87,84,254,0.05)"}},"elements":[],"isInner":false,"widgetType":"media-carousel","elType":"widget"},{"id":"3c5c05d2","settings":{"image":{"url":"http:\/\/sitefacilitado.com.br\/membros\/wp-content\/uploads\/2020\/03\/photo-1543269866-487350d6fa5e-e1558510207400.jpeg","id":"6008"},"image_size":"custom","image_custom_dimension":{"width":"300","height":"300"},"width":{"unit":"%","size":"57","sizes":[]},"width_mobile":{"unit":"%","size":"45","sizes":[]},"space_mobile":{"unit":"%","size":"70","sizes":[]},"opacity":{"unit":"px","size":"1","sizes":[]},"opacity_hover":{"unit":"px","size":"1","sizes":[]},"background_hover_transition":{"unit":"px","size":"0.3","sizes":[]},"hover_animation":"rotate","image_border_radius":{"unit":"px","top":"12","right":"12","bottom":"12","left":"12","isLinked":"1"},"image_box_shadow_box_shadow_type":"yes","image_box_shadow_box_shadow":{"horizontal":"13","vertical":"13","blur":"0","spread":"0","color":"rgba(87,84,254,0.05)"},"motion_fx_motion_fx_scrolling":"yes","motion_fx_rotateZ_effect":"yes","motion_fx_rotateZ_speed":{"unit":"px","size":"0.2","sizes":[]},"_position":"absolute","_offset_x":{"size":"162","unit":"px"},"_offset_x_mobile":{"size":"-2","unit":"px"},"_offset_y":{"size":"383","unit":"px"},"_offset_y_mobile":{"size":"462","unit":"px"},"hide_tablet":"hidden-tablet","hide_mobile":"hidden-phone","_margin_mobile":{"unit":"px","top":"0","right":"0","bottom":"0","left":"0","isLinked":""},"_padding_mobile":{"unit":"em","top":"0","right":"0","bottom":"0","left":"0","isLinked":""}},"elements":[],"isInner":false,"widgetType":"image","elType":"widget"}],"isInner":"","elType":"column"},{"id":"6f422f1b","settings":{"_column_size":"50","_inline_size":"52.097","content_position":"center","space_between_widgets":"0","_inline_size_tablet":"100"},"elements":[{"id":"f2aa29e","settings":{"padding":{"unit":"em","top":"4","right":"0","bottom":"0","left":"0","isLinked":""}},"elements":[{"id":"6a26674c","settings":{"_column_size":"100","_inline_size":"","space_between_widgets":"0"},"elements":[{"id":"760f1f14","settings":{"title":"My Mission","header_size":"span","align":"center","title_color":"#ffffff","typography_typography":"custom","typography_font_family":"Karla","typography_font_size":{"unit":"em","size":"0.82","sizes":[]},"typography_font_weight":"700","typography_line_height":{"unit":"em","size":"1.15","sizes":[]},"typography_letter_spacing":{"unit":"px","size":"0.6","sizes":[]},"typography_text_transform":"uppercase","_margin":{"unit":"px","top":"0","right":"0","bottom":"35","left":"0","isLinked":""},"_padding":{"unit":"em","top":"0.35","right":"0.65","bottom":"0.38","left":"0.65","isLinked":""},"_background_background":"classic","_background_color":"rgba(196,185,151,0.79)","_border_radius":{"unit":"px","top":"6","right":"6","bottom":"6","left":"6","isLinked":"1"},"_element_width":"auto"},"elements":[],"isInner":false,"widgetType":"heading","elType":"widget"},{"id":"67df8278","settings":{"title":"Mission is to turn the leads into a conversation.","align":"left","title_color":"#212529","typography_typography":"custom","typography_font_family":"Karla","typography_font_size":{"unit":"em","size":"3","sizes":[]},"typography_font_weight":"400","typography_line_height":{"unit":"em","size":"1.13","sizes":[]},"typography_letter_spacing":{"unit":"px","size":"-3","sizes":[]},"_padding":{"unit":"em","top":"0","right":"0","bottom":"0.3","left":"0","isLinked":""}},"elements":[],"isInner":false,"widgetType":"heading","elType":"widget"},{"id":"2b8afcfb","settings":{"editor":"<p>Sed ut perspiciatis unde omnis iste natus error sit voluptatem accusantium.<\/p>","align":"left","text_color":"#495057","typography_typography":"custom","typography_font_family":"Karla","typography_font_size":{"unit":"em","size":"1.255","sizes":[]},"typography_line_height":{"unit":"em","size":"1.555","sizes":[]},"_padding":{"unit":"em","top":"0","right":"0","bottom":"0","left":"0","isLinked":""}},"elements":[],"isInner":false,"widgetType":"text-editor","elType":"widget"}],"isInner":"1","elType":"column"}],"isInner":"1","elType":"section"},{"id":"77c0a297","settings":{"structure":"20","padding":{"unit":"em","top":"0","right":"0","bottom":"0","left":"02","isLinked":""}},"elements":[{"id":"4395bb5c","settings":{"_column_size":"50","_inline_size":"15.091","content_position":"top","padding":{"unit":"em","top":"0","right":"0","bottom":"0","left":"0","isLinked":"1"}},"elements":[{"id":"72b298a0","settings":{"icon":"fa fa-dot-circle-o","view":"stacked","primary_color":"rgba(111,132,148,0.05)","secondary_color":"#c4b381","size":{"unit":"px","size":"16","sizes":[]},"icon_padding":{"unit":"px","size":"16","sizes":[]},"_padding":{"unit":"em","top":"0","right":"0","bottom":"1.2","left":"0","isLinked":""},"align_mobile":"left"},"elements":[],"isInner":false,"widgetType":"icon","elType":"widget"}],"isInner":"1","elType":"column"},{"id":"1271d847","settings":{"_column_size":"50","_inline_size":"84.909","space_between_widgets":"0"},"elements":[{"id":"19f8e23a","settings":{"title":"1. Relentless","header_size":"h3","title_color":"#212529","typography_typography":"custom","typography_font_family":"Karla","typography_font_size":{"unit":"em","size":"1.3","sizes":[]},"typography_font_weight":"700","typography_line_height":{"unit":"em","size":"1.15","sizes":[]},"typography_letter_spacing":{"unit":"px","size":"-0.5","sizes":[]},"_padding":{"unit":"em","top":"0","right":"0","bottom":"0","left":"0","isLinked":""}},"elements":[],"isInner":false,"widgetType":"heading","elType":"widget"},{"id":"7ce9edde","settings":{"editor":"<p>Aiming for greatness in every project. In culpa qui officia deserunt mollitia animi, id est laborum et fuga.<\/p>","text_color":"#495057","typography_typography":"custom","typography_font_family":"Karla","typography_font_size":{"unit":"em","size":"1","sizes":[]},"typography_line_height":{"unit":"em","size":"1.555","sizes":[]}},"elements":[],"isInner":false,"widgetType":"text-editor","elType":"widget"}],"isInner":"1","elType":"column"}],"isInner":"1","elType":"section"},{"id":"6363f032","settings":{"content_position":"middle","structure":"20","padding":{"unit":"em","top":"0","right":"0","bottom":"0","left":"2","isLinked":""}},"elements":[{"id":"68e1d001","settings":{"_column_size":"50","_inline_size":"15.091","content_position":"top","padding":{"unit":"em","top":"0","right":"0","bottom":"0","left":"0","isLinked":"1"}},"elements":[{"id":"1bfec477","settings":{"icon":"fa fa-dot-circle-o","view":"stacked","primary_color":"rgba(111,132,148,0.05)","secondary_color":"#6f8494","size":{"unit":"px","size":"16","sizes":[]},"icon_padding":{"unit":"px","size":"16","sizes":[]},"_padding":{"unit":"em","top":"0","right":"0","bottom":"1.2","left":"0","isLinked":""},"align_mobile":"left"},"elements":[],"isInner":false,"widgetType":"icon","elType":"widget"}],"isInner":"1","elType":"column"},{"id":"538576e0","settings":{"_column_size":"50","_inline_size":"84.909","space_between_widgets":"0"},"elements":[{"id":"3809ffe2","settings":{"title":"2. Resilient","header_size":"h3","title_color":"#212529","typography_typography":"custom","typography_font_family":"Karla","typography_font_size":{"unit":"em","size":"1.3","sizes":[]},"typography_font_weight":"700","typography_line_height":{"unit":"em","size":"1.15","sizes":[]},"typography_letter_spacing":{"unit":"px","size":"-0.5","sizes":[]},"_padding":{"unit":"em","top":"0","right":"0","bottom":"0","left":"0","isLinked":""}},"elements":[],"isInner":false,"widgetType":"heading","elType":"widget"},{"id":"5b5bb480","settings":{"editor":"<p>Evolving with the market, similique sunt in culpa qui officia deserunt mollitia animi, id est.<\/p>","text_color":"#495057","typography_typography":"custom","typography_font_family":"Karla","typography_font_size":{"unit":"em","size":"1","sizes":[]},"typography_line_height":{"unit":"em","size":"1.555","sizes":[]}},"elements":[],"isInner":false,"widgetType":"text-editor","elType":"widget"}],"isInner":"1","elType":"column"}],"isInner":"1","elType":"section"}],"isInner":"","elType":"column"}],"isInner":"","elType":"section"},{"id":"567e3c53","settings":{"custom_height":{"unit":"vh","size":"50","sizes":[]},"structure":"20","background_background":"classic","background_color":"#212529","background_image":{"url":"http:\/\/sitefacilitado.com.br\/membros\/wp-content\/uploads\/2020\/03\/photo-1543269865-4430f94492b9.jpeg","id":"6007"},"background_position":"center center","background_repeat":"no-repeat","background_size":"cover","background_overlay_background":"gradient","background_overlay_color":"#212529","background_overlay_color_b":"rgba(33,37,41,0.59)","background_overlay_gradient_angle":{"unit":"deg","size":"150","sizes":[]},"background_overlay_opacity":{"unit":"px","size":"1","sizes":[]},"padding":{"unit":"em","top":"7.5","right":"0","bottom":"7","left":"0","isLinked":""},"height":"min-height","background_motion_fx_motion_fx_scrolling":"yes","background_motion_fx_scale_effect":"yes","background_motion_fx_scale_speed":{"unit":"px","size":"5","sizes":[]}},"elements":[{"id":"554a82a9","settings":{"_column_size":"50","_inline_size":"45.526"},"elements":[{"id":"6edad325","settings":{"border_width":{"unit":"px","top":"0","right":"0","bottom":"0","left":"0","isLinked":""},"border_color":"#dee2e6","border_radius":{"unit":"px","top":"0","right":"0","bottom":"0","left":"0","isLinked":"1"},"padding":{"unit":"em","top":"0","right":"0","bottom":"0","left":"0","isLinked":""}},"elements":[{"id":"49c8146c","settings":{"_column_size":"100","_inline_size":""},"elements":[{"id":"31573438","settings":{"marker":"underline_zigzag","before_text":"Social Media","highlighted_text":"Study","rotating_text":"Doubled.\nTripled.","alignment":"left","marker_color":"#5754fe","stroke_width":{"unit":"px","size":"6","sizes":[]},"rounded_edges":"yes","title_color":"#ffffff","title_typography_typography":"custom","title_typography_font_family":"Karla","title_typography_font_size":{"unit":"em","size":"4.6","sizes":[]},"title_typography_font_weight":"400","title_typography_line_height":{"unit":"em","size":"0.3","sizes":[]},"title_typography_letter_spacing":{"unit":"px","size":"-3.6","sizes":[]},"words_color":"#ffffff","words_typography_typography":"custom","words_typography_font_family":"Karla","words_typography_font_weight":"400","words_typography_line_height":{"unit":"em","size":"1","sizes":[]},"words_typography_letter_spacing":{"unit":"px","size":"-3.9","sizes":[]},"_margin":{"unit":"px","top":"-35","right":"0","bottom":"-65","left":"0","isLinked":""},"_padding":{"unit":"px","top":"0","right":"0","bottom":"0","left":"0","isLinked":"1"},"headline_style":"rotate","animation_type":"slide-down","tag":"h1","title_typography_font_size_tablet":{"unit":"em","size":"3.6","sizes":[]},"title_typography_line_height_tablet":{"unit":"em","size":"0.4","sizes":[]},"words_typography_line_height_tablet":{"unit":"em","size":"1","sizes":[]},"_padding_tablet":{"unit":"em","top":"0","right":"0","bottom":"0","left":"0","isLinked":""}},"elements":[],"isInner":false,"widgetType":"animated-headline","elType":"widget"},{"id":"6e5db629","settings":{"editor":"<p>Sed ut perspiciatis unde omnis iste natus error sit voluptatem accusantium.<\/p>","align":"left","text_color":"rgba(255,255,255,0.83)","typography_typography":"custom","typography_font_family":"Karla","typography_font_size":{"unit":"em","size":"1.255","sizes":[]},"typography_line_height":{"unit":"em","size":"1.555","sizes":[]},"_padding":{"unit":"em","top":"0","right":"0","bottom":"0","left":"0","isLinked":""},"_margin":{"unit":"px","top":"0","right":"0","bottom":"0","left":"0","isLinked":""}},"elements":[],"isInner":false,"widgetType":"text-editor","elType":"widget"},{"id":"4c7bf478","settings":{"text":"Work With Me","align":"left","size":"md","typography_typography":"custom","typography_font_family":"Karla","typography_font_size":{"unit":"em","size":"1.144","sizes":[]},"typography_font_weight":"700","typography_letter_spacing":{"unit":"px","size":"-0.5","sizes":[]},"button_text_color":"#ffffff","background_color":"#c4b997","hover_color":"#ffffff","button_background_hover_color":"#212529","hover_animation":"bob","border_radius":{"unit":"px","top":"5","right":"5","bottom":"5","left":"5","isLinked":"1"},"text_padding":{"unit":"em","top":"1.15","right":"2.65","bottom":"1.15","left":"2.65","isLinked":""},"_padding":{"unit":"em","top":"1","right":"0","bottom":"0","left":"0","isLinked":""}},"elements":[],"isInner":false,"widgetType":"button","elType":"widget"}],"isInner":"1","elType":"column"}],"isInner":"1","elType":"section"}],"isInner":"","elType":"column"},{"id":"37a67884","settings":{"_column_size":"50","_inline_size":"54.474","hide_mobile":"hidden-phone"},"elements":[{"id":"3f46b0ed","settings":{"structure":"20"},"elements":[{"id":"f1cd513","settings":{"_column_size":"50","_inline_size":"","_inline_size_mobile":"50","content_position":"bottom"},"elements":[{"id":"2523dc1a","settings":{"icon":"fa fa-envelope","view":"stacked","primary_color":"#ffffff","secondary_color":"#c4b381","size":{"unit":"px","size":"15","sizes":[]},"icon_padding":{"unit":"px","size":"17","sizes":[]},"_padding":{"unit":"em","top":"0","right":"0","bottom":"01","left":"5","isLinked":""},"_animation":"bounceIn","_animation_delay":"600"},"elements":[],"isInner":false,"widgetType":"icon","elType":"widget"}],"isInner":"1","elType":"column"},{"id":"aa6fda9","settings":{"_column_size":"50","_inline_size":"","_inline_size_mobile":"50","content_position":"top"},"elements":[{"id":"71e6c7c7","settings":{"icon":"fa fa-instagram","view":"stacked","primary_color":"#ffffff","secondary_color":"#c4b381","size":{"unit":"px","size":"28","sizes":[]},"icon_padding":{"unit":"px","size":"24","sizes":[]},"_padding":{"unit":"em","top":"0","right":"0","bottom":"2","left":"0","isLinked":""},"_animation":"bounceIn"},"elements":[],"isInner":false,"widgetType":"icon","elType":"widget"}],"isInner":"1","elType":"column"}],"isInner":"1","elType":"section"},{"id":"261b00ed","settings":{"structure":"30"},"elements":[{"id":"67b91578","settings":{"_column_size":"33","_inline_size":"","_inline_size_mobile":"50"},"elements":[{"id":"1d00b41b","settings":{"icon":"fa fa-google","view":"stacked","primary_color":"#ffffff","secondary_color":"#c4b381","size":{"unit":"px","size":"22","sizes":[]},"icon_padding":{"unit":"px","size":"22","sizes":[]},"_padding":{"unit":"em","top":"0","right":"0","bottom":"2","left":"0","isLinked":""},"_animation":"bounceIn","_animation_delay":"400"},"elements":[],"isInner":false,"widgetType":"icon","elType":"widget"}],"isInner":"1","elType":"column"},{"id":"83cda5a","settings":{"_column_size":"33","_inline_size":"","_inline_size_mobile":"50"},"elements":[{"id":"2cf682f6","settings":{"icon":"fa fa-facebook-f","view":"stacked","primary_color":"#ffffff","secondary_color":"#c4b381","size":{"unit":"px","size":"42","sizes":[]},"icon_padding":{"unit":"px","size":"31","sizes":[]},"_animation":"bounceIn","_animation_delay":"200"},"elements":[],"isInner":false,"widgetType":"icon","elType":"widget"}],"isInner":"1","elType":"column"},{"id":"550ba724","settings":{"_column_size":"33","_inline_size":""},"elements":[],"isInner":"1","elType":"column"}],"isInner":"1","elType":"section"},{"id":"32f04c69","settings":{"structure":"20"},"elements":[{"id":"7a00a687","settings":{"_column_size":"50","_inline_size":"","_inline_size_mobile":"50"},"elements":[{"id":"4f85800f","settings":{"icon":"fa fa-twitter","view":"stacked","primary_color":"#ffffff","secondary_color":"#c4b381","size":{"unit":"px","size":"51","sizes":[]},"icon_padding":{"unit":"px","size":"44","sizes":[]},"_background_color":"#ffffff","_box_shadow_box_shadow":{"horizontal":"0","vertical":"0","blur":"10","spread":"0","color":"rgba(255,255,255,0.5)"},"_animation":"bounceIn","_animation_delay":"600"},"elements":[],"isInner":false,"widgetType":"icon","elType":"widget"}],"isInner":"1","elType":"column"},{"id":"1279e332","settings":{"_column_size":"50","_inline_size":"","_inline_size_mobile":"50"},"elements":[{"id":"13755295","settings":{"icon":"fa fa-youtube","view":"stacked","primary_color":"#ffffff","secondary_color":"#c4b381","size":{"unit":"px","size":"37","sizes":[]},"icon_padding":{"unit":"px","size":"30","sizes":[]},"_animation":"bounceIn","_animation_delay":"800"},"elements":[],"isInner":false,"widgetType":"icon","elType":"widget"}],"isInner":"1","elType":"column"}],"isInner":"1","elType":"section"}],"isInner":"","elType":"column"}],"isInner":"","elType":"section"},{"id":"1a5ff4e7","settings":{"content_width":{"unit":"px","size":"980","sizes":[]},"padding":{"unit":"em","top":"4","right":"0","bottom":"2.5","left":"0","isLinked":""},"background_background":"classic","background_color":"#ffffff"},"elements":[{"id":"2d00a5d1","settings":{"_column_size":"100","_inline_size":""},"elements":[{"id":"70e198f0","settings":[],"elements":[{"id":"5170bcf3","settings":{"_column_size":"100","_inline_size":""},"elements":[{"id":"2c987675","settings":{"title":"Trusted by clients like","header_size":"h3","align":"center","title_color":"#212529","typography_typography":"custom","typography_font_family":"Karla","typography_font_size":{"unit":"em","size":"0.81","sizes":[]},"typography_font_weight":"700","typography_line_height":{"unit":"em","size":"1.15","sizes":[]},"typography_letter_spacing":{"unit":"px","size":"0.6","sizes":[]},"typography_text_transform":"uppercase"},"elements":[],"isInner":false,"widgetType":"heading","elType":"widget"}],"isInner":"1","elType":"column"}],"isInner":"1","elType":"section"},{"id":"4097c535","settings":{"structure":"50"},"elements":[{"id":"238149bd","settings":{"_column_size":"20","_inline_size":"","_inline_size_mobile":"50"},"elements":[{"id":"3620b832","settings":{"image":{"url":"http:\/\/sitefacilitado.com.br\/membros\/wp-content\/uploads\/2020\/03\/client-light-01-1.png","id":"6010"},"opacity":{"unit":"px","size":"1","sizes":[]},"css_filters_css_filter":"custom","css_filters_contrast":{"unit":"px","size":"75","sizes":[]},"css_filters_hue":{"unit":"px","size":"100","sizes":[]},"css_filters_hover_contrast":{"unit":"px","size":"0","sizes":[]},"background_hover_transition":{"unit":"px","size":"0.35","sizes":[]},"link_to":"custom","link":{"url":"#","is_external":"","nofollow":""},"css_filters_hover_css_filter":"custom","hover_animation":"rotate"},"elements":[],"isInner":false,"widgetType":"image","elType":"widget"}],"isInner":"1","elType":"column"},{"id":"41db691c","settings":{"_column_size":"20","_inline_size":"","_inline_size_mobile":"50"},"elements":[{"id":"6aa0687a","settings":{"image":{"url":"http:\/\/sitefacilitado.com.br\/membros\/wp-content\/uploads\/2020\/03\/client-light-004-1.png","id":"6011"},"opacity":{"unit":"px","size":"1","sizes":[]},"css_filters_css_filter":"custom","css_filters_contrast":{"unit":"px","size":"75","sizes":[]},"css_filters_hue":{"unit":"px","size":"100","sizes":[]},"css_filters_hover_contrast":{"unit":"px","size":"0","sizes":[]},"background_hover_transition":{"unit":"px","size":"0.35","sizes":[]},"link_to":"custom","link":{"url":"#","is_external":"","nofollow":""},"css_filters_hover_css_filter":"custom","hover_animation":"rotate"},"elements":[],"isInner":false,"widgetType":"image","elType":"widget"}],"isInner":"1","elType":"column"},{"id":"60d1ee11","settings":{"_column_size":"20","_inline_size":"","_inline_size_mobile":"50"},"elements":[{"id":"20d32833","settings":{"image":{"url":"http:\/\/sitefacilitado.com.br\/membros\/wp-content\/uploads\/2020\/03\/client-light-02-1.png","id":"6012"},"opacity":{"unit":"px","size":"1","sizes":[]},"css_filters_css_filter":"custom","css_filters_contrast":{"unit":"px","size":"75","sizes":[]},"css_filters_hue":{"unit":"px","size":"100","sizes":[]},"css_filters_hover_contrast":{"unit":"px","size":"0","sizes":[]},"background_hover_transition":{"unit":"px","size":"0.35","sizes":[]},"link_to":"custom","link":{"url":"#","is_external":"","nofollow":""},"css_filters_hover_css_filter":"custom","hover_animation":"rotate"},"elements":[],"isInner":false,"widgetType":"image","elType":"widget"}],"isInner":"1","elType":"column"},{"id":"6f6bd66e","settings":{"_column_size":"20","_inline_size":"","_inline_size_mobile":"50"},"elements":[{"id":"33796bf3","settings":{"image":{"url":"http:\/\/sitefacilitado.com.br\/membros\/wp-content\/uploads\/2020\/03\/client-light-03-1.png","id":"6013"},"opacity":{"unit":"px","size":"1","sizes":[]},"css_filters_css_filter":"custom","css_filters_contrast":{"unit":"px","size":"75","sizes":[]},"css_filters_hue":{"unit":"px","size":"100","sizes":[]},"css_filters_hover_contrast":{"unit":"px","size":"0","sizes":[]},"background_hover_transition":{"unit":"px","size":"0.35","sizes":[]},"link_to":"custom","link":{"url":"#","is_external":"","nofollow":""},"css_filters_hover_css_filter":"custom","hover_animation":"rotate"},"elements":[],"isInner":false,"widgetType":"image","elType":"widget"}],"isInner":"1","elType":"column"},{"id":"163fd5f5","settings":{"_column_size":"20","_inline_size":"","_inline_size_mobile":"100"},"elements":[{"id":"d66123d","settings":{"image":{"url":"http:\/\/sitefacilitado.com.br\/membros\/wp-content\/uploads\/2020\/03\/client-light-066.png","id":"6014"},"opacity":{"unit":"px","size":"1","sizes":[]},"css_filters_css_filter":"custom","css_filters_contrast":{"unit":"px","size":"75","sizes":[]},"css_filters_hue":{"unit":"px","size":"100","sizes":[]},"css_filters_hover_contrast":{"unit":"px","size":"0","sizes":[]},"background_hover_transition":{"unit":"px","size":"0.35","sizes":[]},"link_to":"custom","link":{"url":"#","is_external":"","nofollow":""},"css_filters_hover_css_filter":"custom","hover_animation":"rotate"},"elements":[],"isInner":false,"widgetType":"image","elType":"widget"}],"isInner":"1","elType":"column"}],"isInner":"1","elType":"section"}],"isInner":"","elType":"column"}],"isInner":"","elType":"section"}]}