{"version":"0.4","title":"Social Media Consultant > FAQ","type":"page","content":[{"id":"114ead59","settings":{"content_width":{"unit":"px","size":"1280","sizes":[]},"padding":{"unit":"em","top":"6","right":"0","bottom":"4","left":"0","isLinked":""},"shape_divider_top_color":"rgba(233,236,239,0.2)","shape_divider_top_width":{"unit":"%","size":"193","sizes":[]},"shape_divider_top_height":{"unit":"px","size":"165","sizes":[]},"text_align":"center","structure":"30","background_background":"classic","background_color":"#ffffff"},"elements":[{"id":"35e52046","settings":{"_column_size":"33","_inline_size":"","padding":{"unit":"em","top":"0","right":"0","bottom":"0","left":"0","isLinked":""},"content_position":"center","_inline_size_tablet":"100"},"elements":[{"id":"472e8c67","settings":{"content_width":{"unit":"px","size":"630","sizes":[]}},"elements":[{"id":"1e536b80","settings":{"_column_size":"100","_inline_size":"","space_between_widgets":"0"},"elements":[{"id":"22f8a9fe","settings":{"title":"F.A.Q.","header_size":"h1","align":"left","title_color":"#ffffff","typography_typography":"custom","typography_font_family":"Karla","typography_font_size":{"unit":"em","size":"0.82","sizes":[]},"typography_font_weight":"700","typography_line_height":{"unit":"em","size":"1.15","sizes":[]},"typography_letter_spacing":{"unit":"px","size":"0.6","sizes":[]},"typography_text_transform":"uppercase","_margin":{"unit":"px","top":"0","right":"0","bottom":"25","left":"0","isLinked":""},"_padding":{"unit":"em","top":"0.35","right":"0.65","bottom":"0.38","left":"0.65","isLinked":""},"_background_background":"classic","_background_color":"rgba(196,185,151,0.79)","_border_radius":{"unit":"px","top":"6","right":"6","bottom":"6","left":"6","isLinked":"1"},"_element_width":"auto"},"elements":[],"isInner":false,"widgetType":"heading","elType":"widget"},{"id":"65741e4a","settings":{"title":"Frequently Asked Questions","header_size":"h1","align":"left","title_color":"#212529","typography_typography":"custom","typography_font_family":"Karla","typography_font_size":{"unit":"em","size":"3.555","sizes":[]},"typography_font_size_mobile":{"unit":"em","size":"3","sizes":[]},"typography_font_weight":"400","typography_line_height":{"unit":"em","size":"1.15","sizes":[]},"typography_letter_spacing":{"unit":"px","size":"-3.6","sizes":[]}},"elements":[],"isInner":false,"widgetType":"heading","elType":"widget"},{"id":"648c51bf","settings":{"editor":"<p>Here's how we increased engagement, decreased response time, and generated more high quality leads.<\/p>","align":"left","text_color":"#495057","typography_typography":"custom","typography_font_family":"Karla","typography_font_size":{"unit":"em","size":"1.255","sizes":[]},"typography_line_height":{"unit":"em","size":"1.555","sizes":[]},"_padding":{"unit":"em","top":"0","right":"0","bottom":"0","left":"0","isLinked":""}},"elements":[],"isInner":false,"widgetType":"text-editor","elType":"widget"}],"isInner":"1","elType":"column"}],"isInner":"1","elType":"section"}],"isInner":"","elType":"column"},{"id":"a3d6794","settings":{"_column_size":"33","_inline_size":"3.359","_inline_size_tablet":"100"},"elements":[],"isInner":"","elType":"column"},{"id":"4c873d87","settings":{"_column_size":"33","_inline_size":"63.307","_inline_size_tablet":"100"},"elements":[{"id":"2bf3394b","settings":{"margin":{"unit":"px","top":"0","right":"0","bottom":"0","left":"0","isLinked":"1"},"padding":{"unit":"em","top":"0","right":"0","bottom":"1","left":"0","isLinked":""}},"elements":[{"id":"1a2777a2","settings":{"_column_size":"100","_inline_size":"","background_background":"classic","background_color":"#f9fafb","background_position":"center center","background_repeat":"no-repeat","background_size":"cover","background_bg_width":{"unit":"%","size":"","sizes":[]},"background_overlay_color":"rgba(232,232,255,0.66)","background_overlay_color_b":"rgba(33,37,41,0.53)","background_overlay_gradient_angle":{"unit":"deg","size":"140","sizes":[]},"background_overlay_opacity":{"unit":"px","size":"0.96","sizes":[]},"border_radius":{"unit":"px","top":"6","right":"6","bottom":"6","left":"6","isLinked":"1"}},"elements":[{"id":"1c083263","settings":{"tabs":[{"tab_title":"Vestibulum auctor dapibus neque.","tab_content":"<p>Sed ut perspiciatis unde omnis iste natus error sit voluptatem accusantium doloremque laudantium, totam rem aperiam. At vero eos et bitse. At vero eos et accusamus et iusto odio dignissimos ducimus qui blanditiis prtium voluptatum.<\/p>","_id":"8818202"}],"icon":"fa fa-angle-down","icon_active":"fa fa-angle-up","border_width":{"unit":"px","size":"0","sizes":[]},"border_color":"rgba(0,0,0,0)","space_between":{"unit":"px","size":"0","sizes":[]},"title_background":"rgba(33,37,41,0)","title_color":"#212529","tab_active_color":"#212529","title_typography_typography":"custom","title_typography_font_family":"Karla","title_typography_font_size":{"unit":"em","size":"1.2","sizes":[]},"title_typography_font_size_mobile":{"unit":"em","size":"1.1","sizes":[]},"title_typography_font_weight":"400","title_typography_line_height":{"unit":"em","size":"1","sizes":[]},"title_typography_line_height_mobile":{"unit":"em","size":"1.2","sizes":[]},"title_typography_letter_spacing":{"unit":"px","size":"-1","sizes":[]},"title_padding":{"unit":"em","top":"1.5","right":"1.5","bottom":"1.5","left":"1.5","isLinked":"1"},"icon_color":"#c4b997","icon_active_color":"#c4b997","icon_space":{"unit":"px","size":"17","sizes":[]},"content_background_color":"rgba(33,37,41,0)","content_color":"#495057","content_typography_typography":"custom","content_typography_font_family":"Karla","content_typography_font_size":{"unit":"em","size":"1","sizes":[]},"content_typography_font_weight":"400","content_typography_line_height":{"unit":"em","size":"1.6","sizes":[]},"content_typography_letter_spacing":{"unit":"px","size":"-0.6","sizes":[]},"content_padding":{"unit":"em","top":"0","right":"4","bottom":"01","left":"04","isLinked":""},"_background_color":"#212529","_background_image":{"url":"https:\/\/wp.envatoextensions.com\/kit-169\/wp-content\/uploads\/sites\/165\/2019\/04\/photo-1545181824-24c265f8fd48.jpeg","id":"161"},"_background_position":"center center","_background_repeat":"no-repeat","_background_size":"cover","_border_radius":{"unit":"px","top":"6","right":"6","bottom":"6","left":"6","isLinked":"1"},"content_padding_mobile":{"unit":"em","top":"0","right":"2","bottom":"2","left":"2","isLinked":""}},"elements":[],"isInner":false,"widgetType":"toggle","elType":"widget"}],"isInner":"1","elType":"column"}],"isInner":"1","elType":"section"},{"id":"28795a3d","settings":{"margin":{"unit":"px","top":"0","right":"0","bottom":"0","left":"0","isLinked":"1"},"padding":{"unit":"em","top":"0","right":"0","bottom":"1","left":"0","isLinked":""}},"elements":[{"id":"46df2a75","settings":{"_column_size":"100","_inline_size":"","background_background":"classic","background_color":"#f9fafb","background_position":"center center","background_repeat":"no-repeat","background_size":"cover","background_bg_width":{"unit":"%","size":"","sizes":[]},"background_overlay_color":"rgba(232,232,255,0.66)","background_overlay_color_b":"rgba(33,37,41,0.53)","background_overlay_gradient_angle":{"unit":"deg","size":"140","sizes":[]},"background_overlay_opacity":{"unit":"px","size":"0.96","sizes":[]},"border_radius":{"unit":"px","top":"6","right":"6","bottom":"6","left":"6","isLinked":"1"}},"elements":[{"id":"1471cf9a","settings":{"tabs":[{"tab_title":"Cras ornare tristique elit.","tab_content":"<p>Sed ut perspiciatis unde omnis iste natus error sit voluptatem accusantium doloremque laudantium, totam rem aperiam. At vero eos et bitse. At vero eos et accusamus et iusto odio dignissimos ducimus qui blanditiis prtium voluptatum.<\/p>","_id":"8818202"}],"icon":"fa fa-angle-down","icon_active":"fa fa-angle-up","border_width":{"unit":"px","size":"0","sizes":[]},"border_color":"rgba(0,0,0,0)","space_between":{"unit":"px","size":"0","sizes":[]},"title_background":"rgba(33,37,41,0)","title_color":"#212529","tab_active_color":"#212529","title_typography_typography":"custom","title_typography_font_family":"Karla","title_typography_font_size":{"unit":"em","size":"1.2","sizes":[]},"title_typography_font_size_mobile":{"unit":"em","size":"1.1","sizes":[]},"title_typography_font_weight":"400","title_typography_line_height":{"unit":"em","size":"1","sizes":[]},"title_typography_line_height_mobile":{"unit":"em","size":"1.2","sizes":[]},"title_typography_letter_spacing":{"unit":"px","size":"-1","sizes":[]},"title_padding":{"unit":"em","top":"1.5","right":"1.5","bottom":"1.5","left":"1.5","isLinked":"1"},"icon_color":"#c4b997","icon_active_color":"#c4b997","icon_space":{"unit":"px","size":"17","sizes":[]},"content_background_color":"rgba(33,37,41,0)","content_color":"#495057","content_typography_typography":"custom","content_typography_font_family":"Karla","content_typography_font_size":{"unit":"em","size":"1","sizes":[]},"content_typography_font_weight":"400","content_typography_line_height":{"unit":"em","size":"1.6","sizes":[]},"content_typography_letter_spacing":{"unit":"px","size":"-0.6","sizes":[]},"content_padding":{"unit":"em","top":"0","right":"4","bottom":"01","left":"04","isLinked":""},"_background_color":"#212529","_background_image":{"url":"https:\/\/wp.envatoextensions.com\/kit-169\/wp-content\/uploads\/sites\/165\/2019\/04\/photo-1545181824-24c265f8fd48.jpeg","id":"161"},"_background_position":"center center","_background_repeat":"no-repeat","_background_size":"cover","_border_radius":{"unit":"px","top":"6","right":"6","bottom":"6","left":"6","isLinked":"1"},"content_padding_mobile":{"unit":"em","top":"0","right":"2","bottom":"2","left":"2","isLinked":""}},"elements":[],"isInner":false,"widgetType":"toggle","elType":"widget"}],"isInner":"1","elType":"column"}],"isInner":"1","elType":"section"},{"id":"2808b2ef","settings":{"margin":{"unit":"px","top":"0","right":"0","bottom":"0","left":"0","isLinked":"1"},"padding":{"unit":"em","top":"0","right":"0","bottom":"1","left":"0","isLinked":""}},"elements":[{"id":"719cbcb4","settings":{"_column_size":"100","_inline_size":"","background_background":"classic","background_color":"#f9fafb","background_position":"center center","background_repeat":"no-repeat","background_size":"cover","background_bg_width":{"unit":"%","size":"","sizes":[]},"background_overlay_color":"rgba(232,232,255,0.66)","background_overlay_color_b":"rgba(33,37,41,0.53)","background_overlay_gradient_angle":{"unit":"deg","size":"140","sizes":[]},"background_overlay_opacity":{"unit":"px","size":"0.96","sizes":[]},"border_radius":{"unit":"px","top":"6","right":"6","bottom":"6","left":"6","isLinked":"1"}},"elements":[{"id":"69c00e56","settings":{"tabs":[{"tab_title":"Integer vitae libero ac risus egestas placerat.","tab_content":"<p>Sed ut perspiciatis unde omnis iste natus error sit voluptatem accusantium doloremque laudantium, totam rem aperiam. At vero eos et bitse. At vero eos et accusamus et iusto odio dignissimos ducimus qui blanditiis prtium voluptatum.<\/p>","_id":"8818202"}],"icon":"fa fa-angle-down","icon_active":"fa fa-angle-up","border_width":{"unit":"px","size":"0","sizes":[]},"border_color":"rgba(0,0,0,0)","space_between":{"unit":"px","size":"0","sizes":[]},"title_background":"rgba(33,37,41,0)","title_color":"#212529","tab_active_color":"#212529","title_typography_typography":"custom","title_typography_font_family":"Karla","title_typography_font_size":{"unit":"em","size":"1.2","sizes":[]},"title_typography_font_size_mobile":{"unit":"em","size":"1.1","sizes":[]},"title_typography_font_weight":"400","title_typography_line_height":{"unit":"em","size":"1","sizes":[]},"title_typography_line_height_mobile":{"unit":"em","size":"1.2","sizes":[]},"title_typography_letter_spacing":{"unit":"px","size":"-1","sizes":[]},"title_padding":{"unit":"em","top":"1.5","right":"1.5","bottom":"1.5","left":"1.5","isLinked":"1"},"icon_color":"#c4b997","icon_active_color":"#c4b997","icon_space":{"unit":"px","size":"17","sizes":[]},"content_background_color":"rgba(33,37,41,0)","content_color":"#495057","content_typography_typography":"custom","content_typography_font_family":"Karla","content_typography_font_size":{"unit":"em","size":"1","sizes":[]},"content_typography_font_weight":"400","content_typography_line_height":{"unit":"em","size":"1.6","sizes":[]},"content_typography_letter_spacing":{"unit":"px","size":"-0.6","sizes":[]},"content_padding":{"unit":"em","top":"0","right":"4","bottom":"01","left":"04","isLinked":""},"_background_color":"#212529","_background_image":{"url":"https:\/\/wp.envatoextensions.com\/kit-169\/wp-content\/uploads\/sites\/165\/2019\/04\/photo-1545181824-24c265f8fd48.jpeg","id":"161"},"_background_position":"center center","_background_repeat":"no-repeat","_background_size":"cover","_border_radius":{"unit":"px","top":"6","right":"6","bottom":"6","left":"6","isLinked":"1"},"content_padding_mobile":{"unit":"em","top":"0","right":"2","bottom":"2","left":"2","isLinked":""}},"elements":[],"isInner":false,"widgetType":"toggle","elType":"widget"}],"isInner":"1","elType":"column"}],"isInner":"1","elType":"section"},{"id":"3319e30d","settings":{"margin":{"unit":"px","top":"0","right":"0","bottom":"0","left":"0","isLinked":"1"},"padding":{"unit":"em","top":"0","right":"0","bottom":"1","left":"0","isLinked":""}},"elements":[{"id":"8fd6e97","settings":{"_column_size":"100","_inline_size":"","background_background":"classic","background_color":"#f9fafb","background_position":"center center","background_repeat":"no-repeat","background_size":"cover","background_bg_width":{"unit":"%","size":"","sizes":[]},"background_overlay_color":"rgba(232,232,255,0.66)","background_overlay_color_b":"rgba(33,37,41,0.53)","background_overlay_gradient_angle":{"unit":"deg","size":"140","sizes":[]},"background_overlay_opacity":{"unit":"px","size":"0.96","sizes":[]},"border_radius":{"unit":"px","top":"6","right":"6","bottom":"6","left":"6","isLinked":"1"}},"elements":[{"id":"7fe44073","settings":{"tabs":[{"tab_title":"Vestibulum commodo felis quis tortor.","tab_content":"<p>Sed ut perspiciatis unde omnis iste natus error sit voluptatem accusantium doloremque laudantium, totam rem aperiam. At vero eos et bitse. At vero eos et accusamus et iusto odio dignissimos ducimus qui blanditiis prtium voluptatum.<\/p>","_id":"8818202"}],"icon":"fa fa-angle-down","icon_active":"fa fa-angle-up","border_width":{"unit":"px","size":"0","sizes":[]},"border_color":"rgba(0,0,0,0)","space_between":{"unit":"px","size":"0","sizes":[]},"title_background":"rgba(33,37,41,0)","title_color":"#212529","tab_active_color":"#212529","title_typography_typography":"custom","title_typography_font_family":"Karla","title_typography_font_size":{"unit":"em","size":"1.2","sizes":[]},"title_typography_font_size_mobile":{"unit":"em","size":"1.1","sizes":[]},"title_typography_font_weight":"400","title_typography_line_height":{"unit":"em","size":"1","sizes":[]},"title_typography_line_height_mobile":{"unit":"em","size":"1.2","sizes":[]},"title_typography_letter_spacing":{"unit":"px","size":"-1","sizes":[]},"title_padding":{"unit":"em","top":"1.5","right":"1.5","bottom":"1.5","left":"1.5","isLinked":"1"},"icon_color":"#c4b997","icon_active_color":"#c4b997","icon_space":{"unit":"px","size":"17","sizes":[]},"content_background_color":"rgba(33,37,41,0)","content_color":"#495057","content_typography_typography":"custom","content_typography_font_family":"Karla","content_typography_font_size":{"unit":"em","size":"1","sizes":[]},"content_typography_font_weight":"400","content_typography_line_height":{"unit":"em","size":"1.6","sizes":[]},"content_typography_letter_spacing":{"unit":"px","size":"-0.6","sizes":[]},"content_padding":{"unit":"em","top":"0","right":"4","bottom":"01","left":"04","isLinked":""},"_background_color":"#212529","_background_image":{"url":"https:\/\/wp.envatoextensions.com\/kit-169\/wp-content\/uploads\/sites\/165\/2019\/04\/photo-1545181824-24c265f8fd48.jpeg","id":"161"},"_background_position":"center center","_background_repeat":"no-repeat","_background_size":"cover","_border_radius":{"unit":"px","top":"6","right":"6","bottom":"6","left":"6","isLinked":"1"},"content_padding_mobile":{"unit":"em","top":"0","right":"2","bottom":"2","left":"2","isLinked":""}},"elements":[],"isInner":false,"widgetType":"toggle","elType":"widget"}],"isInner":"1","elType":"column"}],"isInner":"1","elType":"section"},{"id":"4b780c58","settings":{"margin":{"unit":"px","top":"0","right":"0","bottom":"0","left":"0","isLinked":"1"},"padding":{"unit":"em","top":"0","right":"0","bottom":"1","left":"0","isLinked":""}},"elements":[{"id":"3577f4ac","settings":{"_column_size":"100","_inline_size":"","background_background":"classic","background_color":"#f9fafb","background_position":"center center","background_repeat":"no-repeat","background_size":"cover","background_bg_width":{"unit":"%","size":"","sizes":[]},"background_overlay_color":"rgba(232,232,255,0.66)","background_overlay_color_b":"rgba(33,37,41,0.53)","background_overlay_gradient_angle":{"unit":"deg","size":"140","sizes":[]},"background_overlay_opacity":{"unit":"px","size":"0.96","sizes":[]},"border_radius":{"unit":"px","top":"6","right":"6","bottom":"6","left":"6","isLinked":"1"}},"elements":[{"id":"5e8138a8","settings":{"tabs":[{"tab_title":"Ut aliquam sollicitudin leo.","tab_content":"<p>Sed ut perspiciatis unde omnis iste natus error sit voluptatem accusantium doloremque laudantium, totam rem aperiam. At vero eos et bitse. At vero eos et accusamus et iusto odio dignissimos ducimus qui blanditiis prtium voluptatum.<\/p>","_id":"8818202"}],"icon":"fa fa-angle-down","icon_active":"fa fa-angle-up","border_width":{"unit":"px","size":"0","sizes":[]},"border_color":"rgba(0,0,0,0)","space_between":{"unit":"px","size":"0","sizes":[]},"title_background":"rgba(33,37,41,0)","title_color":"#212529","tab_active_color":"#212529","title_typography_typography":"custom","title_typography_font_family":"Karla","title_typography_font_size":{"unit":"em","size":"1.2","sizes":[]},"title_typography_font_size_mobile":{"unit":"em","size":"1.1","sizes":[]},"title_typography_font_weight":"400","title_typography_line_height":{"unit":"em","size":"1","sizes":[]},"title_typography_line_height_mobile":{"unit":"em","size":"1.2","sizes":[]},"title_typography_letter_spacing":{"unit":"px","size":"-1","sizes":[]},"title_padding":{"unit":"em","top":"1.5","right":"1.5","bottom":"1.5","left":"1.5","isLinked":"1"},"icon_color":"#c4b997","icon_active_color":"#c4b997","icon_space":{"unit":"px","size":"17","sizes":[]},"content_background_color":"rgba(33,37,41,0)","content_color":"#495057","content_typography_typography":"custom","content_typography_font_family":"Karla","content_typography_font_size":{"unit":"em","size":"1","sizes":[]},"content_typography_font_weight":"400","content_typography_line_height":{"unit":"em","size":"1.6","sizes":[]},"content_typography_letter_spacing":{"unit":"px","size":"-0.6","sizes":[]},"content_padding":{"unit":"em","top":"0","right":"4","bottom":"01","left":"04","isLinked":""},"_background_color":"#212529","_background_image":{"url":"https:\/\/wp.envatoextensions.com\/kit-169\/wp-content\/uploads\/sites\/165\/2019\/04\/photo-1545181824-24c265f8fd48.jpeg","id":"161"},"_background_position":"center center","_background_repeat":"no-repeat","_background_size":"cover","_border_radius":{"unit":"px","top":"6","right":"6","bottom":"6","left":"6","isLinked":"1"},"content_padding_mobile":{"unit":"em","top":"0","right":"2","bottom":"2","left":"2","isLinked":""}},"elements":[],"isInner":false,"widgetType":"toggle","elType":"widget"}],"isInner":"1","elType":"column"}],"isInner":"1","elType":"section"},{"id":"71cd41ef","settings":{"margin":{"unit":"px","top":"0","right":"0","bottom":"0","left":"0","isLinked":"1"},"padding":{"unit":"em","top":"0","right":"0","bottom":"1","left":"0","isLinked":""}},"elements":[{"id":"76c8995c","settings":{"_column_size":"100","_inline_size":""},"elements":[{"id":"171152d7","settings":{"title":"Still have questions?","header_size":"h3","align":"left","title_color":"rgba(73,80,87,0.81)","typography_typography":"custom","typography_font_family":"Karla","typography_font_size":{"unit":"em","size":"1","sizes":[]},"typography_font_weight":"400","typography_line_height":{"unit":"em","size":"1.7","sizes":[]},"typography_letter_spacing":{"unit":"px","size":"-0.4","sizes":[]},"_element_width":"auto"},"elements":[],"isInner":false,"widgetType":"heading","elType":"widget"},{"id":"635914c5","settings":{"title":"Get in touch","header_size":"h3","align":"left","title_color":"#c4b997","typography_typography":"custom","typography_font_family":"Karla","typography_font_size":{"unit":"em","size":"1","sizes":[]},"typography_font_weight":"700","typography_line_height":{"unit":"em","size":"1.7","sizes":[]},"typography_letter_spacing":{"unit":"px","size":"-0.4","sizes":[]},"_padding":{"unit":"em","top":"0","right":"0","bottom":"0","left":"0.5","isLinked":""},"_element_width":"auto"},"elements":[],"isInner":false,"widgetType":"heading","elType":"widget"}],"isInner":"1","elType":"column"}],"isInner":"1","elType":"section"}],"isInner":"","elType":"column"}],"isInner":"","elType":"section"},{"id":"bcc7437","settings":{"content_width":{"unit":"px","size":"576","sizes":[]},"background_background":"classic","background_image":{"url":"http:\/\/sitefacilitado.com.br\/membros\/wp-content\/uploads\/2020\/03\/photo-1543269865-96ae30571b5a-e1558510114421.jpeg","id":"6038"},"background_position":"initial","background_repeat":"no-repeat","background_size":"cover","background_overlay_background":"gradient","background_overlay_color":"#212529","background_overlay_color_b":"rgba(33,37,41,0.48)","background_overlay_gradient_angle":{"unit":"deg","size":"140","sizes":[]},"background_overlay_opacity":{"unit":"px","size":"1","sizes":[]},"shape_divider_top_color":"rgba(33,37,41,0.01)","shape_divider_top_width":{"unit":"%","size":"193","sizes":[]},"shape_divider_top_height":{"unit":"px","size":"165","sizes":[]},"text_align":"center","padding":{"unit":"em","top":"7","right":"0","bottom":"4","left":"0","isLinked":""},"background_image_tablet":{"url":"http:\/\/sitefacilitado.com.br\/membros\/wp-content\/uploads\/2020\/03\/photo-1543269865-4430f94492b9.jpeg","id":"6007"},"background_image_mobile":{"url":"http:\/\/sitefacilitado.com.br\/membros\/wp-content\/uploads\/2020\/03\/photo-1543269865-4430f94492b9.jpeg","id":"6007"},"padding_mobile":{"unit":"em","top":"6","right":"0","bottom":"5","left":"0","isLinked":""},"background_ypos":{"unit":"%","size":"4","sizes":[]}},"elements":[{"id":"1294d419","settings":{"_column_size":"100","space_between_widgets":"0"},"elements":[{"id":"2629ca6","settings":{"title":"Let's Connect On Social Media","align":"center","title_color":"#ffffff","typography_typography":"custom","typography_font_family":"Karla","typography_font_size":{"unit":"em","size":"3.6","sizes":[]},"typography_font_size_mobile":{"unit":"em","size":"3","sizes":[]},"typography_font_weight":"400","typography_line_height":{"unit":"em","size":"1.15","sizes":[]},"typography_letter_spacing":{"unit":"px","size":"-2.8","sizes":[]},"_padding":{"unit":"em","top":"0","right":"5","bottom":"0.3","left":"5","isLinked":""},"_padding_mobile":{"unit":"em","top":"0","right":"0","bottom":"0","left":"0","isLinked":""}},"elements":[],"isInner":false,"widgetType":"heading","elType":"widget"},{"id":"1eb410a3","settings":{"social_icon_list":[{"social":"fa fa-facebook","_id":"072f3db","link":{"url":"https:\/\/facebook.com","is_external":"true","nofollow":""}},{"social":"fa fa-twitter","_id":"2582553","link":{"url":"https:\/\/twitter.com","is_external":"true","nofollow":""}},{"social":"fa fa-instagram","_id":"20222a0","link":{"url":"https:\/\/instagram.com","is_external":"true","nofollow":""}},{"social":"fa fa-linkedin","_id":"b8799b2","link":{"url":"https:\/\/linkedin.com","is_external":"true","nofollow":""}},{"social":"fa fa-skype","_id":"6ae243a","link":{"url":"https:\/\/linkedin.com","is_external":"true","nofollow":""}}],"icon_color":"custom","icon_primary_color":"rgba(196,185,151,0.25)","icon_secondary_color":"#ffffff","icon_size":{"unit":"px","size":"23","sizes":[]},"icon_padding":{"unit":"em","size":"1.1","sizes":[]},"icon_spacing":{"unit":"px","size":"11","sizes":[]},"border_radius":{"unit":"px","top":"100","right":"100","bottom":"100","left":"100","isLinked":"1"},"_padding":{"unit":"em","top":"2","right":"0","bottom":"0","left":"0","isLinked":""},"icon_size_mobile":{"unit":"px","size":"14","sizes":[]},"icon_padding_mobile":{"unit":"em","size":"0.8","sizes":[]},"icon_spacing_mobile":{"unit":"px","size":"5","sizes":[]},"hover_primary_color":"#c4b997","hover_secondary_color":"#ffffff"},"elements":[],"isInner":false,"widgetType":"social-icons","elType":"widget"},{"id":"15b9785d","settings":{"content_width":{"unit":"px","size":"300","sizes":[]}},"elements":[{"id":"77cf6b3e","settings":{"_column_size":"100","_inline_size":"","space_between_widgets":"0","padding":{"unit":"px","top":"0","right":"0","bottom":"0","left":"0","isLinked":"1"}},"elements":[{"id":"2f0c2c0","settings":{"editor":"<p>Feel free to visit my social media pages and don't forget to like &amp; share :)<\/p>","align":"center","text_color":"#adb5bd","typography_typography":"custom","typography_font_family":"Karla","typography_font_size":{"unit":"em","size":"0.82","sizes":[]},"typography_line_height":{"unit":"em","size":"1.555","sizes":[]},"_padding":{"unit":"em","top":"0","right":"2","bottom":"0","left":"2","isLinked":""}},"elements":[],"isInner":false,"widgetType":"text-editor","elType":"widget"}],"isInner":"1","elType":"column"}],"isInner":"1","elType":"section"}],"isInner":"","elType":"column"}],"isInner":"","elType":"section"}]}