{"version":"0.4","title":"Social Media Consultant > About Me","type":"page","content":[{"id":"117a9214","settings":{"content_width":{"unit":"px","size":"1180","sizes":[]},"padding":{"unit":"em","top":"7","right":"0","bottom":"1","left":"0","isLinked":""},"shape_divider_top":"wave-brush","shape_divider_top_color":"rgba(33,37,41,0.01)","shape_divider_top_width":{"unit":"%","size":"193","sizes":[]},"shape_divider_top_height":{"unit":"px","size":"165","sizes":[]},"text_align":"center","background_background":"classic","background_color":"#ffffff","padding_mobile":{"unit":"em","top":"1","right":"1","bottom":"1","left":"1","isLinked":"1"}},"elements":[{"id":"4a93f9eb","settings":{"_column_size":"100","_inline_size":"","padding":{"unit":"em","top":"0","right":"0","bottom":"0","left":"0","isLinked":""},"content_position":"center"},"elements":[{"id":"214c12f6","settings":{"content_width":{"unit":"px","size":"530","sizes":[]}},"elements":[{"id":"4823744f","settings":{"_column_size":"100","_inline_size":"","align":"center"},"elements":[{"id":"462b40a6","settings":{"title":"About Me","header_size":"h1","align":"center","title_color":"#ffffff","typography_typography":"custom","typography_font_family":"Karla","typography_font_size":{"unit":"em","size":"0.82","sizes":[]},"typography_font_weight":"700","typography_line_height":{"unit":"em","size":"1.15","sizes":[]},"typography_letter_spacing":{"unit":"px","size":"0.6","sizes":[]},"typography_text_transform":"uppercase","_margin":{"unit":"px","top":"0","right":"0","bottom":"35","left":"0","isLinked":""},"_padding":{"unit":"em","top":"0.35","right":"0.65","bottom":"0.38","left":"0.65","isLinked":""},"_background_background":"classic","_background_color":"rgba(196,185,151,0.79)","_border_radius":{"unit":"px","top":"6","right":"6","bottom":"6","left":"6","isLinked":"1"},"_element_width":"auto"},"elements":[],"isInner":false,"widgetType":"heading","elType":"widget"},{"id":"2b83c70","settings":{"title":"Interested in learning a little about me?","header_size":"h1","align":"center","title_color":"#212529","typography_typography":"custom","typography_font_family":"Karla","typography_font_size":{"unit":"em","size":"3.555","sizes":[]},"typography_font_size_mobile":{"unit":"em","size":"3","sizes":[]},"typography_font_weight":"400","typography_line_height":{"unit":"em","size":"1.15","sizes":[]},"typography_letter_spacing":{"unit":"px","size":"-3.6","sizes":[]}},"elements":[],"isInner":false,"widgetType":"heading","elType":"widget"},{"id":"482d0cb7","settings":{"editor":"<p>Sed ut perspiciatis unde omnis iste natus error sit voluptatem accusantium.<\/p>","align":"center","text_color":"#495057","typography_typography":"custom","typography_font_family":"Karla","typography_font_size":{"unit":"em","size":"1.255","sizes":[]},"typography_line_height":{"unit":"em","size":"1.555","sizes":[]},"_padding":{"unit":"em","top":"0","right":"0","bottom":"0","left":"0","isLinked":""}},"elements":[],"isInner":false,"widgetType":"text-editor","elType":"widget"}],"isInner":"1","elType":"column"}],"isInner":"1","elType":"section"}],"isInner":"","elType":"column"}],"isInner":"","elType":"section"},{"id":"3fa2b532","settings":{"content_width":{"unit":"px","size":"830","sizes":[]},"background_background":"classic","background_color":"#ffffff"},"elements":[{"id":"1bbd4966","settings":{"_column_size":"100"},"elements":[{"id":"5d309953","settings":{"youtube_url":"https:\/\/www.youtube.com\/watch?v=XHOmBV4js_E","vimeo_url":"https:\/\/vimeo.com\/235215203","dailymotion_url":"https:\/\/www.dailymotion.com\/video\/x6tqhqb","show_image_overlay":"yes","image_overlay":{"url":"http:\/\/sitefacilitado.com.br\/membros\/wp-content\/uploads\/2020\/03\/photo-1543269866-487350d6fa5e-e1558510207400.jpeg","id":"6008"},"lazy_load":"yes","image_overlay_size":"custom","image_overlay_custom_dimension":{"width":"800","height":"510"},"lightbox":"yes","_css_classes":"envato-kit-169-play-button","_border_radius":{"unit":"px","top":"12","right":"12","bottom":"12","left":"12","isLinked":"1"}},"elements":[],"isInner":false,"widgetType":"video","elType":"widget"}],"isInner":"","elType":"column"}],"isInner":"","elType":"section"},{"id":"2ccee7f8","settings":{"gap":"wider","structure":"30","padding":{"unit":"em","top":"2","right":"0","bottom":"6","left":"0","isLinked":""},"background_background":"classic","background_color":"#ffffff"},"elements":[{"id":"39766a02","settings":{"_column_size":"33","_inline_size":"","space_between_widgets":"5"},"elements":[{"id":"7671590a","settings":{"icon":"fa fa-dot-circle-o","view":"stacked","primary_color":"rgba(111,132,148,0.05)","secondary_color":"#c4b381","size":{"unit":"px","size":"16","sizes":[]},"icon_padding":{"unit":"px","size":"16","sizes":[]},"_padding":{"unit":"em","top":"0","right":"0","bottom":"1.2","left":"0","isLinked":""}},"elements":[],"isInner":false,"widgetType":"icon","elType":"widget"},{"id":"41b96990","settings":{"title":"About Me","header_size":"h3","align":"center","title_color":"#212529","typography_typography":"custom","typography_font_family":"Karla","typography_font_size":{"unit":"em","size":"1.55","sizes":[]},"typography_font_weight":"700","typography_line_height":{"unit":"em","size":"1.15","sizes":[]},"typography_letter_spacing":{"unit":"px","size":"-1","sizes":[]}},"elements":[],"isInner":false,"widgetType":"heading","elType":"widget"},{"id":"504009f","settings":{"editor":"<p>Sed ut perspiciatis unde omnis iste natus error sit voluptatem accusantium.<\/p>","align":"center","text_color":"#495057","typography_typography":"custom","typography_font_family":"Karla","typography_font_size":{"unit":"em","size":"1","sizes":[]},"typography_line_height":{"unit":"em","size":"1.555","sizes":[]}},"elements":[],"isInner":false,"widgetType":"text-editor","elType":"widget"},{"id":"34e492a3","settings":{"social_icon_list":[{"social":"fa fa-facebook","_id":"072f3db","link":{"url":"https:\/\/facebook.com","is_external":"true","nofollow":""}},{"social":"fa fa-twitter","_id":"2582553","link":{"url":"https:\/\/twitter.com","is_external":"true","nofollow":""}},{"social":"fa fa-instagram","_id":"20222a0","link":{"url":"https:\/\/instagram.com","is_external":"true","nofollow":""}},{"social":"fa fa-linkedin","_id":"b8799b2","link":{"url":"https:\/\/linkedin.com","is_external":"true","nofollow":""}},{"social":"fa fa-skype","_id":"6ae243a","link":{"url":"https:\/\/linkedin.com","is_external":"true","nofollow":""}}],"icon_color":"custom","icon_primary_color":"rgba(191,172,126,0.17)","icon_secondary_color":"#54595f","icon_size":{"unit":"px","size":"13","sizes":[]},"icon_padding":{"unit":"em","size":"0.4","sizes":[]},"icon_spacing":{"unit":"px","size":"10","sizes":[]},"border_radius":{"unit":"px","top":"50","right":"50","bottom":"50","left":"50","isLinked":"1"},"hover_primary_color":"rgba(87,84,254,0)","hover_secondary_color":"#5754fe","hover_animation":"grow","_padding":{"unit":"em","top":"0","right":"0","bottom":"0","left":"0","isLinked":""},"_margin":{"unit":"px","top":"0","right":"0","bottom":"0","left":"0","isLinked":""}},"elements":[],"isInner":false,"widgetType":"social-icons","elType":"widget"}],"isInner":"","elType":"column"},{"id":"104db246","settings":{"_column_size":"33","_inline_size":"","space_between_widgets":"5"},"elements":[{"id":"7440eadd","settings":{"icon":"fa fa-dot-circle-o","view":"stacked","primary_color":"rgba(111,132,148,0.05)","secondary_color":"#c4b381","size":{"unit":"px","size":"16","sizes":[]},"icon_padding":{"unit":"px","size":"16","sizes":[]},"_padding":{"unit":"em","top":"0","right":"0","bottom":"1.2","left":"0","isLinked":""}},"elements":[],"isInner":false,"widgetType":"icon","elType":"widget"},{"id":"67e797d8","settings":{"title":"My skills","header_size":"h3","align":"center","title_color":"#212529","typography_typography":"custom","typography_font_family":"Karla","typography_font_size":{"unit":"em","size":"1.55","sizes":[]},"typography_font_weight":"700","typography_line_height":{"unit":"em","size":"1.15","sizes":[]},"typography_letter_spacing":{"unit":"px","size":"-1","sizes":[]}},"elements":[],"isInner":false,"widgetType":"heading","elType":"widget"},{"id":"70616dc","settings":{"editor":"<p>Sed ut perspiciatis unde omnis iste natus error sit voluptatem accusantium.<\/p>","align":"center","text_color":"#495057","typography_typography":"custom","typography_font_family":"Karla","typography_font_size":{"unit":"em","size":"1","sizes":[]},"typography_line_height":{"unit":"em","size":"1.555","sizes":[]}},"elements":[],"isInner":false,"widgetType":"text-editor","elType":"widget"},{"id":"5f25749b","settings":{"title":"My Portfolio","header_size":"h3","align":"center","title_color":"#bfac7e","typography_typography":"custom","typography_font_family":"Karla","typography_font_size":{"unit":"em","size":"0.81","sizes":[]},"typography_font_weight":"700","typography_line_height":{"unit":"em","size":"1.1","sizes":[]},"typography_letter_spacing":{"unit":"px","size":"0.6","sizes":[]},"typography_text_transform":"uppercase","link":{"url":"#","is_external":"on","nofollow":""}},"elements":[],"isInner":false,"widgetType":"heading","elType":"widget"}],"isInner":"","elType":"column"},{"id":"52c75d5","settings":{"_column_size":"33","_inline_size":"","align":"center","space_between_widgets":"5"},"elements":[{"id":"702e290","settings":{"icon":"fa fa-dot-circle-o","view":"stacked","primary_color":"rgba(111,132,148,0.05)","secondary_color":"#c4b381","size":{"unit":"px","size":"16","sizes":[]},"icon_padding":{"unit":"px","size":"16","sizes":[]},"_padding":{"unit":"em","top":"0","right":"0","bottom":"1.2","left":"0","isLinked":""}},"elements":[],"isInner":false,"widgetType":"icon","elType":"widget"},{"id":"5722db9b","settings":{"title":"Awards & Press","header_size":"h3","align":"center","title_color":"#212529","typography_typography":"custom","typography_font_family":"Karla","typography_font_size":{"unit":"em","size":"1.55","sizes":[]},"typography_font_weight":"700","typography_line_height":{"unit":"em","size":"1.15","sizes":[]},"typography_letter_spacing":{"unit":"px","size":"-1","sizes":[]}},"elements":[],"isInner":false,"widgetType":"heading","elType":"widget"},{"id":"21f499ba","settings":{"structure":"20","padding":{"unit":"em","top":"0.5","right":"0","bottom":"0.8","left":"0","isLinked":""},"margin_tablet":{"unit":"px","top":"0","right":"0","bottom":"25","left":"0","isLinked":""}},"elements":[{"id":"1b7bae2a","settings":{"_column_size":"50","_inline_size":"43.127","space_between_widgets":"10"},"elements":[{"id":"6c524d23","settings":{"title":"2010","header_size":"h3","align":"right","title_color":"rgba(33,37,41,0.49)","typography_typography":"custom","typography_font_family":"Karla","typography_font_size":{"unit":"em","size":"0.86","sizes":[]},"typography_font_weight":"700","typography_line_height":{"unit":"em","size":"1.15","sizes":[]},"typography_letter_spacing":{"unit":"px","size":"0.6","sizes":[]},"typography_text_transform":"uppercase","align_mobile":"center"},"elements":[],"isInner":false,"widgetType":"heading","elType":"widget"},{"id":"63fc5b10","settings":{"title":"2019","header_size":"h3","align":"right","title_color":"rgba(33,37,41,0.49)","typography_typography":"custom","typography_font_family":"Karla","typography_font_size":{"unit":"em","size":"0.86","sizes":[]},"typography_font_weight":"700","typography_line_height":{"unit":"em","size":"1.15","sizes":[]},"typography_letter_spacing":{"unit":"px","size":"0.6","sizes":[]},"typography_text_transform":"uppercase","align_mobile":"center"},"elements":[],"isInner":false,"widgetType":"heading","elType":"widget"}],"isInner":"1","elType":"column"},{"id":"55a52b31","settings":{"_column_size":"50","_inline_size":"56.865","space_between_widgets":"10"},"elements":[{"id":"4230bb11","settings":{"title":"Awwwards","header_size":"h3","align":"left","title_color":"#212529","typography_typography":"custom","typography_font_family":"Karla","typography_font_size":{"unit":"em","size":"0.86","sizes":[]},"typography_font_weight":"700","typography_line_height":{"unit":"em","size":"1.15","sizes":[]},"typography_letter_spacing":{"unit":"px","size":"0.6","sizes":[]},"typography_text_transform":"uppercase","align_mobile":"center"},"elements":[],"isInner":false,"widgetType":"heading","elType":"widget"},{"id":"702a92c9","settings":{"title":"SeoWard","header_size":"h3","align":"left","title_color":"#212529","typography_typography":"custom","typography_font_family":"Karla","typography_font_size":{"unit":"em","size":"0.86","sizes":[]},"typography_font_weight":"700","typography_line_height":{"unit":"em","size":"1.15","sizes":[]},"typography_letter_spacing":{"unit":"px","size":"0.6","sizes":[]},"typography_text_transform":"uppercase","align_mobile":"center"},"elements":[],"isInner":false,"widgetType":"heading","elType":"widget"}],"isInner":"1","elType":"column"}],"isInner":"1","elType":"section"},{"id":"35bed9f5","settings":{"title":"See All Awards","header_size":"h3","align":"center","title_color":"#bfac7e","typography_typography":"custom","typography_font_family":"Karla","typography_font_size":{"unit":"em","size":"0.81","sizes":[]},"typography_font_weight":"700","typography_line_height":{"unit":"em","size":"1.1","sizes":[]},"typography_letter_spacing":{"unit":"px","size":"0.6","sizes":[]},"_element_width":"auto","typography_text_transform":"uppercase"},"elements":[],"isInner":false,"widgetType":"heading","elType":"widget"},{"id":"589e8917","settings":{"icon":"fa fa-angle-right","view":"stacked","align":"left","primary_color":"#c4b997","secondary_color":"#ffffff","hover_primary_color":"#212529","hover_secondary_color":"#ffffff","size":{"unit":"px","size":"12","sizes":[]},"icon_padding":{"unit":"px","size":"3","sizes":[]},"_padding":{"unit":"em","top":"0","right":"0","bottom":"0","left":"0.5","isLinked":""},"_element_width":"auto"},"elements":[],"isInner":false,"widgetType":"icon","elType":"widget"}],"isInner":"","elType":"column"}],"isInner":"","elType":"section"},{"id":"37264598","settings":{"structure":"20","background_background":"classic","background_color":"#ffffff","padding":{"unit":"em","top":"6","right":"0","bottom":"8","left":"0","isLinked":""},"padding_tablet":{"unit":"em","top":"1","right":"1","bottom":"1","left":"1","isLinked":"1"}},"elements":[{"id":"5f363540","settings":{"_column_size":"50","_inline_size":"50","padding":{"unit":"em","top":"1","right":"5","bottom":"1","left":"1","isLinked":""},"_inline_size_tablet":"100","padding_tablet":{"unit":"em","top":"1","right":"1","bottom":"1","left":"1","isLinked":"1"}},"elements":[{"id":"5b08d71b","settings":{"image":{"url":"http:\/\/sitefacilitado.com.br\/membros\/wp-content\/uploads\/2020\/03\/photo-1543269865-4430f94492b9.jpeg","id":"6007"},"image_size":"custom","image_custom_dimension":{"width":"600","height":"760"},"image_border_radius":{"unit":"px","top":"12","right":"12","bottom":"12","left":"12","isLinked":"1"},"image_box_shadow_box_shadow_type":"yes","image_box_shadow_box_shadow":{"horizontal":"13","vertical":"13","blur":"0","spread":"0","color":"rgba(87,84,254,0.05)"},"motion_fx_rotateZ_effect":"yes","motion_fx_rotateZ_direction":"negative","motion_fx_rotateZ_affectedRange":{"unit":"%","size":"","sizes":{"start":"48","end":"61"}}},"elements":[],"isInner":false,"widgetType":"image","elType":"widget"},{"id":"1489d3bb","settings":{"image":{"url":"http:\/\/sitefacilitado.com.br\/membros\/wp-content\/uploads\/2020\/03\/photo-1543269866-487350d6fa5e-e1558510207400.jpeg","id":"6008"},"image_size":"custom","image_custom_dimension":{"width":"300","height":"300"},"width":{"unit":"%","size":"57","sizes":[]},"width_tablet":{"unit":"%","size":"35","sizes":[]},"opacity":{"unit":"px","size":"1","sizes":[]},"opacity_hover":{"unit":"px","size":"1","sizes":[]},"background_hover_transition":{"unit":"px","size":"0.3","sizes":[]},"hover_animation":"rotate","image_border_radius":{"unit":"px","top":"12","right":"12","bottom":"12","left":"12","isLinked":"1"},"image_box_shadow_box_shadow_type":"yes","image_box_shadow_box_shadow":{"horizontal":"13","vertical":"13","blur":"0","spread":"0","color":"rgba(87,84,254,0.05)"},"motion_fx_motion_fx_scrolling":"yes","motion_fx_rotateZ_effect":"yes","motion_fx_rotateZ_speed":{"unit":"px","size":"0.2","sizes":[]},"_position":"absolute","_offset_x":{"size":"162","unit":"px"},"_offset_x_tablet":{"size":"97","unit":"px"},"_offset_x_mobile":{"size":"5","unit":"px"},"_offset_y":{"size":"383","unit":"px"},"_offset_y_tablet":{"size":"675","unit":"px"},"_offset_y_mobile":{"size":"-81","unit":"px"},"hide_tablet":"hidden-tablet","hide_mobile":"hidden-phone","width_mobile":{"unit":"%","size":"56","sizes":[]}},"elements":[],"isInner":false,"widgetType":"image","elType":"widget"}],"isInner":"","elType":"column"},{"id":"36fbbc31","settings":{"_column_size":"50","_inline_size":"52.097","content_position":"center","space_between_widgets":"0","_inline_size_tablet":"100"},"elements":[{"id":"57cdf72d","settings":{"padding":{"unit":"em","top":"4","right":"0","bottom":"0","left":"0","isLinked":""}},"elements":[{"id":"7da48f55","settings":{"_column_size":"100","_inline_size":"","space_between_widgets":"0"},"elements":[{"id":"6256e21d","settings":{"title":"My Mission","header_size":"span","align":"center","title_color":"#ffffff","typography_typography":"custom","typography_font_family":"Karla","typography_font_size":{"unit":"em","size":"0.82","sizes":[]},"typography_font_weight":"700","typography_line_height":{"unit":"em","size":"1.15","sizes":[]},"typography_letter_spacing":{"unit":"px","size":"0.6","sizes":[]},"typography_text_transform":"uppercase","_margin":{"unit":"px","top":"0","right":"0","bottom":"35","left":"0","isLinked":""},"_padding":{"unit":"em","top":"0.35","right":"0.65","bottom":"0.38","left":"0.65","isLinked":""},"_background_background":"classic","_background_color":"rgba(196,185,151,0.79)","_border_radius":{"unit":"px","top":"6","right":"6","bottom":"6","left":"6","isLinked":"1"},"_element_width":"auto"},"elements":[],"isInner":false,"widgetType":"heading","elType":"widget"},{"id":"76280d3","settings":{"title":"Mission is to turn the leads into a conversation.","align":"left","title_color":"#212529","typography_typography":"custom","typography_font_family":"Karla","typography_font_size":{"unit":"em","size":"3","sizes":[]},"typography_font_size_mobile":{"unit":"em","size":"2.3","sizes":[]},"typography_font_weight":"400","typography_line_height":{"unit":"em","size":"1.13","sizes":[]},"typography_letter_spacing":{"unit":"px","size":"-3","sizes":[]},"_padding":{"unit":"em","top":"0","right":"0","bottom":"0.3","left":"0","isLinked":""}},"elements":[],"isInner":false,"widgetType":"heading","elType":"widget"},{"id":"45b65650","settings":{"editor":"<p>Sed ut perspiciatis unde omnis iste natus error sit voluptatem accusantium.<\/p>","align":"left","text_color":"#495057","typography_typography":"custom","typography_font_family":"Karla","typography_font_size":{"unit":"em","size":"1.255","sizes":[]},"typography_line_height":{"unit":"em","size":"1.555","sizes":[]},"_padding":{"unit":"em","top":"0","right":"0","bottom":"0","left":"0","isLinked":""}},"elements":[],"isInner":false,"widgetType":"text-editor","elType":"widget"}],"isInner":"1","elType":"column"}],"isInner":"1","elType":"section"},{"id":"7cb3c88f","settings":{"structure":"20","padding":{"unit":"em","top":"0","right":"0","bottom":"0","left":"02","isLinked":""}},"elements":[{"id":"24c2349","settings":{"_column_size":"50","_inline_size":"15.091","content_position":"top","padding":{"unit":"em","top":"0","right":"0","bottom":"0","left":"0","isLinked":"1"},"z_index":"11","_inline_size_mobile":"10"},"elements":[{"id":"31bb6198","settings":{"icon":"fa fa-dot-circle-o","view":"stacked","primary_color":"rgba(111,132,148,0.05)","secondary_color":"#c4b381","size":{"unit":"px","size":"16","sizes":[]},"icon_padding":{"unit":"px","size":"16","sizes":[]},"_padding":{"unit":"em","top":"0","right":"0","bottom":"1.2","left":"0","isLinked":""},"_z_index":"11"},"elements":[],"isInner":false,"widgetType":"icon","elType":"widget"}],"isInner":"1","elType":"column"},{"id":"19d11530","settings":{"_column_size":"50","_inline_size":"84.909","space_between_widgets":"0","_inline_size_mobile":"90","padding_mobile":{"unit":"em","top":"0","right":"0","bottom":"0","left":"2","isLinked":""}},"elements":[{"id":"70f1bc40","settings":{"title":"1. Relentless","header_size":"h3","title_color":"#212529","typography_typography":"custom","typography_font_family":"Karla","typography_font_size":{"unit":"em","size":"1.3","sizes":[]},"typography_font_weight":"700","typography_line_height":{"unit":"em","size":"1.15","sizes":[]},"typography_letter_spacing":{"unit":"px","size":"-0.5","sizes":[]},"_padding":{"unit":"em","top":"0","right":"0","bottom":"0","left":"0","isLinked":""}},"elements":[],"isInner":false,"widgetType":"heading","elType":"widget"},{"id":"4ae6c3f4","settings":{"editor":"<p>Aiming for greatness in every project. In culpa qui officia deserunt mollitia animi, id est laborum et fuga.<\/p>","text_color":"#495057","typography_typography":"custom","typography_font_family":"Karla","typography_font_size":{"unit":"em","size":"1","sizes":[]},"typography_line_height":{"unit":"em","size":"1.555","sizes":[]}},"elements":[],"isInner":false,"widgetType":"text-editor","elType":"widget"}],"isInner":"1","elType":"column"}],"isInner":"1","elType":"section"},{"id":"339be077","settings":{"content_position":"middle","structure":"20","padding":{"unit":"em","top":"0","right":"0","bottom":"0","left":"2","isLinked":""}},"elements":[{"id":"6972803a","settings":{"_column_size":"50","_inline_size":"15.091","content_position":"top","padding":{"unit":"em","top":"0","right":"0","bottom":"0","left":"0","isLinked":"1"},"z_index":"11","_inline_size_mobile":"10"},"elements":[{"id":"724f1f6d","settings":{"icon":"fa fa-dot-circle-o","view":"stacked","primary_color":"rgba(111,132,148,0.05)","secondary_color":"#c4b381","size":{"unit":"px","size":"16","sizes":[]},"icon_padding":{"unit":"px","size":"16","sizes":[]},"_padding":{"unit":"em","top":"0","right":"0","bottom":"1.2","left":"0","isLinked":""},"_z_index":"11"},"elements":[],"isInner":false,"widgetType":"icon","elType":"widget"}],"isInner":"1","elType":"column"},{"id":"6cf397b5","settings":{"_column_size":"50","_inline_size":"84.909","space_between_widgets":"0","_inline_size_mobile":"90","padding_mobile":{"unit":"em","top":"0","right":"0","bottom":"0","left":"2","isLinked":""}},"elements":[{"id":"30472253","settings":{"title":"2. Resilient","header_size":"h3","title_color":"#212529","typography_typography":"custom","typography_font_family":"Karla","typography_font_size":{"unit":"em","size":"1.3","sizes":[]},"typography_font_weight":"700","typography_line_height":{"unit":"em","size":"1.15","sizes":[]},"typography_letter_spacing":{"unit":"px","size":"-0.5","sizes":[]},"_padding":{"unit":"em","top":"0","right":"0","bottom":"0","left":"0","isLinked":""}},"elements":[],"isInner":false,"widgetType":"heading","elType":"widget"},{"id":"3d08e0db","settings":{"editor":"<p>Evolving with the market, similique sunt in culpa qui officia deserunt mollitia animi, id est.<\/p>","text_color":"#495057","typography_typography":"custom","typography_font_family":"Karla","typography_font_size":{"unit":"em","size":"1","sizes":[]},"typography_line_height":{"unit":"em","size":"1.555","sizes":[]}},"elements":[],"isInner":false,"widgetType":"text-editor","elType":"widget"}],"isInner":"1","elType":"column"}],"isInner":"1","elType":"section"}],"isInner":"","elType":"column"}],"isInner":"","elType":"section"},{"id":"5ed1c0b3","settings":{"content_width":{"unit":"px","size":"980","sizes":[]},"padding":{"unit":"em","top":"4","right":"0","bottom":"2.5","left":"0","isLinked":""},"background_background":"classic","background_color":"#ffffff","padding_mobile":{"unit":"em","top":"1","right":"1","bottom":"1","left":"1","isLinked":"1"}},"elements":[{"id":"33ea128a","settings":{"_column_size":"100","_inline_size":""},"elements":[{"id":"3ecf6fbc","settings":[],"elements":[{"id":"309e84e2","settings":{"_column_size":"100","_inline_size":""},"elements":[{"id":"160e9e23","settings":{"title":"Trusted by clients like","header_size":"h3","align":"center","title_color":"#212529","typography_typography":"custom","typography_font_family":"Karla","typography_font_size":{"unit":"em","size":"0.81","sizes":[]},"typography_font_weight":"700","typography_line_height":{"unit":"em","size":"1.15","sizes":[]},"typography_letter_spacing":{"unit":"px","size":"0.6","sizes":[]},"typography_text_transform":"uppercase"},"elements":[],"isInner":false,"widgetType":"heading","elType":"widget"}],"isInner":"1","elType":"column"}],"isInner":"1","elType":"section"},{"id":"4ef23fdf","settings":{"structure":"50"},"elements":[{"id":"276ac37b","settings":{"_column_size":"20","_inline_size":"","_inline_size_mobile":"25"},"elements":[{"id":"3d78f73c","settings":{"image":{"url":"http:\/\/sitefacilitado.com.br\/membros\/wp-content\/uploads\/2020\/03\/client-light-01-1.png","id":"6010"},"opacity":{"unit":"px","size":"1","sizes":[]},"css_filters_css_filter":"custom","css_filters_contrast":{"unit":"px","size":"75","sizes":[]},"css_filters_hue":{"unit":"px","size":"100","sizes":[]},"css_filters_hover_contrast":{"unit":"px","size":"0","sizes":[]},"background_hover_transition":{"unit":"px","size":"0.35","sizes":[]},"link_to":"custom","link":{"url":"#","is_external":"","nofollow":""},"css_filters_hover_css_filter":"custom","hover_animation":"rotate"},"elements":[],"isInner":false,"widgetType":"image","elType":"widget"}],"isInner":"1","elType":"column"},{"id":"77e9aab8","settings":{"_column_size":"20","_inline_size":"","_inline_size_mobile":"25"},"elements":[{"id":"7d6036f","settings":{"image":{"url":"http:\/\/sitefacilitado.com.br\/membros\/wp-content\/uploads\/2020\/03\/client-light-004-1.png","id":"6011"},"opacity":{"unit":"px","size":"1","sizes":[]},"css_filters_css_filter":"custom","css_filters_contrast":{"unit":"px","size":"75","sizes":[]},"css_filters_hue":{"unit":"px","size":"100","sizes":[]},"css_filters_hover_contrast":{"unit":"px","size":"0","sizes":[]},"background_hover_transition":{"unit":"px","size":"0.35","sizes":[]},"link_to":"custom","link":{"url":"#","is_external":"","nofollow":""},"css_filters_hover_css_filter":"custom","hover_animation":"rotate"},"elements":[],"isInner":false,"widgetType":"image","elType":"widget"}],"isInner":"1","elType":"column"},{"id":"2fa6b62e","settings":{"_column_size":"20","_inline_size":"","_inline_size_mobile":"25"},"elements":[{"id":"2a6e34ba","settings":{"image":{"url":"http:\/\/sitefacilitado.com.br\/membros\/wp-content\/uploads\/2020\/03\/client-light-02-1.png","id":"6012"},"opacity":{"unit":"px","size":"1","sizes":[]},"css_filters_css_filter":"custom","css_filters_contrast":{"unit":"px","size":"75","sizes":[]},"css_filters_hue":{"unit":"px","size":"100","sizes":[]},"css_filters_hover_contrast":{"unit":"px","size":"0","sizes":[]},"background_hover_transition":{"unit":"px","size":"0.35","sizes":[]},"link_to":"custom","link":{"url":"#","is_external":"","nofollow":""},"css_filters_hover_css_filter":"custom","hover_animation":"rotate"},"elements":[],"isInner":false,"widgetType":"image","elType":"widget"}],"isInner":"1","elType":"column"},{"id":"7f88dcd6","settings":{"_column_size":"20","_inline_size":"","_inline_size_mobile":"25"},"elements":[{"id":"76d00351","settings":{"image":{"url":"http:\/\/sitefacilitado.com.br\/membros\/wp-content\/uploads\/2020\/03\/client-light-03-1.png","id":"6013"},"opacity":{"unit":"px","size":"1","sizes":[]},"css_filters_css_filter":"custom","css_filters_contrast":{"unit":"px","size":"75","sizes":[]},"css_filters_hue":{"unit":"px","size":"100","sizes":[]},"css_filters_hover_contrast":{"unit":"px","size":"0","sizes":[]},"background_hover_transition":{"unit":"px","size":"0.35","sizes":[]},"link_to":"custom","link":{"url":"#","is_external":"","nofollow":""},"css_filters_hover_css_filter":"custom","hover_animation":"rotate"},"elements":[],"isInner":false,"widgetType":"image","elType":"widget"}],"isInner":"1","elType":"column"},{"id":"dbf73bd","settings":{"_column_size":"20","_inline_size":""},"elements":[{"id":"5ddfe2dd","settings":{"image":{"url":"http:\/\/sitefacilitado.com.br\/membros\/wp-content\/uploads\/2020\/03\/client-light-066.png","id":"6014"},"opacity":{"unit":"px","size":"1","sizes":[]},"css_filters_css_filter":"custom","css_filters_contrast":{"unit":"px","size":"75","sizes":[]},"css_filters_hue":{"unit":"px","size":"100","sizes":[]},"css_filters_hover_contrast":{"unit":"px","size":"0","sizes":[]},"background_hover_transition":{"unit":"px","size":"0.35","sizes":[]},"link_to":"custom","link":{"url":"#","is_external":"","nofollow":""},"css_filters_hover_css_filter":"custom","hover_animation":"rotate"},"elements":[],"isInner":false,"widgetType":"image","elType":"widget"}],"isInner":"1","elType":"column"}],"isInner":"1","elType":"section"}],"isInner":"","elType":"column"}],"isInner":"","elType":"section"},{"id":"5c8272d3","settings":{"content_width":{"unit":"px","size":"1600","sizes":[]},"padding":{"unit":"em","top":"7.5","right":"0","bottom":"6","left":"0","isLinked":""},"background_overlay_gradient_angle":{"unit":"deg","size":"140","sizes":[]},"background_overlay_opacity":{"unit":"px","size":"1","sizes":[]},"shape_divider_top_color":"rgba(33,37,41,0.01)","shape_divider_top_width":{"unit":"%","size":"193","sizes":[]},"shape_divider_top_height":{"unit":"px","size":"165","sizes":[]},"text_align":"center","structure":"30","background_image":{"url":"http:\/\/sitefacilitado.com.br\/membros\/wp-content\/uploads\/2020\/03\/photo-1543269865-96ae30571b5a-e1558510114421.jpeg","id":"6038"},"background_image_tablet":{"url":"http:\/\/sitefacilitado.com.br\/membros\/wp-content\/uploads\/2020\/03\/photo-1543269865-4430f94492b9.jpeg","id":"6007"},"background_image_mobile":{"url":"http:\/\/sitefacilitado.com.br\/membros\/wp-content\/uploads\/2020\/03\/photo-1543269865-4430f94492b9.jpeg","id":"6007"},"background_position":"center center","background_repeat":"no-repeat","background_size":"cover","background_overlay_color":"#212529","background_overlay_color_b":"rgba(84,89,95,0.48)","padding_mobile":{"unit":"em","top":"6","right":"0","bottom":"5","left":"0","isLinked":""},"padding_tablet":{"unit":"em","top":"2","right":"2","bottom":"2","left":"2","isLinked":"1"},"background_background":"classic","background_overlay_background":"gradient"},"elements":[{"id":"5dc288e1","settings":{"_column_size":"33","_inline_size":"","_inline_size_tablet":"100","hide_mobile":"hidden-phone"},"elements":[{"id":"20b6fa65","settings":{"structure":"20","padding":{"unit":"em","top":"5","right":"0","bottom":"0","left":"0","isLinked":""},"padding_tablet":{"unit":"px","top":"0","right":"0","bottom":"0","left":"0","isLinked":""}},"elements":[{"id":"e64b0ac","settings":{"_column_size":"50","_inline_size":"","_inline_size_mobile":"50","content_position":"bottom"},"elements":[{"id":"13140546","settings":{"icon":"fa fa-envelope","view":"stacked","primary_color":"rgba(196,185,151,0.07)","secondary_color":"#c4b997","size":{"unit":"px","size":"15","sizes":[]},"icon_padding":{"unit":"px","size":"17","sizes":[]},"_padding":{"unit":"em","top":"0","right":"0","bottom":"01","left":"5","isLinked":""},"motion_fx_mouseTrack_effect":"yes","motion_fx_mouseTrack_speed":{"unit":"px","size":"0.4","sizes":[]},"_animation":"fadeInLeft"},"elements":[],"isInner":false,"widgetType":"icon","elType":"widget"}],"isInner":"1","elType":"column"},{"id":"5a9c4c5a","settings":{"_column_size":"50","_inline_size":"","_inline_size_mobile":"50","content_position":"top"},"elements":[{"id":"56cc920e","settings":{"icon":"fa fa-instagram","view":"stacked","primary_color":"rgba(196,185,151,0.07)","secondary_color":"#c4b997","size":{"unit":"px","size":"28","sizes":[]},"icon_padding":{"unit":"px","size":"24","sizes":[]},"_padding":{"unit":"em","top":"0","right":"0","bottom":"2","left":"0","isLinked":""},"motion_fx_mouseTrack_effect":"yes","motion_fx_mouseTrack_direction":"negative","motion_fx_mouseTrack_speed":{"unit":"px","size":"0.6","sizes":[]},"_animation":"fadeInDown"},"elements":[],"isInner":false,"widgetType":"icon","elType":"widget"}],"isInner":"1","elType":"column"}],"isInner":"1","elType":"section"},{"id":"2f1479fe","settings":{"structure":"30"},"elements":[{"id":"2eaf84dc","settings":{"_column_size":"33","_inline_size":"","_inline_size_mobile":"50"},"elements":[{"id":"73a4c31a","settings":{"icon":"fa fa-google","view":"stacked","primary_color":"rgba(196,185,151,0.07)","secondary_color":"#c4b997","size":{"unit":"px","size":"22","sizes":[]},"icon_padding":{"unit":"px","size":"22","sizes":[]},"_padding":{"unit":"em","top":"0","right":"0","bottom":"2","left":"0","isLinked":""},"motion_fx_mouseTrack_effect":"yes","_animation":"fadeInUp"},"elements":[],"isInner":false,"widgetType":"icon","elType":"widget"}],"isInner":"1","elType":"column"},{"id":"2c8ece2a","settings":{"_column_size":"33","_inline_size":"","_inline_size_mobile":"50"},"elements":[{"id":"1f0bb5a5","settings":{"icon":"fa fa-facebook-f","view":"stacked","primary_color":"rgba(196,185,151,0.07)","secondary_color":"#c4b997","size":{"unit":"px","size":"42","sizes":[]},"icon_padding":{"unit":"px","size":"31","sizes":[]},"motion_fx_mouseTrack_effect":"yes","motion_fx_mouseTrack_direction":"negative","motion_fx_mouseTrack_speed":{"unit":"px","size":"0.3","sizes":[]},"_animation":"fadeInRight"},"elements":[],"isInner":false,"widgetType":"icon","elType":"widget"}],"isInner":"1","elType":"column"},{"id":"566a8ea4","settings":{"_column_size":"33","_inline_size":""},"elements":[],"isInner":"1","elType":"column"}],"isInner":"1","elType":"section"}],"isInner":"","elType":"column"},{"id":"784971dd","settings":{"_column_size":"33","_inline_size":"","padding":{"unit":"em","top":"0","right":"0","bottom":"0","left":"0","isLinked":""},"_inline_size_tablet":"100"},"elements":[{"id":"1b4fbaa8","settings":[],"elements":[{"id":"26ac94ef","settings":{"_column_size":"100","_inline_size":"","align":"center"},"elements":[{"id":"56ee2259","settings":{"title":"My Services","header_size":"span","align":"center","title_color":"#ffffff","typography_typography":"custom","typography_font_family":"Karla","typography_font_size":{"unit":"em","size":"0.82","sizes":[]},"typography_font_weight":"700","typography_line_height":{"unit":"em","size":"1.15","sizes":[]},"typography_letter_spacing":{"unit":"px","size":"0.6","sizes":[]},"typography_text_transform":"uppercase","_margin":{"unit":"px","top":"0","right":"0","bottom":"35","left":"0","isLinked":""},"_padding":{"unit":"em","top":"0.35","right":"0.65","bottom":"0.38","left":"0.65","isLinked":""},"_background_background":"classic","_background_color":"#c4b997","_border_radius":{"unit":"px","top":"6","right":"6","bottom":"6","left":"6","isLinked":"1"},"_element_width":"auto"},"elements":[],"isInner":false,"widgetType":"heading","elType":"widget"},{"id":"1b4f57c9","settings":{"title":"Turn the internet into a conversation.","title_color":"#ffffff","typography_typography":"custom","typography_font_family":"Karla","typography_font_size":{"unit":"em","size":"3.555","sizes":[]},"typography_font_weight":"400","typography_line_height":{"unit":"em","size":"1.15","sizes":[]},"typography_letter_spacing":{"unit":"px","size":"-3","sizes":[]},"align":"center","_padding":{"unit":"em","top":"0","right":"0","bottom":"0.3","left":"0","isLinked":""},"typography_font_size_mobile":{"unit":"rem","size":"2.5","sizes":[]}},"elements":[],"isInner":false,"widgetType":"heading","elType":"widget"},{"id":"755c645d","settings":{"editor":"<p>Sed ut perspiciatis unde omnis iste natus error sit voluptatem accusantium.<\/p>","text_color":"rgba(255,255,255,0.68)","typography_typography":"custom","typography_font_family":"Karla","typography_font_size":{"unit":"em","size":"1.255","sizes":[]},"typography_line_height":{"unit":"em","size":"1.555","sizes":[]},"_padding":{"unit":"em","top":"0","right":"0","bottom":"0","left":"0","isLinked":""},"_margin":{"unit":"px","top":"0","right":"0","bottom":"0","left":"0","isLinked":""}},"elements":[],"isInner":false,"widgetType":"text-editor","elType":"widget"}],"isInner":"1","elType":"column"}],"isInner":"1","elType":"section"},{"id":"3fe17350","settings":{"content_width":{"unit":"px","size":"500","sizes":[]},"border_width":{"unit":"px","top":"0","right":"0","bottom":"0","left":"0","isLinked":""},"border_color":"#dee2e6","border_radius":{"unit":"px","top":"0","right":"0","bottom":"0","left":"0","isLinked":"1"},"padding":{"unit":"em","top":"0","right":"0","bottom":"0","left":"0","isLinked":""},"structure":"30","padding_mobile":{"unit":"em","top":"0","right":"0","bottom":"0","left":"4","isLinked":""}},"elements":[{"id":"29e0af28","settings":{"_column_size":"33","_inline_size":"31.2"},"elements":[],"isInner":"1","elType":"column"},{"id":"5f0ffee6","settings":{"_column_size":"33","_inline_size":"43.531"},"elements":[{"id":"785a6d33","settings":{"icon":"fa fa-play","view":"stacked","link":{"url":"https:\/\/www.youtube.com\/watch?v=rrlJiKFJSQY","is_external":"on","nofollow":"on"},"primary_color":"#c4b997","secondary_color":"#ffffff","size":{"unit":"px","size":"13","sizes":[]},"icon_padding":{"unit":"px","size":"14","sizes":[]},"border_radius":{"unit":"px","top":"50","right":"50","bottom":"50","left":"50","isLinked":"1"},"_element_width":"auto","_animation":"fadeIn"},"elements":[],"isInner":false,"widgetType":"icon","elType":"widget"},{"id":"30d0c04b","settings":{"title":"Watch the video","header_size":"h3","align":"center","title_color":"#c4b997","typography_typography":"custom","typography_font_family":"Karla","typography_font_size":{"unit":"em","size":"0.81","sizes":[]},"typography_font_weight":"700","typography_line_height":{"unit":"em","size":"1.15","sizes":[]},"typography_letter_spacing":{"unit":"px","size":"0.6","sizes":[]},"typography_text_transform":"uppercase","link":{"url":"https:\/\/www.youtube.com\/watch?v=rrlJiKFJSQY","is_external":"on","nofollow":"on"},"_padding":{"unit":"em","top":"0","right":"0","bottom":"0","left":"1","isLinked":""},"_element_width":"auto","_element_vertical_align":"center","_animation":"fadeInDown","align_mobile":"center","_element_width_mobile":"initial"},"elements":[],"isInner":false,"widgetType":"heading","elType":"widget"}],"isInner":"1","elType":"column"},{"id":"8c7bebc","settings":{"_column_size":"33","_inline_size":"25.262"},"elements":[],"isInner":"1","elType":"column"}],"isInner":"1","elType":"section"},{"id":"674f29c7","settings":{"content_width":{"unit":"px","size":"500","sizes":[]},"border_width":{"unit":"px","top":"0","right":"0","bottom":"0","left":"0","isLinked":""},"border_color":"#dee2e6","border_radius":{"unit":"px","top":"0","right":"0","bottom":"0","left":"0","isLinked":"1"},"padding":{"unit":"em","top":"0","right":"0","bottom":"0","left":"0","isLinked":""}},"elements":[{"id":"1348b6","settings":{"_column_size":"100","_inline_size":""},"elements":[{"id":"1ed7b708","settings":{"text":"Let's Work Together","align":"center","size":"md","typography_typography":"custom","typography_font_family":"Karla","typography_font_size":{"unit":"em","size":"1.144","sizes":[]},"typography_font_weight":"700","typography_letter_spacing":{"unit":"px","size":"-0.5","sizes":[]},"button_text_color":"#ffffff","background_color":"#c4b997","hover_color":"#ffffff","button_background_hover_color":"#212529","hover_animation":"bob","border_radius":{"unit":"px","top":"5","right":"5","bottom":"5","left":"5","isLinked":"1"},"text_padding":{"unit":"em","top":"1.15","right":"2.65","bottom":"1.15","left":"2.65","isLinked":""},"_padding":{"unit":"em","top":"2","right":"0","bottom":"0","left":"0","isLinked":""}},"elements":[],"isInner":false,"widgetType":"button","elType":"widget"}],"isInner":"1","elType":"column"}],"isInner":"1","elType":"section"}],"isInner":"","elType":"column"},{"id":"1e5deaeb","settings":{"_column_size":"33","_inline_size":"","content_position":"bottom","_inline_size_tablet":"100","hide_mobile":"hidden-phone"},"elements":[{"id":"2a0ac591","settings":{"structure":"20","padding":{"unit":"em","top":"0","right":"0","bottom":"7","left":"0","isLinked":""},"padding_tablet":{"unit":"px","top":"0","right":"0","bottom":"0","left":"0","isLinked":""}},"elements":[{"id":"118682dc","settings":{"_column_size":"50","_inline_size":"","_inline_size_mobile":"50"},"elements":[{"id":"487bf0f7","settings":{"icon":"fa fa-twitter","view":"stacked","primary_color":"rgba(196,185,151,0.07)","secondary_color":"#c4b997","size":{"unit":"px","size":"51","sizes":[]},"icon_padding":{"unit":"px","size":"44","sizes":[]},"_background_color":"#ffffff","_box_shadow_box_shadow":{"horizontal":"0","vertical":"0","blur":"10","spread":"0","color":"rgba(255,255,255,0.5)"},"motion_fx_mouseTrack_effect":"yes","motion_fx_mouseTrack_direction":"negative","motion_fx_mouseTrack_speed":{"unit":"px","size":"0.4","sizes":[]},"_animation":"fadeInDown"},"elements":[],"isInner":false,"widgetType":"icon","elType":"widget"}],"isInner":"1","elType":"column"},{"id":"7c775e90","settings":{"_column_size":"50","_inline_size":"","_inline_size_mobile":"50"},"elements":[{"id":"703b197a","settings":{"icon":"fa fa-pinterest","view":"stacked","primary_color":"rgba(196,185,151,0.07)","secondary_color":"#c4b997","size":{"unit":"px","size":"37","sizes":[]},"icon_padding":{"unit":"px","size":"30","sizes":[]},"motion_fx_mouseTrack_effect":"yes","motion_fx_mouseTrack_speed":{"unit":"px","size":"0.6","sizes":[]},"_animation":"fadeInRight"},"elements":[],"isInner":false,"widgetType":"icon","elType":"widget"}],"isInner":"1","elType":"column"}],"isInner":"1","elType":"section"}],"isInner":"","elType":"column"}],"isInner":"","elType":"section"}]}